tripinfo_arrival;tripinfo_arrivalLane;tripinfo_arrivalPos;tripinfo_arrivalSpeed;tripinfo_depart;tripinfo_departDelay;tripinfo_departLane;tripinfo_departPos;tripinfo_departSpeed;tripinfo_devices;tripinfo_duration;tripinfo_id;tripinfo_rerouteNo;tripinfo_routeLength;tripinfo_speedFactor;tripinfo_stopTime;tripinfo_timeLoss;tripinfo_vType;tripinfo_vaporized;tripinfo_waitingCount;tripinfo_waitingTime
72.00;1024105863_0;26.14;7.33;53.00;0.40;745660413#0_0;5.10;0.00;tripinfo_55;19.00;55;0;101.37;0.91;0.00;4.09;DEFAULT_VEHTYPE;;0;0.00
119.00;-781742860#5_0;32.45;6.34;21.00;0.28;1053478469#1_0;5.10;0.00;tripinfo_1;98.00;1;0;647.67;0.89;0.00;9.91;DEFAULT_VEHTYPE;;0;0.00
121.00;4726679#1_0;47.90;7.78;19.00;0.80;606502609_0;0.20;0.00;tripinfo_10;102.00;10;0;533.76;0.99;0.00;12.74;DEFAULT_VEHTYPE;;0;0.00
124.00;23179512#1_0;91.48;9.16;36.00;0.04;963479927#0_0;5.10;0.00;tripinfo_43;88.00;43;0;868.65;1.14;0.00;11.38;DEFAULT_VEHTYPE;;0;0.00
125.00;-510702675#4_0;98.24;6.19;49.00;0.68;231475823#0_0;5.10;0.00;tripinfo_56;76.00;56;0;323.47;0.83;0.00;27.93;DEFAULT_VEHTYPE;;2;15.00
128.00;4730609_1;86.37;7.67;81.00;0.24;305670610_0;4.09;0.00;tripinfo_108;47.00;108;0;514.52;1.04;0.00;5.08;DEFAULT_VEHTYPE;;0;0.00
129.00;-13853659#1_0;26.47;4.83;13.00;0.12;150275991#0_0;5.10;0.00;tripinfo_4;116.00;4;1;854.78;1.03;0.00;13.68;DEFAULT_VEHTYPE;;0;0.00
130.00;450186404_0;75.65;6.91;36.00;0.68;307372339#0_0;5.10;0.00;tripinfo_31;94.00;31;0;516.30;0.86;0.00;21.65;DEFAULT_VEHTYPE;;1;10.00
139.00;628755546#0_0;0.02;4.70;91.00;0.84;14858868_0;5.10;0.00;tripinfo_103;48.00;103;1;259.40;0.88;0.00;11.95;DEFAULT_VEHTYPE;;1;2.00
144.00;-781650841_0;71.98;13.96;70.00;0.12;-8140197#2_0;5.10;0.00;tripinfo_79;74.00;79;0;608.16;1.07;0.00;8.71;DEFAULT_VEHTYPE;;0;0.00
147.00;11294375#0_0;66.35;7.79;25.00;0.88;-8140188#8_0;5.10;0.00;tripinfo_21;122.00;21;0;886.25;0.98;0.00;12.59;DEFAULT_VEHTYPE;;0;0.00
150.00;7682866#2_0;23.46;8.04;104.00;0.40;7682866#0_0;5.10;0.00;tripinfo_130;46.00;130;0;357.27;1.07;0.00;5.06;DEFAULT_VEHTYPE;;0;0.00
158.00;290174551#1_0;5.51;6.56;7.00;0.96;40493501#2_0;5.10;0.00;tripinfo_7;151.00;7;0;878.95;0.83;0.00;16.83;DEFAULT_VEHTYPE;;0;0.00
160.00;14118784#0_0;104.44;6.79;43.00;0.16;-17670100#4_0;5.10;0.00;tripinfo_47;117.00;47;1;764.32;0.90;0.00;13.08;DEFAULT_VEHTYPE;;0;0.00
161.00;8152033#1_0;26.93;7.48;32.00;0.48;31448934#1_0;5.10;0.00;tripinfo_41;129.00;41;0;851.28;0.96;0.00;16.03;DEFAULT_VEHTYPE;;0;0.00
162.00;-1167764376_0;66.38;7.23;15.00;0.52;62020111_0;5.10;0.00;tripinfo_9;147.00;9;0;1265.58;0.98;0.00;22.28;DEFAULT_VEHTYPE;;0;0.00
167.00;-524150311#0_0;13.37;8.25;96.00;0.20;-220267247#5_0;5.10;0.00;tripinfo_115;71.00;115;0;556.30;1.07;0.00;7.87;DEFAULT_VEHTYPE;;0;0.00
168.00;-14118784#2_0;30.19;9.89;36.00;0.24;-8140193#2_0;5.10;0.00;tripinfo_33;132.00;33;0;1175.29;1.23;0.00;15.87;DEFAULT_VEHTYPE;;0;0.00
171.00;510702678#1_0;70.72;7.65;28.00;0.96;628782531_0;5.10;0.00;tripinfo_32;143.00;32;0;1420.05;1.03;0.00;22.90;DEFAULT_VEHTYPE;;1;4.00
180.00;-40493501#3_0;158.42;8.97;66.00;0.32;4760584#0_0;5.10;0.00;tripinfo_69;114.00;69;0;948.51;1.19;0.00;16.64;DEFAULT_VEHTYPE;;0;0.00
181.00;8382302#0_0;79.20;7.41;88.00;0.88;-8382445#1_0;5.10;0.00;tripinfo_96;93.00;96;0;650.94;0.94;0.00;9.51;DEFAULT_VEHTYPE;;0;0.00
185.00;4730634#0_0;128.10;6.82;17.00;0.20;610739513#1_0;5.10;0.00;tripinfo_15;168.00;15;0;1075.01;0.87;0.00;16.95;DEFAULT_VEHTYPE;;0;0.00
188.00;307372337#0_0;29.89;7.31;17.00;0.76;14118785#1_0;5.10;0.00;tripinfo_17;171.00;17;1;1034.14;0.90;0.00;32.48;DEFAULT_VEHTYPE;;2;8.00
192.00;-4426076#0_0;30.91;7.85;15.00;0.08;1287393211#3_0;5.10;0.00;tripinfo_11;177.00;11;0;1199.05;1.01;0.00;38.08;DEFAULT_VEHTYPE;;2;13.00
193.00;-95742119#1_0;3.64;4.85;115.00;0.88;40151775_0;5.10;0.00;tripinfo_146;78.00;146;0;538.11;0.98;0.00;16.88;DEFAULT_VEHTYPE;;1;2.00
197.00;8382385_0;19.45;8.16;28.00;0.28;-96018881#4_0;5.10;0.00;tripinfo_26;169.00;26;0;1227.12;1.01;0.00;49.89;DEFAULT_VEHTYPE;;2;29.00
201.00;290172305#0_0;50.40;6.55;58.00;0.80;47426244#2_0;5.10;0.00;tripinfo_60;143.00;60;0;983.60;0.94;0.00;15.66;DEFAULT_VEHTYPE;;0;0.00
202.00;-13764245#1_0;218.00;8.97;10.00;0.00;40151780#0_0;5.10;0.00;tripinfo_0;192.00;0;0;1808.00;1.12;0.00;29.54;DEFAULT_VEHTYPE;;1;8.00
205.00;628782530_0;3.16;4.33;142.00;0.92;1174387992_0;3.66;0.00;tripinfo_189;63.00;189;0;698.83;1.08;0.00;14.41;DEFAULT_VEHTYPE;;0;0.00
208.00;781742860#4_0;32.44;8.90;115.00;0.96;510702675#0_0;5.10;0.00;tripinfo_157;93.00;157;0;529.85;1.16;0.00;37.49;DEFAULT_VEHTYPE;;1;28.00
209.00;4730633#0_0;63.51;7.82;26.00;0.84;-4760584#1_0;5.10;0.00;tripinfo_28;183.00;28;0;1294.36;0.94;0.00;17.77;DEFAULT_VEHTYPE;;0;0.00
211.00;14108392_0;0.20;14.52;29.00;0.12;-4730648#4_0;5.10;0.00;tripinfo_29;182.00;29;0;1860.86;1.11;0.00;37.61;DEFAULT_VEHTYPE;;1;9.00
215.00;-4426075#1_0;235.07;8.40;43.00;0.52;36801001#1_0;5.10;0.00;tripinfo_59;172.00;59;0;1687.35;1.08;0.00;15.80;DEFAULT_VEHTYPE;;0;0.00
216.00;-8382302#1_0;190.32;8.13;156.00;0.36;220267247#2_0;3.57;0.00;tripinfo_212;60.00;212;0;465.98;1.08;0.00;7.13;DEFAULT_VEHTYPE;;0;0.00
220.00;117055114_0;44.95;7.77;92.00;0.72;4392761#0_0;5.10;0.00;tripinfo_124;128.00;124;0;1215.88;1.08;0.00;14.12;DEFAULT_VEHTYPE;;0;0.00
223.00;4426076#1_0;56.03;7.40;189.00;1.16;1263955158#1_0;5.10;0.00;tripinfo_247;34.00;247;0;234.61;1.03;0.00;5.67;DEFAULT_VEHTYPE;;0;0.00
224.00;302657565#0_0;212.13;7.53;57.00;0.60;198077804#4_0;5.10;0.00;tripinfo_70;167.00;70;0;1470.31;1.00;0.00;17.89;DEFAULT_VEHTYPE;;0;0.00
226.00;150276015#0_0;157.00;8.19;44.00;0.84;-31411842#1_0;5.10;0.00;tripinfo_53;182.00;53;0;1314.71;1.04;0.00;18.28;DEFAULT_VEHTYPE;;0;0.00
227.00;-654207127#8_0;14.24;2.21;75.00;0.56;220267105#0_0;5.10;0.00;tripinfo_102;152.00;102;0;578.41;1.04;0.00;30.72;DEFAULT_VEHTYPE;;0;0.00
228.00;8382393#0_0;78.47;8.21;100.00;0.08;413722453#0_0;5.10;0.00;tripinfo_136;128.00;136;0;1126.52;1.03;0.00;26.93;DEFAULT_VEHTYPE;;1;9.00
229.00;117055115_0;0.20;6.34;155.00;0.20;4726706#6_0;5.10;0.00;tripinfo_190;74.00;190;0;504.58;0.93;0.00;7.88;DEFAULT_VEHTYPE;;0;0.00
234.00;-36786445#2_0;6.57;9.25;114.00;0.92;1041085657#0_0;5.10;0.00;tripinfo_139;120.00;139;1;868.91;1.13;0.00;27.83;DEFAULT_VEHTYPE;;1;11.00
235.00;-17670100#4_0;87.81;7.25;62.00;0.20;1167764376_0;5.10;0.00;tripinfo_65;173.00;65;0;1256.31;0.98;0.00;18.58;DEFAULT_VEHTYPE;;0;0.00
237.00;14471542#9_0;68.00;7.72;144.00;0.72;403882374_0;0.20;0.00;tripinfo_174;93.00;174;0;509.20;0.97;0.00;30.81;DEFAULT_VEHTYPE;;1;17.00
239.00;399914536#0_0;56.06;8.35;48.00;0.60;-305670610_0;4.18;0.00;tripinfo_45;191.00;45;0;1674.87;1.05;0.00;32.80;DEFAULT_VEHTYPE;;1;10.00
240.00;4318242#0_0;79.80;7.51;69.00;0.24;-8382282#1_0;5.10;0.00;tripinfo_83;171.00;83;0;1290.92;1.02;0.00;18.09;DEFAULT_VEHTYPE;;0;0.00
241.00;-8140197#2_0;78.81;5.43;28.00;0.16;-220267247#5_0;5.10;0.00;tripinfo_22;213.00;22;0;1237.96;0.79;0.00;22.77;DEFAULT_VEHTYPE;;0;0.00
243.00;1083809476#0_0;72.33;6.17;35.00;0.44;-29023870#1_0;5.10;0.00;tripinfo_23;208.00;23;0;1936.56;0.83;0.00;17.98;DEFAULT_VEHTYPE;;0;0.00
244.00;1198625656_0;56.87;8.19;73.00;0.72;-628762074#2_0;5.10;0.00;tripinfo_74;171.00;74;0;1127.34;1.12;0.00;49.01;DEFAULT_VEHTYPE;;2;31.00
244.00;1041085657#0_0;121.90;10.07;148.00;0.84;8384928_0;5.10;0.00;tripinfo_178;96.00;178;0;718.69;1.23;0.00;23.71;DEFAULT_VEHTYPE;;1;7.00
245.00;8384893#0_0;79.02;8.28;50.00;0.12;175206104_0;5.10;0.00;tripinfo_54;195.00;54;0;1471.40;1.12;0.00;36.02;DEFAULT_VEHTYPE;;1;4.00
248.00;36801004#0_0;94.58;15.64;22.00;0.56;40493418_0;5.10;0.00;tripinfo_27;226.00;27;1;1606.33;1.14;0.00;36.80;DEFAULT_VEHTYPE;;2;5.00
248.00;-510702675#4_0;98.24;8.31;137.00;1.56;856293285#0_0;5.10;0.00;tripinfo_177;111.00;177;0;643.27;1.14;0.00;46.45;DEFAULT_VEHTYPE;;2;19.00
249.00;-239757874#3_0;8.75;7.41;12.00;0.84;8140188#3_0;5.10;0.00;tripinfo_3;237.00;3;0;1771.67;0.99;0.00;21.10;DEFAULT_VEHTYPE;;0;0.00
251.00;40487883#0_0;75.23;6.61;46.00;0.56;-96018881#4_0;5.10;0.00;tripinfo_52;205.00;52;0;1996.74;0.92;0.00;22.23;DEFAULT_VEHTYPE;;0;0.00
252.00;-13764389_0;0.72;3.19;182.00;0.00;396926516#0_0;4.69;0.00;tripinfo_250;70.00;250;0;415.75;1.06;0.00;21.84;DEFAULT_VEHTYPE;;1;4.00
253.00;4726684#0_0;33.91;7.95;110.00;0.96;628781006#1_0;5.10;0.00;tripinfo_132;143.00;132;0;1164.69;1.10;0.00;19.65;DEFAULT_VEHTYPE;;0;0.00
254.00;150275986#5_0;48.71;8.94;42.00;0.88;5450860#1_0;5.10;0.00;tripinfo_46;212.00;46;0;1619.70;1.11;0.00;35.06;DEFAULT_VEHTYPE;;1;9.00
254.00;124862963#0_0;89.92;14.69;149.00;0.12;400961599#0_0;5.10;0.00;tripinfo_204;105.00;204;0;756.34;1.08;0.00;39.07;DEFAULT_VEHTYPE;;3;16.00
254.00;-1156329250_0;1.26;7.37;174.00;0.20;14471542#12_0;5.10;0.00;tripinfo_240;80.00;240;0;829.06;1.00;0.00;8.37;DEFAULT_VEHTYPE;;0;0.00
255.00;150275991#0_0;27.02;8.64;172.00;0.20;-30324793_0;5.10;0.00;tripinfo_215;83.00;215;0;593.73;1.17;0.00;21.25;DEFAULT_VEHTYPE;;1;10.00
256.00;150275988#0_0;78.05;8.02;83.00;0.68;175206107#0_0;5.10;0.00;tripinfo_106;173.00;106;0;1234.83;1.00;0.00;23.78;DEFAULT_VEHTYPE;;1;4.00
257.00;124862963#0_0;89.92;13.49;21.00;0.36;8384905#0_0;5.10;0.00;tripinfo_12;236.00;12;0;1967.79;1.03;0.00;22.69;DEFAULT_VEHTYPE;;0;0.00
261.00;-654207127#5_0;19.07;2.40;106.00;0.84;-220267106#1_0;5.10;0.00;tripinfo_128;155.00;128;0;458.07;0.90;0.00;33.52;DEFAULT_VEHTYPE;;0;0.00
262.00;4392761#0_0;24.31;13.26;81.00;0.20;4726737_0;5.10;0.00;tripinfo_90;181.00;90;0;1481.12;1.02;0.00;23.88;DEFAULT_VEHTYPE;;1;2.00
265.00;403882374_1;0.20;7.64;40.00;0.40;95742114_0;5.10;0.00;tripinfo_30;225.00;30;0;3014.00;1.15;0.00;30.67;DEFAULT_VEHTYPE;;1;9.00
269.00;-290172304_0;100.09;6.66;24.00;0.64;-244422544#1_0;5.10;0.00;tripinfo_13;245.00;13;1;1754.68;0.96;0.00;26.47;DEFAULT_VEHTYPE;;0;0.00
269.00;150276015#0_0;157.00;7.37;148.00;0.12;-30324793_0;5.10;0.00;tripinfo_179;121.00;179;0;844.45;0.99;0.00;17.78;DEFAULT_VEHTYPE;;1;3.00
271.00;628755546#0_0;7.86;8.15;22.00;0.68;-1267194155#2_0;5.10;0.00;tripinfo_6;249.00;6;1;2773.49;1.00;0.00;29.12;DEFAULT_VEHTYPE;;1;4.00
272.00;8382328#0_0;261.65;8.00;55.00;0.64;-121794825#2_0;5.10;0.00;tripinfo_63;217.00;63;0;1228.75;1.04;0.00;31.98;DEFAULT_VEHTYPE;;1;1.00
273.00;14471542#4_0;27.51;8.89;30.00;0.36;40598675#0_0;5.10;0.00;tripinfo_37;243.00;37;0;2803.86;1.08;0.00;21.82;DEFAULT_VEHTYPE;;0;0.00
275.00;1156337042_0;36.83;8.59;142.00;0.76;150275971_0;5.10;0.00;tripinfo_192;133.00;192;0;1103.48;1.16;0.00;17.44;DEFAULT_VEHTYPE;;0;0.00
278.00;31431101#0_0;119.21;8.55;69.00;0.80;8382365#0_0;5.10;0.00;tripinfo_85;209.00;85;0;1620.21;1.04;0.00;19.93;DEFAULT_VEHTYPE;;0;0.00
278.00;121794827_0;64.57;1.63;186.00;0.40;-654207127#8_0;5.10;0.00;tripinfo_255;92.00;255;0;173.72;0.90;0.00;22.17;DEFAULT_VEHTYPE;;0;0.00
279.00;-290174549#0_0;118.03;7.65;75.00;0.48;939752205#2_0;5.10;0.00;tripinfo_91;204.00;91;0;1499.06;1.00;0.00;62.78;DEFAULT_VEHTYPE;;1;44.00
280.00;31431544#4_0;16.75;7.03;28.00;0.32;65583365#0_0;5.10;0.00;tripinfo_19;252.00;19;0;1806.72;0.97;0.00;27.03;DEFAULT_VEHTYPE;;0;0.00
284.00;687383599#0_1;12.56;11.12;120.00;0.92;606127854#0_0;5.10;0.00;tripinfo_164;164.00;164;1;1133.26;0.88;0.00;27.84;DEFAULT_VEHTYPE;;1;8.00
284.00;31519076#2_0;1.50;4.76;206.00;0.96;4730647#3_0;5.10;0.00;tripinfo_257;78.00;257;1;538.45;1.06;0.00;10.56;DEFAULT_VEHTYPE;;0;0.00
285.00;65583364_0;49.29;8.65;78.00;0.16;16233735#0_0;5.10;0.00;tripinfo_97;207.00;97;0;1417.13;1.04;0.00;38.44;DEFAULT_VEHTYPE;;1;14.00
288.00;220267104#0_0;40.87;7.52;56.00;0.76;-237344387_0;5.10;0.00;tripinfo_67;232.00;67;0;1615.40;1.01;0.00;27.98;DEFAULT_VEHTYPE;;1;3.00
289.00;1083809476#0_0;72.33;7.20;72.00;0.60;150275991#0_0;5.10;0.00;tripinfo_95;217.00;95;0;1566.54;0.94;0.00;22.59;DEFAULT_VEHTYPE;;0;0.00
289.00;17670100#2_0;87.92;8.27;189.00;0.84;-40493501#3_0;5.10;0.00;tripinfo_253;100.00;253;0;763.35;1.07;0.00;11.63;DEFAULT_VEHTYPE;;0;0.00
290.00;31445160#1_0;115.52;7.61;151.00;0.44;150276013#0_0;5.10;0.00;tripinfo_198;139.00;198;0;965.82;1.02;0.00;22.99;DEFAULT_VEHTYPE;;2;4.00
291.00;107118812_0;114.11;7.63;184.00;0.12;400062404_0;3.59;0.00;tripinfo_229;107.00;229;0;724.05;1.04;0.00;11.76;DEFAULT_VEHTYPE;;0;0.00
292.00;-8382393#3_0;101.67;7.70;83.00;0.04;65583365#0_0;5.10;0.00;tripinfo_93;209.00;93;0;1426.92;0.96;0.00;33.50;DEFAULT_VEHTYPE;;1;8.00
293.00;1053478469#1_0;29.35;7.00;42.00;0.52;1193930026_0;5.10;0.00;tripinfo_34;251.00;34;0;1499.45;0.90;0.00;55.81;DEFAULT_VEHTYPE;;2;27.00
298.00;-150275985#2_0;56.92;7.32;41.00;0.32;-240549301_0;5.10;0.00;tripinfo_44;257.00;44;0;1770.31;1.02;0.00;48.85;DEFAULT_VEHTYPE;;2;18.00
302.00;403882373_0;13.29;7.20;59.00;0.24;1150906866_0;5.10;0.00;tripinfo_58;243.00;58;1;1371.40;0.93;0.00;35.07;DEFAULT_VEHTYPE;;0;0.00
304.00;628755546#0_0;2.57;8.30;65.00;0.92;7682863#0_0;5.10;0.00;tripinfo_64;239.00;64;1;2486.54;1.10;0.00;33.77;DEFAULT_VEHTYPE;;1;5.00
305.00;-40598675#2_0;91.86;7.04;69.00;0.52;-70724346#3_0;5.10;0.00;tripinfo_84;236.00;84;0;1737.29;0.99;0.00;24.65;DEFAULT_VEHTYPE;;0;0.00
305.00;180156396#0_0;47.64;7.18;73.00;0.92;150275992#0_0;5.10;0.00;tripinfo_89;232.00;89;0;2072.36;0.96;0.00;19.61;DEFAULT_VEHTYPE;;0;0.00
307.00;231483312_0;63.73;8.08;15.00;0.40;-781650841_0;5.10;0.00;tripinfo_5;292.00;5;0;1915.34;1.01;0.00;46.79;DEFAULT_VEHTYPE;;2;11.00
307.00;628755546#0_0;9.87;10.02;67.00;0.28;159636083#2_0;0.20;0.00;tripinfo_76;240.00;76;1;2312.58;1.27;0.00;77.25;DEFAULT_VEHTYPE;;2;30.00
307.00;-244422544#1_0;3.86;7.51;268.00;0.24;-14362916#1_0;5.10;0.00;tripinfo_358;39.00;358;1;130.55;0.91;0.00;21.85;DEFAULT_VEHTYPE;;1;17.00
309.00;8382410#0_0;69.50;9.34;39.00;0.80;-654207127#5_0;5.10;0.00;tripinfo_35;270.00;35;0;1886.06;1.16;0.00;48.37;DEFAULT_VEHTYPE;;1;10.00
310.00;4392761#3_0;122.42;14.84;104.00;1.48;31518959#0_0;5.10;0.00;tripinfo_116;206.00;116;0;1573.72;1.09;0.00;34.46;DEFAULT_VEHTYPE;;1;2.00
310.00;15089551_0;44.47;7.56;224.00;1.80;4726679#0_0;5.10;0.00;tripinfo_285;86.00;285;0;632.10;1.02;0.00;10.03;DEFAULT_VEHTYPE;;0;0.00
310.00;220267105#4_0;40.07;7.58;232.00;0.16;70724346#0_0;5.10;0.00;tripinfo_322;78.00;322;0;559.52;0.97;0.00;8.30;DEFAULT_VEHTYPE;;0;0.00
311.00;-36786445#2_0;1.60;6.55;194.00;0.24;-8382447#4_0;5.10;0.00;tripinfo_258;117.00;258;1;526.54;0.92;0.00;47.96;DEFAULT_VEHTYPE;;2;33.00
312.00;137238867#2_0;12.16;7.66;29.00;0.72;400961625#0_0;5.10;0.00;tripinfo_24;283.00;24;0;2685.54;0.95;0.00;51.34;DEFAULT_VEHTYPE;;1;23.00
316.00;-4318228#2_0;265.98;7.51;172.00;0.96;27882429#0_0;5.10;0.00;tripinfo_232;144.00;232;0;780.65;0.94;0.00;43.66;DEFAULT_VEHTYPE;;1;27.00
321.00;945224009_0;20.88;9.20;173.00;0.60;4312572#0_0;5.10;0.00;tripinfo_220;148.00;220;0;1557.78;1.13;0.00;21.63;DEFAULT_VEHTYPE;;0;0.00
322.00;-4426076#2_0;56.03;7.75;103.00;0.68;13853659#0_0;5.10;0.00;tripinfo_131;219.00;131;0;1255.44;0.94;0.00;46.59;DEFAULT_VEHTYPE;;2;16.00
324.00;47446166_0;14.44;5.84;209.00;3.36;40493501#4_0;5.10;0.00;tripinfo_262;115.00;262;0;718.16;0.85;0.00;12.99;DEFAULT_VEHTYPE;;0;0.00
324.00;307372339#0_0;27.84;8.32;247.00;1.60;875759960_0;5.10;0.00;tripinfo_320;77.00;320;0;751.69;1.05;0.00;8.91;DEFAULT_VEHTYPE;;0;0.00
324.00;290174551#1_0;5.51;6.78;268.00;1.72;150275999#0_0;5.10;0.00;tripinfo_349;56.00;349;0;312.90;0.93;0.00;9.32;DEFAULT_VEHTYPE;;0;0.00
326.00;31449007_0;69.16;6.49;83.00;0.36;-150276003#2_0;5.10;0.00;tripinfo_112;243.00;112;1;1541.48;0.91;0.00;31.07;DEFAULT_VEHTYPE;;1;1.00
327.00;-8382368#2_0;151.97;7.40;97.00;0.04;8140188#0_0;5.10;0.00;tripinfo_118;230.00;118;0;1718.14;1.04;0.00;29.48;DEFAULT_VEHTYPE;;1;4.00
329.00;628762074#0_0;45.23;8.85;92.00;0.72;972497141_0;0.69;0.00;tripinfo_99;237.00;99;0;1878.20;1.12;0.00;35.10;DEFAULT_VEHTYPE;;2;9.00
331.00;393494867_0;123.28;12.74;19.00;0.04;628755547#0_0;5.10;0.00;tripinfo_18;312.00;18;0;2399.95;0.96;0.00;42.29;DEFAULT_VEHTYPE;;2;11.00
331.00;1106583870_0;87.61;9.42;177.00;0.40;-220267247#1_0;5.10;0.00;tripinfo_230;154.00;230;0;1299.83;1.15;0.00;17.44;DEFAULT_VEHTYPE;;0;0.00
332.00;720012595#0_0;96.25;8.44;51.00;0.96;829968896#1_0;0.20;0.00;tripinfo_57;281.00;57;0;2147.45;1.04;0.00;32.54;DEFAULT_VEHTYPE;;1;1.00
332.00;399914534#0_0;72.38;7.63;284.00;0.40;4730651_0;5.10;0.00;tripinfo_380;48.00;380;0;367.63;1.06;0.00;5.79;DEFAULT_VEHTYPE;;0;0.00
333.00;8385415#1_0;276.30;8.43;200.00;0.60;62020117#0_0;5.10;0.00;tripinfo_270;133.00;270;0;1385.99;1.01;0.00;11.92;DEFAULT_VEHTYPE;;0;0.00
336.00;1083809476#0_0;72.33;6.05;114.00;0.32;150275992#0_0;5.10;0.00;tripinfo_144;222.00;144;0;1292.50;0.81;0.00;38.77;DEFAULT_VEHTYPE;;2;5.00
336.00;-31431101#5_0;17.82;7.69;126.00;0.48;524150338#0_0;5.10;0.00;tripinfo_166;210.00;166;0;1044.23;0.96;0.00;77.83;DEFAULT_VEHTYPE;;3;52.00
339.00;433333438#0_0;23.51;7.03;143.00;0.08;4730633#0_0;5.10;0.00;tripinfo_186;196.00;186;0;945.65;0.87;0.00;70.21;DEFAULT_VEHTYPE;;3;43.00
340.00;-13853659#0_0;30.86;5.79;191.00;0.88;159636082_0;0.20;0.00;tripinfo_246;149.00;246;0;861.43;1.09;0.00;48.19;DEFAULT_VEHTYPE;;2;14.00
340.00;-654207127#3_0;12.67;1.92;250.00;0.92;-654207122_0;0.20;0.00;tripinfo_339;90.00;339;0;219.80;1.13;0.00;19.79;DEFAULT_VEHTYPE;;0;0.00
342.00;7682875_0;112.41;9.19;234.00;2.16;1287393211#3_0;5.10;0.00;tripinfo_297;108.00;297;0;704.98;1.13;0.00;32.18;DEFAULT_VEHTYPE;;1;17.00
344.00;150275991#0_0;27.02;7.40;242.00;4.96;244422544#0_0;5.10;0.00;tripinfo_307;102.00;307;0;634.72;0.90;0.00;14.93;DEFAULT_VEHTYPE;;0;0.00
345.00;-803266531#0_0;16.68;6.61;59.00;0.56;-31519076#1_0;5.10;0.00;tripinfo_77;286.00;77;0;1450.44;0.90;0.00;60.14;DEFAULT_VEHTYPE;;2;21.00
345.00;-150275986#3_0;11.62;8.48;81.00;0.44;29023870#0_0;5.10;0.00;tripinfo_98;264.00;98;0;2569.12;1.02;0.00;27.68;DEFAULT_VEHTYPE;;0;0.00
345.00;939752205#4_0;41.32;7.68;83.00;0.12;14471542#1_0;0.97;0.00;tripinfo_104;262.00;104;0;2249.02;1.03;0.00;46.33;DEFAULT_VEHTYPE;;1;19.00
346.00;-31512978#2_0;0.20;6.84;130.00;0.28;8382391#0_0;5.10;0.00;tripinfo_176;216.00;176;0;2150.76;1.08;0.00;25.03;DEFAULT_VEHTYPE;;0;0.00
347.00;31459223#0_0;58.35;6.87;60.00;0.84;1264687285_0;0.20;0.00;tripinfo_78;287.00;78;0;1938.23;0.95;0.00;51.20;DEFAULT_VEHTYPE;;2;22.00
350.00;47426241#0_0;204.96;8.31;162.00;0.40;62020116#0_0;5.10;0.00;tripinfo_205;188.00;205;0;1714.40;1.09;0.00;29.89;DEFAULT_VEHTYPE;;0;0.00
351.00;31448937#0_0;69.76;8.03;115.00;3.28;628781006#3_0;5.10;0.00;tripinfo_151;236.00;151;1;1812.82;1.07;0.00;30.42;DEFAULT_VEHTYPE;;1;7.00
353.00;4726706#5_0;34.15;7.16;140.00;0.24;-8385415#0_0;0.20;0.00;tripinfo_183;213.00;183;0;1435.91;0.98;0.00;41.27;DEFAULT_VEHTYPE;;1;19.00
354.00;839709054_0;336.41;14.03;207.00;0.08;4730616#1_0;0.59;0.00;tripinfo_286;147.00;286;0;1198.24;1.05;0.00;32.78;DEFAULT_VEHTYPE;;0;0.00
355.00;945224009_1;20.88;9.58;113.00;0.24;36801004#0_0;5.10;0.00;tripinfo_133;242.00;133;0;3223.53;1.16;0.00;32.37;DEFAULT_VEHTYPE;;0;0.00
356.00;-7682866#3_0;24.10;7.36;47.00;0.76;14858868_0;5.10;0.00;tripinfo_42;309.00;42;0;3252.81;1.03;0.00;38.76;DEFAULT_VEHTYPE;;1;1.00
358.00;-31512978#2_0;0.20;4.64;117.00;0.36;-40493501#1_0;5.10;0.00;tripinfo_137;241.00;137;0;1609.19;0.92;0.00;31.43;DEFAULT_VEHTYPE;;1;4.00
359.00;307372339#0_1;27.84;8.16;117.00;0.64;-30324793_0;5.10;0.00;tripinfo_138;242.00;138;1;1515.97;1.00;0.00;58.33;DEFAULT_VEHTYPE;;2;25.00
360.00;-87286857_0;7.61;7.86;178.00;7.28;198077804#0_0;5.10;0.00;tripinfo_226;182.00;226;0;1355.80;1.03;0.00;28.88;DEFAULT_VEHTYPE;;2;2.00
361.00;119180322_0;109.44;8.02;126.00;0.32;17670100#2_0;5.10;0.00;tripinfo_169;235.00;169;1;1594.09;0.99;0.00;27.99;DEFAULT_VEHTYPE;;1;2.00
361.00;62020115#0_0;118.19;7.20;310.00;0.08;413722453#0_0;5.10;0.00;tripinfo_411;51.00;411;0;376.87;1.00;0.00;5.79;DEFAULT_VEHTYPE;;0;0.00
362.00;1083809476#0_0;72.33;8.13;144.00;0.44;856293281_0;5.10;0.00;tripinfo_173;218.00;173;0;2895.96;1.05;0.00;14.71;DEFAULT_VEHTYPE;;0;0.00
365.00;117055114_0;44.95;7.83;98.00;0.80;62020116#0_0;5.10;0.00;tripinfo_135;267.00;135;0;2737.86;0.99;0.00;45.86;DEFAULT_VEHTYPE;;1;19.00
365.00;8382307#0_0;58.85;8.99;141.00;0.52;-1066438511#1_0;5.10;0.00;tripinfo_184;224.00;184;0;1758.21;1.08;0.00;26.37;DEFAULT_VEHTYPE;;0;0.00
366.00;49845715#0_0;122.60;6.62;119.00;0.60;-1080960154#1_0;5.10;0.00;tripinfo_145;247.00;145;0;1228.64;0.95;0.00;62.63;DEFAULT_VEHTYPE;;2;32.00
366.00;4731082#1_0;175.06;9.11;178.00;0.04;150275988#0_0;5.10;0.00;tripinfo_243;188.00;243;0;1500.52;1.20;0.00;45.39;DEFAULT_VEHTYPE;;2;6.00
368.00;781742860#1_0;37.69;7.38;127.00;0.72;-220267107#1_0;5.10;0.00;tripinfo_149;241.00;149;1;1803.13;1.02;0.00;26.20;DEFAULT_VEHTYPE;;0;0.00
368.00;119180322_0;109.44;7.61;230.00;2.40;4441059#1_0;5.10;0.00;tripinfo_305;138.00;305;0;1026.69;0.96;0.00;41.82;DEFAULT_VEHTYPE;;2;20.00
369.00;107118812_0;114.11;7.92;234.00;0.32;258274083#0_0;5.10;0.00;tripinfo_319;135.00;319;1;1079.71;1.08;0.00;13.38;DEFAULT_VEHTYPE;;0;0.00
370.00;8152060#0_0;65.34;7.35;79.00;0.68;-8140193#2_0;5.10;0.00;tripinfo_81;291.00;81;1;2161.74;1.01;0.00;30.47;DEFAULT_VEHTYPE;;0;0.00
370.00;4422176_0;179.82;13.90;145.00;0.32;8382393#0_0;5.10;0.00;tripinfo_194;225.00;194;0;2463.65;1.01;0.00;19.39;DEFAULT_VEHTYPE;;0;0.00
371.00;175206104_0;94.46;7.22;109.00;1.28;-220267106#1_0;5.10;0.00;tripinfo_126;262.00;126;0;1904.11;0.98;0.00;27.46;DEFAULT_VEHTYPE;;0;0.00
371.00;654207127#4_0;25.65;1.38;133.00;0.76;70724349_0;5.10;0.00;tripinfo_167;238.00;167;0;832.70;0.90;0.00;48.51;DEFAULT_VEHTYPE;;0;0.00
372.00;305670610_0;4.09;8.15;117.00;1.16;4730631#1_0;5.10;0.00;tripinfo_147;255.00;147;0;2036.19;1.08;0.00;32.63;DEFAULT_VEHTYPE;;0;0.00
372.00;180020059#2_0;43.70;8.51;154.00;0.72;40598675#0_0;5.10;0.00;tripinfo_199;218.00;199;0;1683.89;1.08;0.00;35.35;DEFAULT_VEHTYPE;;1;12.00
374.00;1111106315_0;73.40;7.16;147.00;0.16;-1024105863_0;5.10;0.00;tripinfo_197;227.00;197;1;1537.86;0.99;0.00;26.00;DEFAULT_VEHTYPE;;0;0.00
377.00;31448937#1_0;72.36;7.61;101.00;0.60;150275988#0_0;5.10;0.00;tripinfo_120;276.00;120;0;1986.48;1.04;0.00;45.02;DEFAULT_VEHTYPE;;1;11.00
379.00;1263955158#1_0;21.60;9.05;217.00;0.68;231475826#0_0;5.10;0.00;tripinfo_281;162.00;281;0;1158.00;1.09;0.00;37.97;DEFAULT_VEHTYPE;;1;11.00
380.00;47999871_0;169.12;7.35;233.00;0.36;265113916#0_0;5.10;0.00;tripinfo_312;147.00;312;0;993.64;0.94;0.00;15.84;DEFAULT_VEHTYPE;;0;0.00
381.00;400062408_0;91.04;8.07;64.00;0.40;-220267106#1_0;5.10;0.00;tripinfo_80;317.00;80;0;2252.02;1.01;0.00;43.34;DEFAULT_VEHTYPE;;0;0.00
381.00;198077805#0_1;126.70;9.77;242.00;0.28;8382393#3_0;5.10;0.00;tripinfo_326;139.00;326;0;845.04;0.78;0.00;17.53;DEFAULT_VEHTYPE;;0;0.00
382.00;290174549#1_0;11.69;6.68;190.00;0.80;150275984#1_0;5.10;0.00;tripinfo_235;192.00;235;0;1300.81;0.91;0.00;19.27;DEFAULT_VEHTYPE;;0;0.00
384.00;-7682863#1_0;77.88;7.98;194.00;0.48;31411842#0_0;5.10;0.00;tripinfo_266;190.00;266;0;1335.24;1.00;0.00;20.32;DEFAULT_VEHTYPE;;0;0.00
386.00;29023713#0_0;256.94;8.26;121.00;0.00;8152036#1_0;5.10;0.00;tripinfo_150;265.00;150;0;2167.18;1.11;0.00;58.17;DEFAULT_VEHTYPE;;2;18.00
387.00;-150275986#4_0;0.20;7.88;237.00;0.00;-523287556_0;5.10;0.00;tripinfo_325;150.00;325;0;1182.70;1.19;0.00;29.85;DEFAULT_VEHTYPE;;1;3.00
390.00;62020112#1_1;73.03;12.88;137.00;4.04;-781742860#8_0;5.10;0.00;tripinfo_168;253.00;168;0;1943.68;0.98;0.00;50.16;DEFAULT_VEHTYPE;;1;8.00
391.00;265117578_0;151.84;8.12;59.00;0.08;510702675#0_0;5.10;0.00;tripinfo_61;332.00;61;1;2097.50;0.99;0.00;74.41;DEFAULT_VEHTYPE;;2;37.00
392.00;856293285#0_0;67.56;13.16;18.00;0.48;265113916#0_0;5.10;0.00;tripinfo_16;374.00;16;1;2521.22;0.97;0.00;67.13;DEFAULT_VEHTYPE;;1;29.00
392.00;96018881#0_0;97.29;7.53;98.00;0.96;8384905#0_0;5.10;0.00;tripinfo_107;294.00;107;1;1948.94;1.06;0.00;69.91;DEFAULT_VEHTYPE;;2;28.00
392.00;654207127#5_0;19.07;1.59;316.00;0.16;654207120_0;0.20;0.00;tripinfo_422;76.00;422;0;138.73;0.92;0.00;21.19;DEFAULT_VEHTYPE;;0;0.00
398.00;496872852_0;139.31;7.57;157.00;0.92;4730647#2_0;5.10;0.00;tripinfo_214;241.00;214;0;2020.26;0.95;0.00;32.63;DEFAULT_VEHTYPE;;1;7.00
398.00;1083809476#0_0;72.33;8.99;225.00;0.44;4690691_0;5.10;0.00;tripinfo_298;173.00;298;0;2045.62;1.17;0.00;24.32;DEFAULT_VEHTYPE;;0;0.00
399.00;231483312_0;63.73;8.78;174.00;0.44;4726706#5_0;5.10;0.00;tripinfo_223;225.00;223;1;1493.50;1.08;0.00;25.07;DEFAULT_VEHTYPE;;0;0.00
399.00;832487280_0;55.07;7.51;298.00;0.64;96016144#0_0;5.10;0.00;tripinfo_388;101.00;388;0;568.25;0.91;0.00;24.87;DEFAULT_VEHTYPE;;1;10.00
400.00;-1156329250_0;1.26;7.32;165.00;0.64;40598675#0_0;5.10;0.00;tripinfo_213;235.00;213;0;2546.19;1.02;0.00;29.47;DEFAULT_VEHTYPE;;2;2.00
401.00;-524150338#1_1;31.10;4.70;73.00;0.36;610739513#1_0;5.10;0.00;tripinfo_87;328.00;87;1;2035.57;0.98;0.00;64.42;DEFAULT_VEHTYPE;;3;21.00
405.00;183370113#4_0;75.12;7.97;150.00;0.24;-8382391#1_0;5.10;0.00;tripinfo_208;255.00;208;0;2686.27;1.00;0.00;28.24;DEFAULT_VEHTYPE;;1;2.00
405.00;220137286#0_0;115.46;8.10;209.00;0.64;265117578_0;5.10;0.00;tripinfo_288;196.00;288;0;1262.93;0.98;0.00;40.07;DEFAULT_VEHTYPE;;3;10.00
405.00;4690640#0_0;334.20;12.69;278.00;0.88;1263793722#0_0;5.10;0.00;tripinfo_371;127.00;371;0;1046.51;0.94;0.00;12.21;DEFAULT_VEHTYPE;;0;0.00
407.00;-36786445#2_0;7.41;7.80;200.00;0.64;8382443_0;5.10;0.00;tripinfo_263;207.00;263;1;1478.59;1.08;0.00;42.43;DEFAULT_VEHTYPE;;1;10.00
409.00;36801004#1_0;12.62;15.37;230.00;3.04;180020059#4_0;5.10;0.00;tripinfo_293;179.00;293;1;1299.66;1.16;0.00;35.76;DEFAULT_VEHTYPE;;0;0.00
410.00;-23084263#0_0;84.85;7.83;74.00;0.96;654207127#5_0;5.10;0.00;tripinfo_82;336.00;82;0;2343.25;1.04;0.00;49.49;DEFAULT_VEHTYPE;;0;0.00
411.00;745498476#1_0;0.20;8.64;56.00;0.88;-96016135_0;2.24;0.00;tripinfo_71;355.00;71;1;3772.08;1.14;0.00;88.07;DEFAULT_VEHTYPE;;3;17.00
413.00;28275167_0;44.02;8.48;37.00;0.28;4426074#0_0;5.10;0.00;tripinfo_51;376.00;51;1;2440.90;1.05;0.00;93.76;DEFAULT_VEHTYPE;;2;32.00
413.00;240549301_0;21.58;7.63;245.00;0.20;879483837_0;5.10;0.00;tripinfo_315;168.00;315;0;1736.85;1.05;0.00;16.43;DEFAULT_VEHTYPE;;0;0.00
415.00;4730634#0_0;128.10;8.44;68.00;0.44;27882418#0_0;5.10;0.00;tripinfo_73;347.00;73;0;2595.19;1.05;0.00;48.69;DEFAULT_VEHTYPE;;1;5.00
415.00;628782530_0;3.16;7.72;171.00;0.04;-8382444_0;5.10;0.00;tripinfo_218;244.00;218;0;1798.99;0.98;0.00;21.84;DEFAULT_VEHTYPE;;0;0.00
416.00;4730616#2_0;5.29;9.42;54.00;0.00;-121794822#1_0;5.10;0.00;tripinfo_50;362.00;50;0;2483.13;1.16;0.00;75.37;DEFAULT_VEHTYPE;;3;9.00
418.00;393494868_0;404.92;10.63;101.00;0.32;31518959#0_0;5.10;0.00;tripinfo_119;317.00;119;1;2325.25;0.84;0.00;33.81;DEFAULT_VEHTYPE;;0;0.00
418.00;1053478471_0;54.01;7.49;264.00;0.64;4392761#2_0;5.10;0.00;tripinfo_363;154.00;363;0;1179.28;0.91;0.00;17.24;DEFAULT_VEHTYPE;;0;0.00
419.00;-654207127#4_0;25.65;2.27;61.00;0.16;150275991#1_0;5.10;0.00;tripinfo_72;358.00;72;0;1848.82;0.98;0.00;65.56;DEFAULT_VEHTYPE;;0;0.00
419.00;8382365#0_0;157.21;7.16;287.00;0.44;150275986#0_0;5.10;0.00;tripinfo_398;132.00;398;0;904.37;0.96;0.00;17.59;DEFAULT_VEHTYPE;;0;0.00
420.00;1053478469#0_0;44.41;6.83;126.00;0.20;62020112#1_0;5.10;0.00;tripinfo_165;294.00;165;0;1844.71;0.90;0.00;122.05;DEFAULT_VEHTYPE;;2;98.00
420.00;174272149_0;22.69;7.58;391.00;0.48;1267194155#0_0;5.10;0.00;tripinfo_541;29.00;541;0;203.30;1.01;0.00;4.76;DEFAULT_VEHTYPE;;0;0.00
421.00;-40493501#2_0;21.11;8.25;187.00;2.72;180156396#3_0;4.89;0.00;tripinfo_249;234.00;249;0;1587.92;1.06;0.00;57.95;DEFAULT_VEHTYPE;;4;25.00
422.00;-70724346#3_0;37.25;7.02;241.00;0.64;-524150311#0_0;5.10;0.00;tripinfo_313;181.00;313;0;1208.82;0.93;0.00;22.45;DEFAULT_VEHTYPE;;0;0.00
426.00;150276013#1_0;117.51;8.03;327.00;2.84;4730637#3_0;5.10;0.00;tripinfo_428;99.00;428;0;720.90;1.00;0.00;10.87;DEFAULT_VEHTYPE;;0;0.00
428.00;-31411680#2_0;76.34;8.48;131.00;0.68;-8382445#1_0;5.10;0.00;tripinfo_156;297.00;156;1;2026.14;1.02;0.00;34.19;DEFAULT_VEHTYPE;;0;0.00
429.00;-14858868_0;74.65;8.09;322.00;0.00;720012594#0_0;5.10;0.00;tripinfo_425;107.00;425;0;702.59;1.01;0.00;19.60;DEFAULT_VEHTYPE;;0;0.00
432.00;175206107#0_0;104.76;7.31;33.00;0.64;832487280_0;5.10;0.00;tripinfo_38;399.00;38;0;3966.74;0.96;0.00;39.95;DEFAULT_VEHTYPE;;1;2.00
432.00;14471542#5_0;1.52;7.59;213.00;3.44;8384907#0_0;5.10;0.00;tripinfo_273;219.00;273;0;1471.81;0.97;0.00;35.09;DEFAULT_VEHTYPE;;1;6.00
432.00;-36786445#2_0;7.72;7.83;366.00;0.84;-524150342_0;0.20;0.00;tripinfo_503;66.00;503;1;379.09;1.01;0.00;20.87;DEFAULT_VEHTYPE;;1;12.00
433.00;8152056_0;117.45;3.98;105.00;0.76;220267105#3_0;5.10;0.00;tripinfo_142;328.00;142;0;1969.63;0.94;0.00;67.13;DEFAULT_VEHTYPE;;4;23.00
433.00;8382443_0;166.79;7.36;219.00;0.72;-119180342#1_0;5.10;0.00;tripinfo_299;214.00;299;0;1582.22;0.98;0.00;30.60;DEFAULT_VEHTYPE;;0;0.00
435.00;231945290#0_0;42.27;9.01;138.00;0.68;33301688#0_0;5.10;0.00;tripinfo_181;297.00;181;0;2638.40;1.13;0.00;95.38;DEFAULT_VEHTYPE;;4;31.00
435.00;643082467_0;13.68;8.15;224.00;0.20;-96018881#4_0;5.10;0.00;tripinfo_290;211.00;290;0;1355.31;1.00;0.00;39.94;DEFAULT_VEHTYPE;;2;11.00
436.00;36801001#1_1;22.48;10.92;256.00;0.96;47461591#0_0;0.41;0.00;tripinfo_332;180.00;332;0;1359.17;0.87;0.00;35.28;DEFAULT_VEHTYPE;;1;12.00
437.00;40493501#3_0;158.44;7.87;68.00;0.00;960773149_0;5.10;0.00;tripinfo_75;369.00;75;0;2038.31;0.97;0.00;60.45;DEFAULT_VEHTYPE;;1;2.00
437.00;8384914_0;76.32;5.19;172.00;0.48;-47999871_0;5.10;0.00;tripinfo_216;265.00;216;0;1438.67;0.76;0.00;35.36;DEFAULT_VEHTYPE;;1;3.00
438.00;-27807643#2_0;6.60;7.10;287.00;0.36;30215395#0_0;5.10;0.00;tripinfo_387;151.00;387;0;1295.87;0.94;0.00;31.23;DEFAULT_VEHTYPE;;1;11.00
439.00;150275986#3_0;11.62;8.42;140.00;0.04;-36786443#2_0;5.10;0.00;tripinfo_193;299.00;193;1;1997.12;1.04;0.00;65.36;DEFAULT_VEHTYPE;;3;22.00
439.00;-803266531#0_0;16.68;8.09;165.00;0.68;4392761#3_0;5.10;0.00;tripinfo_206;274.00;206;0;2912.47;1.10;0.00;32.29;DEFAULT_VEHTYPE;;1;1.00
439.00;8382443_0;166.79;7.14;252.00;0.64;4730631#0_0;5.10;0.00;tripinfo_338;187.00;338;0;1300.77;0.95;0.00;20.70;DEFAULT_VEHTYPE;;0;0.00
440.00;-654207127#1_0;72.74;1.44;179.00;0.08;150275986#2_0;5.10;0.00;tripinfo_236;261.00;236;0;1024.26;0.96;0.00;51.96;DEFAULT_VEHTYPE;;0;0.00
440.00;302657565#0_0;212.13;6.78;271.00;0.44;62020114#0_0;5.10;0.00;tripinfo_373;169.00;373;0;1401.60;0.94;0.00;27.28;DEFAULT_VEHTYPE;;1;1.00
443.00;231945290#6_0;54.95;7.01;157.00;0.84;-231940830#3_0;5.10;0.00;tripinfo_203;286.00;203;0;1789.39;0.91;0.00;43.07;DEFAULT_VEHTYPE;;2;11.00
443.00;40493384#2_0;20.12;6.50;196.00;0.56;-1307684786#1_0;5.10;0.00;tripinfo_252;247.00;252;1;1562.32;0.92;0.00;40.89;DEFAULT_VEHTYPE;;2;5.00
444.00;31427257#0_0;16.91;11.85;191.00;0.28;14626335#0_0;5.10;0.00;tripinfo_251;253.00;251;0;2990.48;0.96;0.00;24.13;DEFAULT_VEHTYPE;;1;1.00
444.00;1193930026_0;12.88;8.28;347.00;0.36;40493385#0_0;5.10;0.00;tripinfo_462;97.00;462;0;731.43;1.08;0.00;14.71;DEFAULT_VEHTYPE;;1;1.00
445.00;4422177_0;124.80;12.19;333.00;0.76;8152035#0_0;5.10;0.00;tripinfo_442;112.00;442;0;741.23;0.90;0.00;39.50;DEFAULT_VEHTYPE;;2;26.00
446.00;4730644_0;79.29;7.30;133.00;0.36;-1230294701_0;5.10;0.00;tripinfo_162;313.00;162;1;1892.85;0.99;0.00;78.36;DEFAULT_VEHTYPE;;3;41.00
447.00;-121794822#5_0;19.98;2.64;110.00;0.44;150276003#2_0;5.10;0.00;tripinfo_148;337.00;148;0;1820.22;1.06;0.00;83.64;DEFAULT_VEHTYPE;;4;15.00
448.00;11294375#3_0;55.61;7.43;261.00;0.04;31518448#0_0;5.10;0.00;tripinfo_343;187.00;343;0;1370.95;1.03;0.00;25.56;DEFAULT_VEHTYPE;;1;2.00
449.00;8382347#2_0;145.43;6.28;135.00;0.64;1263793722#0_0;5.10;0.00;tripinfo_163;314.00;163;0;2066.34;1.13;0.00;97.24;DEFAULT_VEHTYPE;;3;31.00
450.00;31431101#3_0;53.33;5.23;433.00;3.32;31431101#2_0;5.10;0.00;tripinfo_594;17.00;594;0;91.97;0.78;0.00;2.83;DEFAULT_VEHTYPE;;0;0.00
452.00;-150275984#4_0;31.88;7.12;397.00;0.72;8382410#1_0;5.10;0.00;tripinfo_524;55.00;524;0;396.90;1.00;0.00;6.66;DEFAULT_VEHTYPE;;0;0.00
453.00;-8250527#0_0;61.69;6.75;354.00;0.96;-30324793_0;5.10;0.00;tripinfo_482;99.00;482;0;530.90;0.94;0.00;29.84;DEFAULT_VEHTYPE;;2;16.00
454.00;939752205#2_0;9.40;6.57;214.00;0.84;-31519076#1_0;5.10;0.00;tripinfo_278;240.00;278;0;1386.41;0.95;0.00;45.04;DEFAULT_VEHTYPE;;1;16.00
455.00;-960773147_0;10.49;2.37;40.00;0.20;31411680#0_0;5.10;0.00;tripinfo_40;415.00;40;0;2253.09;0.87;0.00;94.34;DEFAULT_VEHTYPE;;3;40.00
457.00;231945290#3_0;44.20;8.28;386.00;0.16;510702675#0_0;5.10;0.00;tripinfo_522;71.00;522;0;560.50;1.11;0.00;9.54;DEFAULT_VEHTYPE;;0;0.00
458.00;-8382368#2_0;151.97;7.32;37.00;0.92;-96016135_0;2.24;0.00;tripinfo_39;421.00;39;1;3928.35;0.89;0.00;58.57;DEFAULT_VEHTYPE;;3;22.00
460.00;8152056_0;117.45;5.02;188.00;0.36;150275988#3_0;5.10;0.00;tripinfo_237;272.00;237;0;1912.04;1.02;0.00;39.25;DEFAULT_VEHTYPE;;1;8.00
460.00;1307684786#0_0;49.76;5.83;199.00;0.80;972497141_0;0.69;0.00;tripinfo_260;261.00;260;0;1432.72;0.78;0.00;38.41;DEFAULT_VEHTYPE;;2;7.00
460.00;-781742860#0_0;117.87;7.16;225.00;0.12;-244422544#1_0;5.10;0.00;tripinfo_304;235.00;304;1;1577.45;0.91;0.00;23.68;DEFAULT_VEHTYPE;;0;0.00
464.00;-47426244#2_0;60.41;7.56;153.00;0.56;552794577#0_0;5.10;0.00;tripinfo_202;311.00;202;0;1960.00;0.93;0.00;56.65;DEFAULT_VEHTYPE;;2;20.00
468.00;-31512978#1_0;13.39;7.50;202.00;0.32;4730637#4_0;5.10;0.00;tripinfo_269;266.00;269;1;1721.83;0.94;0.00;32.59;DEFAULT_VEHTYPE;;0;0.00
468.00;4730637#0_0;79.83;6.48;214.00;0.92;158331590_0;5.10;0.00;tripinfo_289;254.00;289;1;1498.95;0.86;0.00;27.89;DEFAULT_VEHTYPE;;0;0.00
468.00;31427257#7_0;26.83;12.56;269.00;0.84;4730644_0;5.10;0.00;tripinfo_353;199.00;353;0;1694.84;0.92;0.00;23.10;DEFAULT_VEHTYPE;;0;0.00
468.00;1168195444#0_1;85.71;7.19;301.00;6.00;1080960154#0_0;5.10;0.00;tripinfo_400;167.00;400;0;1021.81;0.95;0.00;26.11;DEFAULT_VEHTYPE;;0;0.00
469.00;-244422544#1_0;114.80;6.58;283.00;0.04;220267108#0_0;5.10;0.00;tripinfo_368;186.00;368;0;942.00;0.94;0.00;65.94;DEFAULT_VEHTYPE;;4;39.00
470.00;-47426239_0;99.45;7.29;88.00;0.28;653443701_0;5.10;0.00;tripinfo_101;382.00;101;0;3891.25;0.98;0.00;43.18;DEFAULT_VEHTYPE;;1;2.00
472.00;772942669_0;110.92;4.79;119.00;0.08;62020112#1_0;5.10;0.00;tripinfo_161;353.00;161;0;3127.85;0.97;0.00;49.04;DEFAULT_VEHTYPE;;2;12.00
472.00;40151780#0_0;33.06;7.59;177.00;0.56;-8382429#1_0;5.10;0.00;tripinfo_227;295.00;227;0;2047.55;0.96;0.00;38.21;DEFAULT_VEHTYPE;;1;2.00
472.00;-231475826#2_0;97.43;7.88;206.00;0.72;4726685#0_0;5.10;0.00;tripinfo_274;266.00;274;0;1691.93;1.01;0.00;67.82;DEFAULT_VEHTYPE;;3;33.00
473.00;-31519076#1_0;56.60;4.65;290.00;0.92;17670100#5_0;5.10;0.00;tripinfo_389;183.00;389;0;1118.51;0.94;0.00;23.78;DEFAULT_VEHTYPE;;0;0.00
474.00;5450860#0_0;75.98;7.41;292.00;0.16;1053478471_0;5.10;0.00;tripinfo_397;182.00;397;0;1205.92;1.03;0.00;35.15;DEFAULT_VEHTYPE;;1;14.00
474.00;643082467_0;13.68;8.86;310.00;0.88;40493501#1_0;5.10;0.00;tripinfo_421;164.00;421;0;984.67;1.08;0.00;46.86;DEFAULT_VEHTYPE;;2;19.00
475.00;4422176_0;179.82;13.09;3.00;0.56;4730620_0;5.10;0.00;tripinfo_2;472.00;2;1;3563.17;0.98;0.00;47.51;DEFAULT_VEHTYPE;;0;0.00
475.00;8382445#0_0;41.60;9.45;171.00;0.88;31519076#0_0;5.10;0.00;tripinfo_221;304.00;221;0;1721.58;1.16;0.00;96.43;DEFAULT_VEHTYPE;;2;31.00
477.00;36801004#1_1;12.62;16.13;248.00;0.36;396102064_0;0.20;0.00;tripinfo_337;229.00;337;0;3413.63;1.21;0.00;23.13;DEFAULT_VEHTYPE;;0;0.00
479.00;47896065_0;65.02;5.68;68.00;0.04;-220267105#3_0;5.10;0.00;tripinfo_68;411.00;68;1;2884.12;1.20;0.00;87.72;DEFAULT_VEHTYPE;;4;28.00
479.00;-4426076#0_0;30.91;9.51;309.00;0.04;40598675#0_0;5.10;0.00;tripinfo_418;170.00;418;0;1842.30;1.17;0.00;17.96;DEFAULT_VEHTYPE;;0;0.00
480.00;-654207127#8_0;14.24;1.75;157.00;0.00;16233734#0_0;5.10;0.00;tripinfo_200;323.00;200;0;1595.39;1.04;0.00;85.14;DEFAULT_VEHTYPE;;4;27.00
480.00;4730651_0;94.24;8.39;164.00;0.00;8140198#0_0;5.10;0.00;tripinfo_225;316.00;225;0;2930.74;1.03;0.00;31.78;DEFAULT_VEHTYPE;;0;0.00
481.00;16233735#0_0;47.46;7.62;242.00;0.52;237344387_0;5.10;0.00;tripinfo_334;239.00;334;1;1470.79;0.95;0.00;41.85;DEFAULT_VEHTYPE;;1;15.00
481.00;5450860#3_0;166.07;7.38;327.00;0.80;31414790#0_0;5.10;0.00;tripinfo_435;154.00;435;0;1061.88;0.97;0.00;16.92;DEFAULT_VEHTYPE;;0;0.00
483.00;875759959_0;104.13;13.05;121.00;0.80;691307157_0;5.10;0.00;tripinfo_160;362.00;160;0;2453.03;0.97;0.00;73.39;DEFAULT_VEHTYPE;;3;30.00
483.00;-327412184_0;118.77;6.98;230.00;0.08;-62020321_0;5.10;0.00;tripinfo_311;253.00;311;0;2245.81;0.90;0.00;36.30;DEFAULT_VEHTYPE;;1;8.00
484.00;-150275984#4_0;31.88;6.68;299.00;0.24;510492454#0_0;5.10;0.00;tripinfo_408;185.00;408;0;1169.57;0.93;0.00;34.33;DEFAULT_VEHTYPE;;1;13.00
484.00;781742860#4_0;32.44;6.42;352.00;0.24;-1230294701_0;5.10;0.00;tripinfo_483;132.00;483;0;664.98;0.93;0.00;41.36;DEFAULT_VEHTYPE;;2;23.00
487.00;8152035#0_0;51.53;6.48;125.00;0.84;1168195444#0_0;5.10;0.00;tripinfo_153;362.00;153;1;2024.67;0.85;0.00;47.09;DEFAULT_VEHTYPE;;0;0.00
489.00;-4426076#0_0;30.91;8.10;264.00;0.20;410939626_0;0.20;0.00;tripinfo_340;225.00;340;0;1790.88;1.01;0.00;61.00;DEFAULT_VEHTYPE;;2;39.00
489.00;14858642#0_0;0.20;13.09;316.00;0.76;4726711#0_0;5.10;0.00;tripinfo_417;173.00;417;0;1114.75;0.96;0.00;23.74;DEFAULT_VEHTYPE;;0;0.00
490.00;65583364_0;49.29;7.71;56.00;0.72;856293285#1_0;5.10;0.00;tripinfo_49;434.00;49;1;3093.21;0.95;0.00;66.53;DEFAULT_VEHTYPE;;2;15.00
491.00;-654207127#1_0;72.74;2.54;34.00;0.00;13853659#0_0;5.10;0.00;tripinfo_25;457.00;25;1;2274.79;0.95;0.00;84.47;DEFAULT_VEHTYPE;;2;12.00
491.00;8382359_0;50.83;5.30;99.00;2.12;-96016135_0;2.24;0.00;tripinfo_129;392.00;129;1;3290.09;1.02;0.00;86.81;DEFAULT_VEHTYPE;;4;35.00
493.00;14626335#4_0;46.91;6.74;148.00;5.48;117055114_0;5.10;0.00;tripinfo_191;345.00;191;0;1708.16;0.85;0.00;151.84;DEFAULT_VEHTYPE;;4;116.00
493.00;174272154#0_0;24.16;14.27;308.00;0.48;239889169#0_0;5.10;0.00;tripinfo_416;185.00;416;0;1754.40;1.08;0.00;35.57;DEFAULT_VEHTYPE;;1;11.00
494.00;14471542#4_0;27.51;7.51;99.00;0.44;-8382283#2_0;5.10;0.00;tripinfo_123;395.00;123;0;2718.38;1.03;0.00;76.51;DEFAULT_VEHTYPE;;4;29.00
494.00;-150275986#3_0;11.62;7.85;170.00;0.76;231945290#3_0;5.10;0.00;tripinfo_217;324.00;217;0;2915.44;0.99;0.00;43.85;DEFAULT_VEHTYPE;;2;5.00
496.00;8384926#1_0;29.05;7.81;102.00;0.92;-4726710#1_0;5.10;0.00;tripinfo_114;394.00;114;1;2982.86;1.08;0.00;102.46;DEFAULT_VEHTYPE;;2;39.00
496.00;8382429#0_0;148.89;8.14;270.00;0.16;1098324355_0;0.14;0.00;tripinfo_372;226.00;372;0;1687.82;1.04;0.00;30.16;DEFAULT_VEHTYPE;;1;2.00
496.00;23179512#0_0;41.35;7.37;292.00;0.48;4726694#0_0;5.10;0.00;tripinfo_391;204.00;391;0;1287.69;0.90;0.00;36.04;DEFAULT_VEHTYPE;;1;12.00
497.00;8384886#0_0;91.41;6.31;181.00;0.76;654207127#0_0;5.10;0.00;tripinfo_242;316.00;242;0;1332.81;0.91;0.00;57.73;DEFAULT_VEHTYPE;;0;0.00
497.00;-510702675#4_0;98.24;7.35;415.00;0.92;-96018881#4_0;5.10;0.00;tripinfo_564;82.00;564;0;416.74;1.01;0.00;31.18;DEFAULT_VEHTYPE;;2;19.00
498.00;-8382302#1_0;190.32;7.49;221.00;0.76;7682866#2_0;5.10;0.00;tripinfo_292;277.00;292;0;2094.91;1.04;0.00;33.28;DEFAULT_VEHTYPE;;1;2.00
498.00;-13853659#0_0;30.86;5.40;217.00;0.32;14471542#1_0;0.97;0.00;tripinfo_294;281.00;294;0;1986.60;1.01;0.00;29.71;DEFAULT_VEHTYPE;;0;0.00
498.00;14362916#0_0;76.16;8.59;333.00;0.16;-628762073#5_0;5.10;0.00;tripinfo_447;165.00;447;0;1004.43;1.08;0.00;51.46;DEFAULT_VEHTYPE;;3;28.00
498.00;121794825#3_0;4.66;2.50;377.00;0.04;-8382282#1_0;5.10;0.00;tripinfo_518;121.00;518;0;271.72;0.93;0.00;31.20;DEFAULT_VEHTYPE;;0;0.00
499.00;239889169#0_0;103.10;6.71;169.00;2.84;4760584#0_0;5.10;0.00;tripinfo_228;330.00;228;1;1796.87;0.93;0.00;96.18;DEFAULT_VEHTYPE;;3;59.00
499.00;-239757874#1_0;145.20;6.46;218.00;0.48;628757206#0_0;5.10;0.00;tripinfo_291;281.00;291;1;1799.80;0.90;0.00;44.34;DEFAULT_VEHTYPE;;2;9.00
500.00;220267247#3_0;87.46;7.23;274.00;0.68;8382402#0_0;5.10;0.00;tripinfo_356;226.00;356;0;1478.07;1.01;0.00;38.62;DEFAULT_VEHTYPE;;0;0.00
501.00;150275986#2_0;39.71;6.48;358.00;0.04;8382421#0_0;5.10;0.00;tripinfo_493;143.00;493;0;880.34;0.86;0.00;17.40;DEFAULT_VEHTYPE;;0;0.00
502.00;14118785#1_0;95.44;8.02;301.00;0.32;291949061#0_0;5.10;0.00;tripinfo_394;201.00;394;0;1200.30;0.98;0.00;25.23;DEFAULT_VEHTYPE;;0;0.00
503.00;-29023870#1_0;10.38;8.12;247.00;0.48;1089552776#1_0;5.10;0.00;tripinfo_316;256.00;316;1;1704.45;0.99;0.00;52.57;DEFAULT_VEHTYPE;;2;24.00
504.00;400062407#0_0;19.70;4.94;162.00;0.80;150275985#0_0;5.10;0.00;tripinfo_210;342.00;210;0;2376.75;0.96;0.00;42.63;DEFAULT_VEHTYPE;;1;6.00
505.00;62020119#0_0;56.78;8.06;209.00;0.96;654207108_0;5.10;0.00;tripinfo_282;296.00;282;0;2213.64;1.10;0.00;53.73;DEFAULT_VEHTYPE;;3;5.00
507.00;-33301560#1_0;24.68;7.17;232.00;0.80;-8382447#1_0;5.10;0.00;tripinfo_310;275.00;310;1;1776.55;0.91;0.00;33.86;DEFAULT_VEHTYPE;;1;4.00
507.00;4690640#0_0;334.20;14.15;304.00;0.60;1267194155#0_0;5.10;0.00;tripinfo_420;203.00;420;0;2165.27;1.08;0.00;21.24;DEFAULT_VEHTYPE;;0;0.00
508.00;8152036#1_0;114.03;7.42;155.00;0.28;183370113#3_0;5.10;0.00;tripinfo_201;353.00;201;1;2520.36;0.98;0.00;56.33;DEFAULT_VEHTYPE;;1;6.00
511.00;155472436#0_0;108.36;7.19;236.00;0.72;181218814#0_0;5.10;0.00;tripinfo_324;275.00;324;0;2911.52;0.99;0.00;22.66;DEFAULT_VEHTYPE;;0;0.00
511.00;856293285#0_0;67.56;13.42;286.00;0.52;-31519076#1_0;5.10;0.00;tripinfo_384;225.00;384;0;1323.72;1.02;0.00;61.35;DEFAULT_VEHTYPE;;1;33.00
511.00;-1307684786#1_0;50.11;6.15;431.00;0.88;-31431101#5_0;5.10;0.00;tripinfo_596;80.00;596;0;419.01;0.83;0.00;16.51;DEFAULT_VEHTYPE;;1;2.00
512.00;124862958#0_0;40.20;7.89;239.00;0.24;4730637#2_0;5.10;0.00;tripinfo_308;273.00;308;0;1445.42;1.05;0.00;101.25;DEFAULT_VEHTYPE;;4;65.00
513.00;302657565#0_0;212.13;7.05;144.00;0.88;1153265597#0_0;5.10;0.00;tripinfo_196;369.00;196;0;2448.33;0.89;0.00;48.70;DEFAULT_VEHTYPE;;1;3.00
513.00;37535329#1_0;7.82;7.58;166.00;0.16;8140188#11_0;5.10;0.00;tripinfo_222;347.00;222;1;1984.44;0.95;0.00;94.71;DEFAULT_VEHTYPE;;3;37.00
513.00;14108346_0;0.20;14.16;191.00;0.68;47426244#0_0;5.10;0.00;tripinfo_256;322.00;256;0;3377.97;1.09;0.00;32.28;DEFAULT_VEHTYPE;;0;0.00
515.00;720012594#0_0;74.40;7.29;311.00;0.92;31449018_0;5.10;0.00;tripinfo_414;204.00;414;0;1382.34;0.96;0.00;28.46;DEFAULT_VEHTYPE;;1;1.00
518.00;36786443#0_0;160.05;8.27;186.00;0.32;290174549#0_0;5.10;0.00;tripinfo_244;332.00;244;0;2377.44;1.04;0.00;55.28;DEFAULT_VEHTYPE;;2;15.00
519.00;523287556_0;11.61;7.20;193.00;0.08;40493501#2_0;5.10;0.00;tripinfo_261;326.00;261;0;2092.72;0.91;0.00;53.03;DEFAULT_VEHTYPE;;2;16.00
520.00;960773148#1_0;0.20;1.74;321.00;0.56;8382283#0_0;5.10;0.00;tripinfo_427;199.00;427;0;740.25;0.90;0.00;39.21;DEFAULT_VEHTYPE;;0;0.00
521.00;856293281_0;414.50;12.19;321.00;2.32;181218814#0_0;5.10;0.00;tripinfo_419;200.00;419;0;1862.30;0.97;0.00;25.29;DEFAULT_VEHTYPE;;0;0.00
521.00;606127854#0_0;16.42;5.65;354.00;0.28;856293282_0;0.20;0.00;tripinfo_476;167.00;476;0;1338.90;1.03;0.00;24.48;DEFAULT_VEHTYPE;;0;0.00
525.00;-5450857#1_0;29.82;8.20;127.00;0.88;-121794827_0;5.10;0.00;tripinfo_171;398.00;171;1;2232.48;1.10;0.00;107.57;DEFAULT_VEHTYPE;;1;11.00
525.00;31427257#4_0;16.96;14.67;331.00;0.56;1053478469#0_0;5.10;0.00;tripinfo_452;194.00;452;0;2447.75;1.07;0.00;17.52;DEFAULT_VEHTYPE;;0;0.00
527.00;19846527#2_0;54.32;7.93;341.00;0.60;627916936#0_0;5.10;0.00;tripinfo_470;186.00;470;0;1277.24;0.97;0.00;20.49;DEFAULT_VEHTYPE;;0;0.00
528.00;691307157_0;33.05;6.11;139.00;0.16;124862960_0;0.20;0.00;tripinfo_172;389.00;172;1;2528.40;1.17;0.00;94.30;DEFAULT_VEHTYPE;;2;19.00
528.00;-8382443_0;168.16;6.16;266.00;0.52;121794822#6_0;5.10;0.00;tripinfo_359;262.00;359;0;1127.00;0.89;0.00;50.98;DEFAULT_VEHTYPE;;1;3.00
528.00;628762073#0_0;192.93;8.94;299.00;0.76;1053478468#0_0;5.10;0.00;tripinfo_392;229.00;392;0;1852.98;1.17;0.00;38.35;DEFAULT_VEHTYPE;;1;3.00
529.00;31431343#0_0;47.35;8.77;280.00;0.08;628781006#4_0;5.10;0.00;tripinfo_361;249.00;361;0;1922.02;1.09;0.00;35.83;DEFAULT_VEHTYPE;;1;1.00
530.00;124862958#0_0;40.20;6.14;145.00;0.64;414404581#0_0;5.10;0.00;tripinfo_188;385.00;188;1;2117.07;0.80;0.00;71.98;DEFAULT_VEHTYPE;;2;27.00
531.00;654207127#6_0;13.98;2.44;114.00;0.12;552794577#0_0;5.10;0.00;tripinfo_154;417.00;154;0;2339.65;1.05;0.00;99.25;DEFAULT_VEHTYPE;;7;34.00
531.00;-220267247#2_0;3.57;7.12;155.00;0.36;13764245#0_0;5.10;0.00;tripinfo_187;376.00;187;0;2462.63;0.95;0.00;64.34;DEFAULT_VEHTYPE;;0;0.00
531.00;1308361365_0;15.87;5.71;348.00;0.96;36786444#0_0;5.10;0.00;tripinfo_457;183.00;457;1;1178.63;1.15;0.00;58.61;DEFAULT_VEHTYPE;;3;31.00
532.00;5450860#1_0;86.19;7.97;358.00;0.56;13764389_0;0.51;0.00;tripinfo_477;174.00;477;0;1679.75;1.09;0.00;21.58;DEFAULT_VEHTYPE;;0;0.00
533.00;496872852_0;139.31;8.49;389.00;0.64;40493501#3_0;5.10;0.00;tripinfo_538;144.00;538;0;1176.46;1.11;0.00;16.43;DEFAULT_VEHTYPE;;0;0.00
534.00;4730616#0_0;6.14;6.45;135.00;0.80;27807643#0_0;5.10;0.00;tripinfo_185;399.00;185;1;2045.95;0.89;0.00;91.25;DEFAULT_VEHTYPE;;2;37.00
536.00;-40493501#2_0;21.11;8.73;119.00;0.56;-433333438#1_0;5.10;0.00;tripinfo_152;417.00;152;1;2517.07;1.09;0.00;104.17;DEFAULT_VEHTYPE;;2;25.00
537.00;121794824_0;75.93;2.96;170.00;0.68;1037986847_0;0.20;0.00;tripinfo_231;367.00;231;0;1984.76;1.16;0.00;111.83;DEFAULT_VEHTYPE;;3;28.00
539.00;121794822#3_0;11.26;1.65;275.00;0.72;175206107#0_0;5.10;0.00;tripinfo_374;264.00;374;0;1520.35;1.01;0.00;47.04;DEFAULT_VEHTYPE;;1;5.00
539.00;-4426075#1_0;235.07;9.99;402.00;8.32;14108392_0;0.20;0.00;tripinfo_544;137.00;544;0;1364.35;1.21;0.00;16.46;DEFAULT_VEHTYPE;;1;1.00
539.00;377719665_0;50.44;8.04;509.00;0.68;150276013#0_0;5.10;0.00;tripinfo_706;30.00;706;0;204.54;1.02;0.00;5.36;DEFAULT_VEHTYPE;;0;0.00
542.00;47895849#4_0;36.30;5.04;313.00;0.72;4726706#0_0;5.10;0.00;tripinfo_424;229.00;424;1;1376.69;0.95;0.00;30.41;DEFAULT_VEHTYPE;;0;0.00
543.00;8382347#0_0;56.15;8.11;120.00;0.52;-4726710#0_0;5.10;0.00;tripinfo_159;423.00;159;1;2641.84;1.07;0.00;82.69;DEFAULT_VEHTYPE;;2;29.00
543.00;13853658_0;42.30;4.41;318.00;0.24;1111106315_0;5.10;0.00;tripinfo_433;225.00;433;0;1426.80;1.08;0.00;54.83;DEFAULT_VEHTYPE;;3;11.00
543.00;107118812_0;114.11;8.05;397.00;0.96;-220267104#1_0;5.10;0.00;tripinfo_532;146.00;532;0;1110.67;1.07;0.00;19.88;DEFAULT_VEHTYPE;;0;0.00
543.00;-8382302#0_0;78.80;8.59;436.00;0.00;643081314#0_0;5.10;0.00;tripinfo_600;107.00;600;0;680.02;1.13;0.00;33.32;DEFAULT_VEHTYPE;;1;8.00
543.00;220267104#0_0;40.87;7.59;476.00;0.68;8382430#0_0;5.10;0.00;tripinfo_656;67.00;656;0;472.01;0.94;0.00;6.72;DEFAULT_VEHTYPE;;0;0.00
545.00;290172305#0_0;50.40;7.05;190.00;0.52;-121794825#2_0;5.10;0.00;tripinfo_259;355.00;259;0;1685.52;0.91;0.00;81.23;DEFAULT_VEHTYPE;;5;24.00
545.00;36801001#2_1;41.85;14.63;201.00;0.04;-47426244#0_0;5.10;0.00;tripinfo_268;344.00;268;1;2913.40;1.14;0.00;47.90;DEFAULT_VEHTYPE;;2;7.00
545.00;155472436#0_0;108.36;9.22;300.00;0.20;745498474_0;5.10;0.00;tripinfo_415;245.00;415;0;2053.77;1.14;0.00;79.59;DEFAULT_VEHTYPE;;2;53.00
545.00;1196782590#0_1;24.36;12.70;446.00;0.56;14858640_0;5.10;0.00;tripinfo_602;99.00;602;0;1083.45;1.00;0.00;16.07;DEFAULT_VEHTYPE;;1;2.00
546.00;-4730648#1_0;92.32;7.00;192.00;0.44;150275973#0_0;5.10;0.00;tripinfo_248;354.00;248;1;2200.31;0.98;0.00;80.55;DEFAULT_VEHTYPE;;2;32.00
546.00;1098324355_0;0.14;5.34;495.00;0.04;162611854#0_0;5.10;0.00;tripinfo_668;51.00;668;0;325.62;0.91;0.00;7.03;DEFAULT_VEHTYPE;;0;0.00
549.00;-327412184_0;118.77;7.36;96.00;0.76;-832487280_0;5.10;0.00;tripinfo_117;453.00;117;1;3481.81;0.99;0.00;69.77;DEFAULT_VEHTYPE;;2;16.00
549.00;-31512978#1_0;13.39;7.83;349.00;0.16;1267194155#0_0;5.10;0.00;tripinfo_472;200.00;472;0;1905.98;1.02;0.00;20.25;DEFAULT_VEHTYPE;;0;0.00
549.00;14471542#8_0;50.73;8.27;382.00;0.56;137238867#0_0;5.10;0.00;tripinfo_502;167.00;502;0;1848.22;1.10;0.00;17.97;DEFAULT_VEHTYPE;;0;0.00
549.00;-220267108#2_0;45.86;6.81;411.00;0.60;8382299#0_0;5.10;0.00;tripinfo_545;138.00;545;0;891.54;0.94;0.00;21.95;DEFAULT_VEHTYPE;;1;6.00
550.00;395073288#0_0;122.79;8.01;118.00;0.24;150275973#0_0;5.10;0.00;tripinfo_158;432.00;158;1;3051.43;1.01;0.00;75.50;DEFAULT_VEHTYPE;;3;29.00
550.00;8250527#1_0;57.51;6.75;267.00;0.00;40493418_0;5.10;0.00;tripinfo_350;283.00;350;0;1795.37;0.90;0.00;41.93;DEFAULT_VEHTYPE;;1;12.00
550.00;-70724346#3_0;37.25;9.12;375.00;0.80;-654207122_0;0.20;0.00;tripinfo_510;175.00;510;0;804.61;1.15;0.00;48.64;DEFAULT_VEHTYPE;;2;11.00
550.00;-27882429#2_0;132.75;8.87;401.00;0.76;150275986#2_0;5.10;0.00;tripinfo_542;149.00;542;0;1014.94;1.08;0.00;35.33;DEFAULT_VEHTYPE;;1;10.00
550.00;13853655#1_0;17.55;6.67;463.00;0.08;-4726711#0_0;5.10;0.00;tripinfo_636;87.00;636;0;577.15;0.94;0.00;10.51;DEFAULT_VEHTYPE;;0;0.00
551.00;119180322_0;109.44;7.94;258.00;0.08;95742119#1_0;3.64;0.00;tripinfo_336;293.00;336;0;3225.44;0.99;0.00;39.46;DEFAULT_VEHTYPE;;3;7.00
552.00;-23084263#0_0;84.85;7.55;159.00;0.52;654207120_0;0.20;0.00;tripinfo_209;393.00;209;0;2419.89;0.97;0.00;56.41;DEFAULT_VEHTYPE;;1;1.00
553.00;8382365#1_0;75.06;7.31;106.00;0.88;237344387_0;5.10;0.00;tripinfo_121;447.00;121;0;2321.57;1.00;0.00;191.72;DEFAULT_VEHTYPE;;6;138.00
553.00;49845715#0_0;122.60;7.21;493.00;0.92;628762073#0_0;5.10;0.00;tripinfo_664;60.00;664;0;383.72;0.87;0.00;6.82;DEFAULT_VEHTYPE;;0;0.00
554.00;628755546#0_0;1.01;5.85;398.00;0.00;1263793722#0_0;5.10;0.00;tripinfo_550;156.00;550;1;1256.66;1.18;0.00;27.78;DEFAULT_VEHTYPE;;1;8.00
555.00;302657565#0_0;212.13;7.74;173.00;0.72;628757206#0_0;5.10;0.00;tripinfo_224;382.00;224;1;2885.46;1.06;0.00;68.88;DEFAULT_VEHTYPE;;3;21.00
555.00;31427257#0_0;16.91;14.43;380.00;0.24;-34065519_0;5.10;0.00;tripinfo_508;175.00;508;1;972.22;1.22;0.00;66.54;DEFAULT_VEHTYPE;;1;15.00
555.00;249386315_0;5.70;6.21;500.00;0.00;14471542#2_0;5.10;0.00;tripinfo_675;55.00;675;0;419.71;1.06;0.00;6.59;DEFAULT_VEHTYPE;;0;0.00
556.00;4690691_0;74.72;5.65;179.00;0.24;-8250527#0_0;5.10;0.00;tripinfo_233;377.00;233;1;2433.50;1.10;0.00;105.72;DEFAULT_VEHTYPE;;3;55.00
557.00;-290174549#3_0;12.74;7.17;376.00;0.60;150275986#0_0;5.10;0.00;tripinfo_495;181.00;495;0;990.47;0.86;0.00;41.10;DEFAULT_VEHTYPE;;2;17.00
557.00;62020113#0_0;64.44;11.14;487.00;0.28;8404828#1_0;5.10;0.00;tripinfo_676;70.00;676;0;712.30;0.86;0.00;7.06;DEFAULT_VEHTYPE;;0;0.00
558.00;220267247#3_0;87.46;7.20;307.00;0.64;-14118784#0_0;5.10;0.00;tripinfo_413;251.00;413;0;1778.43;0.95;0.00;25.00;DEFAULT_VEHTYPE;;0;0.00
558.00;-434361017#1_0;49.79;7.41;426.00;0.04;14858868_0;5.10;0.00;tripinfo_568;132.00;568;0;639.39;0.94;0.00;45.99;DEFAULT_VEHTYPE;;2;25.00
559.00;627916936#1_0;49.23;6.83;208.00;0.52;400961599#0_0;5.10;0.00;tripinfo_284;351.00;284;1;2023.91;1.05;0.00;77.41;DEFAULT_VEHTYPE;;2;9.00
562.00;-654207120_0;0.20;2.13;292.00;0.68;47426241#0_0;5.10;0.00;tripinfo_381;270.00;381;0;1377.37;0.88;0.00;40.28;DEFAULT_VEHTYPE;;0;0.00
562.00;1287393211#3_0;112.00;8.20;300.00;0.84;27807643#0_0;5.10;0.00;tripinfo_403;262.00;403;0;2405.15;1.00;0.00;60.25;DEFAULT_VEHTYPE;;2;27.00
562.00;-781742860#8_0;114.36;8.23;417.00;0.68;40598675#0_0;5.10;0.00;tripinfo_556;145.00;556;0;1093.83;1.02;0.00;14.55;DEFAULT_VEHTYPE;;0;0.00
563.00;31445160#0_0;113.93;7.24;84.00;0.80;856293283_0;5.10;0.00;tripinfo_110;479.00;110;1;3306.57;0.95;0.00;54.22;DEFAULT_VEHTYPE;;0;0.00
563.00;8152037#1_0;54.59;9.06;342.00;0.08;400062407#0_0;5.10;0.00;tripinfo_461;221.00;461;1;1720.28;1.10;0.00;22.52;DEFAULT_VEHTYPE;;0;0.00
566.00;972497141_0;0.69;6.47;271.00;0.36;8382445#0_0;5.10;0.00;tripinfo_362;295.00;362;1;1609.87;0.88;0.00;75.02;DEFAULT_VEHTYPE;;3;25.00
567.00;4726680_0;260.87;5.97;263.00;0.40;4426076#0_0;5.10;0.00;tripinfo_355;304.00;355;0;1810.80;0.85;0.00;49.25;DEFAULT_VEHTYPE;;2;8.00
567.00;781742860#1_0;37.69;8.35;495.00;1.80;628781006#3_0;5.10;0.00;tripinfo_660;72.00;660;0;516.92;1.10;0.00;15.44;DEFAULT_VEHTYPE;;1;4.00
568.00;150275988#5_0;74.78;4.62;341.00;0.60;40151779#0_0;5.10;0.00;tripinfo_445;227.00;445;0;1392.66;1.03;0.00;62.50;DEFAULT_VEHTYPE;;2;23.00
570.00;396926518_0;24.03;6.47;254.00;0.16;524150342_0;0.20;0.00;tripinfo_347;316.00;347;0;1926.29;0.87;0.00;49.36;DEFAULT_VEHTYPE;;2;14.00
571.00;23179512#0_0;41.35;7.38;300.00;0.60;8382283#3_0;2.87;0.00;tripinfo_395;271.00;395;0;2001.39;0.98;0.00;24.38;DEFAULT_VEHTYPE;;0;0.00
571.00;832488060#1_0;90.88;6.96;352.00;0.04;244422544#0_0;5.10;0.00;tripinfo_468;219.00;468;0;1353.85;0.93;0.00;41.81;DEFAULT_VEHTYPE;;2;14.00
574.00;395153043_0;0.20;5.04;349.00;2.24;40151775_0;5.10;0.00;tripinfo_458;225.00;458;0;1488.82;0.90;0.00;31.63;DEFAULT_VEHTYPE;;1;5.00
574.00;4726679#2_0;108.18;7.66;476.00;0.88;856293282_0;0.20;0.00;tripinfo_646;98.00;646;0;691.33;0.93;0.00;18.92;DEFAULT_VEHTYPE;;0;0.00
575.00;4318242#0_0;79.80;7.97;201.00;0.20;-36786443#2_0;5.10;0.00;tripinfo_265;374.00;265;1;2605.74;1.06;0.00;80.97;DEFAULT_VEHTYPE;;2;9.00
576.00;654207108_0;62.46;2.02;101.00;0.64;231475823#0_0;5.10;0.00;tripinfo_113;475.00;113;0;2312.03;0.87;0.00;102.17;DEFAULT_VEHTYPE;;2;33.00
576.00;40493502_0;28.52;6.57;279.00;0.20;183251547_0;5.10;0.00;tripinfo_365;297.00;365;1;1998.53;1.21;0.00;59.46;DEFAULT_VEHTYPE;;1;1.00
577.00;654207127#6_0;13.98;1.92;257.00;0.80;16233735#0_0;5.10;0.00;tripinfo_335;320.00;335;0;1362.06;0.85;0.00;64.80;DEFAULT_VEHTYPE;;2;8.00
578.00;4726737_0;169.16;12.82;96.00;0.16;-643081314#1_0;5.10;0.00;tripinfo_122;482.00;122;1;3705.12;1.00;0.00;101.05;DEFAULT_VEHTYPE;;4;42.00
578.00;-510702678#1_0;70.73;8.45;218.00;0.60;654207120_0;0.20;0.00;tripinfo_295;360.00;295;1;2195.94;1.10;0.00;87.96;DEFAULT_VEHTYPE;;3;18.00
581.00;-265113917#1_0;48.07;7.02;118.00;0.04;653443701_0;5.10;0.00;tripinfo_143;463.00;143;1;4071.41;1.09;0.00;109.99;DEFAULT_VEHTYPE;;3;24.00
581.00;-40598675#2_0;91.86;8.72;347.00;0.48;-47999871_0;5.10;0.00;tripinfo_466;234.00;466;0;1815.46;1.05;0.00;24.87;DEFAULT_VEHTYPE;;0;0.00
581.00;150275984#4_0;31.81;8.46;520.00;1.96;-8382302#0_0;5.10;0.00;tripinfo_707;61.00;707;0;491.12;1.11;0.00;6.64;DEFAULT_VEHTYPE;;0;0.00
582.00;17670100#2_0;87.92;6.66;327.00;0.92;-4318239#1_0;5.10;0.00;tripinfo_439;255.00;439;0;1754.57;0.94;0.00;29.48;DEFAULT_VEHTYPE;;1;4.00
582.00;5450860#2_0;28.24;7.90;476.00;0.72;14118784#1_0;5.10;0.00;tripinfo_649;106.00;649;0;756.22;1.04;0.00;11.59;DEFAULT_VEHTYPE;;0;0.00
583.00;-23084282_0;171.91;9.95;265.00;0.48;-47896065_0;5.10;0.00;tripinfo_341;318.00;341;1;3275.84;1.20;0.00;71.43;DEFAULT_VEHTYPE;;1;26.00
584.00;1298817713_0;144.59;7.54;209.00;0.12;523287555_0;5.10;0.00;tripinfo_279;375.00;279;0;2706.55;1.02;0.00;54.47;DEFAULT_VEHTYPE;;2;7.00
584.00;47896065_0;65.02;5.34;451.00;0.80;33301663#0_0;5.10;0.00;tripinfo_610;133.00;610;0;779.46;1.09;0.00;31.42;DEFAULT_VEHTYPE;;1;11.00
585.00;606127854#0_0;16.42;5.38;325.00;0.48;-1167764376_0;5.10;0.00;tripinfo_441;260.00;441;0;2154.28;1.07;0.00;57.10;DEFAULT_VEHTYPE;;0;0.00
586.00;265113917#0_0;48.01;7.72;52.00;0.44;963479927#0_0;5.10;0.00;tripinfo_48;534.00;48;1;3768.39;0.95;0.00;152.28;DEFAULT_VEHTYPE;;8;83.00
586.00;124862960_0;0.20;11.97;541.00;0.68;693295225_0;5.10;0.00;tripinfo_731;45.00;731;0;374.23;0.94;0.00;10.38;DEFAULT_VEHTYPE;;0;0.00
589.00;400062407#0_0;19.70;3.71;251.00;0.84;-220267107#0_0;5.10;0.00;tripinfo_328;338.00;328;0;2011.65;0.86;0.00;52.96;DEFAULT_VEHTYPE;;1;16.00
589.00;174272149_0;22.69;7.54;370.00;0.48;-40493501#3_0;5.10;0.00;tripinfo_491;219.00;491;0;1217.58;0.99;0.00;69.19;DEFAULT_VEHTYPE;;2;43.00
589.00;1307687510_0;39.99;5.27;409.00;0.12;327412184_0;5.10;0.00;tripinfo_554;180.00;554;0;1065.54;0.98;0.00;40.26;DEFAULT_VEHTYPE;;2;12.00
592.00;183370113#2_0;41.05;8.51;241.00;0.68;31431608_0;5.10;0.00;tripinfo_306;351.00;306;0;2398.81;1.05;0.00;71.91;DEFAULT_VEHTYPE;;4;29.00
592.00;687383599#0_1;12.56;14.36;288.00;0.88;7682864#0_0;5.10;0.00;tripinfo_396;304.00;396;0;2917.63;1.07;0.00;57.75;DEFAULT_VEHTYPE;;1;17.00
593.00;-8384930#1_0;184.08;7.90;341.00;0.32;628757206#0_0;5.10;0.00;tripinfo_469;252.00;469;1;1833.35;1.13;0.00;55.94;DEFAULT_VEHTYPE;;2;12.00
593.00;450925440_0;37.68;8.51;367.00;0.00;-290174549#0_0;5.10;0.00;tripinfo_500;226.00;500;0;1629.34;1.15;0.00;54.67;DEFAULT_VEHTYPE;;2;12.00
594.00;124862962_0;72.80;16.41;280.00;0.32;1308361545#0_0;5.10;0.00;tripinfo_369;314.00;369;0;2419.97;1.27;0.00;94.13;DEFAULT_VEHTYPE;;3;18.00
594.00;4726685#1_0;80.48;7.85;308.00;3.52;4730637#0_0;5.10;0.00;tripinfo_409;286.00;409;0;2017.58;1.02;0.00;43.16;DEFAULT_VEHTYPE;;1;2.00
594.00;1156337042_0;36.83;6.21;341.00;4.00;960773147_0;5.10;0.00;tripinfo_450;253.00;450;0;1465.67;0.86;0.00;40.02;DEFAULT_VEHTYPE;;2;8.00
594.00;897211373#1_1;48.49;10.72;361.00;0.00;4726712#0_0;5.10;0.00;tripinfo_475;233.00;475;1;1329.86;0.84;0.00;61.07;DEFAULT_VEHTYPE;;3;32.00
595.00;121794825#3_0;4.66;1.84;56.00;0.36;-1024105863_0;5.10;0.00;tripinfo_62;539.00;62;0;2953.15;1.05;0.00;130.01;DEFAULT_VEHTYPE;;3;33.00
595.00;34065519_0;28.94;3.98;206.00;0.56;654207120_0;0.20;0.00;tripinfo_277;389.00;277;0;2165.71;0.93;0.00;58.24;DEFAULT_VEHTYPE;;2;7.00
595.00;-8382447#4_0;92.93;9.07;332.00;0.20;-8384930#1_0;5.10;0.00;tripinfo_440;263.00;440;0;1698.01;1.13;0.00;81.99;DEFAULT_VEHTYPE;;4;37.00
596.00;-400062404_0;3.59;5.35;262.00;0.12;1098324355_0;0.14;0.00;tripinfo_354;334.00;354;0;2656.05;0.98;0.00;57.84;DEFAULT_VEHTYPE;;1;18.00
597.00;62017785#0_1;60.44;12.74;523.00;0.32;290174549#0_0;5.10;0.00;tripinfo_719;74.00;719;0;763.42;0.95;0.00;8.42;DEFAULT_VEHTYPE;;0;0.00
599.00;1053478472#1_0;111.62;8.69;231.00;0.52;47027743#0_0;5.10;0.00;tripinfo_309;368.00;309;1;2374.69;1.07;0.00;104.63;DEFAULT_VEHTYPE;;3;42.00
601.00;413722450_0;219.89;8.23;330.00;0.28;879483837_0;5.10;0.00;tripinfo_451;271.00;451;0;2955.18;1.04;0.00;30.12;DEFAULT_VEHTYPE;;1;5.00
603.00;-150275985#2_0;56.92;7.09;27.00;0.60;47027857#0_0;3.95;0.00;tripinfo_20;576.00;20;1;5141.93;0.97;0.00;94.65;DEFAULT_VEHTYPE;;5;37.00
604.00;121794822#0_0;67.73;2.20;132.00;0.40;4726718_0;5.10;0.00;tripinfo_180;472.00;180;0;3221.51;1.06;0.00;114.28;DEFAULT_VEHTYPE;;2;26.00
604.00;-31512978#1_0;13.39;6.32;433.00;0.12;4730649_0;5.10;0.00;tripinfo_579;171.00;579;0;1125.47;0.86;0.00;21.35;DEFAULT_VEHTYPE;;0;0.00
604.00;5450860#2_0;28.24;7.58;503.00;0.48;40493501#2_0;5.10;0.00;tripinfo_691;101.00;691;0;574.22;0.92;0.00;17.71;DEFAULT_VEHTYPE;;0;0.00
605.00;4726679#1_0;47.90;7.53;311.00;4.68;-524150333#1_0;5.10;0.00;tripinfo_406;294.00;406;0;1953.23;0.97;0.00;44.84;DEFAULT_VEHTYPE;;1;13.00
605.00;-1167764376_0;66.38;7.93;417.00;0.48;1287393211#0_0;5.10;0.00;tripinfo_566;188.00;566;0;1397.96;1.06;0.00;31.45;DEFAULT_VEHTYPE;;0;0.00
606.00;4726694#2_0;60.46;5.34;260.00;0.32;-8250527#0_0;5.10;0.00;tripinfo_344;346.00;344;0;2330.40;1.05;0.00;57.32;DEFAULT_VEHTYPE;;1;13.00
608.00;-434361017#1_0;49.79;8.26;349.00;0.44;8384928_0;5.10;0.00;tripinfo_473;259.00;473;1;1714.97;1.11;0.00;49.01;DEFAULT_VEHTYPE;;2;10.00
608.00;8382430#0_0;122.21;7.62;353.00;0.64;-4312572#1_0;5.10;0.00;tripinfo_488;255.00;488;0;1634.93;0.99;0.00;53.55;DEFAULT_VEHTYPE;;2;23.00
609.00;-220267105#2_0;81.31;7.06;353.00;0.80;-781742860#5_0;5.10;0.00;tripinfo_485;256.00;485;0;1469.67;0.96;0.00;71.27;DEFAULT_VEHTYPE;;1;44.00
610.00;47461591#1_0;144.90;6.89;271.00;2.92;-14362916#1_0;5.10;0.00;tripinfo_364;339.00;364;1;1974.19;0.92;0.00;99.52;DEFAULT_VEHTYPE;;5;51.00
610.00;400062404_0;3.59;4.65;534.00;0.48;4730616#0_0;5.10;0.00;tripinfo_716;76.00;716;0;543.05;1.13;0.00;13.24;DEFAULT_VEHTYPE;;0;0.00
611.00;1263954924_0;0.20;4.30;84.00;0.76;150275971_0;5.10;0.00;tripinfo_92;527.00;92;1;1636.49;0.98;0.00;323.52;DEFAULT_VEHTYPE;;1;298.00
614.00;47895849#4_0;36.30;4.93;455.00;0.64;4730648#3_0;5.10;0.00;tripinfo_613;159.00;613;0;1107.85;1.02;0.00;17.26;DEFAULT_VEHTYPE;;0;0.00
615.00;159636085#1_0;3.58;6.89;87.00;0.32;-524150342_0;0.20;0.00;tripinfo_94;528.00;94;1;1558.80;1.00;0.00;336.91;DEFAULT_VEHTYPE;;3;304.00
616.00;31431544#3_0;43.92;9.76;132.00;0.96;14471542#6_0;5.10;0.00;tripinfo_182;484.00;182;0;3277.43;1.17;0.00;153.10;DEFAULT_VEHTYPE;;7;68.00
616.00;-4426076#0_0;30.91;6.30;367.00;0.32;4730634#0_0;5.10;0.00;tripinfo_494;249.00;494;0;1841.67;0.85;0.00;41.46;DEFAULT_VEHTYPE;;1;12.00
616.00;875773546_0;72.96;7.24;371.00;0.28;290172305#1_0;5.10;0.00;tripinfo_501;245.00;501;0;1327.30;0.94;0.00;72.81;DEFAULT_VEHTYPE;;3;41.00
617.00;47895849#0_0;27.29;4.97;226.00;0.28;220267105#3_0;5.10;0.00;tripinfo_301;391.00;301;0;2676.08;1.00;0.00;66.39;DEFAULT_VEHTYPE;;1;11.00
618.00;591680761#0_0;6.13;9.96;169.00;0.32;175976586#0_0;5.10;0.00;tripinfo_219;449.00;219;0;3300.57;0.78;0.00;50.05;DEFAULT_VEHTYPE;;1;2.00
619.00;121794822#3_0;11.26;1.84;42.00;0.08;745660413#0_0;5.10;0.00;tripinfo_36;577.00;36;0;3467.64;0.77;0.00;77.69;DEFAULT_VEHTYPE;;0;0.00
619.00;220267247#3_0;87.46;6.44;505.00;0.36;-150275986#4_0;0.20;0.00;tripinfo_687;114.00;687;0;688.91;0.83;0.00;12.96;DEFAULT_VEHTYPE;;0;0.00
620.00;-8382302#1_0;190.32;7.30;374.00;0.96;524150338#0_0;5.10;0.00;tripinfo_507;246.00;507;0;1724.39;1.01;0.00;39.90;DEFAULT_VEHTYPE;;1;11.00
621.00;4730623_0;132.96;8.82;233.00;0.92;220137286#2_0;5.10;0.00;tripinfo_314;388.00;314;1;2508.19;1.06;0.00;61.36;DEFAULT_VEHTYPE;;2;9.00
621.00;628755546#0_0;0.54;8.40;561.00;0.40;31427180_0;0.20;0.00;tripinfo_755;60.00;755;1;494.26;1.17;0.00;20.71;DEFAULT_VEHTYPE;;1;6.00
623.00;4730616#1_0;0.59;7.47;219.00;0.00;-236306864#4_0;5.10;0.00;tripinfo_300;404.00;300;1;2302.59;0.95;0.00;84.60;DEFAULT_VEHTYPE;;2;29.00
624.00;23084263#1_0;51.24;7.95;382.00;0.44;-30324793_0;5.10;0.00;tripinfo_523;242.00;523;0;1769.32;1.10;0.00;48.10;DEFAULT_VEHTYPE;;2;11.00
624.00;14118783_0;131.02;8.24;427.00;0.64;-47999871_0;5.10;0.00;tripinfo_588;197.00;588;0;1402.69;1.08;0.00;39.58;DEFAULT_VEHTYPE;;1;7.00
625.00;40493501#0_0;24.50;7.21;465.00;0.92;524151750#0_0;5.10;0.00;tripinfo_639;160.00;639;1;1106.10;0.98;0.00;21.90;DEFAULT_VEHTYPE;;0;0.00
626.00;-240549301_0;21.57;8.75;349.00;0.92;4730616#0_0;5.10;0.00;tripinfo_464;277.00;464;0;1774.69;1.09;0.00;69.65;DEFAULT_VEHTYPE;;1;24.00
627.00;377719665_0;50.44;8.31;161.00;0.60;8152036#0_0;5.10;0.00;tripinfo_195;466.00;195;1;2907.38;1.02;0.00;113.04;DEFAULT_VEHTYPE;;5;47.00
630.00;1307684785#1_0;15.34;4.36;481.00;0.60;-4318228#2_0;5.10;0.00;tripinfo_645;149.00;645;0;1025.36;0.97;0.00;15.77;DEFAULT_VEHTYPE;;0;0.00
631.00;4731082#1_0;175.06;6.65;345.00;0.88;610739513#0_0;5.10;0.00;tripinfo_471;286.00;471;0;2442.33;0.86;0.00;43.62;DEFAULT_VEHTYPE;;1;19.00
632.00;14108346_0;0.20;12.19;187.00;0.12;-150275984#6_0;5.10;0.00;tripinfo_254;445.00;254;1;3127.27;0.93;0.00;95.30;DEFAULT_VEHTYPE;;4;38.00
632.00;13654338_1;52.84;13.43;291.00;0.12;-524150326_0;5.10;0.00;tripinfo_379;341.00;379;1;2679.27;1.05;0.00;52.12;DEFAULT_VEHTYPE;;2;15.00
632.00;31389787_0;38.39;6.71;403.00;0.44;62020113#0_0;5.10;0.00;tripinfo_548;229.00;548;0;2604.16;1.08;0.00;36.63;DEFAULT_VEHTYPE;;0;0.00
633.00;14626335#4_0;46.91;6.52;362.00;0.88;220267105#4_0;5.10;0.00;tripinfo_496;271.00;496;0;1715.74;0.91;0.00;53.32;DEFAULT_VEHTYPE;;4;12.00
633.00;-70724346#1_0;10.10;8.69;428.00;0.60;4730637#2_0;5.10;0.00;tripinfo_570;205.00;570;0;1664.86;1.11;0.00;22.38;DEFAULT_VEHTYPE;;0;0.00
634.00;-36786445#2_0;1.52;6.52;267.00;0.96;220267247#2_0;3.57;0.00;tripinfo_357;367.00;357;1;2213.35;0.92;0.00;76.55;DEFAULT_VEHTYPE;;3;33.00
634.00;-654207127#5_0;19.07;2.87;406.00;0.40;31431343#0_0;5.10;0.00;tripinfo_555;228.00;555;0;804.79;1.03;0.00;82.89;DEFAULT_VEHTYPE;;3;23.00
637.00;524150320#0_0;49.62;8.14;94.00;0.40;-96016135_0;2.24;0.00;tripinfo_105;543.00;105;1;4370.55;1.05;0.00;127.12;DEFAULT_VEHTYPE;;5;55.00
637.00;-23084263#0_0;84.85;7.62;265.00;0.28;627916937_0;5.10;0.00;tripinfo_351;372.00;351;0;2416.22;0.96;0.00;66.94;DEFAULT_VEHTYPE;;1;31.00
638.00;939752205#2_0;9.40;8.12;498.00;0.44;8382430#0_0;5.10;0.00;tripinfo_673;140.00;673;0;1238.48;1.25;0.00;20.57;DEFAULT_VEHTYPE;;0;0.00
640.00;-1307684786#1_0;50.11;8.31;366.00;0.68;31519076#2_0;5.10;0.00;tripinfo_506;274.00;506;0;1521.71;1.06;0.00;69.15;DEFAULT_VEHTYPE;;2;29.00
640.00;1066431525_0;138.72;8.24;503.00;0.96;47426244#2_0;5.10;0.00;tripinfo_682;137.00;682;0;1114.57;1.10;0.00;15.26;DEFAULT_VEHTYPE;;0;0.00
640.00;1308361545#0_0;21.60;4.46;557.00;11.60;70724347#0_0;4.20;0.00;tripinfo_745;83.00;745;0;439.56;0.91;0.00;21.71;DEFAULT_VEHTYPE;;1;9.00
642.00;510702678#1_0;70.72;8.78;523.00;0.44;-17670100#4_0;5.10;0.00;tripinfo_723;119.00;723;1;1009.97;1.16;0.00;13.22;DEFAULT_VEHTYPE;;0;0.00
643.00;14362916#0_0;76.16;9.04;308.00;0.80;62020113#0_0;5.10;0.00;tripinfo_410;335.00;410;0;2445.46;1.12;0.00;97.66;DEFAULT_VEHTYPE;;5;28.00
643.00;70724347#0_0;4.20;5.83;383.00;0.00;523287555_0;5.10;0.00;tripinfo_525;260.00;525;0;1472.64;0.81;0.00;40.26;DEFAULT_VEHTYPE;;1;11.00
643.00;65583365#0_0;70.26;7.39;442.00;0.04;8382283#3_0;2.87;0.00;tripinfo_593;201.00;593;0;1399.77;1.02;0.00;34.09;DEFAULT_VEHTYPE;;2;2.00
644.00;-510702678#1_0;70.73;6.99;278.00;0.48;832488061_0;5.10;0.00;tripinfo_366;366.00;366;1;2823.72;0.94;0.00;77.73;DEFAULT_VEHTYPE;;4;30.00
644.00;220267106#0_0;195.54;7.31;444.00;0.36;49845715#0_0;5.10;0.00;tripinfo_612;200.00;612;0;1450.35;1.00;0.00;25.08;DEFAULT_VEHTYPE;;1;3.00
646.00;-31519076#2_0;83.34;4.98;241.00;0.68;960773148#0_0;5.10;0.00;tripinfo_331;405.00;331;0;2315.43;1.02;0.00;93.61;DEFAULT_VEHTYPE;;2;22.00
646.00;654207122_0;0.20;1.62;380.00;0.72;8382445#0_0;5.10;0.00;tripinfo_499;266.00;499;0;1133.11;1.04;0.00;86.41;DEFAULT_VEHTYPE;;1;9.00
646.00;897325985#1_1;41.43;14.04;527.00;0.64;400961625#0_0;5.10;0.00;tripinfo_713;119.00;713;0;1340.86;1.02;0.00;19.87;DEFAULT_VEHTYPE;;1;3.00
648.00;5451844#0_0;38.91;8.76;232.00;0.84;220267107#1_0;5.10;0.00;tripinfo_303;416.00;303;1;2723.77;1.06;0.00;106.58;DEFAULT_VEHTYPE;;3;27.00
648.00;400961625#0_0;10.80;13.16;315.00;0.12;-290172305#0_0;5.10;0.00;tripinfo_429;333.00;429;0;3761.12;0.95;0.00;24.54;DEFAULT_VEHTYPE;;0;0.00
649.00;16233735#0_0;47.46;7.55;251.00;0.76;-1066478854#1_0;5.10;0.00;tripinfo_342;398.00;342;0;2664.44;0.98;0.00;71.42;DEFAULT_VEHTYPE;;3;24.00
650.00;-829968896#1_0;0.20;8.06;448.00;0.24;62020114#0_0;5.10;0.00;tripinfo_608;202.00;608;0;1482.60;0.99;0.00;25.52;DEFAULT_VEHTYPE;;0;0.00
650.00;17671153_0;4.69;8.45;467.00;0.00;231483312_0;5.10;0.00;tripinfo_625;183.00;625;0;1207.54;1.14;0.00;55.18;DEFAULT_VEHTYPE;;2;31.00
651.00;-121794827_0;64.57;2.07;235.00;0.04;-480937385_0;5.10;0.00;tripinfo_318;416.00;318;0;1915.94;0.88;0.00;77.83;DEFAULT_VEHTYPE;;2;7.00
651.00;4731082#0_0;100.78;8.14;341.00;0.84;4426075#0_0;5.10;0.00;tripinfo_453;310.00;453;0;2058.34;1.00;0.00;107.39;DEFAULT_VEHTYPE;;4;75.00
651.00;410939627_0;0.20;12.46;482.00;0.76;4726711#1_0;5.10;0.00;tripinfo_642;169.00;642;0;1396.28;0.99;0.00;31.58;DEFAULT_VEHTYPE;;0;0.00
652.00;244422543#0_0;125.42;7.29;388.00;0.60;4730633#0_0;5.10;0.00;tripinfo_520;264.00;520;0;1843.39;0.99;0.00;28.41;DEFAULT_VEHTYPE;;0;0.00
652.00;-23084263#0_0;84.85;7.20;398.00;0.40;8250527#0_0;5.10;0.00;tripinfo_530;254.00;530;0;1836.41;0.98;0.00;26.18;DEFAULT_VEHTYPE;;0;0.00
654.00;1193930026_0;12.88;6.86;570.00;6.68;-237344387_0;5.10;0.00;tripinfo_781;84.00;781;0;468.18;0.85;0.00;11.30;DEFAULT_VEHTYPE;;0;0.00
656.00;40151775_0;6.10;6.60;278.00;0.76;31448937#0_0;5.10;0.00;tripinfo_367;378.00;367;0;1872.75;0.81;0.00;63.77;DEFAULT_VEHTYPE;;1;13.00
656.00;960773149_0;34.69;2.17;321.00;14.28;31449007_0;5.10;0.00;tripinfo_401;335.00;401;0;2030.62;0.96;0.00;66.21;DEFAULT_VEHTYPE;;2;12.00
657.00;-654207120_0;0.20;1.74;112.00;0.20;4726694#2_0;5.10;0.00;tripinfo_140;545.00;140;0;4029.50;1.02;0.00;98.14;DEFAULT_VEHTYPE;;5;18.00
657.00;31427215#0_0;105.00;13.75;411.00;0.72;31448937#1_0;5.10;0.00;tripinfo_549;246.00;549;0;1397.60;1.01;0.00;63.80;DEFAULT_VEHTYPE;;4;27.00
659.00;121794825#1_0;43.65;1.29;296.00;0.40;175976586#0_0;5.10;0.00;tripinfo_405;363.00;405;0;1898.66;0.90;0.00;56.31;DEFAULT_VEHTYPE;;1;2.00
659.00;856293283_0;101.47;10.11;342.00;0.76;27882418#0_0;5.10;0.00;tripinfo_467;317.00;467;0;3015.06;0.81;0.00;26.60;DEFAULT_VEHTYPE;;0;0.00
659.00;65583364_0;49.29;8.87;602.00;0.48;4730616#2_0;5.10;0.00;tripinfo_816;57.00;816;0;474.21;1.19;0.00;7.67;DEFAULT_VEHTYPE;;0;0.00
660.00;174272149_0;22.69;8.95;405.00;0.80;244422543#0_0;5.10;0.00;tripinfo_535;255.00;535;0;1758.38;1.10;0.00;61.52;DEFAULT_VEHTYPE;;1;11.00
660.00;1066431524#0_0;184.93;11.99;422.00;0.28;4392761#5_0;0.20;0.00;tripinfo_576;238.00;576;0;2307.34;0.92;0.00;21.17;DEFAULT_VEHTYPE;;1;1.00
661.00;-36786445#2_0;3.53;7.10;467.00;0.16;-150276003#1_0;5.10;0.00;tripinfo_622;194.00;622;1;1027.12;0.93;0.00;61.15;DEFAULT_VEHTYPE;;3;26.00
662.00;-40493652_0;0.20;8.36;387.00;0.92;-4318239#1_0;5.10;0.00;tripinfo_514;275.00;514;0;3266.47;1.12;0.00;37.04;DEFAULT_VEHTYPE;;1;3.00
662.00;111691945_0;16.34;4.03;520.00;0.72;-31411842#1_0;5.10;0.00;tripinfo_699;142.00;699;0;608.39;0.86;0.00;39.07;DEFAULT_VEHTYPE;;1;19.00
665.00;4318237#0_0;111.66;7.33;416.00;0.28;13548014_0;5.10;0.00;tripinfo_551;249.00;551;0;2720.22;0.97;0.00;20.48;DEFAULT_VEHTYPE;;0;0.00
666.00;119180322_0;109.44;9.12;258.00;0.56;-47426239_0;5.10;0.00;tripinfo_352;408.00;352;1;2755.96;1.10;0.00;96.53;DEFAULT_VEHTYPE;;5;35.00
667.00;47426244#2_0;59.91;8.10;187.00;0.48;13430690#0_0;5.10;0.00;tripinfo_241;480.00;241;1;4689.18;1.08;0.00;98.72;DEFAULT_VEHTYPE;;3;11.00
667.00;8382302#1_0;190.56;8.94;252.00;0.88;4426076#0_0;5.10;0.00;tripinfo_346;415.00;346;0;2583.79;1.11;0.00;133.58;DEFAULT_VEHTYPE;;4;23.00
667.00;745660413#0_0;14.65;7.08;478.00;0.04;8152038_0;5.10;0.00;tripinfo_643;189.00;643;0;1248.01;0.99;0.00;23.73;DEFAULT_VEHTYPE;;0;0.00
667.00;-150275985#2_0;56.92;7.19;504.00;0.00;1153265597#0_0;5.10;0.00;tripinfo_700;163.00;700;0;1215.69;1.00;0.00;16.16;DEFAULT_VEHTYPE;;0;0.00
668.00;1066431525_0;138.72;8.41;428.00;0.84;16233734#0_0;5.10;0.00;tripinfo_578;240.00;578;0;1868.10;1.12;0.00;42.25;DEFAULT_VEHTYPE;;1;8.00
668.00;13654453_0;714.09;13.49;474.00;0.12;137241321_0;0.20;0.00;tripinfo_654;194.00;654;0;1537.69;1.15;0.00;72.37;DEFAULT_VEHTYPE;;3;36.00
669.00;-239757763_0;103.01;7.75;527.00;0.24;414404581#0_0;5.10;0.00;tripinfo_708;142.00;708;0;1050.40;1.07;0.00;26.84;DEFAULT_VEHTYPE;;1;5.00
671.00;4730618_0;177.78;8.43;413.00;0.16;13853659#0_0;5.10;0.00;tripinfo_572;258.00;572;1;1508.05;1.04;0.00;53.22;DEFAULT_VEHTYPE;;3;22.00
672.00;-220267104#1_0;41.02;5.68;396.00;0.56;8385415#0_0;0.20;0.00;tripinfo_527;276.00;527;0;1468.32;0.84;0.00;50.01;DEFAULT_VEHTYPE;;2;15.00
673.00;302657565#0_0;212.13;7.24;287.00;0.08;-4726710#1_0;5.10;0.00;tripinfo_386;386.00;386;0;3912.87;0.94;0.00;36.60;DEFAULT_VEHTYPE;;1;2.00
674.00;231940830#0_0;169.75;7.74;443.00;0.40;-31431101#2_0;5.10;0.00;tripinfo_605;231.00;605;0;1423.90;1.02;0.00;62.15;DEFAULT_VEHTYPE;;2;34.00
674.00;-150275985#2_0;56.92;6.57;581.00;0.12;-132148870#1_0;5.10;0.00;tripinfo_804;93.00;804;0;604.37;0.89;0.00;10.35;DEFAULT_VEHTYPE;;0;0.00
675.00;1174387992_1;3.66;6.99;249.00;0.40;31411842#0_0;5.10;0.00;tripinfo_330;426.00;330;0;2787.89;1.00;0.00;142.90;DEFAULT_VEHTYPE;;6;93.00
675.00;27807643#0_0;6.59;7.79;330.00;2.52;-4318239#1_0;5.10;0.00;tripinfo_434;345.00;434;0;3386.27;1.07;0.00;71.11;DEFAULT_VEHTYPE;;0;0.00
675.00;-8140188#2_0;54.68;8.01;389.00;0.20;174272152_0;5.10;0.00;tripinfo_540;286.00;540;0;2097.63;1.01;0.00;42.52;DEFAULT_VEHTYPE;;3;6.00
676.00;433333438#0_0;23.51;4.21;361.00;0.12;175206107#0_0;5.10;0.00;tripinfo_479;315.00;479;0;2922.78;0.93;0.00;60.19;DEFAULT_VEHTYPE;;1;29.00
676.00;180156396#4_0;2.03;8.54;497.00;0.88;616545124_0;5.10;0.00;tripinfo_671;179.00;671;1;1272.57;1.15;0.00;25.12;DEFAULT_VEHTYPE;;0;0.00
677.00;-4426074#1_0;287.56;7.56;242.00;1.12;-150275986#4_0;0.20;0.00;tripinfo_329;435.00;329;0;3453.62;0.93;0.00;75.40;DEFAULT_VEHTYPE;;4;28.00
677.00;220267247#1_0;24.82;5.91;299.00;0.20;628781004#0_0;5.10;0.00;tripinfo_390;378.00;390;0;2042.62;0.77;0.00;59.62;DEFAULT_VEHTYPE;;1;18.00
677.00;155433041_0;216.81;8.09;462.00;0.52;-8382443_0;5.10;0.00;tripinfo_634;215.00;634;0;1490.06;1.00;0.00;33.85;DEFAULT_VEHTYPE;;1;5.00
677.00;31427215#0_1;105.00;13.74;551.00;0.36;14471542#9_0;5.10;0.00;tripinfo_762;126.00;762;0;1349.12;1.02;0.00;15.01;DEFAULT_VEHTYPE;;0;0.00
678.00;4730616#2_0;5.29;6.32;347.00;0.52;4422176_0;5.10;0.00;tripinfo_459;331.00;459;1;1934.25;0.90;0.00;40.80;DEFAULT_VEHTYPE;;1;1.00
678.00;327412184_0;120.57;7.27;477.00;0.64;1264687285_0;0.20;0.00;tripinfo_638;201.00;638;0;1441.83;0.97;0.00;20.60;DEFAULT_VEHTYPE;;0;0.00
678.00;307954760#0_0;115.51;6.73;517.00;0.08;950756091_0;5.10;0.00;tripinfo_711;161.00;711;0;1051.21;0.88;0.00;16.35;DEFAULT_VEHTYPE;;0;0.00
679.00;524150333#0_0;117.00;8.09;81.00;0.08;183370113#2_0;5.10;0.00;tripinfo_86;598.00;86;1;3820.49;1.04;0.00;161.26;DEFAULT_VEHTYPE;;6;72.00
680.00;124862962_0;72.80;13.97;456.00;2.84;1287393211#0_0;5.10;0.00;tripinfo_603;224.00;603;0;2297.14;1.09;0.00;39.64;DEFAULT_VEHTYPE;;1;1.00
681.00;4318237#0_0;111.66;7.16;401.00;0.04;150276003#0_0;5.10;0.00;tripinfo_543;280.00;543;0;1957.38;0.96;0.00;36.30;DEFAULT_VEHTYPE;;1;5.00
683.00;5451918#0_0;8.54;7.26;229.00;0.88;-654207127#8_0;5.10;0.00;tripinfo_296;454.00;296;0;2720.70;0.93;0.00;86.80;DEFAULT_VEHTYPE;;5;26.00
683.00;70724346#0_0;10.09;8.00;606.00;0.44;-8382443_0;5.10;0.00;tripinfo_823;77.00;823;0;569.10;1.04;0.00;9.22;DEFAULT_VEHTYPE;;0;0.00
686.00;124862953_0;0.20;15.77;428.00;0.08;-8385415#3_0;5.10;0.00;tripinfo_586;258.00;586;0;2934.29;1.15;0.00;55.21;DEFAULT_VEHTYPE;;0;0.00
687.00;5450860#2_0;28.24;8.30;451.00;0.28;30215395#0_0;5.10;0.00;tripinfo_626;236.00;626;0;1778.10;1.00;0.00;22.76;DEFAULT_VEHTYPE;;0;0.00
689.00;-8139943#1_0;37.86;8.08;254.00;0.24;5450858#0_0;5.10;0.00;tripinfo_333;435.00;333;0;2734.74;0.98;0.00;159.28;DEFAULT_VEHTYPE;;3;123.00
690.00;290174551#0_0;68.77;7.26;293.00;0.12;30215395#0_0;5.10;0.00;tripinfo_404;397.00;404;0;2323.70;0.97;0.00;111.37;DEFAULT_VEHTYPE;;6;48.00
690.00;220267247#1_0;24.82;6.47;602.00;4.28;47426244#2_0;5.10;0.00;tripinfo_826;88.00;826;0;562.74;0.89;0.00;10.49;DEFAULT_VEHTYPE;;0;0.00
694.00;70724347#2_0;47.89;9.70;415.00;0.56;4730647#0_0;5.10;0.00;tripinfo_552;279.00;552;0;1669.09;1.17;0.00;95.20;DEFAULT_VEHTYPE;;3;30.00
694.00;1196782590#0_1;24.36;13.50;467.00;0.44;8382385_0;5.10;0.00;tripinfo_648;227.00;648;0;2139.38;1.04;0.00;23.29;DEFAULT_VEHTYPE;;0;0.00
697.00;36786443#0_0;160.05;6.74;22.00;0.92;653443701_0;5.10;0.00;tripinfo_14;675.00;14;1;4305.81;0.90;0.00;118.19;DEFAULT_VEHTYPE;;5;27.00
698.00;31449245_0;89.98;6.45;326.00;1.32;1307684786#0_0;5.10;0.00;tripinfo_444;372.00;444;1;2341.93;0.87;0.00;45.82;DEFAULT_VEHTYPE;;1;1.00
698.00;124862962_0;72.80;13.09;622.00;0.44;-40493652_0;0.20;0.00;tripinfo_848;76.00;848;0;428.37;0.97;0.00;38.96;DEFAULT_VEHTYPE;;2;23.00
701.00;31427257#4_0;16.96;12.90;413.00;3.76;70724347#0_0;4.20;0.00;tripinfo_567;288.00;567;1;2115.51;1.00;0.00;38.48;DEFAULT_VEHTYPE;;0;0.00
701.00;13764247#0_0;152.62;8.69;533.00;0.96;-33301560#1_0;5.10;0.00;tripinfo_732;168.00;732;0;1600.30;1.14;0.00;39.07;DEFAULT_VEHTYPE;;2;12.00
702.00;393494868_0;404.92;14.24;324.00;0.36;70724347#2_0;5.10;0.00;tripinfo_437;378.00;437;1;3171.21;1.09;0.00;81.65;DEFAULT_VEHTYPE;;3;27.00
703.00;16233734#0_0;84.26;7.61;492.00;0.32;4730638_0;5.10;0.00;tripinfo_669;211.00;669;0;1532.52;1.06;0.00;36.56;DEFAULT_VEHTYPE;;1;16.00
704.00;307954760#0_0;115.51;7.62;573.00;0.84;-1267194155#2_0;5.10;0.00;tripinfo_778;131.00;778;0;958.02;1.05;0.00;33.33;DEFAULT_VEHTYPE;;1;15.00
705.00;606502609_0;0.20;4.66;214.00;4.36;-960773147_0;5.10;0.00;tripinfo_287;491.00;287;1;3141.17;1.02;0.00;117.17;DEFAULT_VEHTYPE;;3;40.00
705.00;8382279#0_0;210.16;7.05;362.00;0.52;31411680#0_0;5.10;0.00;tripinfo_484;343.00;484;0;2322.69;0.96;0.00;51.58;DEFAULT_VEHTYPE;;2;9.00
705.00;628781004#0_0;61.24;8.60;507.00;0.20;8382328#0_0;5.10;0.00;tripinfo_690;198.00;690;0;1435.22;1.04;0.00;30.89;DEFAULT_VEHTYPE;;1;9.00
705.00;8382359_0;50.83;4.98;540.00;0.28;-14362916#1_0;5.10;0.00;tripinfo_726;165.00;726;1;1095.20;0.93;0.00;18.22;DEFAULT_VEHTYPE;;0;0.00
706.00;-40493501#0_0;24.57;6.94;243.00;0.88;4690591#0_0;5.10;0.00;tripinfo_321;463.00;321;1;2552.39;0.87;0.00;66.19;DEFAULT_VEHTYPE;;1;7.00
709.00;62020115#0_0;118.19;8.26;294.00;0.72;231483313#0_0;5.10;0.00;tripinfo_399;415.00;399;0;2952.05;1.05;0.00;106.16;DEFAULT_VEHTYPE;;2;38.00
711.00;606502608_0;0.20;4.58;406.00;0.52;31428221#0_0;5.10;0.00;tripinfo_559;305.00;559;0;2803.68;1.03;0.00;49.36;DEFAULT_VEHTYPE;;1;4.00
711.00;781650841_0;77.95;14.16;610.00;0.80;150276015#0_0;5.10;0.00;tripinfo_835;101.00;835;0;747.88;1.11;0.00;23.19;DEFAULT_VEHTYPE;;1;8.00
714.00;8382359_0;50.83;4.23;270.00;0.44;410939627_0;0.20;0.00;tripinfo_348;444.00;348;1;3576.74;0.98;0.00;99.97;DEFAULT_VEHTYPE;;6;27.00
714.00;832487280_0;55.07;8.02;333.00;0.64;-8382302#0_0;5.10;0.00;tripinfo_438;381.00;438;1;2544.84;1.11;0.00;81.35;DEFAULT_VEHTYPE;;2;9.00
714.00;4730616#0_0;6.14;8.48;582.00;0.96;972497141_0;0.69;0.00;tripinfo_782;132.00;782;0;800.45;1.08;0.00;19.83;DEFAULT_VEHTYPE;;1;3.00
715.00;231945290#5_0;74.34;6.83;283.00;0.28;150275973#0_0;5.10;0.00;tripinfo_376;432.00;376;1;2255.63;0.82;0.00;100.16;DEFAULT_VEHTYPE;;3;46.00
717.00;37535329#0_1;0.20;5.41;566.00;0.40;30215395#0_0;5.10;0.00;tripinfo_780;151.00;780;0;1169.22;1.22;0.00;40.51;DEFAULT_VEHTYPE;;1;6.00
717.00;781650841_0;77.95;14.36;600.00;0.96;23084263#0_0;5.10;0.00;tripinfo_832;117.00;832;0;947.27;1.07;0.00;13.26;DEFAULT_VEHTYPE;;0;0.00
718.00;-27882418#1_0;24.82;6.80;480.00;0.20;-220267104#1_0;5.10;0.00;tripinfo_640;238.00;640;0;1522.92;0.88;0.00;30.21;DEFAULT_VEHTYPE;;0;0.00
718.00;-40598675#2_0;91.86;7.48;484.00;0.36;4760584#0_0;5.10;0.00;tripinfo_662;234.00;662;0;1493.73;0.93;0.00;38.92;DEFAULT_VEHTYPE;;1;10.00
719.00;47999871_0;169.12;7.24;420.00;0.24;13853655#1_0;5.10;0.00;tripinfo_558;299.00;558;0;1779.81;1.01;0.00;75.00;DEFAULT_VEHTYPE;;4;29.00
720.00;1263955158#1_0;21.60;9.88;424.00;0.88;150275988#3_0;5.10;0.00;tripinfo_571;296.00;571;0;2594.70;1.23;0.00;78.38;DEFAULT_VEHTYPE;;0;0.00
720.00;691307157_0;33.05;5.35;445.00;0.48;399914534#0_0;5.10;0.00;tripinfo_616;275.00;616;1;1847.02;0.97;0.00;30.10;DEFAULT_VEHTYPE;;0;0.00
720.00;-220267105#4_0;40.01;7.26;569.00;0.88;1308361365_0;5.10;0.00;tripinfo_771;151.00;771;0;975.13;0.97;0.00;26.46;DEFAULT_VEHTYPE;;2;6.00
721.00;231940830#0_0;169.75;8.02;450.00;0.12;-47426244#1_0;5.10;0.00;tripinfo_604;271.00;604;0;1840.98;1.03;0.00;55.73;DEFAULT_VEHTYPE;;3;23.00
721.00;616545124_0;168.75;7.09;528.00;0.16;400586988#2_0;5.10;0.00;tripinfo_722;193.00;722;0;1445.46;1.01;0.00;21.66;DEFAULT_VEHTYPE;;0;0.00
722.00;198077804#0_0;126.29;15.29;384.00;0.88;4730637#2_0;5.10;0.00;tripinfo_521;338.00;521;0;2202.37;1.18;0.00;120.57;DEFAULT_VEHTYPE;;2;27.00
722.00;145550725#0_0;75.05;2.41;398.00;0.84;19846527#0_0;5.10;0.00;tripinfo_528;324.00;528;0;1638.37;1.02;0.00;66.85;DEFAULT_VEHTYPE;;2;6.00
722.00;1193930026_0;12.88;8.86;423.00;0.20;47027406_0;5.10;0.00;tripinfo_565;299.00;565;0;2113.15;1.11;0.00;63.89;DEFAULT_VEHTYPE;;1;11.00
722.00;-132148870#2_0;16.35;7.68;614.00;0.84;1168195444#0_0;5.10;0.00;tripinfo_828;108.00;828;0;770.07;0.97;0.00;11.98;DEFAULT_VEHTYPE;;0;0.00
726.00;8382302#1_0;190.56;6.75;462.00;0.92;17073048#0_0;5.10;0.00;tripinfo_614;264.00;614;0;1557.11;0.91;0.00;58.10;DEFAULT_VEHTYPE;;1;33.00
726.00;-4726710#0_0;36.14;4.56;479.00;1.64;14118784#1_0;5.10;0.00;tripinfo_663;247.00;663;1;1524.29;1.02;0.00;28.02;DEFAULT_VEHTYPE;;0;0.00
726.00;47027743#0_0;82.97;9.06;510.00;0.04;628755547#4_0;5.10;0.00;tripinfo_693;216.00;693;0;1336.90;1.12;0.00;71.20;DEFAULT_VEHTYPE;;5;37.00
728.00;1162841664#0_0;40.14;6.34;79.00;0.52;-4726710#0_0;5.10;0.00;tripinfo_109;649.00;109;1;4983.01;0.87;0.00;89.04;DEFAULT_VEHTYPE;;1;26.00
729.00;654207127#3_0;12.67;2.36;281.00;0.60;4318242#0_0;5.10;0.00;tripinfo_370;448.00;370;0;2321.40;0.96;0.00;81.12;DEFAULT_VEHTYPE;;2;8.00
729.00;155472436#0_0;108.36;7.49;338.00;0.04;-4726710#1_0;5.10;0.00;tripinfo_443;391.00;443;0;4160.54;1.03;0.00;56.98;DEFAULT_VEHTYPE;;1;3.00
729.00;-27807643#2_0;6.60;7.39;404.00;0.88;628762073#0_0;5.10;0.00;tripinfo_546;325.00;546;1;2203.94;1.03;0.00;72.53;DEFAULT_VEHTYPE;;3;27.00
729.00;-524150342_0;0.20;8.22;542.00;0.12;4730648#2_0;5.10;0.00;tripinfo_729;187.00;729;1;1379.52;1.05;0.00;27.32;DEFAULT_VEHTYPE;;1;4.00
730.00;-654207127#2_0;82.80;2.81;124.00;0.40;8144186#0_0;5.10;0.00;tripinfo_155;606.00;155;0;3276.33;1.03;0.00;134.00;DEFAULT_VEHTYPE;;4;22.00
731.00;1098324353_0;0.20;7.57;426.00;0.40;150276013#1_0;5.10;0.00;tripinfo_580;305.00;580;0;2228.88;0.97;0.00;61.71;DEFAULT_VEHTYPE;;1;25.00
731.00;1307684785#1_0;15.34;4.96;453.00;0.68;8152037#1_0;5.10;0.00;tripinfo_606;278.00;606;0;1333.15;0.98;0.00;95.99;DEFAULT_VEHTYPE;;5;50.00
732.00;628755546#0_0;0.05;5.44;441.00;0.44;393494868_0;5.10;0.00;tripinfo_598;291.00;598;1;2899.98;0.99;0.00;47.24;DEFAULT_VEHTYPE;;1;15.00
733.00;31449007_0;69.16;8.07;348.00;0.40;4392761#2_0;5.10;0.00;tripinfo_480;385.00;480;1;2605.27;1.06;0.00;72.82;DEFAULT_VEHTYPE;;0;0.00
733.00;14626335#4_0;46.91;6.84;370.00;0.36;1153265597#0_0;5.10;0.00;tripinfo_487;363.00;487;0;2127.79;0.86;0.00;76.14;DEFAULT_VEHTYPE;;4;30.00
735.00;960773147_0;9.35;2.49;102.00;0.56;963479927#0_0;5.10;0.00;tripinfo_127;633.00;127;1;5220.54;0.92;0.00;117.89;DEFAULT_VEHTYPE;;5;39.00
735.00;8152036#0_0;11.51;7.31;374.00;0.36;-433333438#1_0;5.10;0.00;tripinfo_512;361.00;512;1;2373.32;1.03;0.00;95.63;DEFAULT_VEHTYPE;;6;41.00
735.00;1174387985#0_0;9.45;7.94;435.00;0.52;-1106583870_0;5.10;0.00;tripinfo_584;300.00;584;1;2321.64;1.09;0.00;56.69;DEFAULT_VEHTYPE;;2;16.00
735.00;-507534348#1_0;37.11;4.97;455.00;0.08;40598675#0_0;5.10;0.00;tripinfo_611;280.00;611;0;2543.15;0.95;0.00;58.72;DEFAULT_VEHTYPE;;2;19.00
736.00;62020115#0_0;118.19;6.44;447.00;0.96;4726718_0;5.10;0.00;tripinfo_607;289.00;607;0;2900.62;0.86;0.00;36.63;DEFAULT_VEHTYPE;;1;8.00
736.00;-4426075#1_0;235.07;6.30;446.00;0.76;400062406#0_0;5.10;0.00;tripinfo_617;290.00;617;0;1796.76;0.87;0.00;34.23;DEFAULT_VEHTYPE;;0;0.00
737.00;8152038_0;88.34;5.13;329.00;0.40;23084263#0_0;5.10;0.00;tripinfo_455;408.00;455;1;2874.90;1.06;0.00;79.21;DEFAULT_VEHTYPE;;3;32.00
738.00;606127856_0;2.38;5.08;438.00;0.20;628781006#1_0;5.10;0.00;tripinfo_590;300.00;590;1;2034.24;1.08;0.00;44.48;DEFAULT_VEHTYPE;;1;5.00
738.00;-13764389_0;0.72;2.07;499.00;0.08;132148870#3_0;5.10;0.00;tripinfo_686;239.00;686;0;1141.51;0.88;0.00;82.21;DEFAULT_VEHTYPE;;1;53.00
739.00;400586988#0_0;0.20;4.93;327.00;6.28;-220267105#2_0;5.10;0.00;tripinfo_426;412.00;426;0;2768.15;1.01;0.00;80.68;DEFAULT_VEHTYPE;;5;13.00
739.00;124862953_0;0.20;15.15;694.00;0.68;-433333438#1_0;5.10;0.00;tripinfo_956;45.00;956;0;193.19;1.14;0.00;30.45;DEFAULT_VEHTYPE;;1;23.00
741.00;-829968897_0;14.12;7.48;325.00;0.44;220137286#1_0;0.20;0.00;tripinfo_448;416.00;448;0;2316.51;0.93;0.00;108.39;DEFAULT_VEHTYPE;;4;58.00
741.00;65583365#0_0;70.26;9.71;445.00;0.48;-220267106#1_0;5.10;0.00;tripinfo_591;296.00;591;0;2014.40;1.18;0.00;90.33;DEFAULT_VEHTYPE;;0;0.00
741.00;628755546#0_0;5.54;6.07;689.00;0.28;720012594#0_0;5.10;0.00;tripinfo_951;52.00;951;1;397.51;1.07;0.00;6.56;DEFAULT_VEHTYPE;;0;0.00
743.00;-239758251_0;164.34;6.77;449.00;0.72;8382282#0_0;5.10;0.00;tripinfo_599;294.00;599;0;1935.35;0.92;0.00;39.44;DEFAULT_VEHTYPE;;1;2.00
743.00;691307157_0;33.05;4.27;461.00;0.44;-220267247#0_0;5.10;0.00;tripinfo_623;282.00;623;0;1961.56;0.93;0.00;26.46;DEFAULT_VEHTYPE;;0;0.00
746.00;5450860#1_0;86.19;7.55;569.00;6.56;-414404581#1_0;5.10;0.00;tripinfo_777;177.00;777;0;1141.21;0.95;0.00;24.12;DEFAULT_VEHTYPE;;1;3.00
750.00;231945290#6_0;54.95;8.69;632.00;0.00;34065519_0;5.10;0.00;tripinfo_850;118.00;850;0;869.77;1.14;0.00;22.43;DEFAULT_VEHTYPE;;1;4.00
751.00;28275167_0;44.02;6.22;357.00;0.84;-121794822#7_0;5.10;0.00;tripinfo_478;394.00;478;0;2120.40;0.89;0.00;53.11;DEFAULT_VEHTYPE;;0;0.00
751.00;-1263793722#2_0;152.83;6.55;532.00;0.92;-8384930#1_0;5.10;0.00;tripinfo_714;219.00;714;0;1335.16;0.89;0.00;44.00;DEFAULT_VEHTYPE;;2;18.00
753.00;8382307#2_0;18.95;6.97;284.00;0.96;29023713#0_0;5.10;0.00;tripinfo_382;469.00;382;0;4006.51;0.97;0.00;41.95;DEFAULT_VEHTYPE;;0;0.00
753.00;-150275986#3_0;11.62;6.88;612.00;0.68;135302385#0_0;5.10;0.00;tripinfo_831;141.00;831;0;990.18;0.95;0.00;14.84;DEFAULT_VEHTYPE;;0;0.00
754.00;1037986847_0;0.20;9.38;116.00;0.48;400961599#0_0;5.10;0.00;tripinfo_141;638.00;141;1;3923.03;1.14;0.00;241.75;DEFAULT_VEHTYPE;;11;76.00
755.00;302657565#0_0;212.13;8.19;397.00;0.24;400961599#0_0;5.10;0.00;tripinfo_533;358.00;533;0;3582.06;1.00;0.00;38.72;DEFAULT_VEHTYPE;;1;8.00
756.00;627916937_0;74.40;8.55;413.00;0.64;8382307#2_0;5.10;0.00;tripinfo_563;343.00;563;0;2565.15;1.09;0.00;53.44;DEFAULT_VEHTYPE;;3;15.00
756.00;-1080960154#1_0;176.03;5.13;714.00;0.40;-803266531#0_0;5.10;0.00;tripinfo_980;42.00;980;0;190.67;0.97;0.00;6.88;DEFAULT_VEHTYPE;;0;0.00
757.00;8382395#0_0;164.43;7.96;355.00;0.68;625259600_0;5.10;0.00;tripinfo_481;402.00;481;0;4000.82;0.96;0.00;63.93;DEFAULT_VEHTYPE;;2;23.00
757.00;832488061_0;71.37;6.35;742.00;0.36;606502609_0;0.20;0.00;tripinfo_1012;15.00;1012;0;86.46;0.91;0.00;2.54;DEFAULT_VEHTYPE;;0;0.00
758.00;1193930026_0;12.88;7.18;502.00;0.60;258274083#0_0;5.10;0.00;tripinfo_670;256.00;670;1;1632.57;0.92;0.00;37.70;DEFAULT_VEHTYPE;;1;2.00
759.00;-14858868_0;74.65;6.58;370.00;0.16;8382445#2_0;5.10;0.00;tripinfo_497;389.00;497;0;2320.09;0.83;0.00;49.35;DEFAULT_VEHTYPE;;1;2.00
759.00;-1156329250_0;1.26;6.40;514.00;0.60;17073048#0_0;5.10;0.00;tripinfo_695;245.00;695;0;1269.98;0.92;0.00;75.10;DEFAULT_VEHTYPE;;3;46.00
761.00;628755546#0_0;1.57;7.25;430.00;0.24;14626335#4_0;5.10;0.00;tripinfo_583;331.00;583;1;3343.85;0.89;0.00;39.24;DEFAULT_VEHTYPE;;2;7.00
764.00;265113917#0_0;48.01;8.96;555.00;0.24;31428221#0_0;5.10;0.00;tripinfo_758;209.00;758;0;1196.90;1.14;0.00;81.69;DEFAULT_VEHTYPE;;3;41.00
765.00;-36786445#2_0;1.53;6.32;558.00;0.48;220267108#0_0;5.10;0.00;tripinfo_766;207.00;766;1;1151.70;0.88;0.00;49.11;DEFAULT_VEHTYPE;;3;26.00
766.00;14362916#0_0;76.16;8.06;543.00;0.52;8140193#0_0;5.10;0.00;tripinfo_734;223.00;734;0;1375.36;1.08;0.00;69.45;DEFAULT_VEHTYPE;;3;27.00
766.00;-40598675#2_0;91.86;7.57;602.00;0.76;875773546_0;5.10;0.00;tripinfo_817;164.00;817;0;1268.09;1.06;0.00;19.45;DEFAULT_VEHTYPE;;0;0.00
767.00;32200291_0;88.16;7.36;512.00;0.84;8152037#1_0;5.10;0.00;tripinfo_703;255.00;703;0;1812.40;1.00;0.00;31.47;DEFAULT_VEHTYPE;;1;1.00
767.00;47446166_0;14.44;6.99;687.00;0.00;-8382429#1_0;5.10;0.00;tripinfo_950;80.00;950;0;536.93;0.97;0.00;11.82;DEFAULT_VEHTYPE;;0;0.00
768.00;162611854#2_0;178.35;7.00;457.00;0.88;117055115_0;0.20;0.00;tripinfo_621;311.00;621;0;3050.03;0.97;0.00;41.66;DEFAULT_VEHTYPE;;2;11.00
769.00;36801001#1_1;22.48;16.23;342.00;0.12;-150275984#4_0;5.10;0.00;tripinfo_454;427.00;454;1;2984.39;1.24;0.00;144.46;DEFAULT_VEHTYPE;;4;30.00
769.00;121794825#0_0;0.20;2.13;552.00;0.20;290172673#0_0;5.10;0.00;tripinfo_740;217.00;740;0;1246.14;1.00;0.00;30.75;DEFAULT_VEHTYPE;;0;0.00
771.00;124862963#0_0;89.92;15.00;495.00;0.08;-14118784#0_0;5.10;0.00;tripinfo_661;276.00;661;1;2209.74;1.15;0.00;53.84;DEFAULT_VEHTYPE;;2;6.00
772.00;-47895849#4_0;35.95;4.12;380.00;1.20;-8382445#2_0;5.10;0.00;tripinfo_515;392.00;515;1;2313.56;0.97;0.00;85.28;DEFAULT_VEHTYPE;;4;30.00
774.00;240549300#2_0;108.42;6.30;439.00;0.28;31449010#1_0;5.10;0.00;tripinfo_601;335.00;601;0;1998.61;0.90;0.00;104.39;DEFAULT_VEHTYPE;;2;70.00
774.00;117055114_0;44.95;7.66;618.00;0.84;4730627#0_0;5.10;0.00;tripinfo_853;156.00;853;0;1204.31;1.05;0.00;21.75;DEFAULT_VEHTYPE;;0;0.00
775.00;4731082#1_0;175.06;6.90;349.00;0.20;111691945_0;5.10;0.00;tripinfo_465;426.00;465;0;2654.30;0.89;0.00;80.73;DEFAULT_VEHTYPE;;2;30.00
775.00;-643081314#1_0;6.54;7.10;662.00;0.60;19846527#0_0;5.10;0.00;tripinfo_895;113.00;895;0;792.61;0.98;0.00;14.79;DEFAULT_VEHTYPE;;0;0.00
776.00;4730616#2_0;5.29;8.56;598.00;2.28;40598677#0_0;5.10;0.00;tripinfo_801;178.00;801;0;1375.21;1.07;0.00;17.26;DEFAULT_VEHTYPE;;0;0.00
777.00;-220267105#3_0;29.12;8.42;176.00;0.52;47027857#0_0;3.95;0.00;tripinfo_234;601.00;234;1;5338.18;1.02;0.00;117.95;DEFAULT_VEHTYPE;;5;41.00
777.00;47896065_0;0.62;4.55;698.00;8.44;183251547_0;5.10;0.00;tripinfo_948;79.00;948;1;401.73;0.86;0.00;9.70;DEFAULT_VEHTYPE;;0;0.00
780.00;198077804#0_0;126.29;13.60;465.00;0.12;121794822#5_0;5.10;0.00;tripinfo_629;315.00;629;0;1819.33;0.98;0.00;46.53;DEFAULT_VEHTYPE;;1;1.00
780.00;96018881#0_0;97.29;7.79;514.00;0.64;-832487280_0;5.10;0.00;tripinfo_688;266.00;688;0;2418.10;0.95;0.00;32.44;DEFAULT_VEHTYPE;;1;4.00
782.00;654207127#4_0;25.65;2.72;376.00;0.64;-1066478854#1_0;5.10;0.00;tripinfo_513;406.00;513;0;2476.42;1.11;0.00;98.02;DEFAULT_VEHTYPE;;5;30.00
783.00;47027743#0_0;82.97;7.44;170.00;0.08;-628755544#1_0;5.10;0.00;tripinfo_211;613.00;211;1;3885.55;1.02;0.00;243.24;DEFAULT_VEHTYPE;;10;140.00
783.00;7682866#0_0;329.48;7.64;575.00;0.36;1307684785#1_0;5.10;0.00;tripinfo_787;208.00;787;0;1291.91;0.94;0.00;41.80;DEFAULT_VEHTYPE;;2;18.00
787.00;121794822#0_0;67.73;1.38;644.00;0.32;-121794825#0_0;0.20;0.00;tripinfo_869;143.00;869;0;220.22;0.87;0.00;51.36;DEFAULT_VEHTYPE;;3;13.00
788.00;-4426074#1_0;287.56;7.46;503.00;0.24;8152037#1_0;5.10;0.00;tripinfo_683;285.00;683;0;1879.46;0.93;0.00;41.32;DEFAULT_VEHTYPE;;1;5.00
788.00;8382402#0_0;64.56;7.69;585.00;0.32;1307687510_0;5.10;0.00;tripinfo_794;203.00;794;0;1484.83;0.99;0.00;19.64;DEFAULT_VEHTYPE;;0;0.00
789.00;28208884#0_0;120.14;7.67;144.00;0.00;897325985#1_0;5.10;0.00;tripinfo_175;645.00;175;1;4093.72;0.94;0.00;147.30;DEFAULT_VEHTYPE;;8;60.00
790.00;4730638_0;74.50;7.99;527.00;0.76;47999871_0;5.10;0.00;tripinfo_717;263.00;717;0;1874.17;1.05;0.00;43.88;DEFAULT_VEHTYPE;;1;1.00
790.00;4441057#1_0;11.28;15.21;582.00;0.08;174272149_0;5.10;0.00;tripinfo_786;208.00;786;0;2745.75;1.15;0.00;33.12;DEFAULT_VEHTYPE;;1;3.00
791.00;393494867_0;123.28;14.18;433.00;0.00;-4726710#1_0;5.10;0.00;tripinfo_575;358.00;575;1;2680.70;1.04;0.00;50.05;DEFAULT_VEHTYPE;;0;0.00
791.00;8382302#1_0;190.56;7.17;549.00;0.08;23084263#0_0;5.10;0.00;tripinfo_736;242.00;736;0;1616.36;0.91;0.00;27.90;DEFAULT_VEHTYPE;;0;0.00
791.00;-654207120_0;0.20;2.04;730.00;0.92;-121794824_0;5.10;0.00;tripinfo_989;61.00;989;0;123.67;0.99;0.00;15.68;DEFAULT_VEHTYPE;;0;0.00
791.00;305670610_0;4.09;4.71;773.00;0.80;-1083809476#2_0;5.10;0.00;tripinfo_1060;18.00;1060;0;92.79;0.93;0.00;6.59;DEFAULT_VEHTYPE;;0;0.00
792.00;4731082#1_0;175.06;8.34;438.00;1.36;-1106583870_0;5.10;0.00;tripinfo_587;354.00;587;1;2634.62;1.01;0.00;54.94;DEFAULT_VEHTYPE;;2;4.00
792.00;1287393212#0_0;114.42;6.93;644.00;0.04;4726684#0_0;5.10;0.00;tripinfo_893;148.00;893;0;960.94;0.87;0.00;19.64;DEFAULT_VEHTYPE;;0;0.00
792.00;643081314#0_0;6.64;7.09;675.00;0.16;8382385_0;5.10;0.00;tripinfo_922;117.00;922;0;804.72;0.93;0.00;12.50;DEFAULT_VEHTYPE;;0;0.00
793.00;40151775_0;6.10;6.48;461.00;0.20;31411842#0_0;5.10;0.00;tripinfo_615;332.00;615;0;2168.67;0.96;0.00;51.77;DEFAULT_VEHTYPE;;2;11.00
794.00;-4426076#0_0;30.91;7.05;582.00;0.00;8382395#0_0;5.10;0.00;tripinfo_800;212.00;800;0;1952.39;1.00;0.00;21.01;DEFAULT_VEHTYPE;;0;0.00
794.00;11294375#0_0;66.35;8.20;651.00;0.52;11294375#3_0;5.10;0.00;tripinfo_884;143.00;884;0;1053.60;0.99;0.00;14.19;DEFAULT_VEHTYPE;;0;0.00
794.00;960773148#0_0;23.82;2.36;677.00;0.92;8382282#0_0;5.10;0.00;tripinfo_914;117.00;914;0;240.80;0.91;0.00;29.18;DEFAULT_VEHTYPE;;0;0.00
795.00;-8384914_0;76.65;7.79;522.00;0.88;-220267247#5_0;5.10;0.00;tripinfo_696;273.00;696;1;2074.09;1.04;0.00;30.27;DEFAULT_VEHTYPE;;0;0.00
796.00;220267105#4_0;40.07;8.47;384.00;0.12;4426076#0_0;5.10;0.00;tripinfo_529;412.00;529;0;2540.31;1.05;0.00;121.89;DEFAULT_VEHTYPE;;5;40.00
797.00;523287556_0;11.61;6.11;522.00;0.60;-47999870_0;5.10;0.00;tripinfo_720;275.00;720;0;1346.30;0.83;0.00;78.11;DEFAULT_VEHTYPE;;2;48.00
797.00;4318242#0_0;79.80;7.86;683.00;0.68;-239757763_0;5.10;0.00;tripinfo_931;114.00;931;0;683.15;0.98;0.00;29.11;DEFAULT_VEHTYPE;;2;9.00
800.00;-8250527#1_0;57.51;8.19;727.00;0.04;150275971_0;5.10;0.00;tripinfo_993;73.00;993;0;522.04;1.04;0.00;10.81;DEFAULT_VEHTYPE;;0;0.00
802.00;-121794822#1_0;62.78;1.82;100.00;0.52;40493652_0;0.20;0.00;tripinfo_134;702.00;134;1;5601.88;1.01;0.00;141.70;DEFAULT_VEHTYPE;;3;21.00
802.00;-14858868_0;74.65;7.72;547.00;0.56;510702678#1_0;5.10;0.00;tripinfo_752;255.00;752;0;2181.17;0.97;0.00;42.26;DEFAULT_VEHTYPE;;1;12.00
803.00;-47446166_0;14.14;7.34;624.00;0.92;31445160#1_0;5.10;0.00;tripinfo_864;179.00;864;0;977.72;1.16;0.00;76.72;DEFAULT_VEHTYPE;;2;40.00
803.00;-8385415#0_0;0.20;2.86;667.00;0.00;175976586#4_0;5.10;0.00;tripinfo_925;136.00;925;0;997.13;0.99;0.00;13.27;DEFAULT_VEHTYPE;;0;0.00
804.00;5451844#0_0;38.91;6.39;318.00;0.96;-150275984#0_0;5.10;0.00;tripinfo_432;486.00;432;1;2710.22;0.90;0.00;122.22;DEFAULT_VEHTYPE;;6;52.00
804.00;23179512#0_0;41.35;7.90;570.00;0.00;5450860#3_0;5.10;0.00;tripinfo_775;234.00;775;1;1573.55;1.08;0.00;34.89;DEFAULT_VEHTYPE;;2;7.00
804.00;-29023870#1_0;10.38;7.08;664.00;0.56;4726694#2_0;5.10;0.00;tripinfo_902;140.00;902;0;858.93;0.87;0.00;16.26;DEFAULT_VEHTYPE;;0;0.00
805.00;856293282_0;0.20;15.89;280.00;3.00;121794825#0_0;0.20;0.00;tripinfo_375;525.00;375;1;3038.96;1.23;0.00;208.44;DEFAULT_VEHTYPE;;12;91.00
805.00;37535329#1_1;7.82;7.95;627.00;0.28;124862960_0;0.20;0.00;tripinfo_851;178.00;851;0;1981.30;1.02;0.00;22.80;DEFAULT_VEHTYPE;;0;0.00
806.00;-8140188#16_0;144.61;8.75;133.00;0.60;5451918#0_0;5.10;0.00;tripinfo_170;673.00;170;1;4788.47;1.07;0.00;229.68;DEFAULT_VEHTYPE;;12;119.00
806.00;40493652_0;0.20;2.71;459.00;0.84;62020111_0;5.10;0.00;tripinfo_628;347.00;628;0;3456.10;0.92;0.00;60.85;DEFAULT_VEHTYPE;;6;9.00
806.00;523287556_0;11.61;5.32;547.00;0.84;-220267105#1_0;5.10;0.00;tripinfo_753;259.00;753;0;1707.65;0.94;0.00;38.00;DEFAULT_VEHTYPE;;0;0.00
806.00;625259599_0;136.88;13.80;580.00;0.84;31411842#0_0;5.10;0.00;tripinfo_803;226.00;803;1;1806.29;1.05;0.00;43.12;DEFAULT_VEHTYPE;;2;5.00
807.00;16233735#0_0;47.46;7.45;469.00;5.56;8140196_0;5.10;0.00;tripinfo_627;338.00;627;0;2058.85;1.02;0.00;92.80;DEFAULT_VEHTYPE;;3;45.00
808.00;8404828#1_0;39.85;5.67;409.00;0.84;4726710#0_0;5.10;0.00;tripinfo_553;399.00;553;0;2555.25;0.77;0.00;41.52;DEFAULT_VEHTYPE;;0;0.00
808.00;-628755546#4_0;42.19;6.64;446.00;0.52;-4318242#1_0;5.10;0.00;tripinfo_609;362.00;609;0;3589.03;0.89;0.00;39.01;DEFAULT_VEHTYPE;;1;2.00
811.00;4730647#3_0;105.88;6.05;469.00;0.28;628755547#0_0;5.10;0.00;tripinfo_651;342.00;651;0;1837.85;0.76;0.00;45.39;DEFAULT_VEHTYPE;;1;2.00
814.00;8382307#1_0;3.39;6.27;79.00;0.00;856293284_0;5.10;0.00;tripinfo_100;735.00;100;1;6496.20;0.88;0.00;100.64;DEFAULT_VEHTYPE;;5;18.00
815.00;377719665_0;50.44;7.69;460.00;0.72;654207127#0_0;5.10;0.00;tripinfo_624;355.00;624;0;1797.14;1.00;0.00;65.43;DEFAULT_VEHTYPE;;0;0.00
817.00;-13853658_0;42.27;3.99;512.00;0.92;14118783_0;5.10;0.00;tripinfo_689;305.00;689;1;1707.88;0.82;0.00;40.88;DEFAULT_VEHTYPE;;1;3.00
817.00;31449018_0;172.85;8.65;657.00;0.44;37535329#2_0;5.10;0.00;tripinfo_898;160.00;898;0;1067.31;1.05;0.00;31.40;DEFAULT_VEHTYPE;;1;14.00
818.00;-4312633_0;83.91;6.21;427.00;0.80;-654207127#5_0;5.10;0.00;tripinfo_585;391.00;585;0;1965.35;0.83;0.00;77.79;DEFAULT_VEHTYPE;;4;16.00
818.00;40151780#0_0;33.06;7.86;553.00;0.44;-220267107#1_0;5.10;0.00;tripinfo_748;265.00;748;0;1858.42;1.01;0.00;40.07;DEFAULT_VEHTYPE;;1;6.00
818.00;606127853_0;12.55;5.14;566.00;0.12;13853658_0;5.10;0.00;tripinfo_779;252.00;779;1;1458.77;1.04;0.00;40.65;DEFAULT_VEHTYPE;;0;0.00
818.00;8384893#0_0;79.02;8.86;689.00;0.80;4730648#2_0;5.10;0.00;tripinfo_935;129.00;935;1;1089.80;1.13;0.00;12.65;DEFAULT_VEHTYPE;;0;0.00
818.00;17670100#5_0;90.50;6.31;705.00;0.36;-150276003#2_0;5.10;0.00;tripinfo_962;113.00;962;0;717.79;0.86;0.00;11.82;DEFAULT_VEHTYPE;;0;0.00
819.00;1091652430_1;36.56;12.63;498.00;0.72;17670100#5_0;5.10;0.00;tripinfo_674;321.00;674;0;2167.97;0.96;0.00;80.97;DEFAULT_VEHTYPE;;4;36.00
819.00;249386315_0;5.70;7.12;510.00;0.44;4726718_0;5.10;0.00;tripinfo_698;309.00;698;0;3036.31;1.02;0.00;41.13;DEFAULT_VEHTYPE;;1;3.00
819.00;875773546_0;72.96;7.16;703.00;0.88;4760584#0_0;5.10;0.00;tripinfo_971;116.00;971;0;660.43;0.95;0.00;30.57;DEFAULT_VEHTYPE;;1;13.00
819.00;8382281#0_0;201.24;7.91;766.00;4.72;220267105#3_0;5.10;0.00;tripinfo_1049;53.00;1049;0;366.83;1.03;0.00;8.77;DEFAULT_VEHTYPE;;0;0.00
820.00;-4312633_0;83.91;6.89;489.00;0.96;-8140188#2_0;5.10;0.00;tripinfo_657;331.00;657;0;2057.66;0.91;0.00;55.67;DEFAULT_VEHTYPE;;1;4.00
820.00;14118785#0_0;50.43;8.77;550.00;0.12;137848161_0;5.10;0.00;tripinfo_754;270.00;754;0;1962.70;1.08;0.00;50.70;DEFAULT_VEHTYPE;;3;15.00
821.00;-5450857#1_0;29.82;7.03;670.00;1.44;180156396#4_0;2.03;0.00;tripinfo_923;151.00;923;0;812.51;0.94;0.00;51.87;DEFAULT_VEHTYPE;;3;23.00
822.00;-4426074#1_0;287.56;8.05;299.00;0.56;220267107#0_0;5.10;0.00;tripinfo_402;523.00;402;1;3278.87;1.10;0.00;171.98;DEFAULT_VEHTYPE;;3;44.00
822.00;124862958#0_0;40.20;6.52;376.00;0.08;70724346#2_0;5.10;0.00;tripinfo_511;446.00;511;1;2543.03;0.89;0.00;106.95;DEFAULT_VEHTYPE;;5;45.00
822.00;5450860#0_0;75.98;7.77;385.00;0.76;-121794822#9_0;5.10;0.00;tripinfo_517;437.00;517;0;2629.15;1.04;0.00;78.33;DEFAULT_VEHTYPE;;4;12.00
823.00;433333438#0_0;23.51;9.07;485.00;0.00;62020114#0_0;5.10;0.00;tripinfo_650;338.00;650;0;3936.22;1.09;0.00;63.49;DEFAULT_VEHTYPE;;2;28.00
823.00;40151775_0;6.10;7.37;585.00;0.88;-8382445#2_0;5.10;0.00;tripinfo_796;238.00;796;0;1566.02;1.02;0.00;51.76;DEFAULT_VEHTYPE;;3;24.00
823.00;-400062405_0;28.71;5.70;577.00;0.16;291949061#0_0;5.10;0.00;tripinfo_797;246.00;797;0;1407.10;1.06;0.00;54.85;DEFAULT_VEHTYPE;;2;12.00
824.00;150275988#3_0;21.58;7.62;489.00;0.84;40493385#0_0;5.10;0.00;tripinfo_653;335.00;653;0;2241.82;1.05;0.00;78.38;DEFAULT_VEHTYPE;;4;36.00
826.00;220267247#3_0;87.46;7.62;689.00;0.20;150275973#0_0;5.10;0.00;tripinfo_940;137.00;940;0;935.26;1.00;0.00;23.34;DEFAULT_VEHTYPE;;1;4.00
827.00;150275980#0_0;87.01;8.57;655.00;0.28;-150275986#3_0;5.10;0.00;tripinfo_901;172.00;901;0;1186.23;1.04;0.00;27.52;DEFAULT_VEHTYPE;;1;2.00
828.00;8382440#0_0;245.78;6.25;66.00;0.48;759157551#0_0;5.10;0.00;tripinfo_66;762.00;66;1;5501.74;0.88;0.00;145.15;DEFAULT_VEHTYPE;;8;41.00
829.00;95742114_0;11.51;8.43;613.00;0.48;1066431525_0;5.10;0.00;tripinfo_841;216.00;841;0;1808.09;1.02;0.00;33.16;DEFAULT_VEHTYPE;;2;8.00
829.00;4726706#5_0;34.15;8.18;619.00;0.40;258274083#0_0;5.10;0.00;tripinfo_855;210.00;855;0;1566.21;1.11;0.00;32.79;DEFAULT_VEHTYPE;;0;0.00
830.00;31431101#5_0;17.82;7.74;234.00;0.44;720012594#0_0;5.10;0.00;tripinfo_323;596.00;323;1;4352.96;0.98;0.00;152.89;DEFAULT_VEHTYPE;;6;70.00
830.00;14858640_0;11.76;7.23;460.00;0.36;1080960154#0_0;5.10;0.00;tripinfo_637;370.00;637;0;3250.52;0.92;0.00;37.63;DEFAULT_VEHTYPE;;0;0.00
830.00;1098324354_0;0.20;8.58;480.00;1.48;4422176_0;5.10;0.00;tripinfo_641;350.00;641;0;3931.82;1.04;0.00;74.75;DEFAULT_VEHTYPE;;3;29.00
831.00;-4426075#1_0;235.07;7.36;207.00;0.92;-121794825#3_0;4.66;0.00;tripinfo_264;624.00;264;1;3515.69;0.89;0.00;97.66;DEFAULT_VEHTYPE;;2;5.00
831.00;-31445160#0_0;113.73;6.70;639.00;0.04;8382440#0_0;5.10;0.00;tripinfo_868;192.00;868;0;1301.39;0.94;0.00;23.19;DEFAULT_VEHTYPE;;0;0.00
832.00;4730624_0;197.36;8.78;632.00;0.52;552794577#0_0;5.10;0.00;tripinfo_859;200.00;859;0;1464.41;1.07;0.00;27.67;DEFAULT_VEHTYPE;;1;1.00
833.00;220137286#2_0;16.52;6.91;432.00;0.56;413722446_0;0.20;0.00;tripinfo_577;401.00;577;0;2692.80;0.94;0.00;57.27;DEFAULT_VEHTYPE;;3;9.00
833.00;4690638#0_0;133.07;8.36;549.00;0.04;150276002_0;5.10;0.00;tripinfo_743;284.00;743;0;1936.51;1.02;0.00;46.78;DEFAULT_VEHTYPE;;1;11.00
833.00;1198625658_0;144.75;7.34;595.00;0.00;31431343#0_0;5.10;0.00;tripinfo_825;238.00;825;0;1537.91;1.01;0.00;53.43;DEFAULT_VEHTYPE;;2;27.00
834.00;4726679#2_0;108.18;7.74;296.00;0.24;159636083#2_0;0.20;0.00;tripinfo_383;538.00;383;0;1473.12;1.03;0.00;366.88;DEFAULT_VEHTYPE;;3;327.00
834.00;496872852_0;139.31;6.27;583.00;0.24;239889169#0_0;5.10;0.00;tripinfo_783;251.00;783;0;2064.54;0.90;0.00;33.17;DEFAULT_VEHTYPE;;1;6.00
837.00;231483339#0_0;114.96;7.38;449.00;0.60;-150275988#5_0;5.10;0.00;tripinfo_620;388.00;620;0;2433.64;1.02;0.00;101.50;DEFAULT_VEHTYPE;;4;47.00
838.00;4726712#0_0;137.50;6.95;463.00;0.96;1307684785#0_0;5.10;0.00;tripinfo_632;375.00;632;1;2590.48;0.97;0.00;49.08;DEFAULT_VEHTYPE;;1;6.00
838.00;606127854#0_0;16.42;5.21;587.00;0.80;220137286#1_0;0.20;0.00;tripinfo_810;251.00;810;0;1560.56;1.03;0.00;63.04;DEFAULT_VEHTYPE;;1;6.00
840.00;36786443#0_0;160.05;8.62;553.00;0.76;1162841664#0_0;5.10;0.00;tripinfo_742;287.00;742;0;1955.59;1.14;0.00;80.55;DEFAULT_VEHTYPE;;4;24.00
841.00;47446166_0;14.44;7.59;743.00;0.52;14118784#1_0;5.10;0.00;tripinfo_1009;98.00;1009;0;661.00;0.96;0.00;12.78;DEFAULT_VEHTYPE;;0;0.00
842.00;4726685#1_0;80.48;8.45;512.00;0.32;-414404581#1_0;5.10;0.00;tripinfo_694;330.00;694;1;2064.07;1.04;0.00;94.34;DEFAULT_VEHTYPE;;2;43.00
842.00;567036034_0;158.55;8.40;547.00;0.36;231945290#5_0;5.10;0.00;tripinfo_737;295.00;737;1;2125.35;1.04;0.00;36.22;DEFAULT_VEHTYPE;;0;0.00
843.00;96018881#0_0;97.29;7.63;393.00;0.52;121794826_0;5.10;0.00;tripinfo_534;450.00;534;1;2652.11;1.06;0.00;108.91;DEFAULT_VEHTYPE;;1;34.00
843.00;40493384#2_0;20.12;9.01;584.00;0.80;87286857_0;5.10;0.00;tripinfo_785;259.00;785;1;1633.96;1.13;0.00;84.84;DEFAULT_VEHTYPE;;2;35.00
843.00;4690640#0_0;334.20;13.86;642.00;7.40;40493384#0_0;5.10;0.00;tripinfo_880;201.00;880;0;1571.98;1.05;0.00;41.61;DEFAULT_VEHTYPE;;1;6.00
847.00;290172305#0_0;50.40;7.24;718.00;0.28;413722446_0;0.20;0.00;tripinfo_976;129.00;976;0;977.05;0.90;0.00;25.90;DEFAULT_VEHTYPE;;2;9.00
848.00;-31519076#0_0;19.30;4.22;697.00;0.96;231945290#6_0;5.10;0.00;tripinfo_957;151.00;957;0;738.48;0.95;0.00;43.85;DEFAULT_VEHTYPE;;2;24.00
849.00;-150275988#2_0;78.05;8.73;386.00;0.32;-47896065_0;5.10;0.00;tripinfo_519;463.00;519;1;4518.06;1.09;0.00;75.44;DEFAULT_VEHTYPE;;1;2.00
851.00;-4730648#2_0;41.39;9.37;487.00;0.20;616545124_0;5.10;0.00;tripinfo_665;364.00;665;1;2988.64;1.14;0.00;97.92;DEFAULT_VEHTYPE;;5;40.00
852.00;40487883#0_0;75.23;8.48;497.00;0.84;-8382445#1_0;5.10;0.00;tripinfo_678;355.00;678;1;2297.13;1.09;0.00;104.28;DEFAULT_VEHTYPE;;4;22.00
852.00;-17671153_0;4.41;5.87;595.00;0.36;-220267106#1_0;5.10;0.00;tripinfo_812;257.00;812;0;1891.46;1.11;0.00;50.68;DEFAULT_VEHTYPE;;2;4.00
854.00;403882374_1;0.20;6.10;581.00;0.64;510702675#0_0;5.10;0.00;tripinfo_788;273.00;788;0;1898.61;0.92;0.00;85.73;DEFAULT_VEHTYPE;;4;54.00
855.00;1098324355_0;0.14;4.64;504.00;0.68;654207120_0;0.20;0.00;tripinfo_681;351.00;681;0;2190.29;0.93;0.00;58.39;DEFAULT_VEHTYPE;;2;8.00
855.00;627916936#1_0;49.23;8.11;627.00;0.12;1263955158#1_0;5.10;0.00;tripinfo_854;228.00;854;0;1554.01;1.02;0.00;46.52;DEFAULT_VEHTYPE;;2;15.00
856.00;1156329248_0;37.41;7.71;533.00;0.72;175976586#0_0;5.10;0.00;tripinfo_724;323.00;724;0;3503.71;1.06;0.00;46.21;DEFAULT_VEHTYPE;;1;1.00
857.00;8382385_0;19.45;8.45;664.00;0.08;4726711#1_0;5.10;0.00;tripinfo_911;193.00;911;0;1978.58;1.13;0.00;41.90;DEFAULT_VEHTYPE;;1;7.00
858.00;150275980#0_0;87.01;8.82;288.00;0.84;29000804#0_0;5.10;0.00;tripinfo_378;570.00;378;1;3954.49;1.08;0.00;205.98;DEFAULT_VEHTYPE;;8;69.00
858.00;-4730648#1_0;92.32;6.58;581.00;0.76;-47027743#2_0;5.10;0.00;tripinfo_792;277.00;792;1;1620.88;0.89;0.00;56.24;DEFAULT_VEHTYPE;;1;27.00
859.00;-150275985#2_0;56.92;7.63;432.00;0.96;430855719_0;5.10;0.00;tripinfo_582;427.00;582;0;3330.66;0.99;0.00;91.18;DEFAULT_VEHTYPE;;2;36.00
859.00;31412878_0;156.52;4.48;646.00;0.96;-8382393#3_0;5.10;0.00;tripinfo_882;213.00;882;0;1371.16;0.99;0.00;34.40;DEFAULT_VEHTYPE;;1;4.00
859.00;150275984#5_0;73.36;8.64;761.00;0.20;31431544#0_0;5.10;0.00;tripinfo_1040;98.00;1040;0;734.37;1.08;0.00;14.73;DEFAULT_VEHTYPE;;0;0.00
860.00;244422544#0_0;113.72;7.33;485.00;0.56;4426075#0_0;5.10;0.00;tripinfo_652;375.00;652;0;2114.01;0.97;0.00;114.16;DEFAULT_VEHTYPE;;5;62.00
860.00;8382365#1_0;75.06;8.38;657.00;0.40;150275980#0_0;5.10;0.00;tripinfo_905;203.00;905;0;1369.57;1.01;0.00;39.57;DEFAULT_VEHTYPE;;2;16.00
861.00;4392761#0_1;24.31;12.81;638.00;0.96;13853655#2_0;5.10;0.00;tripinfo_857;223.00;857;0;1759.37;1.07;0.00;43.17;DEFAULT_VEHTYPE;;1;11.00
861.00;-654207127#3_0;12.67;2.23;784.00;0.68;-145550725#1_0;5.10;0.00;tripinfo_1081;77.00;1081;0;170.45;1.03;0.00;16.70;DEFAULT_VEHTYPE;;0;0.00
862.00;-8384930#1_0;184.08;5.00;645.00;0.32;16233734#0_0;5.10;0.00;tripinfo_894;217.00;894;0;1545.89;1.02;0.00;34.30;DEFAULT_VEHTYPE;;2;9.00
863.00;419709604#0_1;8.81;7.59;795.00;0.12;4426074#0_0;5.10;0.00;tripinfo_1104;68.00;1104;0;432.63;0.92;0.00;10.28;DEFAULT_VEHTYPE;;0;0.00
865.00;31427215#0_1;105.00;14.12;593.00;0.04;13853659#1_0;5.10;0.00;tripinfo_818;272.00;818;1;1330.49;1.04;0.00;102.19;DEFAULT_VEHTYPE;;4;63.00
866.00;-290174549#3_0;12.74;6.92;393.00;0.08;33301688#0_0;5.10;0.00;tripinfo_536;473.00;536;1;2860.10;0.94;0.00;114.42;DEFAULT_VEHTYPE;;6;52.00
867.00;-31431101#4_0;53.40;9.61;775.00;1.20;8250527#0_0;5.10;0.00;tripinfo_1065;92.00;1065;0;348.21;1.15;0.00;54.71;DEFAULT_VEHTYPE;;1;43.00
868.00;-14858868_0;74.65;7.02;721.00;1.20;-29023870#1_0;5.10;0.00;tripinfo_990;147.00;990;0;1228.22;0.93;0.00;14.03;DEFAULT_VEHTYPE;;0;0.00
870.00;4730620_0;96.65;6.42;696.00;0.64;610739513#1_0;5.10;0.00;tripinfo_963;174.00;963;0;958.42;1.08;0.00;64.64;DEFAULT_VEHTYPE;;1;12.00
870.00;150276015#0_0;157.00;7.49;816.00;0.72;-17670100#4_0;5.10;0.00;tripinfo_1124;54.00;1124;0;395.47;1.02;0.00;6.65;DEFAULT_VEHTYPE;;0;0.00
872.00;839709054_0;336.41;13.39;766.00;0.60;625259600_0;5.10;0.00;tripinfo_1045;106.00;1045;0;1407.64;1.03;0.00;7.43;DEFAULT_VEHTYPE;;0;0.00
873.00;47461591#0_0;0.41;5.27;627.00;0.60;8382391#0_0;5.10;0.00;tripinfo_845;246.00;845;0;2228.12;0.97;0.00;27.72;DEFAULT_VEHTYPE;;0;0.00
873.00;875759960_1;130.85;12.20;780.00;0.36;1053478469#1_0;5.10;0.00;tripinfo_1062;93.00;1062;0;753.57;0.96;0.00;15.88;DEFAULT_VEHTYPE;;1;5.00
874.00;523287556_0;11.61;7.31;531.00;0.40;13654453_0;5.10;0.00;tripinfo_730;343.00;730;0;3445.11;1.01;0.00;37.94;DEFAULT_VEHTYPE;;1;1.00
876.00;433333438#0_0;23.51;8.39;726.00;3.44;31520175#0_0;5.10;0.00;tripinfo_998;150.00;998;1;1141.06;1.06;0.00;18.55;DEFAULT_VEHTYPE;;0;0.00
877.00;8384886#0_0;91.41;6.98;558.00;0.00;4426074#0_0;5.10;0.00;tripinfo_750;319.00;750;0;1720.71;0.98;0.00;108.28;DEFAULT_VEHTYPE;;4;50.00
880.00;-47426244#1_0;25.56;6.90;578.00;0.72;231475823#0_0;5.10;0.00;tripinfo_799;302.00;799;0;1772.10;0.90;0.00;64.91;DEFAULT_VEHTYPE;;2;30.00
880.00;-240549301_0;21.57;6.84;659.00;0.52;8152060#0_0;5.10;0.00;tripinfo_909;221.00;909;0;1710.10;0.83;0.00;26.67;DEFAULT_VEHTYPE;;1;1.00
881.00;49845715#0_0;122.60;8.36;495.00;0.52;-29023870#1_0;5.10;0.00;tripinfo_659;386.00;659;0;2243.65;1.06;0.00;134.99;DEFAULT_VEHTYPE;;6;49.00
882.00;36801001#1_1;22.48;12.75;597.00;0.92;-628782530_0;2.93;0.00;tripinfo_814;285.00;814;0;3087.77;1.15;0.00;88.20;DEFAULT_VEHTYPE;;2;43.00
883.00;939752205#0_0;5.33;6.85;667.00;0.32;-30324793_0;5.10;0.00;tripinfo_919;216.00;919;0;1596.07;0.97;0.00;21.13;DEFAULT_VEHTYPE;;0;0.00
883.00;47461591#0_0;0.41;5.97;787.00;0.04;1263793722#0_0;5.10;0.00;tripinfo_1093;96.00;1093;0;842.66;1.04;0.00;10.08;DEFAULT_VEHTYPE;;0;0.00
884.00;654207108_0;62.46;2.84;400.00;0.36;4690691_0;5.10;0.00;tripinfo_537;484.00;537;0;3513.40;1.04;0.00;95.64;DEFAULT_VEHTYPE;;1;1.00
884.00;1111110395_0;93.28;8.17;660.00;0.76;109993439_0;5.10;0.00;tripinfo_892;224.00;892;0;1513.81;1.11;0.00;66.73;DEFAULT_VEHTYPE;;3;13.00
885.00;-23084263#0_0;84.85;7.52;611.00;0.92;30215395#0_0;5.10;0.00;tripinfo_839;274.00;839;0;2318.78;0.94;0.00;27.48;DEFAULT_VEHTYPE;;0;0.00
886.00;856297346_0;96.97;14.33;414.00;0.80;643082467_0;5.10;0.00;tripinfo_560;472.00;560;1;2904.87;1.04;0.00;150.92;DEFAULT_VEHTYPE;;6;50.00
886.00;31431544#0_0;116.98;6.80;841.00;0.92;220267107#1_0;5.10;0.00;tripinfo_1139;45.00;1139;0;280.54;0.92;0.00;7.34;DEFAULT_VEHTYPE;;0;0.00
887.00;220267247#2_0;3.57;6.93;606.00;0.56;231940830#0_0;5.10;0.00;tripinfo_827;281.00;827;0;1917.62;0.97;0.00;42.39;DEFAULT_VEHTYPE;;1;14.00
888.00;121794822#0_0;67.73;2.21;635.00;0.28;239757874#3_0;5.10;0.00;tripinfo_876;253.00;876;0;1416.04;0.97;0.00;36.09;DEFAULT_VEHTYPE;;0;0.00
889.00;121794822#8_0;8.86;1.55;319.00;0.44;14471542#11_0;5.10;0.00;tripinfo_423;570.00;423;0;3915.17;0.91;0.00;70.16;DEFAULT_VEHTYPE;;0;0.00
889.00;960773147_0;9.35;1.77;570.00;0.92;162611854#0_0;5.10;0.00;tripinfo_764;319.00;764;0;2052.01;0.85;0.00;36.24;DEFAULT_VEHTYPE;;0;0.00
890.00;-47999870_0;46.74;7.62;663.00;0.64;7682866#2_0;5.10;0.00;tripinfo_913;227.00;913;0;1022.64;0.95;0.00;95.62;DEFAULT_VEHTYPE;;5;56.00
890.00;-31512978#1_0;13.39;6.84;714.00;0.08;4726717_0;5.10;0.00;tripinfo_986;176.00;986;0;1517.83;0.93;0.00;22.23;DEFAULT_VEHTYPE;;0;0.00
891.00;654207127#6_0;13.98;2.30;347.00;0.72;856293281_0;5.10;0.00;tripinfo_474;544.00;474;0;4389.45;0.95;0.00;66.18;DEFAULT_VEHTYPE;;2;2.00
891.00;158331590_0;10.09;7.30;462.00;0.04;-220267105#2_0;5.10;0.00;tripinfo_618;429.00;618;1;2920.33;0.95;0.00;58.73;DEFAULT_VEHTYPE;;2;14.00
892.00;117055115_0;0.20;7.19;732.00;0.28;-781742860#5_0;5.10;0.00;tripinfo_1001;160.00;1001;1;946.87;0.94;0.00;37.51;DEFAULT_VEHTYPE;;1;20.00
892.00;8404828#1_0;39.85;5.53;820.00;0.36;8385415#0_0;0.20;0.00;tripinfo_1137;72.00;1137;0;401.00;0.77;0.00;8.45;DEFAULT_VEHTYPE;;0;0.00
893.00;4441062_0;62.39;14.24;565.00;0.32;-239757874#1_0;5.10;0.00;tripinfo_769;328.00;769;0;3353.61;1.09;0.00;77.21;DEFAULT_VEHTYPE;;1;30.00
893.00;-7682866#1_0;331.72;8.60;692.00;0.72;413722453#0_0;5.10;0.00;tripinfo_949;201.00;949;0;1834.64;1.05;0.00;32.27;DEFAULT_VEHTYPE;;1;8.00
893.00;-14858868_0;74.65;8.27;759.00;0.28;-15089551_0;5.10;0.00;tripinfo_1051;134.00;1051;0;870.96;1.09;0.00;19.39;DEFAULT_VEHTYPE;;0;0.00
894.00;-70724346#1_0;10.10;7.95;400.00;1.92;4726710#0_0;5.10;0.00;tripinfo_539;494.00;539;1;3333.78;1.11;0.00;86.83;DEFAULT_VEHTYPE;;1;3.00
894.00;-4318228#2_0;265.98;7.08;503.00;0.56;606127853_0;5.10;0.00;tripinfo_677;391.00;677;0;2413.69;0.87;0.00;40.94;DEFAULT_VEHTYPE;;0;0.00
894.00;8384905#0_0;74.73;9.14;602.00;0.52;109993439_0;5.10;0.00;tripinfo_809;292.00;809;1;2309.91;1.15;0.00;41.22;DEFAULT_VEHTYPE;;0;0.00
894.00;231945290#6_0;54.95;7.65;690.00;0.40;627916937_0;5.10;0.00;tripinfo_930;204.00;930;0;1418.22;0.96;0.00;21.60;DEFAULT_VEHTYPE;;1;1.00
897.00;-220267105#0_0;21.27;8.80;460.00;0.40;-4426076#2_0;5.10;0.00;tripinfo_630;437.00;630;0;2388.93;1.10;0.00;173.90;DEFAULT_VEHTYPE;;9;81.00
897.00;1111106315_0;73.40;7.37;503.00;0.76;-40493652_0;0.20;0.00;tripinfo_692;394.00;692;1;2547.77;1.03;0.00;52.48;DEFAULT_VEHTYPE;;1;7.00
898.00;16233734#0_0;84.26;7.24;814.00;0.64;-524150326_0;5.10;0.00;tripinfo_1113;84.00;1113;0;551.73;0.92;0.00;10.18;DEFAULT_VEHTYPE;;0;0.00
900.00;-14118784#0_0;104.44;7.44;708.00;0.32;8382358_0;5.10;0.00;tripinfo_969;192.00;969;0;1318.05;1.04;0.00;38.92;DEFAULT_VEHTYPE;;2;9.00
900.00;8382307#0_0;58.85;8.31;796.00;0.52;-220267107#0_0;5.10;0.00;tripinfo_1084;104.00;1084;0;746.97;1.00;0.00;12.69;DEFAULT_VEHTYPE;;0;0.00
901.00;-628762073#5_0;192.89;6.34;560.00;0.28;-31519076#1_0;5.10;0.00;tripinfo_776;341.00;776;0;1808.39;0.87;0.00;72.52;DEFAULT_VEHTYPE;;2;31.00
901.00;-4426074#1_0;287.56;6.82;624.00;0.48;628782529#7_0;5.10;0.00;tripinfo_866;277.00;866;0;2138.34;0.83;0.00;26.76;DEFAULT_VEHTYPE;;0;0.00
902.00;132148870#3_0;109.39;9.20;650.00;0.84;1298817713_0;5.10;0.00;tripinfo_878;252.00;878;0;1952.09;1.15;0.00;40.11;DEFAULT_VEHTYPE;;2;4.00
902.00;414404581#0_0;29.61;8.91;722.00;0.00;-4318239#1_0;5.10;0.00;tripinfo_1000;180.00;1000;0;1287.05;1.11;0.00;38.60;DEFAULT_VEHTYPE;;2;12.00
903.00;4392761#0_0;24.31;11.08;739.00;0.32;-96018881#4_0;5.10;0.00;tripinfo_1019;164.00;1019;0;1067.97;0.86;0.00;20.32;DEFAULT_VEHTYPE;;0;0.00
904.00;4726681#3_0;87.29;8.56;725.00;5.48;31519076#2_0;5.10;0.00;tripinfo_991;179.00;991;1;1252.48;1.04;0.00;23.96;DEFAULT_VEHTYPE;;0;0.00
906.00;-150275988#4_0;21.58;7.48;433.00;0.72;-236306864#4_0;5.10;0.00;tripinfo_574;473.00;574;1;4693.06;1.04;0.00;78.68;DEFAULT_VEHTYPE;;3;24.00
906.00;856293284_1;169.21;14.33;735.00;0.40;23084263#0_0;5.10;0.00;tripinfo_1005;171.00;1005;0;1832.64;1.11;0.00;41.80;DEFAULT_VEHTYPE;;1;19.00
907.00;150275986#2_0;39.71;8.02;729.00;0.36;62020111_0;5.10;0.00;tripinfo_987;178.00;987;0;1282.11;0.99;0.00;20.73;DEFAULT_VEHTYPE;;0;0.00
908.00;220267106#0_0;195.54;6.46;681.00;0.88;290172305#0_0;5.10;0.00;tripinfo_921;227.00;921;0;1484.86;0.93;0.00;33.26;DEFAULT_VEHTYPE;;1;1.00
909.00;-8382302#1_0;190.32;8.04;291.00;0.04;897211373#1_0;5.10;0.00;tripinfo_393;618.00;393;1;5868.90;1.05;0.00;118.05;DEFAULT_VEHTYPE;;5;17.00
909.00;567036034_0;158.55;8.64;436.00;0.16;121794825#1_0;5.10;0.00;tripinfo_597;473.00;597;1;3233.40;1.11;0.00;70.72;DEFAULT_VEHTYPE;;2;3.00
910.00;839709054_1;336.41;14.20;582.00;0.92;-523287556_0;5.10;0.00;tripinfo_789;328.00;789;0;4214.98;1.09;0.00;30.96;DEFAULT_VEHTYPE;;1;4.00
912.00;839709054_0;336.41;11.37;624.00;2.08;198077804#0_0;5.10;0.00;tripinfo_861;288.00;861;0;3291.56;0.90;0.00;23.43;DEFAULT_VEHTYPE;;0;0.00
912.00;510692962#0_0;31.52;7.60;751.00;0.40;30215395#0_0;5.10;0.00;tripinfo_1030;161.00;1030;0;1411.20;1.06;0.00;40.82;DEFAULT_VEHTYPE;;2;10.00
913.00;40151780#0_0;33.06;6.26;575.00;0.72;8382307#0_0;5.10;0.00;tripinfo_774;338.00;774;0;1861.90;0.82;0.00;60.87;DEFAULT_VEHTYPE;;2;21.00
913.00;4726684#0_0;33.91;8.82;695.00;3.48;8140196_0;5.10;0.00;tripinfo_941;218.00;941;0;2090.45;1.15;0.00;63.79;DEFAULT_VEHTYPE;;1;1.00
913.00;13764389_0;0.51;9.35;760.00;0.08;830745951_0;5.10;0.00;tripinfo_1036;153.00;1036;0;1073.37;0.94;0.00;15.64;DEFAULT_VEHTYPE;;0;0.00
915.00;31427215#0_1;105.00;12.73;802.00;0.80;8152033#0_0;5.10;0.00;tripinfo_1085;113.00;1085;0;825.51;0.97;0.00;20.42;DEFAULT_VEHTYPE;;1;2.00
916.00;96018881#0_0;97.29;7.68;714.00;0.76;-17670100#4_0;5.10;0.00;tripinfo_967;202.00;967;1;1361.14;1.03;0.00;42.70;DEFAULT_VEHTYPE;;1;13.00
916.00;-8139943#1_0;37.86;6.66;787.00;0.88;95742119#1_0;3.64;0.00;tripinfo_1071;129.00;1071;0;1095.00;0.89;0.00;15.84;DEFAULT_VEHTYPE;;1;2.00
917.00;31427257#6_0;27.70;12.80;663.00;0.04;-1167764376_0;5.10;0.00;tripinfo_918;254.00;918;0;2838.45;0.99;0.00;21.84;DEFAULT_VEHTYPE;;0;0.00
917.00;136174723_0;113.70;7.57;812.00;0.08;1168195444#0_0;5.10;0.00;tripinfo_1111;105.00;1111;0;736.37;0.95;0.00;11.61;DEFAULT_VEHTYPE;;0;0.00
918.00;4726684#0_0;33.91;7.98;700.00;0.56;162611854#1_0;0.20;0.00;tripinfo_952;218.00;952;0;2295.98;0.98;0.00;22.90;DEFAULT_VEHTYPE;;0;0.00
919.00;302657565#0_0;212.13;7.16;700.00;1.16;150275986#2_0;5.10;0.00;tripinfo_947;219.00;947;0;1610.55;0.96;0.00;27.37;DEFAULT_VEHTYPE;;0;0.00
920.00;-14118784#0_0;104.44;6.53;643.00;0.76;4426074#0_0;5.10;0.00;tripinfo_867;277.00;867;0;1799.47;0.92;0.00;41.10;DEFAULT_VEHTYPE;;1;9.00
921.00;7682864#0_0;69.58;6.63;665.00;0.76;8382302#1_0;5.10;0.00;tripinfo_917;256.00;917;0;1762.80;0.95;0.00;30.96;DEFAULT_VEHTYPE;;1;2.00
922.00;-150275984#6_0;73.53;8.00;536.00;0.04;1263793723_0;5.10;0.00;tripinfo_718;386.00;718;0;2003.64;1.03;0.00;155.48;DEFAULT_VEHTYPE;;6;84.00
922.00;-400062404_0;3.59;4.60;583.00;0.48;-150275988#4_0;5.10;0.00;tripinfo_791;339.00;791;0;2260.20;1.02;0.00;58.99;DEFAULT_VEHTYPE;;3;12.00
923.00;36801001#2_1;41.85;13.69;557.00;0.28;-4318239#1_0;5.10;0.00;tripinfo_751;366.00;751;0;3811.96;1.01;0.00;67.50;DEFAULT_VEHTYPE;;1;9.00
926.00;-8140188#16_0;144.61;7.30;237.00;0.76;-628755544#1_0;5.10;0.00;tripinfo_317;689.00;317;1;4465.08;0.90;0.00;190.88;DEFAULT_VEHTYPE;;10;101.00
927.00;555922918#0_0;213.94;6.79;344.00;0.68;109398805_0;5.10;0.00;tripinfo_456;583.00;456;1;4437.88;0.97;0.00;167.31;DEFAULT_VEHTYPE;;7;95.00
929.00;14471542#8_0;50.73;7.97;786.00;0.92;4726681#2_0;5.10;0.00;tripinfo_1089;143.00;1089;0;1171.19;0.98;0.00;17.22;DEFAULT_VEHTYPE;;0;0.00
929.00;31431343#0_0;47.35;6.20;850.00;0.76;31431544#4_0;5.10;0.00;tripinfo_1167;79.00;1167;0;414.92;0.80;0.00;14.76;DEFAULT_VEHTYPE;;1;2.00
931.00;396926518_0;24.03;8.81;821.00;0.56;-8382393#3_0;5.10;0.00;tripinfo_1127;110.00;1127;0;742.21;1.12;0.00;29.11;DEFAULT_VEHTYPE;;1;13.00
932.00;47896065_0;0.99;4.49;835.00;0.12;14858868_0;5.10;0.00;tripinfo_1154;97.00;1154;1;595.65;1.01;0.00;14.74;DEFAULT_VEHTYPE;;1;1.00
933.00;377719665_0;50.44;6.96;594.00;0.16;14471542#5_0;1.52;0.00;tripinfo_822;339.00;822;0;2072.77;0.90;0.00;36.02;DEFAULT_VEHTYPE;;0;0.00
934.00;-4426075#1_0;235.07;6.61;694.00;2.60;-40493501#1_0;5.10;0.00;tripinfo_945;240.00;945;0;1591.76;0.93;0.00;26.08;DEFAULT_VEHTYPE;;0;0.00
934.00;265113916#0_0;72.13;7.00;792.00;0.40;-27882418#1_0;5.10;0.00;tripinfo_1080;142.00;1080;0;949.81;0.95;0.00;19.21;DEFAULT_VEHTYPE;;1;1.00
936.00;-121794822#3_0;11.26;2.92;787.00;0.28;-150275988#5_0;5.10;0.00;tripinfo_1076;149.00;1076;0;755.29;1.10;0.00;29.45;DEFAULT_VEHTYPE;;2;3.00
937.00;96016135_0;3.41;4.18;618.00;0.56;-4730648#4_0;5.10;0.00;tripinfo_852;319.00;852;1;1412.78;0.76;0.00;50.70;DEFAULT_VEHTYPE;;1;3.00
937.00;-47999870_0;46.74;7.19;676.00;0.84;4730654_0;5.10;0.00;tripinfo_928;261.00;928;0;1688.56;0.94;0.00;31.75;DEFAULT_VEHTYPE;;0;0.00
937.00;8152036#1_0;114.03;6.20;818.00;0.32;-231940830#3_0;5.10;0.00;tripinfo_1119;119.00;1119;0;769.34;0.87;0.00;12.20;DEFAULT_VEHTYPE;;0;0.00
938.00;829968897_0;14.12;8.08;571.00;0.20;15089643_0;5.10;0.00;tripinfo_790;367.00;790;0;3326.24;1.07;0.00;54.32;DEFAULT_VEHTYPE;;3;5.00
938.00;830745951_0;281.47;7.90;735.00;0.84;7682864#0_0;5.10;0.00;tripinfo_1003;203.00;1003;0;1631.65;1.10;0.00;22.98;DEFAULT_VEHTYPE;;1;2.00
938.00;8382328#0_0;261.65;7.61;791.00;0.08;-13764389_0;0.72;0.00;tripinfo_1086;147.00;1086;0;1054.40;1.06;0.00;26.34;DEFAULT_VEHTYPE;;0;0.00
939.00;174272154#0_0;24.16;12.79;619.00;0.72;183370113#4_0;5.10;0.00;tripinfo_849;320.00;849;0;3069.18;0.96;0.00;74.05;DEFAULT_VEHTYPE;;2;25.00
939.00;62020111_0;70.03;8.18;634.00;0.68;1153265597#0_0;5.10;0.00;tripinfo_856;305.00;856;0;2367.12;1.11;0.00;46.95;DEFAULT_VEHTYPE;;2;8.00
940.00;400961625#0_0;10.80;12.64;806.00;0.24;4726681#1_0;5.10;0.00;tripinfo_1108;134.00;1108;0;1323.84;0.95;0.00;13.32;DEFAULT_VEHTYPE;;0;0.00
942.00;628762073#0_0;192.93;7.08;792.00;0.48;-8382302#0_0;5.10;0.00;tripinfo_1091;150.00;1091;0;897.37;0.87;0.00;24.08;DEFAULT_VEHTYPE;;1;5.00
943.00;8384928_0;90.57;7.15;670.00;0.48;8382365#1_0;5.10;0.00;tripinfo_916;273.00;916;0;1731.60;0.93;0.00;47.90;DEFAULT_VEHTYPE;;2;8.00
943.00;23084282_0;174.64;7.63;718.00;0.60;-150276003#1_0;5.10;0.00;tripinfo_995;225.00;995;0;1630.40;1.01;0.00;29.37;DEFAULT_VEHTYPE;;1;4.00
943.00;155472436#0_0;108.36;7.57;892.00;0.96;62020116#0_0;5.10;0.00;tripinfo_1232;51.00;1232;0;315.64;0.96;0.00;12.82;DEFAULT_VEHTYPE;;1;1.00
944.00;5451844#0_0;38.91;6.92;522.00;0.28;150275988#3_0;5.10;0.00;tripinfo_701;422.00;701;0;3527.74;0.93;0.00;72.20;DEFAULT_VEHTYPE;;2;25.00
945.00;1287393211#3_0;112.00;7.99;518.00;0.20;524151750#0_0;5.10;0.00;tripinfo_715;427.00;715;1;2103.19;1.14;0.00;202.86;DEFAULT_VEHTYPE;;2;117.00
946.00;-31512978#1_0;13.39;8.24;889.00;0.44;29023713#0_0;5.10;0.00;tripinfo_1223;57.00;1223;0;486.03;1.00;0.00;6.48;DEFAULT_VEHTYPE;;0;0.00
947.00;40493501#3_0;158.44;9.28;559.00;0.52;14858643#0_0;5.10;0.00;tripinfo_759;388.00;759;1;2948.82;1.13;0.00;89.34;DEFAULT_VEHTYPE;;5;16.00
947.00;220267247#2_0;3.57;9.21;845.00;0.72;150275984#3_0;5.10;0.00;tripinfo_1149;102.00;1149;0;847.22;1.19;0.00;14.79;DEFAULT_VEHTYPE;;1;1.00
948.00;174272151_0;27.97;6.40;375.00;0.12;653443701_0;5.10;0.00;tripinfo_504;573.00;504;0;2310.42;0.90;0.00;345.87;DEFAULT_VEHTYPE;;4;292.00
948.00;745660413#2_0;0.20;5.44;751.00;0.60;33301688#0_0;5.10;0.00;tripinfo_1020;197.00;1020;0;1497.37;1.14;0.00;31.88;DEFAULT_VEHTYPE;;0;0.00
948.00;220267106#0_0;195.54;6.85;821.00;0.44;1153265597#0_0;5.10;0.00;tripinfo_1123;127.00;1123;0;838.48;0.95;0.00;20.91;DEFAULT_VEHTYPE;;1;5.00
949.00;-23084263#0_0;84.85;6.26;568.00;0.52;625259600_0;5.10;0.00;tripinfo_784;381.00;784;0;3795.80;0.87;0.00;30.06;DEFAULT_VEHTYPE;;0;0.00
950.00;950756091_0;18.04;7.22;799.00;0.32;-4312572#1_0;5.10;0.00;tripinfo_1094;151.00;1094;0;1135.35;1.01;0.00;19.17;DEFAULT_VEHTYPE;;1;1.00
951.00;150275984#5_0;73.36;6.17;441.00;0.60;4726680_0;5.10;0.00;tripinfo_595;510.00;595;0;2960.23;0.88;0.00;118.79;DEFAULT_VEHTYPE;;5;35.00
953.00;403882373_0;13.29;10.23;596.00;0.96;150275986#3_0;5.10;0.00;tripinfo_807;357.00;807;0;2627.08;1.28;0.00;108.17;DEFAULT_VEHTYPE;;3;47.00
953.00;8385415#1_0;276.30;7.66;669.00;0.96;-628762073#5_0;5.10;0.00;tripinfo_907;284.00;907;0;1928.31;1.04;0.00;59.66;DEFAULT_VEHTYPE;;0;0.00
954.00;393494868_0;404.92;12.57;634.00;0.20;400062408_0;5.10;0.00;tripinfo_865;320.00;865;1;2391.84;0.98;0.00;77.23;DEFAULT_VEHTYPE;;3;14.00
954.00;14118784#1_0;30.19;7.67;724.00;4.44;960773147_0;5.10;0.00;tripinfo_973;230.00;973;0;1582.33;1.02;0.00;37.91;DEFAULT_VEHTYPE;;1;7.00
954.00;47999870_0;44.01;8.42;750.00;0.88;-524150333#1_0;5.10;0.00;tripinfo_1021;204.00;1021;0;1546.46;1.10;0.00;32.70;DEFAULT_VEHTYPE;;2;7.00
955.00;162611854#2_0;178.35;8.50;568.00;0.76;654207120_0;0.20;0.00;tripinfo_767;387.00;767;0;2365.92;1.17;0.00;113.43;DEFAULT_VEHTYPE;;5;46.00
956.00;781742860#1_0;37.69;7.41;733.00;5.64;4760584#0_0;5.10;0.00;tripinfo_988;223.00;988;1;1280.43;0.91;0.00;50.39;DEFAULT_VEHTYPE;;1;19.00
956.00;31412878_0;156.52;5.46;751.00;0.16;4726712#0_0;5.10;0.00;tripinfo_1022;205.00;1022;0;1538.18;1.11;0.00;26.35;DEFAULT_VEHTYPE;;0;0.00
958.00;8382279#0_0;210.16;7.31;750.00;0.12;-643081314#1_0;5.10;0.00;tripinfo_1029;208.00;1029;0;1064.16;0.90;0.00;64.78;DEFAULT_VEHTYPE;;2;43.00
959.00;628781006#1_0;76.64;7.70;756.00;0.80;181218814#0_0;5.10;0.00;tripinfo_1035;203.00;1035;0;1830.67;0.94;0.00;17.01;DEFAULT_VEHTYPE;;0;0.00
959.00;606127854#0_0;16.42;3.73;825.00;0.68;395153043_0;0.20;0.00;tripinfo_1131;134.00;1131;0;850.57;0.87;0.00;15.27;DEFAULT_VEHTYPE;;0;0.00
960.00;62020119#0_0;56.78;8.69;544.00;0.92;33301663#0_0;5.10;0.00;tripinfo_739;416.00;739;0;4390.60;1.10;0.00;95.76;DEFAULT_VEHTYPE;;4;28.00
962.00;4726711#1_0;85.67;9.32;808.00;0.68;567036033_0;5.10;0.00;tripinfo_1106;154.00;1106;0;1218.18;1.17;0.00;22.43;DEFAULT_VEHTYPE;;0;0.00
962.00;31459223#0_0;58.35;7.34;850.00;2.32;47999872_0;5.10;0.00;tripinfo_1169;112.00;1169;0;809.63;1.00;0.00;12.93;DEFAULT_VEHTYPE;;0;0.00
962.00;1287393211#3_0;112.00;6.33;853.00;0.60;231475823#0_0;5.10;0.00;tripinfo_1170;109.00;1170;0;212.99;0.88;0.00;79.07;DEFAULT_VEHTYPE;;2;65.00
963.00;-231475826#2_0;97.43;8.65;539.00;0.64;4726718_0;5.10;0.00;tripinfo_738;424.00;738;0;1407.34;1.07;0.00;298.86;DEFAULT_VEHTYPE;;3;267.00
963.00;4730616#2_0;5.29;6.51;624.00;0.64;31431101#5_0;5.10;0.00;tripinfo_863;339.00;863;0;1794.06;0.81;0.00;43.04;DEFAULT_VEHTYPE;;0;0.00
963.00;31427257#6_0;27.70;14.17;685.00;0.56;5450858#0_0;5.10;0.00;tripinfo_927;278.00;927;1;2066.34;1.09;0.00;38.33;DEFAULT_VEHTYPE;;1;8.00
965.00;-8382444_0;206.60;7.14;827.00;0.28;-220267247#0_0;5.10;0.00;tripinfo_1126;138.00;1126;0;1019.92;0.99;0.00;12.88;DEFAULT_VEHTYPE;;0;0.00
966.00;40493384#0_0;42.03;8.54;376.00;0.40;413722450_0;5.10;0.00;tripinfo_505;590.00;505;0;1730.02;1.11;0.00;444.62;DEFAULT_VEHTYPE;;5;405.00
966.00;174272154#0_0;24.16;13.30;715.00;6.08;23179512#0_0;5.10;0.00;tripinfo_961;251.00;961;0;2695.93;1.02;0.00;43.69;DEFAULT_VEHTYPE;;2;11.00
967.00;8382328#0_0;261.65;7.00;653.00;0.12;29023870#0_0;5.10;0.00;tripinfo_904;314.00;904;0;2714.49;0.94;0.00;39.31;DEFAULT_VEHTYPE;;1;8.00
968.00;4730616#2_0;5.29;8.52;641.00;0.12;47999872_0;5.10;0.00;tripinfo_879;327.00;879;0;1984.40;1.04;0.00;73.32;DEFAULT_VEHTYPE;;1;21.00
968.00;839709054_0;336.41;12.89;742.00;0.64;31411842#0_0;5.10;0.00;tripinfo_1013;226.00;1013;1;1608.46;0.98;0.00;44.73;DEFAULT_VEHTYPE;;3;13.00
969.00;8152037#1_0;54.59;6.93;313.00;0.68;4441063_0;5.10;0.00;tripinfo_431;656.00;431;1;4226.43;0.90;0.00;111.50;DEFAULT_VEHTYPE;;5;29.00
969.00;132148873_0;276.78;9.63;806.00;0.56;220267107#1_0;5.10;0.00;tripinfo_1102;163.00;1102;0;1139.77;1.20;0.00;48.53;DEFAULT_VEHTYPE;;3;10.00
973.00;95742114_0;11.51;7.98;528.00;0.56;231940830#0_0;5.10;0.00;tripinfo_727;445.00;727;1;3177.48;0.99;0.00;91.31;DEFAULT_VEHTYPE;;4;28.00
973.00;-31519076#1_0;56.60;4.48;744.00;0.28;8384926#1_0;5.10;0.00;tripinfo_1026;229.00;1026;0;1540.10;1.00;0.00;30.82;DEFAULT_VEHTYPE;;0;0.00
974.00;720012594#0_0;74.40;6.10;745.00;0.44;19846527#0_0;5.10;0.00;tripinfo_1023;229.00;1023;0;1341.41;0.85;0.00;38.84;DEFAULT_VEHTYPE;;1;14.00
974.00;1041085657#0_0;6.25;6.82;799.00;0.84;8382393#3_0;5.10;0.00;tripinfo_1103;175.00;1103;1;898.34;0.86;0.00;31.06;DEFAULT_VEHTYPE;;1;10.00
975.00;-31512978#1_0;13.39;6.55;558.00;0.80;-8382445#1_0;5.10;0.00;tripinfo_760;417.00;760;1;2562.43;0.86;0.00;71.82;DEFAULT_VEHTYPE;;1;27.00
975.00;291949061#0_0;196.65;5.26;688.00;0.12;-155472436#1_0;5.10;0.00;tripinfo_954;287.00;954;0;2263.63;1.03;0.00;49.75;DEFAULT_VEHTYPE;;2;12.00
976.00;107118812_0;114.11;7.57;552.00;0.88;963479927#0_0;5.10;0.00;tripinfo_746;424.00;746;1;2958.36;1.01;0.00;76.98;DEFAULT_VEHTYPE;;2;13.00
976.00;510692962#0_0;31.52;8.37;644.00;0.88;150275984#4_0;5.10;0.00;tripinfo_871;332.00;871;1;2225.09;1.01;0.00;53.72;DEFAULT_VEHTYPE;;3;9.00
977.00;496872852_0;139.31;7.54;714.00;0.60;150275984#2_0;5.10;0.00;tripinfo_970;263.00;970;0;1792.37;0.92;0.00;27.86;DEFAULT_VEHTYPE;;0;0.00
978.00;62020321_1;201.46;15.05;710.00;0.24;249386315_0;5.10;0.00;tripinfo_983;268.00;983;0;3122.19;1.09;0.00;31.52;DEFAULT_VEHTYPE;;1;7.00
979.00;14471542#2_0;80.55;6.97;612.00;0.04;875773546_0;5.10;0.00;tripinfo_843;367.00;843;1;2292.38;0.97;0.00;82.74;DEFAULT_VEHTYPE;;3;40.00
981.00;119180322_0;109.44;8.48;686.00;0.92;-31445160#2_0;5.10;0.00;tripinfo_939;295.00;939;0;2719.72;1.03;0.00;45.79;DEFAULT_VEHTYPE;;2;10.00
982.00;-13853659#0_0;30.86;5.71;860.00;0.36;15089551_0;5.10;0.00;tripinfo_1187;122.00;1187;0;680.57;1.10;0.00;19.81;DEFAULT_VEHTYPE;;0;0.00
984.00;31431608_0;235.51;9.29;710.00;9.20;4730637#2_0;5.10;0.00;tripinfo_965;274.00;965;0;2268.73;1.15;0.00;34.74;DEFAULT_VEHTYPE;;0;0.00
984.00;606127856_0;2.38;1.67;983.00;0.64;606127856_0;2.38;0.00;tripinfo_1363;1.00;1363;1;0.00;1.12;0.00;0.73;DEFAULT_VEHTYPE;;0;0.00
985.00;8250533#0_0;168.62;8.81;363.00;0.08;625259600_0;5.10;0.00;tripinfo_486;622.00;486;1;5108.96;1.06;0.00;174.14;DEFAULT_VEHTYPE;;8;70.00
985.00;-13764245#1_0;218.00;7.69;374.00;0.48;410939627_0;0.20;0.00;tripinfo_516;611.00;516;0;3027.84;1.00;0.00;344.38;DEFAULT_VEHTYPE;;5;283.00
987.00;121794824_0;75.93;3.03;728.00;0.96;524150320#0_0;5.10;0.00;tripinfo_1007;259.00;1007;0;1344.21;1.16;0.00;70.03;DEFAULT_VEHTYPE;;3;13.00
988.00;-434361017#1_0;49.79;7.61;508.00;0.40;-8382305_0;5.10;0.00;tripinfo_705;480.00;705;0;3747.90;0.93;0.00;100.37;DEFAULT_VEHTYPE;;1;3.00
988.00;-36786445#2_0;1.24;7.62;541.00;0.00;-145550725#1_0;5.10;0.00;tripinfo_725;447.00;725;1;2057.42;0.95;0.00;118.98;DEFAULT_VEHTYPE;;4;50.00
988.00;132148870#2_0;16.35;7.55;811.00;0.20;-1267194155#2_0;5.10;0.00;tripinfo_1115;177.00;1115;0;1183.22;1.03;0.00;40.79;DEFAULT_VEHTYPE;;1;13.00
989.00;31445160#1_0;115.52;8.43;605.00;269.64;159636085#1_0;3.58;0.00;tripinfo_463;384.00;463;0;479.62;1.13;0.00;335.34;DEFAULT_VEHTYPE;;4;321.00
989.00;-150275985#2_0;56.92;7.70;620.00;0.16;231475823#0_0;5.10;0.00;tripinfo_847;369.00;847;0;2072.63;0.99;0.00;117.35;DEFAULT_VEHTYPE;;5;48.00
989.00;610739513#0_0;119.34;6.79;878.00;0.48;4730648#0_0;5.10;0.00;tripinfo_1191;111.00;1191;0;679.37;0.84;0.00;12.45;DEFAULT_VEHTYPE;;0;0.00
990.00;327412184_0;120.57;8.94;822.00;0.48;-244422544#1_0;5.10;0.00;tripinfo_1116;168.00;1116;1;1367.25;1.12;0.00;19.81;DEFAULT_VEHTYPE;;0;0.00
990.00;-4318237#2_0;108.82;9.33;897.00;0.36;-47426239_0;5.10;0.00;tripinfo_1237;93.00;1237;0;777.04;1.12;0.00;9.20;DEFAULT_VEHTYPE;;0;0.00
991.00;13764247#0_0;152.62;8.20;501.00;0.16;628781006#3_0;5.10;0.00;tripinfo_672;490.00;672;0;597.34;1.07;0.00;423.76;DEFAULT_VEHTYPE;;4;403.00
991.00;4441063_1;98.00;14.37;717.00;0.00;14118784#0_0;5.10;0.00;tripinfo_975;274.00;975;0;2549.02;1.05;0.00;35.45;DEFAULT_VEHTYPE;;0;0.00
994.00;-8250527#0_0;61.69;7.25;294.00;0.96;31427257#7_0;5.10;0.00;tripinfo_407;700.00;407;1;4876.56;0.94;0.00;204.89;DEFAULT_VEHTYPE;;10;99.00
997.00;745660413#0_0;14.65;5.29;643.00;5.16;8382283#0_0;5.10;0.00;tripinfo_872;354.00;872;1;2166.67;0.96;0.00;79.81;DEFAULT_VEHTYPE;;4;20.00
997.00;-150275984#6_0;73.53;5.64;847.00;0.08;40493386#0_0;5.10;0.00;tripinfo_1161;150.00;1161;0;937.91;0.95;0.00;30.38;DEFAULT_VEHTYPE;;2;5.00
999.00;62020111_0;70.03;8.41;738.00;0.88;109993439_0;5.10;0.00;tripinfo_996;261.00;996;0;2899.17;1.04;0.00;26.07;DEFAULT_VEHTYPE;;1;1.00
1001.00;239923867#0_0;199.77;8.21;459.00;0.80;159636084#1_0;5.10;0.00;tripinfo_635;542.00;635;0;570.13;1.06;0.00;475.67;DEFAULT_VEHTYPE;;4;462.00
1001.00;-524150311#1_1;52.20;6.56;879.00;0.04;70724349_0;5.10;0.00;tripinfo_1193;122.00;1193;0;744.15;0.85;0.00;15.29;DEFAULT_VEHTYPE;;0;0.00
1002.00;-150275984#3_0;22.78;6.87;547.00;0.32;13430690#0_0;5.10;0.00;tripinfo_744;455.00;744;1;4324.74;0.89;0.00;40.85;DEFAULT_VEHTYPE;;0;0.00
1002.00;410939625_1;72.52;14.00;754.00;0.04;23084282_0;5.10;0.00;tripinfo_1043;248.00;1043;0;2821.68;1.04;0.00;27.35;DEFAULT_VEHTYPE;;0;0.00
1003.00;393494867_0;123.28;11.40;810.00;0.40;-237344387_0;5.10;0.00;tripinfo_1105;193.00;1105;0;1517.26;0.88;0.00;20.64;DEFAULT_VEHTYPE;;0;0.00
1003.00;265113916#0_0;72.13;7.46;960.00;0.36;31518448#0_0;5.10;0.00;tripinfo_1312;43.00;1312;0;302.88;1.01;0.00;5.91;DEFAULT_VEHTYPE;;0;0.00
1005.00;-654207127#1_0;72.74;2.01;895.00;0.64;-654207122_0;0.20;0.00;tripinfo_1238;110.00;1238;0;251.29;1.06;0.00;24.46;DEFAULT_VEHTYPE;;1;1.00
1006.00;1298952887_0;58.30;7.01;874.00;0.44;31449007_0;5.10;0.00;tripinfo_1198;132.00;1198;0;708.25;0.95;0.00;15.92;DEFAULT_VEHTYPE;;0;0.00
1007.00;-220267247#1_0;24.82;7.04;715.00;0.04;8382359_0;5.10;0.00;tripinfo_968;292.00;968;0;1709.69;0.98;0.00;54.72;DEFAULT_VEHTYPE;;2;15.00
1007.00;-654207120_0;0.20;2.22;744.00;0.20;-8382358_0;5.10;0.00;tripinfo_1015;263.00;1015;0;1357.56;0.99;0.00;61.25;DEFAULT_VEHTYPE;;3;12.00
1007.00;-8385415#3_0;276.25;7.90;857.00;0.20;-119180342#1_0;5.10;0.00;tripinfo_1165;150.00;1165;0;1332.36;0.98;0.00;16.92;DEFAULT_VEHTYPE;;0;0.00
1010.00;-8382281#2_0;201.08;7.45;280.00;0.80;36801001#1_0;5.10;0.00;tripinfo_385;730.00;385;1;5347.23;1.02;0.00;206.52;DEFAULT_VEHTYPE;;11;82.00
1010.00;433333438#0_0;23.51;9.38;739.00;0.68;8382395#0_0;5.10;0.00;tripinfo_1006;271.00;1006;0;2994.76;1.17;0.00;61.49;DEFAULT_VEHTYPE;;1;4.00
1010.00;17670100#2_0;87.92;7.21;830.00;0.60;8382447#2_0;5.10;0.00;tripinfo_1145;180.00;1145;0;1124.95;0.91;0.00;30.68;DEFAULT_VEHTYPE;;1;10.00
1011.00;-13764245#1_0;218.00;7.07;424.00;0.36;40487883#0_0;5.10;0.00;tripinfo_562;587.00;562;0;3148.01;0.96;0.00;284.86;DEFAULT_VEHTYPE;;6;225.00
1011.00;8382444_0;205.41;7.11;732.00;0.56;-155472436#1_0;5.10;0.00;tripinfo_1002;279.00;1002;0;1839.55;0.91;0.00;33.84;DEFAULT_VEHTYPE;;0;0.00
1011.00;265113917#0_0;48.01;7.70;768.00;0.08;-121794822#3_0;5.10;0.00;tripinfo_1061;243.00;1061;0;1198.12;0.96;0.00;59.10;DEFAULT_VEHTYPE;;3;19.00
1011.00;124862963#0_0;89.92;12.74;832.00;0.96;1263793722#0_0;5.10;0.00;tripinfo_1132;179.00;1132;0;1600.54;0.96;0.00;26.72;DEFAULT_VEHTYPE;;1;7.00
1012.00;-4312633_0;83.91;8.98;655.00;0.16;450925440_0;5.10;0.00;tripinfo_897;357.00;897;1;2474.81;1.14;0.00;97.24;DEFAULT_VEHTYPE;;2;40.00
1012.00;393494867_0;123.28;13.28;771.00;0.24;430855719_0;5.10;0.00;tripinfo_1058;241.00;1058;0;1933.78;1.00;0.00;47.32;DEFAULT_VEHTYPE;;2;19.00
1013.00;-13764245#1_0;218.00;8.48;621.00;0.80;4426076#0_0;5.10;0.00;tripinfo_860;392.00;860;0;1217.75;1.08;0.00;256.00;DEFAULT_VEHTYPE;;5;203.00
1014.00;770622525_0;67.29;9.14;945.00;1.92;1174387992_0;3.66;0.00;tripinfo_1289;69.00;1289;0;791.19;1.13;0.00;12.82;DEFAULT_VEHTYPE;;0;0.00
1015.00;606127854#0_0;16.42;5.02;649.00;0.48;8384886#0_0;5.10;0.00;tripinfo_891;366.00;891;1;2350.45;0.98;0.00;74.03;DEFAULT_VEHTYPE;;2;33.00
1015.00;40151780#0_0;33.06;7.89;665.00;0.00;244422544#0_0;5.10;0.00;tripinfo_900;350.00;900;1;2611.04;1.05;0.00;54.15;DEFAULT_VEHTYPE;;2;15.00
1015.00;524150338#0_0;31.11;8.62;902.00;0.60;8384928_0;5.10;0.00;tripinfo_1245;113.00;1245;0;867.96;1.10;0.00;16.71;DEFAULT_VEHTYPE;;0;0.00
1016.00;23179512#1_0;91.48;6.21;617.00;0.88;-628762073#5_0;5.10;0.00;tripinfo_846;399.00;846;0;2046.98;0.84;0.00;104.16;DEFAULT_VEHTYPE;;5;56.00
1017.00;28208884#0_0;120.14;7.30;669.00;0.80;31428221#0_0;5.10;0.00;tripinfo_910;348.00;910;0;2072.76;0.90;0.00;69.84;DEFAULT_VEHTYPE;;2;29.00
1018.00;40598677#0_0;25.84;5.09;677.00;0.36;-121794822#1_0;5.10;0.00;tripinfo_937;341.00;937;0;1354.01;0.70;0.00;71.22;DEFAULT_VEHTYPE;;1;22.00
1018.00;132148870#3_0;109.39;9.05;844.00;1.80;40598675#3_0;5.10;0.00;tripinfo_1160;174.00;1160;0;1338.09;1.21;0.00;44.27;DEFAULT_VEHTYPE;;1;4.00
1018.00;308337938_0;0.20;8.50;871.00;0.52;972497141_0;0.69;0.00;tripinfo_1209;147.00;1209;0;980.28;1.03;0.00;32.35;DEFAULT_VEHTYPE;;0;0.00
1019.00;1298952887_0;58.30;7.71;705.00;0.56;40493652_0;0.20;0.00;tripinfo_977;314.00;977;1;1790.01;1.05;0.00;66.42;DEFAULT_VEHTYPE;;2;21.00
1020.00;5451844#0_0;38.91;5.96;656.00;0.36;8382358_0;5.10;0.00;tripinfo_887;364.00;887;0;2927.46;0.77;0.00;35.48;DEFAULT_VEHTYPE;;0;0.00
1021.00;220267107#1_0;76.49;7.06;307.00;0.36;897325985#1_0;5.10;0.00;tripinfo_412;714.00;412;1;4890.94;0.98;0.00;224.18;DEFAULT_VEHTYPE;;13;97.00
1021.00;-4426074#1_0;287.56;9.42;773.00;0.48;-27882429#2_0;5.10;0.00;tripinfo_1066;248.00;1066;0;2913.59;1.22;0.00;25.45;DEFAULT_VEHTYPE;;0;0.00
1022.00;-36786445#2_0;2.78;7.47;750.00;0.52;-290172305#0_0;5.10;0.00;tripinfo_1034;272.00;1034;1;1773.60;0.94;0.00;46.03;DEFAULT_VEHTYPE;;2;10.00
1022.00;244422544#0_0;113.72;6.95;786.00;0.76;-5450857#1_0;5.10;0.00;tripinfo_1067;236.00;1067;0;1343.03;0.87;0.00;50.57;DEFAULT_VEHTYPE;;2;22.00
1023.00;-32200291_0;88.07;7.64;622.00;0.76;4426074#0_0;5.10;0.00;tripinfo_842;401.00;842;0;2283.72;0.96;0.00;114.19;DEFAULT_VEHTYPE;;5;56.00
1023.00;62020115#0_0;118.19;7.09;642.00;0.20;897211373#1_0;5.10;0.00;tripinfo_890;381.00;890;0;4080.35;0.90;0.00;44.51;DEFAULT_VEHTYPE;;3;9.00
1025.00;8152060#1_0;50.25;8.23;715.00;0.72;70724346#2_0;5.10;0.00;tripinfo_974;310.00;974;1;2149.21;0.99;0.00;47.09;DEFAULT_VEHTYPE;;2;7.00
1025.00;117055115_0;0.20;7.31;855.00;0.84;1198625658_0;5.10;0.00;tripinfo_1178;170.00;1178;0;1290.73;1.06;0.00;17.70;DEFAULT_VEHTYPE;;0;0.00
1026.00;231945290#6_0;54.95;6.91;516.00;0.12;-121794824_0;5.10;0.00;tripinfo_704;510.00;704;1;2801.50;0.93;0.00;87.60;DEFAULT_VEHTYPE;;3;10.00
1026.00;4730648#2_0;41.39;7.81;721.00;0.76;-150275984#3_0;5.10;0.00;tripinfo_992;305.00;992;1;2152.21;1.05;0.00;57.88;DEFAULT_VEHTYPE;;2;25.00
1026.00;4422176_0;179.82;13.17;852.00;0.36;939752205#0_0;5.10;0.00;tripinfo_1162;174.00;1162;0;2009.37;0.96;0.00;15.18;DEFAULT_VEHTYPE;;1;5.00
1026.00;31431544#4_0;16.75;5.41;905.00;0.28;220267105#4_0;5.10;0.00;tripinfo_1251;121.00;1251;0;634.74;0.80;0.00;22.75;DEFAULT_VEHTYPE;;1;4.00
1028.00;-524150338#1_1;31.10;4.78;738.00;0.04;4726712#0_0;5.10;0.00;tripinfo_1018;290.00;1018;1;1556.33;0.91;0.00;55.28;DEFAULT_VEHTYPE;;2;17.00
1028.00;47426244#0_0;31.62;8.27;797.00;0.64;31449007_0;5.10;0.00;tripinfo_1088;231.00;1088;0;1673.16;1.00;0.00;29.24;DEFAULT_VEHTYPE;;1;4.00
1029.00;145550723_0;62.76;2.06;619.00;0.36;13764389_0;0.51;0.00;tripinfo_837;410.00;837;0;1936.15;0.89;0.00;73.93;DEFAULT_VEHTYPE;;1;1.00
1029.00;62020112#1_1;73.03;14.01;704.00;1.92;14858640_0;5.10;0.00;tripinfo_964;325.00;964;0;4093.08;1.07;0.00;45.27;DEFAULT_VEHTYPE;;1;10.00
1032.00;-95742119#1_0;3.64;4.60;749.00;0.96;137238867#0_0;5.10;0.00;tripinfo_1032;283.00;1032;0;2189.64;0.83;0.00;53.17;DEFAULT_VEHTYPE;;2;14.00
1033.00;231483312_0;63.73;8.23;619.00;2.12;8382410#1_0;5.10;0.00;tripinfo_829;414.00;829;1;2565.16;1.14;0.00;121.17;DEFAULT_VEHTYPE;;0;0.00
1034.00;400586988#1_0;0.20;5.12;896.00;0.08;4726681#0_0;5.10;0.00;tripinfo_1236;138.00;1236;0;1007.39;0.90;0.00;22.67;DEFAULT_VEHTYPE;;1;3.00
1034.00;4726681#1_0;87.55;7.56;964.00;0.36;4726679#1_0;5.10;0.00;tripinfo_1337;70.00;1337;0;517.23;0.99;0.00;9.85;DEFAULT_VEHTYPE;;0;0.00
1035.00;220267106#0_0;195.54;6.52;371.00;0.92;1156329250_0;1.26;0.00;tripinfo_489;664.00;489;1;5678.57;0.91;0.00;94.91;DEFAULT_VEHTYPE;;4;22.00
1036.00;31448937#1_0;72.36;7.99;635.00;0.24;897211373#1_0;5.10;0.00;tripinfo_858;401.00;858;1;2570.55;0.97;0.00;52.87;DEFAULT_VEHTYPE;;1;2.00
1037.00;4318228#0_0;265.81;8.55;924.00;0.80;175976586#4_0;5.10;0.00;tripinfo_1260;113.00;1260;0;712.53;1.07;0.00;31.57;DEFAULT_VEHTYPE;;1;20.00
1039.00;-1156329250_0;1.26;7.00;657.00;0.84;47999870_0;5.10;0.00;tripinfo_903;382.00;903;0;2376.41;0.95;0.00;76.99;DEFAULT_VEHTYPE;;2;16.00
1040.00;231940830#0_0;169.75;9.48;699.00;0.52;-240549301_0;5.10;0.00;tripinfo_959;341.00;959;0;2050.78;1.14;0.00;124.04;DEFAULT_VEHTYPE;;5;46.00
1042.00;8382299#1_0;43.14;5.58;746.00;2.48;40493386#0_0;5.10;0.00;tripinfo_1016;296.00;1016;0;1493.71;0.81;0.00;74.98;DEFAULT_VEHTYPE;;2;24.00
1042.00;29023870#0_0;13.39;7.18;886.00;0.56;4726706#5_0;5.10;0.00;tripinfo_1227;156.00;1227;0;901.94;0.90;0.00;34.59;DEFAULT_VEHTYPE;;1;16.00
1045.00;220267247#3_0;87.46;7.78;442.00;0.92;47027857#0_0;3.95;0.00;tripinfo_589;603.00;589;1;5351.23;0.94;0.00;81.63;DEFAULT_VEHTYPE;;5;22.00
1045.00;36801004#2_0;43.36;11.70;881.00;0.16;31519076#1_0;5.10;0.00;tripinfo_1197;164.00;1197;1;1057.91;0.92;0.00;22.76;DEFAULT_VEHTYPE;;1;1.00
1046.00;150275986#3_0;11.62;7.75;714.00;0.16;40493385#0_0;5.10;0.00;tripinfo_972;332.00;972;0;1794.39;0.98;0.00;105.09;DEFAULT_VEHTYPE;;5;44.00
1047.00;616545124_0;5.20;7.57;880.00;0.60;1053478469#1_0;5.10;0.00;tripinfo_1220;167.00;1220;1;1684.81;1.04;0.00;14.35;DEFAULT_VEHTYPE;;0;0.00
1050.00;1307684786#0_0;49.76;7.82;893.00;0.92;-155472436#1_0;5.10;0.00;tripinfo_1239;157.00;1239;0;1232.41;1.06;0.00;16.43;DEFAULT_VEHTYPE;;0;0.00
1050.00;627916936#1_0;49.23;8.09;914.00;0.72;4726681#1_0;5.10;0.00;tripinfo_1249;136.00;1249;0;1006.03;1.02;0.00;14.56;DEFAULT_VEHTYPE;;0;0.00
1052.00;-4726710#0_0;36.14;4.42;669.00;0.72;-31431101#1_0;5.10;0.00;tripinfo_924;383.00;924;1;2374.59;0.92;0.00;49.96;DEFAULT_VEHTYPE;;1;4.00
1052.00;150275992#0_0;121.51;8.91;725.00;0.12;399914536#0_0;5.10;0.00;tripinfo_1004;327.00;1004;0;1692.97;1.07;0.00;135.61;DEFAULT_VEHTYPE;;4;87.00
1053.00;47999872_0;111.69;9.09;556.00;0.96;13853661#2_0;5.10;0.00;tripinfo_757;497.00;757;1;4582.21;1.14;0.00;105.72;DEFAULT_VEHTYPE;;4;20.00
1053.00;4726717_0;337.28;15.56;832.00;3.28;40598677#0_0;5.10;0.00;tripinfo_1151;221.00;1151;1;1866.83;1.16;0.00;51.29;DEFAULT_VEHTYPE;;1;2.00
1054.00;-8382393#2_0;77.88;6.86;700.00;20.24;121794825#0_0;0.20;0.00;tripinfo_933;354.00;933;0;1786.06;0.91;0.00;79.24;DEFAULT_VEHTYPE;;4;22.00
1054.00;-450925440_0;37.68;7.57;944.00;12.72;40493501#2_0;5.10;0.00;tripinfo_1274;110.00;1274;0;658.49;1.05;0.00;33.16;DEFAULT_VEHTYPE;;0;0.00
1056.00;1174387985#0_0;9.45;7.45;734.00;0.72;121794822#3_0;5.10;0.00;tripinfo_999;322.00;999;0;1849.05;0.94;0.00;57.09;DEFAULT_VEHTYPE;;2;4.00
1056.00;-150275985#2_0;56.92;8.17;793.00;1.24;198077804#4_0;5.10;0.00;tripinfo_1083;263.00;1083;0;2001.15;1.08;0.00;54.22;DEFAULT_VEHTYPE;;0;0.00
1056.00;-31428170#1_0;149.40;7.24;856.00;0.88;-1230294701_0;5.10;0.00;tripinfo_1171;200.00;1171;0;1024.98;0.89;0.00;26.35;DEFAULT_VEHTYPE;;0;0.00
1060.00;-1263793722#2_0;152.83;6.55;431.00;0.76;-145550725#1_0;5.10;0.00;tripinfo_592;629.00;592;1;3357.34;0.92;0.00;125.59;DEFAULT_VEHTYPE;;5;33.00
1060.00;1162841664#0_0;40.14;8.30;596.00;0.08;4426075#0_0;5.10;0.00;tripinfo_811;464.00;811;0;2764.71;1.02;0.00;135.56;DEFAULT_VEHTYPE;;4;31.00
1061.00;31431343#0_0;47.35;8.02;325.00;0.72;31427257#7_0;5.10;0.00;tripinfo_449;736.00;449;1;5308.79;1.04;0.00;241.01;DEFAULT_VEHTYPE;;11;101.00
1061.00;-220267105#1_0;80.88;9.04;686.00;0.64;4441062_0;5.10;0.00;tripinfo_938;375.00;938;0;4256.06;1.16;0.00;53.66;DEFAULT_VEHTYPE;;0;0.00
1061.00;-4312572#1_0;195.83;7.37;891.00;0.64;-1167764376_0;5.10;0.00;tripinfo_1213;170.00;1213;0;1178.21;0.96;0.00;20.46;DEFAULT_VEHTYPE;;0;0.00
1061.00;4730637#0_0;79.83;9.31;910.00;0.52;4730616#0_0;5.10;0.00;tripinfo_1259;151.00;1259;0;1292.49;1.22;0.00;22.25;DEFAULT_VEHTYPE;;0;0.00
1061.00;-40598675#2_0;91.86;7.39;928.00;0.96;198077805#0_0;5.10;0.00;tripinfo_1282;133.00;1282;0;1194.64;0.98;0.00;22.06;DEFAULT_VEHTYPE;;1;3.00
1062.00;121794822#3_0;11.26;2.36;823.00;0.08;-628762074#2_0;5.10;0.00;tripinfo_1136;239.00;1136;0;997.76;0.93;0.00;70.49;DEFAULT_VEHTYPE;;4;26.00
1064.00;8382440#0_0;245.78;7.75;824.00;0.80;121794822#3_0;5.10;0.00;tripinfo_1135;240.00;1135;0;1389.67;1.07;0.00;48.45;DEFAULT_VEHTYPE;;3;13.00
1065.00;8385415#0_0;0.20;6.22;886.00;0.92;62020114#0_0;5.10;0.00;tripinfo_1214;179.00;1214;0;1374.38;0.88;0.00;43.50;DEFAULT_VEHTYPE;;3;18.00
1065.00;31449007_0;3.07;7.88;962.00;2.88;5450857#0_0;5.10;0.00;tripinfo_1321;103.00;1321;1;611.80;1.00;0.00;29.81;DEFAULT_VEHTYPE;;1;17.00
1066.00;220267105#1_0;81.03;7.67;771.00;0.52;220137286#1_0;0.20;0.00;tripinfo_1059;295.00;1059;0;2017.88;0.97;0.00;37.32;DEFAULT_VEHTYPE;;0;0.00
1068.00;180022161#0_0;20.11;5.16;607.00;0.32;121794822#0_0;5.10;0.00;tripinfo_819;461.00;819;0;2456.91;1.11;0.00;154.61;DEFAULT_VEHTYPE;;2;34.00
1068.00;875773546_0;72.96;5.82;811.00;0.60;8152037#1_0;5.10;0.00;tripinfo_1120;257.00;1120;0;1327.93;0.79;0.00;45.25;DEFAULT_VEHTYPE;;2;9.00
1069.00;31427257#0_1;16.91;14.95;691.00;0.84;-220267247#2_0;3.57;0.00;tripinfo_953;378.00;953;0;2809.70;1.13;0.00;77.84;DEFAULT_VEHTYPE;;1;1.00
1070.00;4726706#5_0;34.15;7.14;579.00;0.04;121794822#8_0;5.10;0.00;tripinfo_793;491.00;793;0;2767.37;0.95;0.00;73.47;DEFAULT_VEHTYPE;;1;5.00
1070.00;400062404_0;3.59;3.80;949.00;0.60;4726711#0_0;5.10;0.00;tripinfo_1295;121.00;1295;0;692.67;0.84;0.00;18.75;DEFAULT_VEHTYPE;;1;1.00
1075.00;8384928_0;90.57;8.00;861.00;0.16;150275986#2_0;5.10;0.00;tripinfo_1172;214.00;1172;0;1369.12;0.99;0.00;47.70;DEFAULT_VEHTYPE;;2;4.00
1076.00;4730616#1_0;0.59;8.53;771.00;0.44;-47426244#2_0;5.10;0.00;tripinfo_1048;305.00;1048;0;2176.56;1.04;0.00;48.12;DEFAULT_VEHTYPE;;2;6.00
1078.00;174272149_0;22.69;7.37;700.00;2.80;616545124_0;5.10;0.00;tripinfo_960;378.00;960;1;3192.25;0.91;0.00;64.45;DEFAULT_VEHTYPE;;2;31.00
1078.00;8140199_0;24.70;7.90;851.00;0.96;137238867#2_0;5.10;0.00;tripinfo_1157;227.00;1157;0;2242.68;0.96;0.00;21.32;DEFAULT_VEHTYPE;;0;0.00
1080.00;-40598675#2_0;91.86;8.80;935.00;0.08;150275991#0_0;5.10;0.00;tripinfo_1286;145.00;1286;0;1249.71;1.14;0.00;12.58;DEFAULT_VEHTYPE;;0;0.00
1080.00;14362919#0_0;60.49;7.07;973.00;0.84;265113916#0_0;5.10;0.00;tripinfo_1328;107.00;1328;0;726.97;0.95;0.00;11.75;DEFAULT_VEHTYPE;;0;0.00
1081.00;-1156329250_0;1.26;8.85;802.00;0.80;-30324793_0;5.10;0.00;tripinfo_1110;279.00;1110;0;1819.68;1.07;0.00;72.47;DEFAULT_VEHTYPE;;6;34.00
1082.00;19846377#0_0;81.20;5.72;833.00;0.84;95742119#1_0;3.64;0.00;tripinfo_1153;249.00;1153;0;1333.64;0.75;0.00;34.24;DEFAULT_VEHTYPE;;1;2.00
1082.00;1307684786#0_0;49.76;7.57;899.00;0.80;31449010#0_0;5.10;0.00;tripinfo_1235;183.00;1235;0;1317.35;0.99;0.00;22.30;DEFAULT_VEHTYPE;;0;0.00
1083.00;-23084263#2_0;51.20;9.26;845.00;0.56;524151750#0_0;5.10;0.00;tripinfo_1152;238.00;1152;1;1900.58;1.16;0.00;38.70;DEFAULT_VEHTYPE;;1;3.00
1084.00;-70724346#1_0;10.10;6.03;620.00;4.40;856293281_0;5.10;0.00;tripinfo_830;464.00;830;0;3289.08;0.83;0.00;63.98;DEFAULT_VEHTYPE;;3;13.00
1084.00;31448937#1_0;72.36;7.69;710.00;0.24;-654207122_0;0.20;0.00;tripinfo_958;374.00;958;0;2057.85;1.02;0.00;84.97;DEFAULT_VEHTYPE;;2;15.00
1087.00;150276003#0_0;86.72;7.35;848.00;0.92;8404828#1_0;5.10;0.00;tripinfo_1164;239.00;1164;0;1449.12;0.96;0.00;56.20;DEFAULT_VEHTYPE;;1;2.00
1091.00;8382402#0_0;64.56;7.69;860.00;0.44;-31431343#2_0;5.10;0.00;tripinfo_1173;231.00;1173;0;1555.45;0.98;0.00;39.38;DEFAULT_VEHTYPE;;1;4.00
1092.00;-628755546#4_0;42.19;7.70;865.00;0.64;37535329#0_0;0.20;0.00;tripinfo_1188;227.00;1188;0;2018.53;0.98;0.00;49.89;DEFAULT_VEHTYPE;;3;14.00
1095.00;-70724345#1_0;73.75;7.00;489.00;0.40;-507534348#1_0;5.10;0.00;tripinfo_655;606.00;655;1;4107.86;0.96;0.00;199.45;DEFAULT_VEHTYPE;;8;132.00
1095.00;403882373_1;13.29;8.31;874.00;0.88;240549300#0_0;5.10;0.00;tripinfo_1196;221.00;1196;0;2676.81;1.06;0.00;30.32;DEFAULT_VEHTYPE;;2;3.00
1096.00;-40598675#2_0;91.86;7.19;962.00;2.92;8382358_0;5.10;0.00;tripinfo_1314;134.00;1314;0;913.38;1.02;0.00;24.58;DEFAULT_VEHTYPE;;1;2.00
1097.00;-4318242#1_0;81.05;7.28;944.00;0.28;119180342#0_0;5.10;0.00;tripinfo_1301;153.00;1301;0;1055.78;0.90;0.00;23.34;DEFAULT_VEHTYPE;;1;2.00
1099.00;1041085657#0_0;121.90;7.64;1014.00;0.00;1168195444#0_0;5.10;0.00;tripinfo_1400;85.00;1400;0;582.69;0.92;0.00;9.07;DEFAULT_VEHTYPE;;0;0.00
1103.00;856293285#0_0;67.56;12.27;647.00;0.24;-8140188#10_0;5.10;0.00;tripinfo_883;456.00;883;0;3358.45;1.00;0.00;98.61;DEFAULT_VEHTYPE;;3;5.00
1104.00;-8382393#2_0;77.88;8.55;609.00;0.60;-96018881#4_0;5.10;0.00;tripinfo_820;495.00;820;0;1478.13;1.15;0.00;362.71;DEFAULT_VEHTYPE;;5;319.00
1106.00;220267247#0_0;18.06;7.77;744.00;0.24;231483339#0_0;5.10;0.00;tripinfo_1033;362.00;1033;0;2499.55;1.05;0.00;69.29;DEFAULT_VEHTYPE;;0;0.00
1106.00;14471542#5_0;1.52;7.47;810.00;1.72;8384893#0_0;5.10;0.00;tripinfo_1099;296.00;1099;0;2012.09;0.93;0.00;35.15;DEFAULT_VEHTYPE;;1;3.00
1106.00;377719664_0;85.59;8.44;882.00;0.28;11294375#3_0;5.10;0.00;tripinfo_1201;224.00;1201;0;1533.01;1.06;0.00;50.08;DEFAULT_VEHTYPE;;0;0.00
1107.00;145550725#0_0;75.05;1.54;252.00;0.56;625259600_0;5.10;0.00;tripinfo_327;855.00;327;1;6503.86;0.95;0.00;178.23;DEFAULT_VEHTYPE;;9;21.00
1107.00;36786443#0_0;160.05;7.08;751.00;0.84;-8382305_0;5.10;0.00;tripinfo_1028;356.00;1028;0;2439.34;0.98;0.00;56.26;DEFAULT_VEHTYPE;;3;9.00
1108.00;8384928_0;90.57;6.76;264.00;1.80;-240549301_0;5.10;0.00;tripinfo_360;844.00;360;0;1581.07;0.90;0.00;635.32;DEFAULT_VEHTYPE;;4;602.00
1108.00;231945290#0_0;42.27;6.85;972.00;4.28;117055115_0;0.20;0.00;tripinfo_1326;136.00;1326;0;976.06;0.90;0.00;15.51;DEFAULT_VEHTYPE;;0;0.00
1108.00;14362916#0_0;76.16;7.44;1093.00;0.60;-1037986847_0;0.20;0.00;tripinfo_1495;15.00;1495;0;86.36;0.92;0.00;3.42;DEFAULT_VEHTYPE;;1;1.00
1109.00;950756091_0;18.04;7.96;935.00;0.80;62020116#0_0;5.10;0.00;tripinfo_1285;174.00;1285;0;1542.32;0.97;0.00;31.95;DEFAULT_VEHTYPE;;2;3.00
1110.00;40493418_0;86.95;8.12;661.00;0.24;121794822#5_0;5.10;0.00;tripinfo_908;449.00;908;1;2668.49;0.98;0.00;64.21;DEFAULT_VEHTYPE;;1;4.00
1110.00;-305670610_0;4.18;4.78;876.00;0.76;-17073048#1_0;5.10;0.00;tripinfo_1192;234.00;1192;1;1983.40;1.17;0.00;35.41;DEFAULT_VEHTYPE;;1;3.00
1112.00;14626330#0_0;44.68;12.97;859.00;0.80;-8250527#1_0;5.10;0.00;tripinfo_1185;253.00;1185;0;1742.73;0.97;0.00;45.85;DEFAULT_VEHTYPE;;2;13.00
1113.00;4730619_0;209.27;7.56;678.00;0.08;1153265597#0_0;5.10;0.00;tripinfo_936;435.00;936;0;2600.31;0.91;0.00;90.95;DEFAULT_VEHTYPE;;4;37.00
1115.00;4726710#1_0;10.66;4.22;564.00;0.44;654207120_0;0.20;0.00;tripinfo_773;551.00;773;1;3129.55;0.96;0.00;108.29;DEFAULT_VEHTYPE;;4;34.00
1115.00;31512978#0_0;13.62;7.37;941.00;0.72;4730648#0_0;5.10;0.00;tripinfo_1299;174.00;1299;0;1287.04;0.97;0.00;20.83;DEFAULT_VEHTYPE;;0;0.00
1117.00;1174387985#0_0;9.45;8.29;946.00;1.68;40598677#0_0;5.10;0.00;tripinfo_1306;171.00;1306;0;1418.55;1.06;0.00;25.14;DEFAULT_VEHTYPE;;1;2.00
1118.00;-654207127#1_0;72.74;2.07;644.00;0.72;-40598675#3_0;5.10;0.00;tripinfo_874;474.00;874;0;2268.05;0.92;0.00;94.28;DEFAULT_VEHTYPE;;4;8.00
1118.00;119180322_0;109.44;6.89;816.00;0.12;-30324793_0;5.10;0.00;tripinfo_1129;302.00;1129;1;1714.33;0.89;0.00;57.21;DEFAULT_VEHTYPE;;3;18.00
1118.00;1066431524#0_0;184.93;14.42;969.00;0.32;610739513#1_0;5.10;0.00;tripinfo_1344;149.00;1344;0;1785.12;1.06;0.00;11.23;DEFAULT_VEHTYPE;;0;0.00
1119.00;430855719_0;134.98;7.80;635.00;0.00;121794826_0;5.10;0.00;tripinfo_875;484.00;875;1;3202.29;1.04;0.00;76.09;DEFAULT_VEHTYPE;;1;7.00
1119.00;393494867_0;123.28;10.47;768.00;0.96;14108346_0;0.20;0.00;tripinfo_1057;351.00;1057;0;2993.17;0.83;0.00;54.24;DEFAULT_VEHTYPE;;2;17.00
1119.00;-290174549#3_0;12.74;6.96;920.00;0.04;-150275984#3_0;5.10;0.00;tripinfo_1268;199.00;1268;0;1116.48;0.87;0.00;42.64;DEFAULT_VEHTYPE;;2;16.00
1120.00;830745951_0;281.47;7.66;642.00;4.56;-47895849#4_0;5.10;0.00;tripinfo_877;478.00;877;1;4099.27;1.02;0.00;102.14;DEFAULT_VEHTYPE;;5;37.00
1120.00;-40598675#2_0;91.86;8.01;1003.00;0.36;-27882418#1_0;5.10;0.00;tripinfo_1387;117.00;1387;0;903.28;1.05;0.00;12.02;DEFAULT_VEHTYPE;;0;0.00
1121.00;220137286#1_0;0.20;7.50;818.00;0.00;150275988#5_0;5.10;0.00;tripinfo_1125;303.00;1125;0;2114.26;1.03;0.00;56.17;DEFAULT_VEHTYPE;;2;8.00
1123.00;403882374_1;0.20;7.30;864.00;0.08;-523287556_0;5.10;0.00;tripinfo_1186;259.00;1186;0;3664.31;1.23;0.00;24.47;DEFAULT_VEHTYPE;;0;0.00
1123.00;220267247#3_0;87.46;6.96;946.00;0.08;-31431101#1_0;5.10;0.00;tripinfo_1311;177.00;1311;0;1130.16;0.87;0.00;20.25;DEFAULT_VEHTYPE;;0;0.00
1124.00;4726694#0_0;116.71;6.00;872.00;0.00;62020114#0_0;5.10;0.00;tripinfo_1200;252.00;1200;0;3095.39;1.21;0.00;22.70;DEFAULT_VEHTYPE;;0;0.00
1124.00;150276015#0_0;157.00;7.62;965.00;0.24;-237344387_0;5.10;0.00;tripinfo_1333;159.00;1333;1;1132.64;1.06;0.00;18.34;DEFAULT_VEHTYPE;;0;0.00
1125.00;-8382393#2_0;77.88;8.37;1015.00;0.40;-240549301_0;5.10;0.00;tripinfo_1405;110.00;1405;0;696.29;1.06;0.00;29.14;DEFAULT_VEHTYPE;;1;11.00
1126.00;627916936#1_0;49.23;5.45;923.00;0.92;-96018881#4_0;5.10;0.00;tripinfo_1264;203.00;1264;0;1257.91;0.93;0.00;36.04;DEFAULT_VEHTYPE;;1;7.00
1127.00;95742114_0;11.51;5.52;668.00;0.60;1091652283_0;5.10;0.00;tripinfo_920;459.00;920;0;4310.09;0.79;0.00;36.24;DEFAULT_VEHTYPE;;0;0.00
1127.00;-4318237#2_0;108.82;7.96;825.00;0.16;14471542#12_0;5.10;0.00;tripinfo_1122;302.00;1122;0;2755.69;1.06;0.00;54.93;DEFAULT_VEHTYPE;;3;17.00
1129.00;-220267104#1_0;41.02;7.84;970.00;0.60;-14362916#1_0;5.10;0.00;tripinfo_1320;159.00;1320;0;923.12;1.05;0.00;51.93;DEFAULT_VEHTYPE;;3;30.00
1130.00;433333438#0_0;23.51;7.32;652.00;0.72;-8382305_0;5.10;0.00;tripinfo_899;478.00;899;1;3339.61;0.96;0.00;63.02;DEFAULT_VEHTYPE;;2;10.00
1131.00;5451844#0_0;38.91;8.07;830.00;0.44;62020117#0_0;5.10;0.00;tripinfo_1148;301.00;1148;0;3430.86;0.97;0.00;36.07;DEFAULT_VEHTYPE;;1;5.00
1132.00;-8382302#1_0;190.32;7.33;859.00;0.96;939752205#0_0;5.10;0.00;tripinfo_1182;273.00;1182;0;1877.70;1.00;0.00;49.26;DEFAULT_VEHTYPE;;2;13.00
1132.00;-29023870#1_0;10.38;7.78;942.00;1.44;-239757763_0;5.10;0.00;tripinfo_1298;190.00;1298;0;1829.55;1.02;0.00;16.68;DEFAULT_VEHTYPE;;0;0.00
1133.00;8382365#1_0;75.06;6.56;761.00;0.92;-9387033#3_0;5.10;0.00;tripinfo_1039;372.00;1039;0;3804.59;0.90;0.00;34.61;DEFAULT_VEHTYPE;;1;1.00
1133.00;31431101#5_0;17.82;6.64;1033.00;0.44;-47426244#1_0;5.10;0.00;tripinfo_1423;100.00;1423;0;536.76;0.90;0.00;27.19;DEFAULT_VEHTYPE;;1;12.00
1134.00;28275167_0;44.02;7.03;712.00;0.84;-480937385_0;5.10;0.00;tripinfo_978;422.00;978;1;2929.16;0.97;0.00;59.62;DEFAULT_VEHTYPE;;3;7.00
1136.00;-13853663_0;144.02;6.88;416.00;0.32;400961599#0_0;5.10;0.00;tripinfo_569;720.00;569;1;4550.74;0.94;0.00;139.33;DEFAULT_VEHTYPE;;5;49.00
1136.00;13853655#1_0;17.55;8.40;779.00;0.32;14858642#0_0;0.20;0.00;tripinfo_1069;357.00;1069;1;2239.92;1.01;0.00;66.68;DEFAULT_VEHTYPE;;1;19.00
1138.00;1066438511#0_0;63.30;7.81;929.00;0.00;8382347#2_0;5.10;0.00;tripinfo_1275;209.00;1275;0;1584.59;1.06;0.00;27.20;DEFAULT_VEHTYPE;;1;2.00
1138.00;1053478468#0_0;292.45;6.15;1046.00;0.88;40598675#0_0;5.10;0.00;tripinfo_1446;92.00;1446;0;575.32;0.85;0.00;10.57;DEFAULT_VEHTYPE;;0;0.00
1139.00;687383599#0_1;12.56;13.08;731.00;0.32;-7682866#1_0;5.10;0.00;tripinfo_994;408.00;994;1;3191.01;1.01;0.00;113.23;DEFAULT_VEHTYPE;;4;62.00
1139.00;8382385_0;19.45;9.67;743.00;0.00;-121794824_0;5.10;0.00;tripinfo_1025;396.00;1025;0;1880.56;1.18;0.00;162.74;DEFAULT_VEHTYPE;;3;72.00
1139.00;14362919#0_0;60.49;8.14;846.00;0.04;162611854#0_0;5.10;0.00;tripinfo_1168;293.00;1168;0;2106.50;0.98;0.00;44.57;DEFAULT_VEHTYPE;;2;12.00
1139.00;4726679#1_0;47.90;7.25;1057.00;0.84;610739513#0_0;5.10;0.00;tripinfo_1453;82.00;1453;0;589.49;1.00;0.00;10.21;DEFAULT_VEHTYPE;;0;0.00
1140.00;231483313#0_0;57.30;8.30;763.00;0.68;-1156329250_0;1.26;0.00;tripinfo_1056;377.00;1056;1;2264.99;1.02;0.00;67.03;DEFAULT_VEHTYPE;;2;12.00
1140.00;1083809476#0_0;72.33;8.55;905.00;0.40;231945290#0_0;5.10;0.00;tripinfo_1255;235.00;1255;0;2401.71;1.03;0.00;32.57;DEFAULT_VEHTYPE;;1;6.00
1140.00;-31431101#5_0;17.82;8.07;1084.00;0.32;-87286857_0;5.10;0.00;tripinfo_1494;56.00;1494;0;379.14;1.00;0.00;8.16;DEFAULT_VEHTYPE;;0;0.00
1141.00;-643081314#1_0;6.54;8.58;924.00;0.16;8384907#0_0;5.10;0.00;tripinfo_1272;217.00;1272;0;1513.39;1.03;0.00;39.69;DEFAULT_VEHTYPE;;1;9.00
1141.00;14471542#3_0;62.11;7.93;1026.00;0.72;625259600_0;5.10;0.00;tripinfo_1424;115.00;1424;0;1067.45;1.07;0.00;30.96;DEFAULT_VEHTYPE;;2;8.00
1144.00;14858643#0_0;10.41;7.88;936.00;0.88;-450925440_0;5.10;0.00;tripinfo_1296;208.00;1296;0;1411.91;1.07;0.00;45.79;DEFAULT_VEHTYPE;;2;5.00
1144.00;23179512#1_0;91.48;7.61;959.00;0.96;231945290#3_0;5.10;0.00;tripinfo_1307;185.00;1307;1;1253.50;0.99;0.00;29.97;DEFAULT_VEHTYPE;;2;5.00
1145.00;-13853659#1_0;26.47;5.02;796.00;0.00;510481273#0_0;5.10;0.00;tripinfo_1100;349.00;1100;1;2528.72;1.10;0.00;39.90;DEFAULT_VEHTYPE;;0;0.00
1145.00;239757763_0;104.39;8.19;848.00;0.48;231483332#0_0;5.10;0.00;tripinfo_1166;297.00;1166;1;2206.11;1.11;0.00;59.24;DEFAULT_VEHTYPE;;2;15.00
1145.00;-8382358_0;40.16;8.28;994.00;0.44;47426241#0_0;5.10;0.00;tripinfo_1373;151.00;1373;0;1147.57;1.01;0.00;13.79;DEFAULT_VEHTYPE;;0;0.00
1146.00;109398805_0;204.68;11.09;990.00;0.20;180020059#4_0;5.10;0.00;tripinfo_1365;156.00;1365;0;1446.63;1.01;0.00;22.64;DEFAULT_VEHTYPE;;1;3.00
1147.00;1287393212#0_0;114.42;5.24;717.00;0.52;-8382429#1_0;5.10;0.00;tripinfo_984;430.00;984;0;3024.64;0.84;0.00;55.19;DEFAULT_VEHTYPE;;2;6.00
1148.00;290174551#1_0;5.51;6.68;724.00;0.96;4392761#5_0;0.20;0.00;tripinfo_982;424.00;982;0;2440.86;0.94;0.00;121.54;DEFAULT_VEHTYPE;;4;75.00
1148.00;-220267105#2_0;81.31;7.90;916.00;0.08;13654454_0;5.10;0.00;tripinfo_1261;232.00;1261;0;1837.81;1.07;0.00;39.97;DEFAULT_VEHTYPE;;2;10.00
1149.00;-628755544#1_0;75.24;7.77;827.00;0.84;31518448#0_0;5.10;0.00;tripinfo_1128;322.00;1128;1;2020.18;1.04;0.00;88.82;DEFAULT_VEHTYPE;;3;37.00
1149.00;-121794822#1_0;62.78;2.17;940.00;0.04;244422543#0_0;5.10;0.00;tripinfo_1293;209.00;1293;0;1176.76;1.06;0.00;32.35;DEFAULT_VEHTYPE;;0;0.00
1150.00;403882372_0;0.20;7.57;854.00;3.24;265113917#0_0;5.10;0.00;tripinfo_1158;296.00;1158;0;1968.88;0.94;0.00;40.99;DEFAULT_VEHTYPE;;1;5.00
1151.00;1156337042_0;36.83;8.04;679.00;0.04;832488061_0;5.10;0.00;tripinfo_943;472.00;943;1;3221.52;1.09;0.00;182.08;DEFAULT_VEHTYPE;;6;86.00
1153.00;-47896065_0;65.02;5.73;665.00;0.36;829968897_0;5.10;0.00;tripinfo_912;488.00;912;1;3262.84;1.05;0.00;88.16;DEFAULT_VEHTYPE;;2;13.00
1153.00;1198625656_0;56.87;7.33;862.00;0.72;-4318228#2_0;5.10;0.00;tripinfo_1174;291.00;1174;0;1837.64;0.93;0.00;53.45;DEFAULT_VEHTYPE;;2;21.00
1154.00;1167764376_0;66.36;8.87;716.00;0.68;-121794825#3_0;4.66;0.00;tripinfo_981;438.00;981;0;2018.38;1.09;0.00;170.11;DEFAULT_VEHTYPE;;9;77.00
1155.00;-1037986847_0;0.20;7.74;1009.00;0.56;8382445#0_0;5.10;0.00;tripinfo_1377;146.00;1377;0;986.75;1.06;0.00;31.68;DEFAULT_VEHTYPE;;1;12.00
1157.00;4726694#2_0;60.46;5.57;769.00;0.40;-8250527#0_0;5.10;0.00;tripinfo_1055;388.00;1055;1;2571.92;1.02;0.00;54.81;DEFAULT_VEHTYPE;;1;1.00
1157.00;524150333#0_0;117.00;5.48;786.00;0.84;155433040#0_0;5.10;0.00;tripinfo_1078;371.00;1078;0;1977.15;0.76;0.00;55.84;DEFAULT_VEHTYPE;;1;14.00
1157.00;960773147_0;9.35;2.25;1059.00;0.44;-150275988#5_0;5.10;0.00;tripinfo_1448;98.00;1448;0;602.79;0.95;0.00;18.26;DEFAULT_VEHTYPE;;1;3.00
1158.00;62017785#0_2;60.44;15.24;770.00;0.64;-121794824_0;5.10;0.00;tripinfo_1063;388.00;1063;0;2104.15;1.12;0.00;117.22;DEFAULT_VEHTYPE;;5;39.00
1158.00;-220267105#3_0;29.12;7.00;1040.00;0.04;-121794825#3_0;4.66;0.00;tripinfo_1418;118.00;1418;0;329.03;0.95;0.00;25.21;DEFAULT_VEHTYPE;;0;0.00
1160.00;-40598675#2_0;91.86;7.15;816.00;11.36;-960773147_0;5.10;0.00;tripinfo_1112;344.00;1112;0;2210.94;0.91;0.00;48.72;DEFAULT_VEHTYPE;;0;0.00
1160.00;8384886#0_0;91.41;8.12;972.00;0.64;-4730648#4_0;5.10;0.00;tripinfo_1338;188.00;1338;0;1411.84;1.03;0.00;21.30;DEFAULT_VEHTYPE;;0;0.00
1161.00;14471542#11_0;27.06;7.24;834.00;0.48;62020116#0_0;5.10;0.00;tripinfo_1141;327.00;1141;0;3819.47;1.02;0.00;33.11;DEFAULT_VEHTYPE;;1;1.00
1162.00;-434361017#1_0;49.79;7.86;672.00;0.96;-524150311#0_0;5.10;0.00;tripinfo_932;490.00;932;1;3076.40;0.95;0.00;98.11;DEFAULT_VEHTYPE;;3;34.00
1162.00;1156337042_0;36.83;7.78;959.00;0.24;4730637#4_0;5.10;0.00;tripinfo_1308;203.00;1308;0;1270.05;0.96;0.00;31.99;DEFAULT_VEHTYPE;;1;11.00
1163.00;-8382445#2_0;58.29;9.15;526.00;0.84;29000804#0_0;5.10;0.00;tripinfo_728;637.00;728;1;4233.67;1.13;0.00;264.89;DEFAULT_VEHTYPE;;7;100.00
1164.00;121794824_0;75.93;2.33;731.00;0.16;4730609_0;5.10;0.00;tripinfo_997;433.00;997;0;2139.21;0.85;0.00;69.43;DEFAULT_VEHTYPE;;0;0.00
1166.00;8382444_0;205.41;7.58;1080.00;0.68;8382443_0;5.10;0.00;tripinfo_1481;86.00;1481;0;616.78;0.99;0.00;9.93;DEFAULT_VEHTYPE;;0;0.00
1167.00;40151778_0;77.77;7.00;874.00;0.96;-524150311#1_0;5.10;0.00;tripinfo_1207;293.00;1207;0;1841.37;1.07;0.00;85.08;DEFAULT_VEHTYPE;;2;10.00
1167.00;7682864#2_0;79.59;7.22;998.00;0.28;628782529#4_0;5.10;0.00;tripinfo_1376;169.00;1376;0;1111.67;0.95;0.00;33.99;DEFAULT_VEHTYPE;;2;12.00
1167.00;40493502_0;28.52;5.05;1080.00;0.00;691307157_0;5.10;0.00;tripinfo_1500;87.00;1500;0;478.41;1.00;0.00;18.00;DEFAULT_VEHTYPE;;1;4.00
1168.00;8152056_0;117.45;3.95;1035.00;0.60;-36786443#2_0;5.10;0.00;tripinfo_1420;133.00;1420;0;866.09;0.94;0.00;14.05;DEFAULT_VEHTYPE;;0;0.00
1169.00;606127856_0;2.38;4.56;778.00;0.92;4392761#5_0;0.20;0.00;tripinfo_1064;391.00;1064;1;2512.99;1.00;0.00;56.00;DEFAULT_VEHTYPE;;1;4.00
1169.00;124862958#0_0;40.20;8.34;1037.00;0.88;628755547#0_0;5.10;0.00;tripinfo_1421;132.00;1421;0;829.33;1.04;0.00;35.34;DEFAULT_VEHTYPE;;2;8.00
1170.00;220267105#2_0;81.19;7.91;891.00;0.76;628782529#6_0;5.10;0.00;tripinfo_1217;279.00;1217;0;1948.64;0.98;0.00;31.29;DEFAULT_VEHTYPE;;0;0.00
1170.00;9387033#0_0;108.23;8.42;1034.00;0.64;628755547#4_0;5.10;0.00;tripinfo_1413;136.00;1413;0;761.92;1.11;0.00;52.43;DEFAULT_VEHTYPE;;4;28.00
1172.00;8382279#1_0;93.13;9.64;558.00;0.20;109398805_0;5.10;0.00;tripinfo_765;614.00;765;1;5895.97;1.19;0.00;182.19;DEFAULT_VEHTYPE;;6;64.00
1173.00;5451844#0_0;38.91;7.62;759.00;0.16;-47426244#1_0;5.10;0.00;tripinfo_1047;414.00;1047;1;2705.22;0.96;0.00;73.91;DEFAULT_VEHTYPE;;2;16.00
1173.00;1089552776#1_0;20.67;7.81;1029.00;0.56;-524150320#2_0;5.10;0.00;tripinfo_1427;144.00;1427;0;1046.11;1.09;0.00;27.38;DEFAULT_VEHTYPE;;0;0.00
1177.00;4441063_0;98.00;13.83;951.00;2.48;13764389_0;0.51;0.00;tripinfo_1316;226.00;1316;0;2816.02;1.00;0.00;21.15;DEFAULT_VEHTYPE;;0;0.00
1177.00;31518959#0_0;109.83;7.33;992.00;3.60;180020059#2_0;5.10;0.00;tripinfo_1370;185.00;1370;0;1077.82;0.92;0.00;29.74;DEFAULT_VEHTYPE;;0;0.00
1177.00;-220267108#2_0;45.86;8.18;1087.00;3.04;-8382445#1_0;5.10;0.00;tripinfo_1493;90.00;1493;0;526.00;0.98;0.00;23.92;DEFAULT_VEHTYPE;;2;10.00
1178.00;220267247#2_0;3.57;6.89;566.00;0.08;4730619_0;5.10;0.00;tripinfo_761;612.00;761;1;5234.26;0.96;0.00;116.50;DEFAULT_VEHTYPE;;5;47.00
1178.00;939752206_0;9.18;7.66;896.00;0.04;654207127#3_0;5.10;0.00;tripinfo_1243;282.00;1243;0;1786.51;1.01;0.00;40.17;DEFAULT_VEHTYPE;;1;2.00
1178.00;-150275984#0_0;48.49;9.02;1022.00;0.84;450925440_0;5.10;0.00;tripinfo_1403;156.00;1403;0;1141.71;1.15;0.00;34.74;DEFAULT_VEHTYPE;;1;1.00
1179.00;-875772621#1_0;243.60;7.17;570.00;0.64;-9387033#3_0;5.10;0.00;tripinfo_763;609.00;763;1;4125.14;0.98;0.00;194.04;DEFAULT_VEHTYPE;;6;117.00
1180.00;124862958#0_0;40.20;8.00;754.00;0.48;-47027406_0;5.10;0.00;tripinfo_1041;426.00;1041;1;2479.45;1.06;0.00;150.14;DEFAULT_VEHTYPE;;6;66.00
1180.00;-31512978#1_0;13.39;7.67;871.00;2.12;62020111_0;5.10;0.00;tripinfo_1179;309.00;1179;0;3069.24;0.92;0.00;26.43;DEFAULT_VEHTYPE;;0;0.00
1180.00;121794825#1_0;43.65;3.38;995.00;0.24;150275988#0_0;5.10;0.00;tripinfo_1358;185.00;1358;0;915.34;1.25;0.00;59.88;DEFAULT_VEHTYPE;;2;9.00
1181.00;8382443_0;166.79;8.87;554.00;0.16;897211373#1_0;5.10;0.00;tripinfo_747;627.00;747;1;4766.15;1.09;0.00;210.31;DEFAULT_VEHTYPE;;7;85.00
1181.00;-628755543_0;50.70;7.74;607.00;0.64;31427257#5_0;5.10;0.00;tripinfo_838;574.00;838;1;4126.45;1.01;0.00;114.92;DEFAULT_VEHTYPE;;6;32.00
1181.00;119180322_0;109.44;8.87;877.00;0.84;-31445160#2_0;5.10;0.00;tripinfo_1203;304.00;1203;0;2721.15;1.10;0.00;70.04;DEFAULT_VEHTYPE;;3;31.00
1182.00;31427215#0_1;105.00;13.48;824.00;0.76;-31431101#2_0;5.10;0.00;tripinfo_1142;358.00;1142;1;2398.87;1.05;0.00;93.03;DEFAULT_VEHTYPE;;3;24.00
1182.00;132148870#3_0;109.39;8.78;1045.00;0.00;555922918#0_0;5.10;0.00;tripinfo_1450;137.00;1450;0;1012.17;1.13;0.00;21.89;DEFAULT_VEHTYPE;;0;0.00
1183.00;220267104#0_0;40.87;7.10;436.00;4.68;4422177_0;5.10;0.00;tripinfo_581;747.00;581;1;5231.44;0.87;0.00;183.76;DEFAULT_VEHTYPE;;6;94.00
1183.00;4726685#0_0;126.32;8.10;653.00;0.80;-654207122_0;0.20;0.00;tripinfo_885;530.00;885;0;3693.56;1.06;0.00;138.78;DEFAULT_VEHTYPE;;3;23.00
1185.00;606127854#0_0;5.10;2.30;1184.00;5.44;606127854#0_0;5.10;0.00;tripinfo_1623;1.00;1623;1;0.00;1.13;0.00;0.63;DEFAULT_VEHTYPE;;0;0.00
1187.00;14858642#1_1;62.44;10.27;608.00;123.48;159636083#2_0;0.20;0.00;tripinfo_666;579.00;666;0;2098.30;0.81;0.00;352.87;DEFAULT_VEHTYPE;;4;316.00
1187.00;4726710#1_0;10.66;5.63;1007.00;0.96;963479927#0_0;5.10;0.00;tripinfo_1382;180.00;1382;0;702.85;1.07;0.00;104.47;DEFAULT_VEHTYPE;;4;68.00
1187.00;8139943#0_0;37.87;8.88;1087.00;0.48;40151780#0_0;5.10;0.00;tripinfo_1491;100.00;1491;0;576.29;1.10;0.00;36.41;DEFAULT_VEHTYPE;;2;15.00
1189.00;-220267105#1_0;80.88;8.53;634.00;0.44;4730619_0;5.10;0.00;tripinfo_873;555.00;873;1;5130.84;1.09;0.00;129.89;DEFAULT_VEHTYPE;;3;40.00
1190.00;220267107#0_0;75.53;6.00;962.00;0.80;8384893#0_0;5.10;0.00;tripinfo_1310;228.00;1310;0;1241.27;0.75;0.00;27.22;DEFAULT_VEHTYPE;;0;0.00
1192.00;-27807643#2_0;6.60;7.92;785.00;0.72;47426240#0_0;5.10;0.00;tripinfo_1074;407.00;1074;1;2774.92;1.07;0.00;97.32;DEFAULT_VEHTYPE;;4;46.00
1192.00;654207127#3_0;12.67;1.77;794.00;0.12;31412878_0;5.10;0.00;tripinfo_1079;398.00;1079;0;2070.78;1.06;0.00;81.62;DEFAULT_VEHTYPE;;1;6.00
1192.00;36801004#0_1;94.58;13.06;970.00;1.52;174272154#0_0;5.10;0.00;tripinfo_1334;222.00;1334;0;2408.73;0.95;0.00;25.72;DEFAULT_VEHTYPE;;0;0.00
1198.00;4730644_0;79.29;7.20;667.00;0.28;-524150311#1_0;5.10;0.00;tripinfo_926;531.00;926;1;3434.35;0.88;0.00;60.60;DEFAULT_VEHTYPE;;1;1.00
1199.00;4690640#0_0;334.20;13.38;639.00;0.60;-450925440_0;5.10;0.00;tripinfo_870;560.00;870;0;2422.75;1.03;0.00;318.23;DEFAULT_VEHTYPE;;2;268.00
1200.00;47426241#0_0;204.96;7.18;888.00;0.12;628755547#4_0;5.10;0.00;tripinfo_1229;312.00;1229;1;1948.51;0.92;0.00;55.09;DEFAULT_VEHTYPE;;2;9.00
1200.00;5451844#0_0;38.91;7.17;1043.00;0.80;606127854#0_0;5.10;0.00;tripinfo_1435;157.00;1435;1;863.38;0.97;0.00;46.37;DEFAULT_VEHTYPE;;2;23.00
1201.00;181218814#0_0;260.65;6.37;614.00;0.24;40598675#0_0;5.10;0.00;tripinfo_833;587.00;833;0;2335.21;0.91;0.00;327.54;DEFAULT_VEHTYPE;;1;292.00
1201.00;155472436#0_0;108.36;8.69;950.00;0.32;40493501#2_0;5.10;0.00;tripinfo_1294;251.00;1294;0;2047.57;1.12;0.00;33.57;DEFAULT_VEHTYPE;;0;0.00
1201.00;8384893#2_0;70.23;6.74;956.00;0.76;47426244#2_0;5.10;0.00;tripinfo_1317;245.00;1317;0;1365.31;0.96;0.00;72.64;DEFAULT_VEHTYPE;;4;23.00
1201.00;628782531_0;12.55;7.17;993.00;0.84;40598675#0_0;5.10;0.00;tripinfo_1378;208.00;1378;0;1500.07;0.92;0.00;43.89;DEFAULT_VEHTYPE;;1;25.00
1205.00;220267247#3_0;87.46;5.28;807.00;0.60;4726712#0_0;5.10;0.00;tripinfo_1095;398.00;1095;0;2598.09;1.15;0.00;104.51;DEFAULT_VEHTYPE;;4;27.00
1205.00;8140199_0;24.70;6.62;1039.00;0.48;-781650841_0;5.10;0.00;tripinfo_1441;166.00;1441;0;827.89;0.81;0.00;51.14;DEFAULT_VEHTYPE;;1;31.00
1206.00;40493501#2_0;21.30;7.39;1064.00;0.72;8384926#0_0;5.10;0.00;tripinfo_1474;142.00;1474;0;1041.32;0.98;0.00;13.58;DEFAULT_VEHTYPE;;0;0.00
1210.00;239757874#0_0;146.41;7.57;1009.00;0.52;8140198#0_0;5.10;0.00;tripinfo_1384;201.00;1384;0;1227.29;0.98;0.00;49.18;DEFAULT_VEHTYPE;;1;28.00
1214.00;14118785#0_0;50.43;7.61;933.00;0.36;-220267106#1_0;5.10;0.00;tripinfo_1287;281.00;1287;0;1847.44;0.98;0.00;54.79;DEFAULT_VEHTYPE;;0;0.00
1214.00;4730634#0_0;128.10;7.87;1106.00;0.92;4726710#1_0;5.10;0.00;tripinfo_1514;108.00;1514;0;690.24;1.01;0.00;14.00;DEFAULT_VEHTYPE;;0;0.00
1215.00;-29023870#1_0;10.38;6.71;1055.00;0.60;875759960_0;5.10;0.00;tripinfo_1445;160.00;1445;0;1539.42;0.90;0.00;19.34;DEFAULT_VEHTYPE;;0;0.00
1215.00;1174387986_0;0.20;6.78;1133.00;0.88;62020116#0_0;5.10;0.00;tripinfo_1571;82.00;1571;0;827.21;0.95;0.00;16.61;DEFAULT_VEHTYPE;;1;2.00
1216.00;-40598675#2_0;91.86;8.53;877.00;0.56;-231940830#3_0;5.10;0.00;tripinfo_1202;339.00;1202;1;2154.67;1.06;0.00;93.94;DEFAULT_VEHTYPE;;4;54.00
1219.00;4726694#2_0;60.46;4.71;734.00;0.08;1153265597#0_0;5.10;0.00;tripinfo_1011;485.00;1011;0;3019.29;1.06;0.00;121.71;DEFAULT_VEHTYPE;;4;61.00
1219.00;950756091_0;18.04;8.67;1132.00;1.16;150275992#0_0;5.10;0.00;tripinfo_1547;87.00;1547;0;480.59;1.07;0.00;32.07;DEFAULT_VEHTYPE;;1;21.00
1220.00;31427257#3_1;99.34;12.41;790.00;0.60;150275973#0_0;5.10;0.00;tripinfo_1070;430.00;1070;0;2710.08;0.94;0.00;87.90;DEFAULT_VEHTYPE;;3;39.00
1220.00;150275986#0_0;98.60;7.74;882.00;0.40;231483332#0_0;5.10;0.00;tripinfo_1205;338.00;1205;0;2199.88;0.95;0.00;58.59;DEFAULT_VEHTYPE;;2;19.00
1220.00;180022161#0_0;20.11;5.39;1007.00;0.16;-4730648#4_0;5.10;0.00;tripinfo_1397;213.00;1397;1;1295.74;1.05;0.00;39.58;DEFAULT_VEHTYPE;;2;9.00
1221.00;-220267247#1_0;24.82;8.20;992.00;0.92;8384886#0_0;5.10;0.00;tripinfo_1364;229.00;1364;0;1559.83;1.01;0.00;42.50;DEFAULT_VEHTYPE;;1;7.00
1222.00;-829968897_0;14.12;8.09;1007.00;0.20;8385415#0_0;0.20;0.00;tripinfo_1390;215.00;1390;0;1561.45;1.03;0.00;36.30;DEFAULT_VEHTYPE;;2;6.00
1223.00;4731082#0_0;100.78;8.43;1085.00;0.36;-4312633_0;5.10;0.00;tripinfo_1487;138.00;1487;0;1003.24;1.16;0.00;32.92;DEFAULT_VEHTYPE;;1;1.00
1223.00;70724347#0_0;4.20;6.29;1122.00;0.36;258274083#0_0;5.10;0.00;tripinfo_1537;101.00;1537;0;601.33;0.82;0.00;11.80;DEFAULT_VEHTYPE;;0;0.00
1226.00;510692962#0_0;31.52;7.82;889.00;0.72;-31431101#4_0;5.10;0.00;tripinfo_1224;337.00;1224;1;2185.30;1.05;0.00;74.13;DEFAULT_VEHTYPE;;3;31.00
1226.00;606502609_0;0.20;4.56;968.00;0.56;-628782530_0;2.93;0.00;tripinfo_1327;258.00;1327;0;2176.85;0.82;0.00;22.98;DEFAULT_VEHTYPE;;0;0.00
1226.00;781742860#4_0;32.44;8.92;1039.00;0.24;-628762073#5_0;5.10;0.00;tripinfo_1433;187.00;1433;0;1346.33;1.18;0.00;48.30;DEFAULT_VEHTYPE;;1;2.00
1227.00;121794822#8_0;8.86;2.50;802.00;0.52;4730627#0_0;5.10;0.00;tripinfo_1109;425.00;1109;0;2509.73;1.02;0.00;75.48;DEFAULT_VEHTYPE;;1;2.00
1227.00;-17671153_0;4.41;7.84;1001.00;0.68;220267247#0_0;5.10;0.00;tripinfo_1381;226.00;1381;0;1524.55;0.98;0.00;26.41;DEFAULT_VEHTYPE;;0;0.00
1228.00;510702678#1_0;70.72;9.13;904.00;0.24;960773148#0_0;5.10;0.00;tripinfo_1233;324.00;1233;1;2064.08;1.22;0.00;109.54;DEFAULT_VEHTYPE;;4;11.00
1229.00;4690640#0_0;334.20;13.65;846.00;0.16;109993439_0;5.10;0.00;tripinfo_1147;383.00;1147;0;601.16;1.03;0.00;333.20;DEFAULT_VEHTYPE;;2;304.00
1229.00;14118785#1_0;95.44;6.97;889.00;2.68;-40598675#3_0;5.10;0.00;tripinfo_1206;340.00;1206;1;2143.24;0.89;0.00;46.85;DEFAULT_VEHTYPE;;1;4.00
1229.00;159636082_0;0.20;0.00;361.00;0.44;13853659#1_0;5.10;0.00;tripinfo_498;868.00;498;0;1211.13;1.01;0.00;715.47;DEFAULT_VEHTYPE;teleport;3;691.00
1231.00;8382299#0_0;95.74;7.74;1015.00;0.24;-244422544#1_0;5.10;0.00;tripinfo_1383;216.00;1383;1;1537.94;1.02;0.00;34.36;DEFAULT_VEHTYPE;;1;3.00
1232.00;8144186#0_0;53.31;6.13;795.00;0.76;14473580_0;5.10;0.00;tripinfo_1092;437.00;1092;0;1652.00;1.18;0.00;312.59;DEFAULT_VEHTYPE;;2;279.00
1232.00;4730633#0_0;63.51;6.40;1067.00;0.40;-36786443#2_0;5.10;0.00;tripinfo_1480;165.00;1480;0;969.75;0.87;0.00;30.88;DEFAULT_VEHTYPE;;1;12.00
1232.00;-150275986#2_0;39.73;6.61;1102.00;0.48;-8382281#2_0;5.10;0.00;tripinfo_1516;130.00;1516;0;784.41;0.92;0.00;25.14;DEFAULT_VEHTYPE;;1;4.00
1233.00;-95742119#1_0;3.64;5.83;974.00;4.32;-220267105#1_0;5.10;0.00;tripinfo_1319;259.00;1319;0;1517.84;0.80;0.00;28.99;DEFAULT_VEHTYPE;;0;0.00
1235.00;14471542#6_0;10.27;7.69;1137.00;0.56;14473580_0;5.10;0.00;tripinfo_1552;98.00;1552;0;929.06;0.94;0.00;11.84;DEFAULT_VEHTYPE;;0;0.00
1236.00;-4426076#0_0;30.91;7.25;809.00;0.96;-220267247#5_0;5.10;0.00;tripinfo_1107;427.00;1107;0;3351.14;0.99;0.00;94.65;DEFAULT_VEHTYPE;;1;4.00
1236.00;31427257#7_0;26.83;12.37;956.00;0.20;65583364_0;5.10;0.00;tripinfo_1315;280.00;1315;1;1831.77;0.92;0.00;41.70;DEFAULT_VEHTYPE;;2;4.00
1239.00;-654207127#1_0;72.74;2.04;849.00;0.00;175976586#0_0;5.10;0.00;tripinfo_1175;390.00;1175;0;1991.77;0.99;0.00;72.21;DEFAULT_VEHTYPE;;1;3.00
1240.00;628782531_0;12.55;7.17;741.00;0.80;183370113#3_0;5.10;0.00;tripinfo_1010;499.00;1010;0;4720.44;0.96;0.00;103.66;DEFAULT_VEHTYPE;;4;50.00
1240.00;628755546#0_0;3.54;7.58;947.00;0.56;1053478471_0;5.10;0.00;tripinfo_1302;293.00;1302;1;2214.07;0.93;0.00;82.00;DEFAULT_VEHTYPE;;3;45.00
1241.00;-31431101#2_0;34.56;7.96;1236.00;0.88;-31431101#2_0;5.10;0.00;tripinfo_1696;5.00;1696;0;29.46;1.08;0.00;1.72;DEFAULT_VEHTYPE;;0;0.00
1242.00;40493501#1_0;53.93;6.08;870.00;0.40;654207108_0;5.10;0.00;tripinfo_1180;372.00;1180;0;1984.30;0.85;0.00;58.95;DEFAULT_VEHTYPE;;2;5.00
1242.00;-8382305_0;175.58;7.61;991.00;0.84;65583365#1_0;5.10;0.00;tripinfo_1353;251.00;1353;0;1978.66;1.06;0.00;24.08;DEFAULT_VEHTYPE;;0;0.00
1243.00;-14118784#0_0;104.44;10.23;1101.00;3.52;220137286#0_0;5.10;0.00;tripinfo_1509;142.00;1509;0;1058.17;1.23;0.00;32.91;DEFAULT_VEHTYPE;;2;8.00
1244.00;31431544#3_0;43.92;8.24;585.00;0.40;403882373_0;5.10;0.00;tripinfo_805;659.00;805;1;4886.92;1.09;0.00;217.05;DEFAULT_VEHTYPE;;7;75.00
1244.00;29000804#0_0;70.40;9.81;901.00;0.20;1066438511#0_0;5.10;0.00;tripinfo_1240;343.00;1240;0;3615.42;1.22;0.00;111.56;DEFAULT_VEHTYPE;;1;7.00
1245.00;175206104_0;94.46;8.68;868.00;0.32;121794827_0;5.10;0.00;tripinfo_1194;377.00;1194;0;2015.46;1.06;0.00;87.58;DEFAULT_VEHTYPE;;0;0.00
1245.00;-4426076#0_0;30.91;7.85;1025.00;0.88;31448934#1_0;5.10;0.00;tripinfo_1396;220.00;1396;0;1535.79;1.00;0.00;30.44;DEFAULT_VEHTYPE;;1;6.00
1246.00;136174723_0;113.70;6.31;982.00;0.16;175976586#0_0;5.10;0.00;tripinfo_1347;264.00;1347;0;1600.15;0.82;0.00;27.79;DEFAULT_VEHTYPE;;0;0.00
1246.00;450925440_0;5.10;2.47;1245.00;0.00;450925440_0;5.10;0.00;tripinfo_1725;1.00;1725;1;0.00;0.86;0.00;0.66;DEFAULT_VEHTYPE;;0;0.00
1248.00;-150275984#6_0;73.53;8.68;992.00;0.56;231483332#0_0;5.10;0.00;tripinfo_1352;256.00;1352;0;1705.29;1.07;0.00;63.74;DEFAULT_VEHTYPE;;2;34.00
1250.00;31448937#0_0;69.76;6.82;1026.00;0.48;40493384#2_0;5.10;0.00;tripinfo_1416;224.00;1416;1;1538.81;0.95;0.00;28.74;DEFAULT_VEHTYPE;;0;0.00
1250.00;1174387985#0_0;9.45;7.86;1068.00;0.88;-29023870#1_0;5.10;0.00;tripinfo_1471;182.00;1471;0;2058.45;0.98;0.00;14.85;DEFAULT_VEHTYPE;;0;0.00
1250.00;-628757206#2_0;103.95;9.41;1237.00;0.16;-628757206#2_0;5.10;0.00;tripinfo_1697;13.00;1697;0;98.85;1.16;0.00;2.73;DEFAULT_VEHTYPE;;0;0.00
1251.00;124862960_0;0.20;12.20;832.00;0.40;8382443_0;5.10;0.00;tripinfo_1130;419.00;1130;1;2679.34;0.91;0.00;75.31;DEFAULT_VEHTYPE;;3;19.00
1254.00;856293281_0;414.50;14.03;1086.00;2.88;4730616#0_0;5.10;0.00;tripinfo_1496;168.00;1496;0;1237.05;1.01;0.00;46.26;DEFAULT_VEHTYPE;;3;20.00
1254.00;8140188#3_0;56.09;9.20;1193.00;0.88;-220267106#1_0;5.10;0.00;tripinfo_1646;61.00;1646;0;533.63;1.19;0.00;6.32;DEFAULT_VEHTYPE;;0;0.00
1255.00;14362916#0_0;76.16;6.14;819.00;0.76;121794825#1_0;5.10;0.00;tripinfo_1117;436.00;1117;0;1741.36;0.89;0.00;137.99;DEFAULT_VEHTYPE;;5;71.00
1255.00;29023713#0_0;256.94;7.27;824.00;0.04;31512978#0_0;5.10;0.00;tripinfo_1143;431.00;1143;0;999.85;0.95;0.00;312.86;DEFAULT_VEHTYPE;;1;290.00
1255.00;220267247#3_0;87.46;8.91;966.00;0.16;400062407#0_0;5.10;0.00;tripinfo_1322;289.00;1322;0;2219.55;1.08;0.00;30.95;DEFAULT_VEHTYPE;;0;0.00
1255.00;-4726711#0_0;127.35;8.13;1089.00;0.28;4426076#0_0;5.10;0.00;tripinfo_1501;166.00;1501;0;1188.16;0.99;0.00;19.72;DEFAULT_VEHTYPE;;0;0.00
1258.00;-832487280_0;55.08;8.22;1137.00;0.04;1263793722#0_0;5.10;0.00;tripinfo_1568;121.00;1568;0;952.54;1.11;0.00;15.89;DEFAULT_VEHTYPE;;0;0.00
1260.00;-8382443_0;168.16;7.12;933.00;0.28;40598675#0_0;5.10;0.00;tripinfo_1276;327.00;1276;0;1682.55;0.93;0.00;109.03;DEFAULT_VEHTYPE;;3;72.00
1261.00;410939626_0;0.20;14.57;1171.00;0.00;4726710#1_0;5.10;0.00;tripinfo_1625;90.00;1625;0;465.53;1.06;0.00;28.12;DEFAULT_VEHTYPE;;2;11.00
1262.00;121794827_0;64.57;1.84;609.00;0.72;-4726711#1_0;5.10;0.00;tripinfo_824;653.00;824;0;3923.58;0.91;0.00;111.70;DEFAULT_VEHTYPE;;2;10.00
1262.00;654207127#5_0;19.07;2.32;829.00;0.24;62020116#0_0;5.10;0.00;tripinfo_1133;433.00;1133;0;2191.20;0.94;0.00;90.18;DEFAULT_VEHTYPE;;3;15.00
1263.00;231483339#0_0;114.96;7.79;531.00;0.80;239889169#0_0;5.10;0.00;tripinfo_710;732.00;710;1;5651.34;1.01;0.00;135.61;DEFAULT_VEHTYPE;;5;44.00
1263.00;-14118784#0_0;104.44;7.45;1020.00;2.24;95742119#1_0;3.64;0.00;tripinfo_1408;243.00;1408;0;1540.72;1.01;0.00;57.41;DEFAULT_VEHTYPE;;2;24.00
1265.00;150275984#3_0;22.78;7.71;884.00;0.48;4426075#0_0;5.10;0.00;tripinfo_1216;381.00;1216;0;2184.76;0.99;0.00;115.31;DEFAULT_VEHTYPE;;3;53.00
1266.00;8152036#1_0;114.03;8.52;1221.00;0.00;1298952887_0;5.10;0.00;tripinfo_1675;45.00;1675;0;333.82;1.07;0.00;6.75;DEFAULT_VEHTYPE;;0;0.00
1267.00;4690640#0_1;334.20;14.81;887.00;0.12;-523287556_0;5.10;0.00;tripinfo_1204;380.00;1204;0;3513.17;1.12;0.00;109.84;DEFAULT_VEHTYPE;;1;9.00
1267.00;13853659#0_0;31.49;3.85;1088.00;0.40;-47446166_0;5.10;0.00;tripinfo_1505;179.00;1505;1;1016.92;0.85;0.00;21.15;DEFAULT_VEHTYPE;;0;0.00
1270.00;-654207127#4_0;25.65;2.81;922.00;0.64;150276013#0_0;5.10;0.00;tripinfo_1263;348.00;1263;0;1955.56;1.10;0.00;76.20;DEFAULT_VEHTYPE;;1;3.00
1271.00;121794827_0;64.57;2.58;922.00;0.96;8382444_0;5.10;0.00;tripinfo_1257;349.00;1257;0;1371.25;0.97;0.00;91.27;DEFAULT_VEHTYPE;;3;17.00
1271.00;14858642#0_1;0.20;12.30;991.00;0.72;-1083809476#2_0;5.10;0.00;tripinfo_1374;280.00;1374;0;3021.49;0.89;0.00;30.26;DEFAULT_VEHTYPE;;0;0.00
1271.00;290172673#0_0;31.16;8.30;1121.00;3.24;1307684785#0_0;5.10;0.00;tripinfo_1533;150.00;1533;0;1010.21;1.05;0.00;28.68;DEFAULT_VEHTYPE;;1;6.00
1273.00;8152033#0_0;28.23;7.38;673.00;0.12;654207127#0_0;5.10;0.00;tripinfo_929;600.00;929;0;2710.96;0.90;0.00;156.25;DEFAULT_VEHTYPE;;5;47.00
1274.00;8382444_0;205.41;8.97;560.00;0.68;4422177_0;5.10;0.00;tripinfo_756;714.00;756;1;5254.90;1.09;0.00;258.98;DEFAULT_VEHTYPE;;8;138.00
1275.00;523287556_0;11.61;5.89;1006.00;0.60;-628762074#2_0;5.10;0.00;tripinfo_1395;269.00;1395;0;2011.52;1.07;0.00;42.73;DEFAULT_VEHTYPE;;2;9.00
1276.00;1091652430_1;36.56;15.17;1106.00;0.20;-96016135_0;2.24;0.00;tripinfo_1515;170.00;1515;0;1345.56;1.15;0.00;68.88;DEFAULT_VEHTYPE;;3;50.00
1279.00;31427215#0_1;105.00;15.57;1059.00;0.68;31411842#0_0;5.10;0.00;tripinfo_1456;220.00;1456;0;1154.43;1.15;0.00;99.39;DEFAULT_VEHTYPE;;3;53.00
1280.00;1287393211#0_0;79.98;7.16;699.00;0.48;-145550725#1_0;5.10;0.00;tripinfo_966;581.00;966;1;2613.13;0.99;0.00;198.35;DEFAULT_VEHTYPE;;7;99.00
1280.00;-8382447#4_0;92.93;7.07;974.00;0.72;13853655#1_0;5.10;0.00;tripinfo_1349;306.00;1349;0;2001.68;1.00;0.00;62.91;DEFAULT_VEHTYPE;;1;34.00
1280.00;70724347#0_0;4.20;6.39;1151.00;0.40;47426240#0_0;5.10;0.00;tripinfo_1580;129.00;1580;0;756.31;0.85;0.00;20.62;DEFAULT_VEHTYPE;;1;5.00
1281.00;4690640#0_0;334.20;13.34;844.00;0.40;8382283#0_0;5.10;0.00;tripinfo_1155;437.00;1155;1;3163.30;1.01;0.00;82.39;DEFAULT_VEHTYPE;;2;12.00
1281.00;-32200291_0;88.07;7.75;976.00;0.08;4730631#1_0;5.10;0.00;tripinfo_1336;305.00;1336;0;2033.32;1.00;0.00;58.59;DEFAULT_VEHTYPE;;3;21.00
1281.00;-13853659#1_0;26.47;4.05;970.00;0.04;47999871_0;5.10;0.00;tripinfo_1343;311.00;1343;0;1522.39;0.77;0.00;70.17;DEFAULT_VEHTYPE;;3;22.00
1281.00;29023870#0_0;13.39;8.14;1084.00;0.44;14471542#1_0;0.97;0.00;tripinfo_1498;197.00;1498;0;915.87;0.99;0.00;86.77;DEFAULT_VEHTYPE;;1;44.00
1283.00;8384914_0;76.32;7.77;871.00;1.52;31389747_0;5.10;0.00;tripinfo_1184;412.00;1184;1;2867.08;1.01;0.00;43.14;DEFAULT_VEHTYPE;;0;0.00
1283.00;291949061#0_0;196.65;5.10;1102.00;0.68;4730609_0;5.10;0.00;tripinfo_1506;181.00;1506;0;1075.61;1.12;0.00;50.65;DEFAULT_VEHTYPE;;1;31.00
1285.00;-781742860#5_0;32.45;8.26;1077.00;0.56;524150338#0_0;5.10;0.00;tripinfo_1477;208.00;1477;1;1184.86;1.07;0.00;73.10;DEFAULT_VEHTYPE;;2;19.00
1285.00;1196782590#3_1;2.34;15.81;1153.00;0.96;-4726711#0_0;5.10;0.00;tripinfo_1582;132.00;1582;0;1054.31;1.22;0.00;28.34;DEFAULT_VEHTYPE;;0;0.00
1287.00;4726681#0_0;251.87;7.91;1003.00;0.76;591680761#1_0;5.10;0.00;tripinfo_1392;284.00;1392;0;1014.99;1.01;0.00;187.84;DEFAULT_VEHTYPE;;1;160.00
1289.00;-27807643#2_0;6.60;7.42;903.00;0.12;7682864#2_0;5.10;0.00;tripinfo_1254;386.00;1254;1;2983.94;0.95;0.00;84.69;DEFAULT_VEHTYPE;;3;41.00
1290.00;510492456#0_0;178.50;6.12;917.00;4.24;-1066438511#1_0;5.10;0.00;tripinfo_1258;373.00;1258;0;2195.16;0.86;0.00;64.65;DEFAULT_VEHTYPE;;3;18.00
1290.00;-4312633_0;83.91;5.87;1032.00;0.96;1066431525_0;5.10;0.00;tripinfo_1432;258.00;1432;0;1471.39;0.83;0.00;44.46;DEFAULT_VEHTYPE;;1;16.00
1290.00;1307684785#0_0;54.25;5.17;1165.00;0.52;14118784#1_0;5.10;0.00;tripinfo_1609;125.00;1609;0;608.76;1.05;0.00;51.17;DEFAULT_VEHTYPE;;3;24.00
1291.00;-832487280_0;55.08;7.64;1000.00;0.40;244422543#0_0;5.10;0.00;tripinfo_1380;291.00;1380;0;2125.09;1.04;0.00;44.57;DEFAULT_VEHTYPE;;1;5.00
1291.00;591680761#0_0;6.13;14.06;1238.00;0.36;109993439_0;5.10;0.00;tripinfo_1712;53.00;1712;0;529.10;1.05;0.00;12.21;DEFAULT_VEHTYPE;;0;0.00
1294.00;4690638#0_0;133.07;7.77;1159.00;0.88;4730644_0;5.10;0.00;tripinfo_1596;135.00;1596;0;936.00;1.01;0.00;22.24;DEFAULT_VEHTYPE;;1;2.00
1298.00;510492456#0_0;178.50;7.96;1057.00;0.76;8382279#0_0;5.10;0.00;tripinfo_1467;241.00;1467;0;1725.32;1.03;0.00;39.40;DEFAULT_VEHTYPE;;0;0.00
1302.00;-434361017#1_0;49.79;8.63;879.00;0.80;220267107#0_0;5.10;0.00;tripinfo_1210;423.00;1210;1;2571.30;1.14;0.00;149.44;DEFAULT_VEHTYPE;;5;22.00
1302.00;628755546#0_0;4.53;6.43;950.00;0.84;30215395#0_0;5.10;0.00;tripinfo_1303;352.00;1303;1;1328.30;0.98;0.00;232.61;DEFAULT_VEHTYPE;;3;201.00
1303.00;-4426076#2_0;56.03;8.36;1027.00;0.28;-31512978#2_0;0.20;0.00;tripinfo_1401;276.00;1401;0;909.86;1.05;0.00;180.03;DEFAULT_VEHTYPE;;2;117.00
1304.00;37535329#2_0;8.73;7.67;408.00;0.08;62020116#0_0;5.10;0.00;tripinfo_561;896.00;561;0;1880.25;0.95;0.00;725.91;DEFAULT_VEHTYPE;;4;690.00
1306.00;-31411842#1_0;77.09;5.85;1013.00;0.12;4726718_0;5.10;0.00;tripinfo_1379;293.00;1379;0;2406.62;1.11;0.00;56.88;DEFAULT_VEHTYPE;;2;12.00
1306.00;-220267107#1_0;76.11;6.59;1131.00;0.28;830745951_0;5.10;0.00;tripinfo_1551;175.00;1551;0;1178.09;0.91;0.00;17.84;DEFAULT_VEHTYPE;;0;0.00
1308.00;5450860#2_0;28.24;7.79;1071.00;0.44;8382440#0_0;5.10;0.00;tripinfo_1473;237.00;1473;0;1555.66;0.96;0.00;35.85;DEFAULT_VEHTYPE;;1;7.00
1308.00;4726706#0_0;209.48;6.72;1183.00;0.84;-13853659#1_0;5.10;0.00;tripinfo_1628;125.00;1628;0;620.94;0.90;0.00;15.29;DEFAULT_VEHTYPE;;0;0.00
1309.00;510702678#1_0;70.72;8.31;626.00;0.36;523287555_0;5.10;0.00;tripinfo_862;683.00;862;0;2161.43;1.02;0.00;486.61;DEFAULT_VEHTYPE;;3;445.00
1310.00;8382305_0;175.62;8.27;1135.00;0.52;8382393#0_0;5.10;0.00;tripinfo_1559;175.00;1559;0;1326.82;1.06;0.00;24.46;DEFAULT_VEHTYPE;;1;3.00
1311.00;-524150347#1_0;84.26;9.04;642.00;0.68;36801001#2_0;5.10;0.00;tripinfo_881;669.00;881;1;4590.07;1.18;0.00;282.96;DEFAULT_VEHTYPE;;10;137.00
1311.00;-40493501#1_0;54.48;8.21;904.00;0.16;693295225_0;5.10;0.00;tripinfo_1247;407.00;1247;1;2723.12;1.05;0.00;98.67;DEFAULT_VEHTYPE;;3;38.00
1311.00;-23084263#2_0;51.20;9.56;1009.00;2.32;1037986847_0;0.20;0.00;tripinfo_1394;302.00;1394;1;2010.75;1.19;0.00;97.09;DEFAULT_VEHTYPE;;3;14.00
1311.00;244422544#0_0;113.72;8.68;1067.00;0.08;-781650841_0;5.10;0.00;tripinfo_1461;244.00;1461;0;1191.73;1.08;0.00;99.88;DEFAULT_VEHTYPE;;4;52.00
1311.00;290174551#0_0;68.77;6.96;1108.00;0.28;-240549301_0;5.10;0.00;tripinfo_1526;203.00;1526;0;1124.29;0.92;0.00;48.88;DEFAULT_VEHTYPE;;2;17.00
1311.00;-1267194155#2_0;38.68;6.78;1133.00;0.60;8140198#0_0;5.10;0.00;tripinfo_1570;178.00;1570;0;1572.03;0.90;0.00;15.60;DEFAULT_VEHTYPE;;0;0.00
1313.00;121794827_0;64.57;3.02;1001.00;0.48;643082467_0;5.10;0.00;tripinfo_1366;312.00;1366;0;1466.74;1.09;0.00;72.41;DEFAULT_VEHTYPE;;3;9.00
1314.00;-14118784#2_0;30.19;7.75;1073.00;0.24;8385415#1_0;5.10;0.00;tripinfo_1483;241.00;1483;0;1272.07;1.04;0.00;78.31;DEFAULT_VEHTYPE;;2;43.00
1315.00;36786445#0_0;45.67;9.24;690.00;0.88;4730637#4_0;5.10;0.00;tripinfo_946;625.00;946;1;4507.19;1.12;0.00;130.93;DEFAULT_VEHTYPE;;3;40.00
1315.00;4730616#1_0;0.59;8.57;997.00;1.52;150275986#2_0;5.10;0.00;tripinfo_1359;318.00;1359;0;2138.10;1.04;0.00;65.33;DEFAULT_VEHTYPE;;1;6.00
1315.00;625259599_0;136.88;12.43;1011.00;0.56;4426076#0_0;5.10;0.00;tripinfo_1402;304.00;1402;0;2791.09;0.97;0.00;54.09;DEFAULT_VEHTYPE;;2;21.00
1315.00;121794825#3_0;4.66;2.14;1065.00;0.20;643081314#0_0;5.10;0.00;tripinfo_1465;250.00;1465;0;1062.79;0.88;0.00;48.19;DEFAULT_VEHTYPE;;1;1.00
1316.00;13853658_0;42.30;5.78;1181.00;0.92;633077911_0;0.20;0.00;tripinfo_1614;135.00;1614;0;1523.30;1.10;0.00;17.36;DEFAULT_VEHTYPE;;0;0.00
1316.00;14362919#0_0;60.49;7.74;1185.00;0.56;150275986#5_0;5.10;0.00;tripinfo_1627;131.00;1627;0;968.50;1.02;0.00;17.08;DEFAULT_VEHTYPE;;1;2.00
1317.00;-31445160#2_0;112.65;7.48;513.00;0.56;175976586#0_0;5.10;0.00;tripinfo_702;804.00;702;0;1877.47;1.03;0.00;589.69;DEFAULT_VEHTYPE;;3;544.00
1318.00;-4426074#1_0;287.56;5.23;728.00;0.24;150275986#2_0;5.10;0.00;tripinfo_1008;590.00;1008;0;3521.23;0.69;0.00;94.89;DEFAULT_VEHTYPE;;3;31.00
1320.00;-47027743#2_0;83.13;8.98;856.00;0.24;-47896065_0;5.10;0.00;tripinfo_1183;464.00;1183;1;2814.10;1.10;0.00;124.53;DEFAULT_VEHTYPE;;2;23.00
1320.00;8382281#0_0;201.24;7.60;1043.00;0.16;62020116#0_0;5.10;0.00;tripinfo_1447;277.00;1447;0;2216.64;1.11;0.00;63.35;DEFAULT_VEHTYPE;;2;3.00
1320.00;7682864#0_0;69.58;7.47;1179.00;0.52;628782529#7_0;5.10;0.00;tripinfo_1634;141.00;1634;0;833.63;0.98;0.00;37.82;DEFAULT_VEHTYPE;;1;23.00
1321.00;-4726710#0_0;36.14;3.63;793.00;3.20;-220267247#0_0;5.10;0.00;tripinfo_1090;528.00;1090;0;2999.25;0.88;0.00;99.72;DEFAULT_VEHTYPE;;6;35.00
1324.00;-23084282_0;171.91;4.51;1007.00;0.64;62020119#0_0;5.10;0.00;tripinfo_1388;317.00;1388;0;1700.97;0.58;0.00;39.55;DEFAULT_VEHTYPE;;0;0.00
1324.00;-8382429#1_0;150.81;8.03;1035.00;0.80;4730637#4_0;5.10;0.00;tripinfo_1410;289.00;1410;0;1862.26;1.05;0.00;69.08;DEFAULT_VEHTYPE;;2;22.00
1325.00;1053478469#0_0;44.41;8.03;908.00;0.76;109993439_0;5.10;0.00;tripinfo_1242;417.00;1242;0;1662.83;1.02;0.00;269.28;DEFAULT_VEHTYPE;;4;242.00
1326.00;13853659#1_0;26.91;3.16;840.00;0.20;-8382305_0;5.10;0.00;tripinfo_1140;486.00;1140;0;2329.04;0.76;0.00;101.60;DEFAULT_VEHTYPE;;5;35.00
1326.00;31519076#0_0;19.30;4.81;1046.00;0.56;-47999871_0;5.10;0.00;tripinfo_1452;280.00;1452;0;1627.77;1.01;0.00;71.79;DEFAULT_VEHTYPE;;2;32.00
1326.00;-23084263#2_0;51.20;8.44;1098.00;0.12;8382445#2_0;5.10;0.00;tripinfo_1504;228.00;1504;0;1633.95;1.12;0.00;50.83;DEFAULT_VEHTYPE;;1;4.00
1327.00;8382385_0;19.45;8.39;1089.00;0.08;31412878_0;5.10;0.00;tripinfo_1486;238.00;1486;0;1510.27;1.03;0.00;52.64;DEFAULT_VEHTYPE;;1;25.00
1327.00;47426244#0_0;31.62;7.82;1107.00;0.68;-155472436#1_0;5.10;0.00;tripinfo_1531;220.00;1531;0;1459.10;1.00;0.00;42.97;DEFAULT_VEHTYPE;;1;19.00
1328.00;31427215#0_1;105.00;13.70;756.00;0.36;150275985#0_0;5.10;0.00;tripinfo_1037;572.00;1037;1;3348.98;1.04;0.00;194.12;DEFAULT_VEHTYPE;;9;113.00
1329.00;121794824_0;75.93;2.76;564.00;0.60;653443701_0;5.10;0.00;tripinfo_770;765.00;770;1;5798.19;1.03;0.00;197.02;DEFAULT_VEHTYPE;;8;71.00
1329.00;180022161#0_0;20.11;4.42;1179.00;0.80;-8382447#4_0;5.10;0.00;tripinfo_1610;150.00;1610;0;1008.73;0.92;0.00;15.49;DEFAULT_VEHTYPE;;0;0.00
1329.00;-31519076#1_0;56.60;4.89;1225.00;0.60;4726706#5_0;5.10;0.00;tripinfo_1695;104.00;1695;0;578.61;1.04;0.00;16.34;DEFAULT_VEHTYPE;;0;0.00
1330.00;-13853663_0;144.02;7.09;895.00;0.04;-23084263#2_0;5.10;0.00;tripinfo_1218;435.00;1218;0;2732.51;0.89;0.00;64.51;DEFAULT_VEHTYPE;;2;15.00
1331.00;950756091_0;18.04;6.06;1065.00;0.96;-524150333#1_0;5.10;0.00;tripinfo_1457;266.00;1457;1;1642.98;0.86;0.00;35.82;DEFAULT_VEHTYPE;;2;2.00
1331.00;62020321_0;201.46;10.95;1162.00;0.92;1053478469#0_0;5.10;0.00;tripinfo_1589;169.00;1589;0;1450.35;0.84;0.00;16.54;DEFAULT_VEHTYPE;;0;0.00
1332.00;17670100#5_0;1.73;7.89;1047.00;0.76;510702675#0_0;5.10;0.00;tripinfo_1442;285.00;1442;1;1284.41;1.03;0.00;135.62;DEFAULT_VEHTYPE;;3;96.00
1333.00;8140188#3_0;56.09;10.07;1148.00;0.76;-14362916#1_0;5.10;0.00;tripinfo_1567;185.00;1567;0;1330.14;1.22;0.00;52.86;DEFAULT_VEHTYPE;;3;18.00
1335.00;162611854#2_0;178.35;7.57;1034.00;0.52;150275973#0_0;5.10;0.00;tripinfo_1409;301.00;1409;0;2270.17;1.05;0.00;39.30;DEFAULT_VEHTYPE;;1;2.00
1335.00;220267106#0_0;195.54;8.97;1057.00;0.24;7682866#2_0;5.10;0.00;tripinfo_1458;278.00;1458;0;2026.98;1.09;0.00;53.25;DEFAULT_VEHTYPE;;2;5.00
1335.00;40493501#0_0;24.50;8.94;1159.00;0.12;8250533#0_0;5.10;0.00;tripinfo_1604;176.00;1604;0;1318.23;1.17;0.00;39.67;DEFAULT_VEHTYPE;;1;6.00
1335.00;4726710#1_0;10.66;5.25;1185.00;0.32;-9387033#3_0;5.10;0.00;tripinfo_1619;150.00;1619;0;791.20;1.12;0.00;66.85;DEFAULT_VEHTYPE;;2;45.00
1335.00;40598675#3_0;123.33;7.25;1274.00;0.68;23084263#0_0;5.10;0.00;tripinfo_1756;61.00;1756;0;400.10;0.90;0.00;7.32;DEFAULT_VEHTYPE;;0;0.00
1337.00;31431101#3_0;53.33;7.95;701.00;0.40;231475826#0_0;5.10;0.00;tripinfo_955;636.00;955;0;1488.39;1.05;0.00;446.06;DEFAULT_VEHTYPE;;4;410.00
1337.00;28208884#0_0;120.14;6.14;1019.00;0.44;150275980#0_0;5.10;0.00;tripinfo_1398;318.00;1398;0;1800.66;0.87;0.00;69.52;DEFAULT_VEHTYPE;;4;28.00
1338.00;4726680_0;260.87;7.07;938.00;0.12;1156337042_0;5.10;0.00;tripinfo_1279;400.00;1279;1;2572.48;0.95;0.00;77.78;DEFAULT_VEHTYPE;;2;29.00
1338.00;4730634#0_0;128.10;8.76;965.00;0.68;4690639#0_0;5.10;0.00;tripinfo_1331;373.00;1331;0;1255.64;1.07;0.00;256.17;DEFAULT_VEHTYPE;;1;229.00
1340.00;47895849#0_0;27.29;4.51;1131.00;0.24;31449010#0_0;5.10;0.00;tripinfo_1558;209.00;1558;1;1181.27;0.94;0.00;29.70;DEFAULT_VEHTYPE;;1;1.00
1341.00;8382307#1_0;3.39;9.34;1299.00;0.12;150275985#0_0;5.10;0.00;tripinfo_1779;42.00;1779;0;354.49;1.18;0.00;4.95;DEFAULT_VEHTYPE;;0;0.00
1342.00;-8382283#2_0;44.59;7.64;1261.00;0.72;220267108#0_0;5.10;0.00;tripinfo_1749;81.00;1749;0;539.91;0.95;0.00;10.62;DEFAULT_VEHTYPE;;0;0.00
1343.00;606127855_0;0.20;5.21;1161.00;0.68;-8382447#4_0;5.10;0.00;tripinfo_1606;182.00;1606;0;1137.45;0.98;0.00;35.39;DEFAULT_VEHTYPE;;1;13.00
1345.00;400062408_0;91.04;8.24;1046.00;0.52;239889169#0_0;5.10;0.00;tripinfo_1434;299.00;1434;1;2174.28;1.11;0.00;46.57;DEFAULT_VEHTYPE;;1;1.00
1346.00;17670100#2_0;87.92;6.39;1035.00;0.16;-145550725#1_0;5.10;0.00;tripinfo_1422;311.00;1422;0;1698.98;1.04;0.00;52.38;DEFAULT_VEHTYPE;;0;0.00
1347.00;-239757763_0;103.01;9.31;1117.00;1.96;430855719_0;5.10;0.00;tripinfo_1532;230.00;1532;0;2533.66;1.16;0.00;24.33;DEFAULT_VEHTYPE;;0;0.00
1347.00;-47895849#3_0;75.80;5.04;1127.00;0.32;4730654_0;5.10;0.00;tripinfo_1544;220.00;1544;1;1365.60;1.02;0.00;34.69;DEFAULT_VEHTYPE;;1;10.00
1347.00;524150333#0_0;117.00;7.82;1190.00;0.68;258274083#0_0;5.10;0.00;tripinfo_1631;157.00;1631;0;941.13;1.01;0.00;42.42;DEFAULT_VEHTYPE;;1;28.00
1348.00;13853655#2_0;92.58;6.68;1067.00;2.32;8384926#0_0;5.10;0.00;tripinfo_1469;281.00;1469;1;1685.75;0.91;0.00;31.54;DEFAULT_VEHTYPE;;0;0.00
1349.00;1168195444#0_1;85.71;8.86;1176.00;0.60;8140188#3_0;5.10;0.00;tripinfo_1620;173.00;1620;0;1390.34;1.11;0.00;22.00;DEFAULT_VEHTYPE;;1;2.00
1350.00;4441062_0;62.39;13.44;917.00;0.76;1307684785#0_0;5.10;0.00;tripinfo_1267;433.00;1267;1;2809.88;1.06;0.00;128.51;DEFAULT_VEHTYPE;;4;72.00
1352.00;-8140188#2_0;54.68;6.60;1211.00;0.84;150275973#0_0;5.10;0.00;tripinfo_1678;141.00;1678;0;821.48;0.88;0.00;27.82;DEFAULT_VEHTYPE;;2;8.00
1353.00;616545123_0;47.80;5.55;905.00;4.52;-8382281#2_0;5.10;0.00;tripinfo_1234;448.00;1234;1;3035.01;1.11;0.00;84.24;DEFAULT_VEHTYPE;;2;15.00
1353.00;14858642#0_0;0.20;11.84;1163.00;0.28;-96018881#4_0;5.10;0.00;tripinfo_1601;190.00;1601;0;1841.51;0.92;0.00;20.79;DEFAULT_VEHTYPE;;0;0.00
1355.00;-47896065_0;65.02;3.88;1071.00;0.84;31449010#1_0;5.10;0.00;tripinfo_1478;284.00;1478;1;1428.67;0.90;0.00;44.16;DEFAULT_VEHTYPE;;1;8.00
1355.00;396926515_0;1.87;8.68;1123.00;0.40;524150333#0_0;5.10;0.00;tripinfo_1555;232.00;1555;0;1794.30;1.21;0.00;52.14;DEFAULT_VEHTYPE;;2;21.00
1356.00;307372337#0_1;29.89;8.64;995.00;0.68;654207127#3_0;5.10;0.00;tripinfo_1356;361.00;1356;1;2166.22;1.19;0.00;116.88;DEFAULT_VEHTYPE;;2;38.00
1356.00;-29023870#1_0;10.38;7.42;1247.00;0.80;180020059#2_0;5.10;0.00;tripinfo_1710;109.00;1710;0;730.64;0.91;0.00;10.74;DEFAULT_VEHTYPE;;0;0.00
1357.00;399914536#0_0;56.06;7.61;588.00;0.24;23084263#1_0;5.10;0.00;tripinfo_808;769.00;808;0;1594.32;1.04;0.00;611.58;DEFAULT_VEHTYPE;;4;574.00
1357.00;137241321_0;0.20;7.50;883.00;0.00;625259600_0;5.10;0.00;tripinfo_1225;474.00;1225;0;2828.79;0.99;0.00;243.03;DEFAULT_VEHTYPE;;3;206.00
1358.00;13548014_0;191.33;11.92;883.00;0.36;-150275986#4_0;0.20;0.00;tripinfo_1212;475.00;1212;0;3413.17;0.95;0.00;81.09;DEFAULT_VEHTYPE;;3;30.00
1359.00;28208884#0_0;120.14;7.86;747.00;0.68;14471542#12_0;5.10;0.00;tripinfo_1031;612.00;1031;1;4757.73;1.04;0.00;107.95;DEFAULT_VEHTYPE;;4;17.00
1359.00;832487280_0;55.07;8.02;1051.00;0.64;220267104#0_0;5.10;0.00;tripinfo_1438;308.00;1438;0;1979.72;0.99;0.00;66.06;DEFAULT_VEHTYPE;;3;20.00
1359.00;-36786445#2_0;0.90;6.60;1212.00;0.64;-14118784#0_0;5.10;0.00;tripinfo_1663;147.00;1663;1;894.75;0.90;0.00;27.56;DEFAULT_VEHTYPE;;2;7.00
1360.00;654207127#3_0;12.67;2.37;929.00;0.60;-327412184_0;5.10;0.00;tripinfo_1270;431.00;1270;0;2203.30;1.02;0.00;98.40;DEFAULT_VEHTYPE;;2;7.00
1360.00;4730648#3_0;7.17;7.71;972.00;9.80;117055114_0;5.10;0.00;tripinfo_1335;388.00;1335;0;834.75;1.02;0.00;289.98;DEFAULT_VEHTYPE;;2;254.00
1360.00;654207122_0;0.20;1.95;1196.00;0.72;-150275988#2_0;5.10;0.00;tripinfo_1649;164.00;1649;0;677.34;1.01;0.00;34.58;DEFAULT_VEHTYPE;;0;0.00
1360.00;1162840696#0_0;9.94;6.74;1242.00;0.52;950756091_0;5.10;0.00;tripinfo_1709;118.00;1709;0;565.55;0.88;0.00;27.31;DEFAULT_VEHTYPE;;1;12.00
1361.00;8152038_0;88.34;5.43;928.00;0.56;13853661#0_0;5.10;0.00;tripinfo_1277;433.00;1277;1;2571.44;1.06;0.00;96.81;DEFAULT_VEHTYPE;;3;38.00
1361.00;8382282#0_0;28.77;8.20;1211.00;0.56;8382440#0_0;5.10;0.00;tripinfo_1677;150.00;1677;0;1172.35;1.04;0.00;15.09;DEFAULT_VEHTYPE;;0;0.00
1362.00;-150275986#1_0;98.57;7.83;1286.00;0.52;244422543#0_0;5.10;0.00;tripinfo_1784;76.00;1784;0;603.20;1.14;0.00;12.39;DEFAULT_VEHTYPE;;0;0.00
1362.00;23179512#0_0;41.35;6.80;1307.00;4.08;220137286#1_0;0.20;0.00;tripinfo_1786;55.00;1786;0;349.77;0.90;0.00;7.45;DEFAULT_VEHTYPE;;0;0.00
1363.00;-121794822#9_0;8.61;2.13;1020.00;0.36;-4312572#1_0;5.10;0.00;tripinfo_1412;343.00;1412;0;1894.13;1.03;0.00;64.37;DEFAULT_VEHTYPE;;1;14.00
1363.00;-1263793723_0;30.92;7.91;1218.00;0.08;40493652_0;0.20;0.00;tripinfo_1686;145.00;1686;0;1017.77;1.03;0.00;52.04;DEFAULT_VEHTYPE;;1;40.00
1366.00;-7682866#1_0;331.72;5.88;690.00;0.32;37535329#1_0;5.10;0.00;tripinfo_944;676.00;944;0;1272.95;0.89;0.00;509.03;DEFAULT_VEHTYPE;;5;462.00
1367.00;606127853_0;12.55;4.92;1021.00;0.08;17671153_0;4.69;0.00;tripinfo_1411;346.00;1411;0;1536.46;1.00;0.00;121.36;DEFAULT_VEHTYPE;;3;73.00
1370.00;47426244#1_0;25.56;8.51;857.00;0.64;14858868_0;5.10;0.00;tripinfo_1163;513.00;1163;1;4879.55;1.05;0.00;99.45;DEFAULT_VEHTYPE;;2;6.00
1370.00;-8250533#1_0;168.83;6.74;1279.00;0.56;150275973#0_0;5.10;0.00;tripinfo_1752;91.00;1752;0;584.60;0.92;0.00;13.70;DEFAULT_VEHTYPE;;0;0.00
1371.00;62017785#0_2;60.44;15.47;1041.00;0.76;-9387033#3_0;5.10;0.00;tripinfo_1417;330.00;1417;0;4085.16;1.14;0.00;66.02;DEFAULT_VEHTYPE;;2;35.00
1373.00;40493386#0_0;117.89;9.25;1152.00;0.56;150275986#3_0;5.10;0.00;tripinfo_1577;221.00;1577;1;1839.79;1.14;0.00;25.39;DEFAULT_VEHTYPE;;0;0.00
1375.00;150275986#0_0;98.60;6.76;1123.00;0.08;62020116#0_0;5.10;0.00;tripinfo_1536;252.00;1536;0;1792.79;0.87;0.00;36.02;DEFAULT_VEHTYPE;;1;7.00
1376.00;220267105#4_0;40.07;6.86;764.00;0.88;403882374_0;0.20;0.00;tripinfo_1046;612.00;1046;1;5416.84;0.95;0.00;101.31;DEFAULT_VEHTYPE;;5;41.00
1377.00;220267106#0_0;195.54;6.67;1143.00;0.16;1066431525_0;5.10;0.00;tripinfo_1572;234.00;1572;0;1668.56;0.96;0.00;23.39;DEFAULT_VEHTYPE;;0;0.00
1378.00;781742860#6_0;113.31;5.78;1077.00;0.92;-47426244#0_0;5.10;0.00;tripinfo_1489;301.00;1489;0;1305.25;0.81;0.00;105.40;DEFAULT_VEHTYPE;;3;69.00
1378.00;4726712#0_0;137.50;6.49;1113.00;0.20;8152036#0_0;5.10;0.00;tripinfo_1540;265.00;1540;0;1732.99;0.97;0.00;44.13;DEFAULT_VEHTYPE;;1;6.00
1379.00;31512978#0_0;13.62;8.50;1221.00;0.40;4730616#2_0;5.10;0.00;tripinfo_1680;158.00;1680;0;1046.49;1.11;0.00;40.36;DEFAULT_VEHTYPE;;1;14.00
1381.00;31427215#0_1;105.00;13.76;998.00;0.04;-628762074#2_0;5.10;0.00;tripinfo_1368;383.00;1368;1;2271.27;1.03;0.00;128.85;DEFAULT_VEHTYPE;;6;77.00
1381.00;-40598675#2_0;91.86;6.91;1316.00;4.60;174272154#0_0;5.10;0.00;tripinfo_1795;65.00;1795;0;422.39;0.87;0.00;7.55;DEFAULT_VEHTYPE;;0;0.00
1382.00;-150275985#2_0;56.92;7.41;1264.00;0.52;150275984#5_0;5.10;0.00;tripinfo_1734;118.00;1734;0;849.89;0.99;0.00;12.86;DEFAULT_VEHTYPE;;0;0.00
1383.00;47999870_0;44.01;8.27;1204.00;0.96;1053478468#0_0;5.10;0.00;tripinfo_1657;179.00;1657;0;1043.87;1.02;0.00;55.52;DEFAULT_VEHTYPE;;1;30.00
1384.00;8382285_0;80.54;8.77;1134.00;0.32;4730637#2_0;5.10;0.00;tripinfo_1569;250.00;1569;0;1838.62;1.16;0.00;57.91;DEFAULT_VEHTYPE;;2;9.00
1385.00;-40598675#3_0;124.35;7.50;1140.00;0.72;70724346#0_0;5.10;0.00;tripinfo_1574;245.00;1574;0;1692.56;1.00;0.00;39.81;DEFAULT_VEHTYPE;;1;6.00
1385.00;628762074#0_0;45.23;8.12;1150.00;0.08;628781006#1_0;5.10;0.00;tripinfo_1586;235.00;1586;0;1581.52;0.99;0.00;42.23;DEFAULT_VEHTYPE;;2;9.00
1387.00;8384905#0_0;74.73;6.68;1297.00;1.96;40598677#0_0;5.10;0.00;tripinfo_1782;90.00;1782;0;532.39;0.81;0.00;10.49;DEFAULT_VEHTYPE;;0;0.00
1388.00;150275971_0;13.55;6.37;1041.00;0.40;111691945_0;5.10;0.00;tripinfo_1430;347.00;1430;0;1942.74;0.83;0.00;56.30;DEFAULT_VEHTYPE;;2;9.00
1389.00;-4426076#2_0;56.03;7.43;1080.00;0.16;-40493501#4_0;5.10;0.00;tripinfo_1472;309.00;1472;0;1546.75;0.95;0.00;104.85;DEFAULT_VEHTYPE;;3;58.00
1390.00;8404828#1_0;39.85;8.76;1071.00;1.00;-47896065_0;5.10;0.00;tripinfo_1475;319.00;1475;1;3264.52;1.07;0.00;43.75;DEFAULT_VEHTYPE;;1;14.00
1390.00;-31512978#1_0;13.39;6.71;1276.00;0.76;4726685#1_0;5.10;0.00;tripinfo_1767;114.00;1767;0;582.14;1.01;0.00;30.94;DEFAULT_VEHTYPE;;1;16.00
1391.00;220267247#3_0;87.46;7.04;779.00;3.56;-47895849#0_0;5.10;0.00;tripinfo_1077;612.00;1077;1;5093.15;0.97;0.00;86.93;DEFAULT_VEHTYPE;;2;18.00
1391.00;1041085657#0_0;121.90;7.96;1094.00;0.76;162611854#0_0;5.10;0.00;tripinfo_1492;297.00;1492;0;1946.74;1.03;0.00;83.57;DEFAULT_VEHTYPE;;4;50.00
1391.00;628755546#0_0;0.21;7.82;1199.00;0.76;1263793722#0_0;5.10;0.00;tripinfo_1642;192.00;1642;1;1618.76;1.00;0.00;36.69;DEFAULT_VEHTYPE;;2;7.00
1392.00;4730651_0;94.24;8.99;533.00;0.24;8139943#0_0;5.10;0.00;tripinfo_733;859.00;733;0;2815.57;1.10;0.00;606.21;DEFAULT_VEHTYPE;;3;558.00
1392.00;419709604#0_1;8.81;8.05;553.00;0.48;-220267247#5_0;5.10;0.00;tripinfo_741;839.00;741;0;2601.89;1.04;0.00;572.71;DEFAULT_VEHTYPE;;7;470.00
1392.00;4726679#0_0;136.33;8.16;1114.00;8.64;-524150342_0;0.20;0.00;tripinfo_1513;278.00;1513;0;2028.41;1.01;0.00;30.54;DEFAULT_VEHTYPE;;0;0.00
1392.00;-414404581#1_0;29.61;8.21;1151.00;0.24;231483312_0;5.10;0.00;tripinfo_1583;241.00;1583;0;1093.08;1.01;0.00;110.62;DEFAULT_VEHTYPE;;6;66.00
1392.00;-8140193#2_0;128.92;9.19;1239.00;0.24;-8385415#3_0;5.10;0.00;tripinfo_1708;153.00;1708;0;1143.57;1.11;0.00;17.57;DEFAULT_VEHTYPE;;0;0.00
1392.00;-150275972_0;101.07;8.06;1253.00;3.08;-47999870_0;5.10;0.00;tripinfo_1711;139.00;1711;0;1035.46;1.04;0.00;18.36;DEFAULT_VEHTYPE;;0;0.00
1393.00;628762073#0_0;192.93;8.33;1122.00;0.72;400062406#0_0;5.10;0.00;tripinfo_1549;271.00;1549;0;1945.06;1.10;0.00;54.23;DEFAULT_VEHTYPE;;2;14.00
1394.00;14626335#4_0;46.91;8.45;822.00;0.92;30215395#0_0;5.10;0.00;tripinfo_1114;572.00;1114;0;2595.67;1.09;0.00;364.88;DEFAULT_VEHTYPE;;6;321.00
1394.00;37535329#2_1;8.73;6.16;1087.00;0.24;31518448#0_0;5.10;0.00;tripinfo_1508;307.00;1508;1;1393.40;1.10;0.00;153.58;DEFAULT_VEHTYPE;;3;93.00
1397.00;524150311#0_0;13.37;6.42;1043.00;0.08;95742114_0;5.10;0.00;tripinfo_1436;354.00;1436;0;2404.38;0.91;0.00;47.23;DEFAULT_VEHTYPE;;1;9.00
1397.00;419709604#1_1;6.27;7.03;1337.00;0.32;37535329#2_0;5.10;0.00;tripinfo_1844;60.00;1844;0;33.11;0.95;0.00;54.28;DEFAULT_VEHTYPE;;1;51.00
1398.00;8384907#0_0;17.67;7.90;746.00;0.72;1263793723_0;5.10;0.00;tripinfo_1024;652.00;1024;1;4682.94;1.01;0.00;139.96;DEFAULT_VEHTYPE;;6;58.00
1399.00;4726786#1_0;172.17;12.34;1291.00;0.44;-4312633_0;5.10;0.00;tripinfo_1773;108.00;1773;0;886.61;0.91;0.00;17.50;DEFAULT_VEHTYPE;;1;3.00
1399.00;1308361365_0;15.87;5.35;1310.00;3.68;-31431101#5_0;5.10;0.00;tripinfo_1806;89.00;1806;0;567.58;1.02;0.00;20.27;DEFAULT_VEHTYPE;;0;0.00
1400.00;8382391#0_0;97.81;7.12;730.00;0.80;1053478470_0;5.10;0.00;tripinfo_985;670.00;985;0;1640.85;0.91;0.00;482.40;DEFAULT_VEHTYPE;;5;428.00
1402.00;-434361017#1_0;49.79;6.97;932.00;0.76;960773147_0;5.10;0.00;tripinfo_1292;470.00;1292;1;2802.90;0.98;0.00;117.93;DEFAULT_VEHTYPE;;6;38.00
1404.00;410939626_0;0.20;14.82;940.00;0.40;-829968896#1_0;0.20;0.00;tripinfo_1280;464.00;1280;0;2741.35;1.10;0.00;165.99;DEFAULT_VEHTYPE;;7;52.00
1404.00;4690640#0_1;334.20;14.37;1133.00;0.48;36786445#0_0;5.10;0.00;tripinfo_1566;271.00;1566;1;2189.66;1.12;0.00;73.09;DEFAULT_VEHTYPE;;5;24.00
1405.00;393494867_0;123.28;14.54;879.00;0.72;653443701_0;5.10;0.00;tripinfo_1199;526.00;1199;0;2642.33;1.10;0.00;296.14;DEFAULT_VEHTYPE;;3;239.00
1405.00;36801004#0_0;94.58;15.98;1182.00;0.20;40493386#0_0;5.10;0.00;tripinfo_1615;223.00;1615;0;2193.30;1.16;0.00;49.21;DEFAULT_VEHTYPE;;1;21.00
1406.00;-150275986#1_0;98.57;8.33;1226.00;0.52;258274083#0_0;5.10;0.00;tripinfo_1684;180.00;1684;0;1444.83;1.13;0.00;25.70;DEFAULT_VEHTYPE;;1;4.00
1407.00;1307684785#1_0;15.34;4.86;1168.00;3.32;31448937#1_0;5.10;0.00;tripinfo_1594;239.00;1594;0;1071.28;0.93;0.00;94.54;DEFAULT_VEHTYPE;;4;57.00
1408.00;40493386#0_0;117.89;8.45;890.00;1.24;4441062_0;5.10;0.00;tripinfo_1208;518.00;1208;0;2353.12;1.11;0.00;330.62;DEFAULT_VEHTYPE;;3;268.00
1408.00;96018881#0_0;97.29;6.67;911.00;0.88;8382281#0_0;5.10;0.00;tripinfo_1246;497.00;1246;1;2622.08;0.90;0.00;146.95;DEFAULT_VEHTYPE;;3;89.00
1411.00;496872852_0;139.31;6.61;808.00;3.44;1287393211#3_0;5.10;0.00;tripinfo_1098;603.00;1098;0;825.67;0.92;0.00;501.03;DEFAULT_VEHTYPE;;6;458.00
1411.00;290174551#1_0;5.51;8.30;1041.00;2.36;137238867#0_0;5.10;0.00;tripinfo_1437;370.00;1437;0;2097.27;1.09;0.00;122.41;DEFAULT_VEHTYPE;;4;65.00
1412.00;-40598675#2_0;91.86;8.05;760.00;12.92;307372339#0_0;5.10;0.00;tripinfo_1014;652.00;1014;0;880.40;1.05;0.00;554.78;DEFAULT_VEHTYPE;;6;506.00
1415.00;13853655#1_0;17.55;6.40;1010.00;0.80;4690639#0_0;5.10;0.00;tripinfo_1385;405.00;1385;0;1390.51;0.88;0.00;210.90;DEFAULT_VEHTYPE;;2;180.00
1415.00;-1024105863_0;26.14;7.98;1320.00;45.24;307372339#0_0;5.10;0.00;tripinfo_1758;95.00;1758;0;697.82;0.99;0.00;10.14;DEFAULT_VEHTYPE;;0;0.00
1416.00;180020059#2_0;43.70;7.32;1111.00;0.12;-96016135_0;2.24;0.00;tripinfo_1529;305.00;1529;0;1984.38;0.93;0.00;83.04;DEFAULT_VEHTYPE;;4;41.00
1416.00;4422177_0;124.80;12.80;1269.00;0.08;47027857#0_0;3.95;0.00;tripinfo_1736;147.00;1736;0;973.04;1.00;0.00;55.57;DEFAULT_VEHTYPE;;1;37.00
1418.00;-40493652_0;0.20;6.67;1059.00;0.64;-628762074#2_0;5.10;0.00;tripinfo_1463;359.00;1463;1;2074.27;0.95;0.00;92.76;DEFAULT_VEHTYPE;;7;37.00
1418.00;-47027406_0;7.89;7.96;1244.00;0.28;8382402#0_0;5.10;0.00;tripinfo_1726;174.00;1726;0;1398.35;1.08;0.00;21.43;DEFAULT_VEHTYPE;;0;0.00
1418.00;31431101#3_0;53.33;6.49;1345.00;0.60;220267107#1_0;5.10;0.00;tripinfo_1845;73.00;1845;0;475.46;0.91;0.00;9.33;DEFAULT_VEHTYPE;;0;0.00
1419.00;119180322_0;109.44;7.78;1282.00;0.80;395073288#0_0;5.10;0.00;tripinfo_1760;137.00;1760;0;1182.08;1.04;0.00;29.04;DEFAULT_VEHTYPE;;2;7.00
1421.00;-47426241#1_0;204.01;8.78;970.00;0.20;4726710#0_0;5.10;0.00;tripinfo_1340;451.00;1340;1;4271.29;1.10;0.00;79.69;DEFAULT_VEHTYPE;;3;15.00
1421.00;-4426076#0_0;30.91;8.74;1285.00;7.88;40493384#0_0;5.10;0.00;tripinfo_1746;136.00;1746;0;1008.95;1.10;0.00;30.00;DEFAULT_VEHTYPE;;1;7.00
1421.00;231945290#3_0;44.20;7.26;1388.00;0.40;40493385#0_0;5.10;0.00;tripinfo_1905;33.00;1905;0;235.54;1.01;0.00;4.55;DEFAULT_VEHTYPE;;0;0.00
1422.00;1263793723_0;30.92;7.52;1219.00;1.44;31519076#1_0;5.10;0.00;tripinfo_1673;203.00;1673;0;1368.21;0.97;0.00;21.99;DEFAULT_VEHTYPE;;0;0.00
1423.00;14362916#0_0;76.16;6.83;1292.00;0.92;-36786443#2_0;5.10;0.00;tripinfo_1789;131.00;1789;0;674.44;0.85;0.00;35.30;DEFAULT_VEHTYPE;;1;22.00
1424.00;523287556_0;11.61;6.82;953.00;0.12;36786444#0_0;5.10;0.00;tripinfo_1304;471.00;1304;1;3001.25;0.93;0.00;88.05;DEFAULT_VEHTYPE;;3;30.00
1424.00;1053478471_0;54.01;8.37;1145.00;0.28;627916936#1_0;5.10;0.00;tripinfo_1576;279.00;1576;0;1867.67;1.06;0.00;88.63;DEFAULT_VEHTYPE;;4;43.00
1426.00;523287556_0;11.61;8.00;983.00;0.48;-36786443#2_0;5.10;0.00;tripinfo_1341;443.00;1341;1;3080.84;1.03;0.00;87.60;DEFAULT_VEHTYPE;;2;11.00
1428.00;523287556_0;11.61;9.46;1290.00;0.56;175976586#0_0;5.10;0.00;tripinfo_1777;138.00;1777;0;1102.70;1.26;0.00;31.78;DEFAULT_VEHTYPE;;0;0.00
1429.00;8385415#0_0;0.20;7.40;948.00;0.00;14471542#5_0;1.52;0.00;tripinfo_1300;481.00;1300;0;2039.54;0.92;0.00;266.25;DEFAULT_VEHTYPE;;4;214.00
1429.00;8152033#1_0;26.93;8.65;962.00;0.52;-150275988#2_0;5.10;0.00;tripinfo_1309;467.00;1309;0;2958.09;1.15;0.00;156.35;DEFAULT_VEHTYPE;;6;49.00
1429.00;29023870#0_0;13.39;7.44;1328.00;0.96;4730649_0;5.10;0.00;tripinfo_1832;101.00;1832;0;697.55;0.96;0.00;12.03;DEFAULT_VEHTYPE;;0;0.00
1430.00;8382421#0_0;63.51;6.33;1203.00;0.60;31448934#0_0;5.10;0.00;tripinfo_1645;227.00;1645;0;1380.87;0.86;0.00;27.18;DEFAULT_VEHTYPE;;0;0.00
1432.00;-34065519_0;29.17;4.53;642.00;0.64;1053478468#0_0;5.10;0.00;tripinfo_888;790.00;888;0;2087.70;0.88;0.00;525.57;DEFAULT_VEHTYPE;;4;474.00
1432.00;14471542#4_0;27.51;8.33;933.00;0.84;-47426239_0;5.10;0.00;tripinfo_1278;499.00;1278;1;3126.39;1.01;0.00;124.16;DEFAULT_VEHTYPE;;4;43.00
1434.00;-31431101#1_0;119.31;7.46;1225.00;2.32;628757206#0_0;5.10;0.00;tripinfo_1694;209.00;1694;0;1381.72;0.95;0.00;33.95;DEFAULT_VEHTYPE;;1;3.00
1434.00;-13853659#0_0;30.86;5.58;1257.00;0.40;137238867#0_0;5.10;0.00;tripinfo_1730;177.00;1730;0;1173.92;1.05;0.00;25.15;DEFAULT_VEHTYPE;;1;1.00
1434.00;31427215#0_1;105.00;12.15;1330.00;0.88;4730634#0_0;5.10;0.00;tripinfo_1821;104.00;1821;0;367.65;0.94;0.00;68.17;DEFAULT_VEHTYPE;;2;51.00
1435.00;-305670610_0;4.18;5.22;1164.00;0.36;14858642#1_0;5.10;0.00;tripinfo_1612;271.00;1612;0;3441.73;1.01;0.00;23.59;DEFAULT_VEHTYPE;;1;1.00
1436.00;433333438#0_0;23.51;7.56;1188.00;0.96;8152038_0;5.10;0.00;tripinfo_1632;248.00;1632;0;1443.02;1.04;0.00;70.62;DEFAULT_VEHTYPE;;2;31.00
1436.00;1098324353_0;0.20;8.50;1431.00;0.52;413722446_0;0.20;0.00;tripinfo_1984;5.00;1984;0;22.24;1.08;0.00;2.58;DEFAULT_VEHTYPE;;1;1.00
1437.00;8382359_0;50.83;4.16;665.00;0.88;27807643#0_0;5.10;0.00;tripinfo_896;772.00;896;1;3548.52;0.85;0.00;371.33;DEFAULT_VEHTYPE;;6;295.00
1437.00;-327412184_0;118.77;7.72;1114.00;0.04;395153043_0;0.20;0.00;tripinfo_1543;323.00;1543;0;705.32;0.93;0.00;231.30;DEFAULT_VEHTYPE;;4;199.00
1438.00;-40598675#2_0;91.86;7.19;1225.00;0.12;4726718_0;5.10;0.00;tripinfo_1679;213.00;1679;0;2005.64;0.94;0.00;39.74;DEFAULT_VEHTYPE;;1;21.00
1440.00;-8384914_0;76.65;8.37;1226.00;0.24;745660413#0_0;5.10;0.00;tripinfo_1683;214.00;1683;1;1502.61;1.02;0.00;24.10;DEFAULT_VEHTYPE;;0;0.00
1449.00;-290174549#0_0;118.03;7.99;1148.00;1.44;450925440_0;5.10;0.00;tripinfo_1573;301.00;1573;1;2011.71;0.96;0.00;54.71;DEFAULT_VEHTYPE;;1;2.00
1449.00;643081314#0_0;6.64;6.48;1185.00;0.04;1111110395_0;5.10;0.00;tripinfo_1643;264.00;1643;0;1176.06;0.92;0.00;108.91;DEFAULT_VEHTYPE;;3;80.00
1449.00;31459223#0_0;58.35;6.26;1294.00;4.40;628781006#7_0;5.10;0.00;tripinfo_1780;155.00;1780;0;845.17;0.89;0.00;40.90;DEFAULT_VEHTYPE;;2;11.00
1450.00;183370113#0_0;0.42;9.34;1400.00;0.64;963479927#0_0;5.10;0.00;tripinfo_1938;50.00;1938;0;399.79;1.18;0.00;24.55;DEFAULT_VEHTYPE;;1;12.00
1451.00;31518448#0_0;116.95;7.25;1255.00;0.56;150275986#2_0;5.10;0.00;tripinfo_1727;196.00;1727;0;1108.11;1.01;0.00;62.41;DEFAULT_VEHTYPE;;2;24.00
1451.00;-8140188#16_0;144.61;7.21;1373.00;0.40;31431101#0_0;5.10;0.00;tripinfo_1880;78.00;1880;0;534.13;1.00;0.00;13.48;DEFAULT_VEHTYPE;;1;3.00
1452.00;-244422544#1_0;114.80;8.66;1339.00;0.00;265113917#0_0;5.10;0.00;tripinfo_1850;113.00;1850;0;827.87;1.05;0.00;17.67;DEFAULT_VEHTYPE;;1;1.00
1453.00;510492454#0_1;50.58;8.98;930.00;0.20;-40493652_0;0.20;0.00;tripinfo_1290;523.00;1290;1;3794.41;1.16;0.00;146.24;DEFAULT_VEHTYPE;;6;38.00
1453.00;8152036#0_0;11.51;5.64;991.00;0.16;-628755544#4_0;5.10;0.00;tripinfo_1372;462.00;1372;1;2421.46;0.81;0.00;117.56;DEFAULT_VEHTYPE;;6;49.00
1453.00;1083809476#0_0;72.33;8.22;1130.00;0.84;121794827_0;5.10;0.00;tripinfo_1553;323.00;1553;0;1853.06;1.07;0.00;57.35;DEFAULT_VEHTYPE;;2;5.00
1453.00;-47426241#1_0;204.01;6.72;1212.00;0.60;31449010#1_0;5.10;0.00;tripinfo_1670;241.00;1670;0;1396.20;0.91;0.00;56.17;DEFAULT_VEHTYPE;;2;22.00
1454.00;-13853658_0;42.27;5.49;1064.00;0.12;830745951_0;5.10;0.00;tripinfo_1454;390.00;1454;0;2650.06;1.06;0.00;85.28;DEFAULT_VEHTYPE;;2;36.00
1455.00;-8140188#2_0;54.68;6.67;987.00;0.28;4726711#0_0;5.10;0.00;tripinfo_1351;468.00;1351;0;3089.05;0.95;0.00;67.43;DEFAULT_VEHTYPE;;3;13.00
1456.00;1066438511#0_0;63.30;8.23;1305.00;0.04;47426244#1_0;5.10;0.00;tripinfo_1793;151.00;1793;0;1237.10;1.13;0.00;17.90;DEFAULT_VEHTYPE;;0;0.00
1457.00;377719664_0;85.59;8.21;1214.00;0.80;-239757874#1_0;5.10;0.00;tripinfo_1660;243.00;1660;0;1418.86;1.00;0.00;72.43;DEFAULT_VEHTYPE;;3;35.00
1458.00;31449018_0;172.85;7.16;1060.00;0.48;-121794825#3_0;4.66;0.00;tripinfo_1466;398.00;1466;0;2387.89;1.01;0.00;57.30;DEFAULT_VEHTYPE;;1;1.00
1458.00;14471542#6_0;10.27;7.45;1112.00;0.72;1168195444#0_0;5.10;0.00;tripinfo_1524;346.00;1524;1;2766.21;0.95;0.00;56.39;DEFAULT_VEHTYPE;;3;9.00
1458.00;-5450857#1_0;29.82;9.33;1146.00;1.80;-132148870#2_0;5.10;0.00;tripinfo_1585;312.00;1585;1;1638.80;1.22;0.00;148.47;DEFAULT_VEHTYPE;;5;79.00
1458.00;-47027857#1_0;4.00;7.38;1313.00;0.92;4730647#0_0;5.10;0.00;tripinfo_1814;145.00;1814;0;1248.62;0.96;0.00;14.73;DEFAULT_VEHTYPE;;0;0.00
1459.00;4441057#1_0;11.28;12.31;926.00;1.24;-8140188#2_0;5.10;0.00;tripinfo_1283;533.00;1283;1;3247.42;0.89;0.00;125.61;DEFAULT_VEHTYPE;;8;53.00
1461.00;31431101#2_0;34.24;7.78;1169.00;0.44;-4730648#4_0;5.10;0.00;tripinfo_1598;292.00;1598;0;1604.76;0.99;0.00;96.31;DEFAULT_VEHTYPE;;6;43.00
1461.00;643082467_0;13.68;7.87;1255.00;0.20;-150275984#0_0;5.10;0.00;tripinfo_1715;206.00;1715;0;1118.48;0.98;0.00;60.81;DEFAULT_VEHTYPE;;2;25.00
1461.00;4730634#0_0;128.10;8.31;1386.00;0.16;5451917#0_0;5.10;0.00;tripinfo_1897;75.00;1897;0;437.18;1.00;0.00;21.21;DEFAULT_VEHTYPE;;2;10.00
1462.00;1168195444#0_0;85.71;8.44;1300.00;0.16;4730638_0;5.10;0.00;tripinfo_1797;162.00;1797;0;1261.18;1.05;0.00;16.83;DEFAULT_VEHTYPE;;0;0.00
1463.00;1150906866_0;87.85;8.00;1103.00;4.16;-4760584#1_0;5.10;0.00;tripinfo_1522;360.00;1522;1;1523.42;1.05;0.00;183.84;DEFAULT_VEHTYPE;;5;131.00
1463.00;628755546#0_0;0.66;5.48;1340.00;0.40;625259600_0;5.10;0.00;tripinfo_1855;123.00;1855;1;1263.50;1.02;0.00;25.91;DEFAULT_VEHTYPE;;0;0.00
1464.00;1156329250_0;1.26;7.36;1100.00;0.32;150276003#2_0;5.10;0.00;tripinfo_1519;364.00;1519;1;2088.92;0.95;0.00;96.39;DEFAULT_VEHTYPE;;6;50.00
1465.00;-654207127#1_0;72.74;1.88;1010.00;1.72;8385415#0_0;0.20;0.00;tripinfo_1399;455.00;1399;0;2112.03;0.85;0.00;71.96;DEFAULT_VEHTYPE;;0;0.00
1466.00;4422177_0;124.80;12.87;1253.00;0.84;606127854#0_0;5.10;0.00;tripinfo_1728;213.00;1728;1;1301.17;1.00;0.00;81.31;DEFAULT_VEHTYPE;;3;51.00
1466.00;524151750#0_0;119.20;7.18;1371.00;0.64;-30324793_0;5.10;0.00;tripinfo_1888;95.00;1888;0;572.84;0.95;0.00;22.32;DEFAULT_VEHTYPE;;1;12.00
1467.00;150275986#2_0;39.71;6.50;1128.00;0.68;237344387_0;5.10;0.00;tripinfo_1556;339.00;1556;0;1606.16;0.84;0.00;97.59;DEFAULT_VEHTYPE;;4;51.00
1467.00;606127855_0;0.20;5.48;1180.00;0.16;8152033#0_0;5.10;0.00;tripinfo_1622;287.00;1622;1;1863.88;1.14;0.00;54.35;DEFAULT_VEHTYPE;;1;5.00
1468.00;628762074#0_0;45.23;8.86;1229.00;0.12;8152056_0;5.10;0.00;tripinfo_1704;239.00;1704;0;1769.94;1.12;0.00;42.27;DEFAULT_VEHTYPE;;2;10.00
1470.00;31431608_0;235.51;6.34;917.00;0.20;1264687285_0;0.20;0.00;tripinfo_1265;553.00;1265;0;2913.31;0.78;0.00;84.54;DEFAULT_VEHTYPE;;2;20.00
1470.00;4422177_0;124.80;13.90;1158.00;0.00;40493418_0;5.10;0.00;tripinfo_1600;312.00;1600;0;2083.77;1.08;0.00;79.90;DEFAULT_VEHTYPE;;2;27.00
1471.00;430855719_0;134.98;6.04;1166.00;0.64;231483332#0_0;5.10;0.00;tripinfo_1613;305.00;1613;0;1834.07;0.87;0.00;69.06;DEFAULT_VEHTYPE;;5;21.00
1474.00;-291949061#2_0;192.70;5.44;1140.00;0.80;31411842#0_0;5.10;0.00;tripinfo_1560;334.00;1560;0;1493.23;1.00;0.00;115.73;DEFAULT_VEHTYPE;;5;59.00
1474.00;875773546_0;72.96;7.41;1257.00;0.64;31411842#0_0;5.10;0.00;tripinfo_1738;217.00;1738;0;1343.56;0.96;0.00;41.70;DEFAULT_VEHTYPE;;1;12.00
1475.00;-47895849#0_0;26.57;4.52;469.00;0.24;231475826#0_0;5.10;0.00;tripinfo_633;1006.00;633;0;1616.34;0.99;0.00;784.66;DEFAULT_VEHTYPE;;4;750.00
1475.00;-8385415#3_0;276.25;6.95;1182.00;0.08;-36786443#2_0;5.10;0.00;tripinfo_1636;293.00;1636;1;1993.98;0.97;0.00;45.54;DEFAULT_VEHTYPE;;2;10.00
1476.00;62017785#0_1;60.44;13.81;1318.00;0.04;-13764247#1_0;5.10;0.00;tripinfo_1818;158.00;1818;0;1368.92;1.02;0.00;30.85;DEFAULT_VEHTYPE;;0;0.00
1476.00;8382358_0;39.82;6.96;1342.00;3.04;-150275986#1_0;5.10;0.00;tripinfo_1843;134.00;1843;0;914.80;0.94;0.00;16.44;DEFAULT_VEHTYPE;;0;0.00
1477.00;8382282#0_0;28.77;4.75;1068.00;0.36;-1024105863_0;5.10;0.00;tripinfo_1462;409.00;1462;0;3427.70;1.01;0.00;68.45;DEFAULT_VEHTYPE;;3;24.00
1477.00;175206104_0;94.46;8.23;1206.00;4.56;8152038_0;5.10;0.00;tripinfo_1652;271.00;1652;0;1534.11;1.03;0.00;89.67;DEFAULT_VEHTYPE;;4;38.00
1478.00;-1037986847_0;0.20;6.30;935.00;0.68;47027857#0_0;3.95;0.00;tripinfo_1281;543.00;1281;1;3650.14;1.14;0.00;162.44;DEFAULT_VEHTYPE;;8;57.00
1479.00;-31431101#5_0;17.82;8.49;1182.00;0.48;1150906866_0;5.10;0.00;tripinfo_1616;297.00;1616;0;1674.17;1.06;0.00;105.29;DEFAULT_VEHTYPE;;6;39.00
1479.00;4730631#1_0;69.43;8.11;1221.00;0.16;109993439_0;5.10;0.00;tripinfo_1672;258.00;1672;0;1799.18;0.98;0.00;36.25;DEFAULT_VEHTYPE;;1;1.00
1480.00;8152060#1_0;50.25;7.61;1412.00;0.08;31449018_0;5.10;0.00;tripinfo_1936;68.00;1936;0;495.60;1.00;0.00;7.53;DEFAULT_VEHTYPE;;0;0.00
1481.00;40493501#2_0;21.30;8.33;1250.00;0.44;591680761#0_0;5.10;0.00;tripinfo_1723;231.00;1723;0;1597.17;1.04;0.00;34.66;DEFAULT_VEHTYPE;;0;0.00
1481.00;-150275986#3_0;11.62;9.59;1268.00;0.00;856293285#0_0;5.10;0.00;tripinfo_1750;213.00;1750;0;2295.16;1.15;0.00;31.34;DEFAULT_VEHTYPE;;1;8.00
1481.00;781650841_0;77.95;13.60;1297.00;0.20;327412184_0;5.10;0.00;tripinfo_1790;184.00;1790;0;1083.19;1.00;0.00;54.94;DEFAULT_VEHTYPE;;3;7.00
1482.00;14118785#1_0;95.44;7.12;1208.00;0.32;-36786443#2_0;5.10;0.00;tripinfo_1669;274.00;1669;1;1652.28;0.93;0.00;57.45;DEFAULT_VEHTYPE;;2;26.00
1482.00;36786443#0_0;160.05;6.22;1445.00;0.28;-36786445#2_0;5.10;0.00;tripinfo_2001;37.00;2001;0;209.05;0.82;0.00;5.50;DEFAULT_VEHTYPE;;0;0.00
1483.00;-150276003#1_0;86.27;7.34;1259.00;0.60;945224009_0;5.10;0.00;tripinfo_1745;224.00;1745;0;1193.98;1.03;0.00;84.48;DEFAULT_VEHTYPE;;2;48.00
1485.00;-47426244#2_0;60.41;8.18;824.00;4.88;31427257#7_0;5.10;0.00;tripinfo_1121;661.00;1121;0;3311.04;1.02;0.00;347.87;DEFAULT_VEHTYPE;;2;307.00
1485.00;524150311#1_0;52.20;6.95;979.00;0.92;237344387_0;5.10;0.00;tripinfo_1339;506.00;1339;0;2727.48;0.89;0.00;127.06;DEFAULT_VEHTYPE;;4;72.00
1486.00;14118785#0_0;50.43;6.31;979.00;0.12;183370113#0_0;0.42;0.00;tripinfo_1354;507.00;1354;1;3091.21;0.86;0.00;80.97;DEFAULT_VEHTYPE;;2;22.00
1488.00;8382307#1_0;3.39;6.85;1319.00;3.72;414404581#0_0;5.10;0.00;tripinfo_1824;169.00;1824;0;1189.48;0.98;0.00;21.56;DEFAULT_VEHTYPE;;0;0.00
1488.00;8382279#1_0;93.13;8.56;1360.00;0.80;121794822#5_0;5.10;0.00;tripinfo_1860;128.00;1860;0;523.41;1.08;0.00;26.54;DEFAULT_VEHTYPE;;1;1.00
1489.00;496872852_0;139.31;5.96;851.00;0.52;-236306864#4_0;5.10;0.00;tripinfo_1159;638.00;1159;0;3129.98;0.74;0.00;250.98;DEFAULT_VEHTYPE;;5;183.00
1489.00;-150275972_0;101.07;9.12;1225.00;0.96;40493501#2_0;5.10;0.00;tripinfo_1682;264.00;1682;0;1788.75;1.22;0.00;87.13;DEFAULT_VEHTYPE;;3;26.00
1491.00;-654207127#1_0;72.74;2.43;1410.00;0.84;-145550725#1_0;5.10;0.00;tripinfo_1953;81.00;1953;0;194.83;1.11;0.00;17.77;DEFAULT_VEHTYPE;;0;0.00
1492.00;396926515_0;1.87;7.83;1002.00;0.32;1156329248_0;5.10;0.00;tripinfo_1369;490.00;1369;0;3136.12;1.02;0.00;212.82;DEFAULT_VEHTYPE;;4;127.00
1492.00;231945290#2_0;74.14;7.60;1251.00;10.68;-239923867#1_0;5.10;0.00;tripinfo_1706;241.00;1706;0;806.32;0.97;0.00;140.61;DEFAULT_VEHTYPE;;3;114.00
1493.00;-8382368#2_0;151.97;7.78;1404.00;0.16;-1083809476#2_0;5.10;0.00;tripinfo_1922;89.00;1922;0;573.87;1.02;0.00;23.73;DEFAULT_VEHTYPE;;1;8.00
1496.00;14118785#0_0;50.43;7.11;1198.00;0.36;8385415#1_0;5.10;0.00;tripinfo_1662;298.00;1662;0;1489.48;1.00;0.00;105.80;DEFAULT_VEHTYPE;;4;59.00
1496.00;-524150311#1_0;52.20;8.12;1428.00;0.60;-654207127#5_0;5.10;0.00;tripinfo_1970;68.00;1970;0;304.83;1.04;0.00;12.67;DEFAULT_VEHTYPE;;0;0.00
1497.00;-265113917#1_0;48.07;8.76;748.00;0.76;653443701_0;5.10;0.00;tripinfo_1017;749.00;1017;1;4069.47;1.10;0.00;399.10;DEFAULT_VEHTYPE;;11;270.00
1502.00;62020321_0;201.46;11.39;1025.00;0.92;-36786445#2_0;5.10;0.00;tripinfo_1414;477.00;1414;1;3277.47;0.86;0.00;70.48;DEFAULT_VEHTYPE;;3;10.00
1503.00;65583364_0;49.29;7.03;1301.00;0.44;4690691_0;5.10;0.00;tripinfo_1798;202.00;1798;0;1313.75;0.92;0.00;21.15;DEFAULT_VEHTYPE;;0;0.00
1505.00;220267108#0_0;46.13;8.92;537.00;0.80;875759959_0;5.10;0.00;tripinfo_735;968.00;735;0;1929.72;1.18;0.00;780.24;DEFAULT_VEHTYPE;;5;690.00
1505.00;96018881#0_0;97.29;8.02;1219.00;3.72;781742860#6_0;5.10;0.00;tripinfo_1674;286.00;1674;1;1123.51;1.05;0.00;156.59;DEFAULT_VEHTYPE;;5;112.00
1505.00;47426244#1_0;25.56;9.48;1355.00;0.84;-781650841_0;5.10;0.00;tripinfo_1853;150.00;1853;0;1147.26;1.22;0.00;41.67;DEFAULT_VEHTYPE;;1;2.00
1505.00;510692962#0_0;31.52;8.26;1360.00;0.72;879483837_0;5.10;0.00;tripinfo_1874;145.00;1874;0;1263.74;1.02;0.00;38.77;DEFAULT_VEHTYPE;;2;13.00
1505.00;628782530_0;3.16;4.21;1406.00;0.32;413722450_0;5.10;0.00;tripinfo_1944;99.00;1944;0;820.46;0.99;0.00;15.57;DEFAULT_VEHTYPE;;0;0.00
1506.00;781742860#6_0;113.31;6.24;1107.00;0.56;-524150311#0_0;5.10;0.00;tripinfo_1527;399.00;1527;0;2172.94;0.82;0.00;76.24;DEFAULT_VEHTYPE;;2;27.00
1510.00;-17670100#4_0;87.81;8.42;972.00;0.96;653443701_0;5.10;0.00;tripinfo_1332;538.00;1332;1;3555.73;1.12;0.00;174.38;DEFAULT_VEHTYPE;;4;50.00
1510.00;7682866#2_0;23.46;7.52;1160.00;0.52;654207120_0;0.20;0.00;tripinfo_1584;350.00;1584;0;1984.98;0.96;0.00;66.50;DEFAULT_VEHTYPE;;0;0.00
1510.00;-32200291_0;88.07;8.26;1273.00;0.40;162611854#1_0;0.20;0.00;tripinfo_1755;237.00;1755;0;1786.88;1.11;0.00;50.87;DEFAULT_VEHTYPE;;2;14.00
1510.00;691307157_0;33.05;5.14;1328.00;0.60;4730627#0_0;5.10;0.00;tripinfo_1820;182.00;1820;1;1394.63;1.07;0.00;21.46;DEFAULT_VEHTYPE;;0;0.00
1511.00;8384905#0_0;74.73;6.46;1351.00;0.04;-47426244#0_0;5.10;0.00;tripinfo_1868;160.00;1868;0;964.89;0.86;0.00;24.36;DEFAULT_VEHTYPE;;1;5.00
1512.00;-8140197#2_0;78.81;9.37;1455.00;0.08;198077805#2_0;5.10;0.00;tripinfo_2011;57.00;2011;0;463.85;1.13;0.00;15.88;DEFAULT_VEHTYPE;;1;2.00
1514.00;400062408_0;91.04;8.22;1228.00;0.20;450186403_0;5.10;0.00;tripinfo_1690;286.00;1690;1;2013.61;1.01;0.00;28.80;DEFAULT_VEHTYPE;;0;0.00
1516.00;567036034_0;158.55;8.42;560.00;0.72;13764245#0_0;5.10;0.00;tripinfo_749;956.00;749;1;2770.99;1.04;0.00;638.42;DEFAULT_VEHTYPE;;3;586.00
1516.00;14858642#1_0;62.44;14.16;1130.00;0.36;1307684785#0_0;5.10;0.00;tripinfo_1562;386.00;1562;0;2531.65;1.04;0.00;92.51;DEFAULT_VEHTYPE;;5;35.00
1516.00;-4426076#0_0;30.91;6.90;1340.00;0.48;4726680_0;5.10;0.00;tripinfo_1841;176.00;1841;0;1230.13;0.98;0.00;34.27;DEFAULT_VEHTYPE;;1;8.00
1516.00;150275971_0;13.55;8.61;1392.00;4.12;1307684785#0_0;5.10;0.00;tripinfo_1904;124.00;1904;0;953.92;1.10;0.00;15.23;DEFAULT_VEHTYPE;;0;0.00
1519.00;4730637#2_0;39.04;9.11;1400.00;0.00;-40493501#1_0;5.10;0.00;tripinfo_1925;119.00;1925;1;888.25;1.18;0.00;27.16;DEFAULT_VEHTYPE;;2;2.00
1520.00;31427257#5_0;66.35;13.67;980.00;0.44;231475823#0_0;5.10;0.00;tripinfo_1348;540.00;1348;0;2256.74;1.07;0.00;352.80;DEFAULT_VEHTYPE;;4;294.00
1520.00;523287556_0;11.61;7.22;1160.00;0.56;-121794825#2_0;5.10;0.00;tripinfo_1602;360.00;1602;0;1967.35;0.96;0.00;64.73;DEFAULT_VEHTYPE;;2;14.00
1521.00;31519076#1_0;56.60;4.62;1149.00;0.76;13853661#2_0;5.10;0.00;tripinfo_1592;372.00;1592;1;2093.93;1.00;0.00;76.05;DEFAULT_VEHTYPE;;3;21.00
1522.00;31520175#0_0;50.30;7.88;485.00;0.16;14626329#0_0;5.10;0.00;tripinfo_647;1037.00;647;1;2698.52;0.95;0.00;706.71;DEFAULT_VEHTYPE;;5;639.00
1524.00;-1106583870_0;89.79;7.58;1378.00;0.00;-32200291_0;5.10;0.00;tripinfo_1900;146.00;1900;0;986.93;0.95;0.00;20.36;DEFAULT_VEHTYPE;;0;0.00
1525.00;4726679#0_0;136.33;8.76;1472.00;0.24;29023870#0_0;5.10;0.00;tripinfo_2033;53.00;2033;0;410.73;1.17;0.00;10.69;DEFAULT_VEHTYPE;;0;0.00
1526.00;720012595#0_0;96.25;7.81;1159.00;0.04;-480937385_0;5.10;0.00;tripinfo_1593;367.00;1593;0;2525.25;1.05;0.00;81.15;DEFAULT_VEHTYPE;;2;36.00
1526.00;31449007_0;69.16;6.10;1335.00;0.92;-36786444#2_0;5.10;0.00;tripinfo_1839;191.00;1839;0;1045.45;0.86;0.00;36.89;DEFAULT_VEHTYPE;;2;10.00
1526.00;13654337_0;138.86;12.42;1354.00;0.56;1263793722#0_0;5.10;0.00;tripinfo_1852;172.00;1852;0;1687.74;0.97;0.00;24.26;DEFAULT_VEHTYPE;;1;6.00
1527.00;628757206#0_0;103.93;7.39;771.00;0.76;14471542#11_0;5.10;0.00;tripinfo_1042;756.00;1042;1;4995.37;0.92;0.00;157.16;DEFAULT_VEHTYPE;;8;62.00
1528.00;220137286#2_0;16.52;7.99;918.00;0.48;31414790#0_0;5.10;0.00;tripinfo_1266;610.00;1266;1;4308.20;1.02;0.00;109.30;DEFAULT_VEHTYPE;;4;11.00
1528.00;628755544#2_0;48.84;6.58;1275.00;0.32;1287393212#0_0;5.10;0.00;tripinfo_1769;253.00;1769;0;2070.78;0.91;0.00;59.20;DEFAULT_VEHTYPE;;3;27.00
1530.00;-40493501#0_0;24.57;8.50;1118.00;0.88;616545123_0;5.10;0.00;tripinfo_1546;412.00;1546;1;2541.92;1.03;0.00;61.57;DEFAULT_VEHTYPE;;0;0.00
1530.00;4441059#1_0;10.66;13.60;1181.00;0.72;410939626_0;0.20;0.00;tripinfo_1624;349.00;1624;0;3462.02;0.98;0.00;66.04;DEFAULT_VEHTYPE;;2;27.00
1530.00;-23084282_0;171.91;8.06;1272.00;0.44;70724346#2_0;5.10;0.00;tripinfo_1748;258.00;1748;0;1859.19;1.01;0.00;34.62;DEFAULT_VEHTYPE;;1;1.00
1530.00;4730647#0_0;19.46;7.73;1501.00;3.12;231945290#3_0;5.10;0.00;tripinfo_2054;29.00;2054;0;163.13;1.01;0.00;8.74;DEFAULT_VEHTYPE;;1;1.00
1533.00;-8250533#1_0;168.83;6.98;691.00;0.52;-9387033#3_0;5.10;0.00;tripinfo_934;842.00;934;1;4287.33;0.99;0.00;411.28;DEFAULT_VEHTYPE;;7;288.00
1533.00;628781004#0_0;61.24;6.51;1291.00;0.80;8382359_0;5.10;0.00;tripinfo_1785;242.00;1785;0;807.15;1.11;0.00;140.48;DEFAULT_VEHTYPE;;1;122.00
1534.00;4730631#1_0;69.43;7.54;708.00;0.12;240549300#2_0;5.10;0.00;tripinfo_979;826.00;979;1;2757.10;1.02;0.00;526.28;DEFAULT_VEHTYPE;;3;456.00
1534.00;31428221#0_0;91.98;8.10;1308.00;3.96;19846527#2_0;5.10;0.00;tripinfo_1807;226.00;1807;0;1640.85;1.11;0.00;50.46;DEFAULT_VEHTYPE;;1;8.00
1535.00;159636083#2_0;0.20;6.03;570.00;0.04;8144186#0_0;5.10;0.00;tripinfo_768;965.00;768;0;1135.72;0.96;0.00;813.66;DEFAULT_VEHTYPE;;8;758.00
1535.00;-781650841_0;71.98;13.64;1089.00;3.80;856293282_0;0.20;0.00;tripinfo_1485;446.00;1485;0;2648.65;1.01;0.00;198.74;DEFAULT_VEHTYPE;;3;103.00
1536.00;31448937#0_0;69.76;7.05;471.00;0.32;1263954923_0;0.20;0.00;tripinfo_644;1065.00;644;1;1763.18;0.93;0.00;835.51;DEFAULT_VEHTYPE;;4;792.00
1536.00;-14118784#0_0;104.44;7.57;1401.00;0.52;231483313#0_0;5.10;0.00;tripinfo_1934;135.00;1934;0;1027.44;1.05;0.00;16.32;DEFAULT_VEHTYPE;;0;0.00
1538.00;31412878_0;156.52;6.02;1354.00;0.12;5450860#3_0;5.10;0.00;tripinfo_1879;184.00;1879;0;1307.35;1.11;0.00;33.54;DEFAULT_VEHTYPE;;1;3.00
1539.00;14108392_0;0.20;11.87;1257.00;0.12;-510702678#1_0;5.10;0.00;tripinfo_1729;282.00;1729;0;1998.45;0.92;0.00;91.33;DEFAULT_VEHTYPE;;1;66.00
1540.00;-150275984#4_0;31.88;7.65;1352.00;0.20;162611854#0_0;5.10;0.00;tripinfo_1865;188.00;1865;0;1359.47;0.99;0.00;31.21;DEFAULT_VEHTYPE;;1;6.00
1540.00;8382393#3_0;101.76;7.53;1367.00;0.00;40493386#0_0;5.10;0.00;tripinfo_1875;173.00;1875;0;1128.43;0.96;0.00;34.12;DEFAULT_VEHTYPE;;2;4.00
1542.00;159636082_0;0.20;5.08;313.00;0.40;720012594#0_0;5.10;0.00;tripinfo_430;1229.00;430;0;2603.65;0.83;0.00;935.81;DEFAULT_VEHTYPE;;6;890.00
1543.00;-654207127#3_0;12.67;2.29;1147.00;0.84;-524150326_0;5.10;0.00;tripinfo_1578;396.00;1578;0;2150.65;1.02;0.00;74.15;DEFAULT_VEHTYPE;;2;7.00
1543.00;198077804#0_0;126.29;12.31;1456.00;0.16;-27882429#2_0;5.10;0.00;tripinfo_1997;87.00;1997;0;566.73;0.92;0.00;18.77;DEFAULT_VEHTYPE;;1;2.00
1544.00;-8382358_0;40.16;6.94;1036.00;0.12;395073288#0_0;5.10;0.00;tripinfo_1429;508.00;1429;0;2778.42;0.93;0.00;233.45;DEFAULT_VEHTYPE;;5;141.00
1545.00;-654207120_0;0.20;2.54;860.00;0.20;47027857#0_0;3.95;0.00;tripinfo_1190;685.00;1190;1;5450.21;1.00;0.00;148.59;DEFAULT_VEHTYPE;;5;55.00
1546.00;65583364_0;49.29;7.55;1183.00;0.04;403882372_0;0.20;0.00;tripinfo_1618;363.00;1618;1;2101.05;0.98;0.00;59.97;DEFAULT_VEHTYPE;;2;13.00
1547.00;4422176_0;179.82;13.57;1242.00;32.48;-524150342_0;0.20;0.00;tripinfo_1666;305.00;1666;1;2725.81;1.07;0.00;40.64;DEFAULT_VEHTYPE;;2;11.00
1548.00;-8382443_0;168.16;7.24;1322.00;0.20;1098324353_0;0.20;0.00;tripinfo_1815;226.00;1815;0;1689.35;1.02;0.00;25.46;DEFAULT_VEHTYPE;;0;0.00
1551.00;121794824_0;75.93;2.09;1098.00;0.84;111691945_0;5.10;0.00;tripinfo_1503;453.00;1503;0;2490.22;0.93;0.00;67.25;DEFAULT_VEHTYPE;;0;0.00
1551.00;-43963512#1_0;53.88;9.09;1325.00;1.36;-1263793723_0;5.10;0.00;tripinfo_1812;226.00;1812;0;2187.07;1.14;0.00;69.71;DEFAULT_VEHTYPE;;3;32.00
1552.00;62017785#0_2;60.44;13.69;1252.00;2.32;-244422544#1_0;5.10;0.00;tripinfo_1719;300.00;1719;1;2544.00;1.00;0.00;29.80;DEFAULT_VEHTYPE;;0;0.00
1553.00;-8382393#3_0;101.67;6.51;1211.00;0.76;400062404_0;3.59;0.00;tripinfo_1667;342.00;1667;0;1421.71;0.89;0.00;141.55;DEFAULT_VEHTYPE;;4;95.00
1554.00;-220267108#2_0;45.86;6.11;517.00;0.52;875759960_0;5.10;0.00;tripinfo_709;1037.00;709;0;2138.94;0.88;0.00;764.40;DEFAULT_VEHTYPE;;7;699.00
1554.00;-643081314#1_0;6.54;7.27;1453.00;0.32;-30324793_0;5.10;0.00;tripinfo_1994;101.00;1994;0;604.38;1.02;0.00;28.67;DEFAULT_VEHTYPE;;1;17.00
1555.00;14362919#0_0;60.49;6.98;1055.00;0.92;231475823#0_0;5.10;0.00;tripinfo_1439;500.00;1439;0;1549.58;0.98;0.00;309.06;DEFAULT_VEHTYPE;;6;259.00
1555.00;13853659#1_0;26.91;4.77;1432.00;0.64;231945290#2_0;5.10;0.00;tripinfo_1963;123.00;1963;0;780.43;0.97;0.00;13.30;DEFAULT_VEHTYPE;;0;0.00
1556.00;4690638#0_0;133.07;8.80;1066.00;0.12;1162841664#0_0;5.10;0.00;tripinfo_1479;490.00;1479;1;2926.39;1.21;0.00;201.45;DEFAULT_VEHTYPE;;4;115.00
1556.00;8382299#0_0;95.74;9.14;1075.00;0.52;33301663#0_0;5.10;0.00;tripinfo_1484;481.00;1484;1;4769.68;1.12;0.00;94.33;DEFAULT_VEHTYPE;;2;5.00
1558.00;-70724345#1_0;73.75;7.87;1032.00;0.28;-47895849#3_0;5.10;0.00;tripinfo_1426;526.00;1426;1;2925.17;0.99;0.00;113.90;DEFAULT_VEHTYPE;;6;28.00
1558.00;-43963512#1_0;53.88;9.30;1474.00;0.08;-240549301_0;5.10;0.00;tripinfo_2036;84.00;2036;0;820.88;1.21;0.00;15.02;DEFAULT_VEHTYPE;;0;0.00
1559.00;220267105#1_0;81.03;7.23;1201.00;0.12;510702675#0_0;5.10;0.00;tripinfo_1654;358.00;1654;0;1755.77;0.94;0.00;133.36;DEFAULT_VEHTYPE;;7;79.00
1561.00;-47446166_0;14.14;6.67;1237.00;0.48;413722453#0_0;5.10;0.00;tripinfo_1716;324.00;1716;0;1934.18;0.82;0.00;36.18;DEFAULT_VEHTYPE;;0;0.00
1562.00;5450857#0_0;31.15;7.34;1202.00;0.48;1162841664#0_0;5.10;0.00;tripinfo_1641;360.00;1641;1;1606.48;1.13;0.00;188.07;DEFAULT_VEHTYPE;;3;151.00
1563.00;9387033#0_0;108.23;8.27;1087.00;0.64;-8382282#1_0;5.10;0.00;tripinfo_1488;476.00;1488;1;2983.40;1.01;0.00;125.00;DEFAULT_VEHTYPE;;8;59.00
1563.00;290174551#0_0;68.77;7.70;1397.00;0.36;291949061#0_0;5.10;0.00;tripinfo_1937;166.00;1937;0;809.02;1.00;0.00;36.73;DEFAULT_VEHTYPE;;2;9.00
1564.00;-150276003#1_0;86.27;6.76;1364.00;0.84;-239757874#1_0;5.10;0.00;tripinfo_1878;200.00;1878;0;1297.33;0.87;0.00;20.12;DEFAULT_VEHTYPE;;0;0.00
1565.00;124862953_0;0.20;11.40;1244.00;214.12;628781006#4_0;5.10;0.00;tripinfo_1404;321.00;1404;0;2350.00;0.89;0.00;93.91;DEFAULT_VEHTYPE;;2;55.00
1565.00;13548014_0;191.33;14.03;1407.00;0.00;220137286#1_0;0.20;0.00;tripinfo_1950;158.00;1950;0;1444.19;1.05;0.00;27.72;DEFAULT_VEHTYPE;;1;5.00
1566.00;400062408_0;91.04;6.41;1036.00;0.20;13853661#2_0;5.10;0.00;tripinfo_1415;530.00;1415;1;2667.94;0.82;0.00;78.76;DEFAULT_VEHTYPE;;1;8.00
1566.00;-119180342#1_0;10.01;14.37;1356.00;0.32;265117578_0;5.10;0.00;tripinfo_1869;210.00;1869;0;1903.32;1.10;0.00;18.04;DEFAULT_VEHTYPE;;0;0.00
1567.00;628755544#2_0;48.84;7.97;1481.00;0.68;1091652283_0;5.10;0.00;tripinfo_2056;86.00;2056;0;752.41;1.01;0.00;22.71;DEFAULT_VEHTYPE;;1;10.00
1569.00;-13853663_0;144.02;8.79;1165.00;0.48;-327412184_0;5.10;0.00;tripinfo_1591;404.00;1591;0;2188.74;1.07;0.00;157.26;DEFAULT_VEHTYPE;;6;84.00
1571.00;220267107#1_0;76.49;8.32;667.00;0.20;14858642#0_0;0.20;0.00;tripinfo_915;904.00;915;1;4534.64;1.00;0.00;452.96;DEFAULT_VEHTYPE;;8;311.00
1571.00;14362916#0_0;76.16;7.18;1344.00;0.08;8382410#1_0;5.10;0.00;tripinfo_1861;227.00;1861;0;1339.33;0.94;0.00;53.78;DEFAULT_VEHTYPE;;2;28.00
1574.00;-150275972_0;101.07;7.24;1242.00;0.00;111691945_0;5.10;0.00;tripinfo_1700;332.00;1700;0;2106.25;0.92;0.00;53.74;DEFAULT_VEHTYPE;;2;7.00
1575.00;16233735#0_0;47.46;7.21;1294.00;4.68;47999872_0;5.10;0.00;tripinfo_1781;281.00;1781;0;1874.36;0.96;0.00;44.79;DEFAULT_VEHTYPE;;1;12.00
1575.00;4760584#0_0;78.38;8.28;1492.00;3.04;47999870_0;5.10;0.00;tripinfo_2068;83.00;2068;0;591.80;1.02;0.00;10.46;DEFAULT_VEHTYPE;;0;0.00
1575.00;62017785#0_2;60.44;13.93;1533.00;0.00;-155472436#1_0;5.10;0.00;tripinfo_2125;42.00;2125;0;333.93;1.06;0.00;6.68;DEFAULT_VEHTYPE;;0;0.00
1576.00;198077805#2_0;33.47;14.31;1423.00;0.72;21766158_0;5.10;0.00;tripinfo_1974;153.00;1974;0;1971.86;1.08;0.00;11.32;DEFAULT_VEHTYPE;;0;0.00
1578.00;220267105#1_0;81.03;7.60;1408.00;0.28;-781650841_0;5.10;0.00;tripinfo_1951;170.00;1951;0;1263.86;1.06;0.00;32.12;DEFAULT_VEHTYPE;;0;0.00
1579.00;-7682863#1_0;77.88;5.51;916.00;0.36;258274083#0_0;5.10;0.00;tripinfo_1262;663.00;1262;0;1316.95;0.87;0.00;479.14;DEFAULT_VEHTYPE;;4;438.00
1579.00;8382283#0_0;41.94;7.57;1067.00;0.92;4726694#0_0;5.10;0.00;tripinfo_1464;512.00;1464;0;2856.92;0.99;0.00;141.94;DEFAULT_VEHTYPE;;3;80.00
1581.00;567036033_0;35.92;7.55;1393.00;1.24;-510702678#1_0;5.10;0.00;tripinfo_1908;188.00;1908;1;1260.98;0.91;0.00;19.99;DEFAULT_VEHTYPE;;0;0.00
1584.00;8382368#0_0;151.89;8.17;1303.00;0.72;4726681#1_0;5.10;0.00;tripinfo_1799;281.00;1799;0;2675.95;1.09;0.00;46.54;DEFAULT_VEHTYPE;;1;5.00
1584.00;-31411842#1_0;77.09;5.05;1366.00;1.16;150275995#0_0;5.10;0.00;tripinfo_1872;218.00;1872;0;1417.89;1.06;0.00;51.68;DEFAULT_VEHTYPE;;2;14.00
1584.00;1024105863_0;26.14;8.77;1395.00;0.68;27807643#0_0;5.10;0.00;tripinfo_1931;189.00;1931;0;1524.43;1.16;0.00;59.96;DEFAULT_VEHTYPE;;1;39.00
1586.00;1167764376_0;66.36;6.44;1207.00;0.44;14471542#2_0;5.10;0.00;tripinfo_1648;379.00;1648;0;3009.49;0.91;0.00;58.05;DEFAULT_VEHTYPE;;1;20.00
1588.00;-291949061#2_0;192.70;5.09;1247.00;0.96;4726711#1_0;5.10;0.00;tripinfo_1707;341.00;1707;0;2267.44;0.98;0.00;98.71;DEFAULT_VEHTYPE;;2;44.00
1588.00;14362919#0_0;60.49;7.30;1366.00;0.04;-40493501#4_0;5.10;0.00;tripinfo_1893;222.00;1893;0;1060.07;0.95;0.00;86.03;DEFAULT_VEHTYPE;;2;59.00
1591.00;628755546#0_0;0.94;6.87;1492.00;0.16;-13853658_0;5.10;0.00;tripinfo_2047;99.00;2047;1;593.15;0.94;0.00;35.50;DEFAULT_VEHTYPE;;2;19.00
1592.00;-654207120_0;0.20;2.24;1108.00;0.36;-29023870#1_0;5.10;0.00;tripinfo_1512;484.00;1512;0;3356.21;0.88;0.00;62.14;DEFAULT_VEHTYPE;;0;0.00
1593.00;628782529#0_0;83.94;5.16;487.00;0.24;-220267247#0_0;5.10;0.00;tripinfo_658;1106.00;658;0;2379.73;0.71;0.00;753.23;DEFAULT_VEHTYPE;;8;672.00
1594.00;-654207127#3_0;12.67;2.73;1522.00;0.12;-121794822#3_0;5.10;0.00;tripinfo_2104;72.00;2104;0;155.74;1.01;0.00;16.18;DEFAULT_VEHTYPE;;0;0.00
1595.00;47426244#2_0;59.91;3.97;1314.00;0.76;111691945_0;5.10;0.00;tripinfo_1817;281.00;1817;0;1940.93;1.04;0.00;55.78;DEFAULT_VEHTYPE;;3;20.00
1595.00;28275167_0;44.02;9.57;1371.00;0.28;31519076#1_0;5.10;0.00;tripinfo_1901;224.00;1901;1;1633.62;1.19;0.00;30.17;DEFAULT_VEHTYPE;;0;0.00
1596.00;4422176_0;179.82;10.57;1196.00;75.76;591680761#1_0;5.10;0.00;tripinfo_1542;400.00;1542;0;2335.74;0.79;0.00;115.30;DEFAULT_VEHTYPE;;3;47.00
1596.00;960773148#0_0;23.82;2.34;1339.00;0.12;244422543#0_0;5.10;0.00;tripinfo_1854;257.00;1854;0;1200.80;0.94;0.00;49.00;DEFAULT_VEHTYPE;;1;4.00
1596.00;8382320#0_0;38.06;7.33;1375.00;0.36;-220267106#1_0;5.10;0.00;tripinfo_1887;221.00;1887;0;1321.68;0.97;0.00;57.23;DEFAULT_VEHTYPE;;2;31.00
1597.00;-132148870#2_0;16.35;9.76;1437.00;0.28;628781006#1_0;5.10;0.00;tripinfo_1976;160.00;1976;0;1246.20;1.19;0.00;33.33;DEFAULT_VEHTYPE;;2;4.00
1598.00;-220267107#0_0;75.53;7.08;959.00;0.40;4426074#0_0;5.10;0.00;tripinfo_1330;639.00;1330;0;2361.61;0.94;0.00;330.21;DEFAULT_VEHTYPE;;4;252.00
1599.00;145550725#0_0;75.05;2.67;1245.00;0.60;-523287556_0;5.10;0.00;tripinfo_1720;354.00;1720;0;2093.23;1.12;0.00;70.26;DEFAULT_VEHTYPE;;3;6.00
1600.00;1167764376_0;66.36;7.47;1212.00;0.88;625259600_0;5.10;0.00;tripinfo_1671;388.00;1671;0;4149.84;0.93;0.00;39.59;DEFAULT_VEHTYPE;;0;0.00
1601.00;-220267247#0_0;17.80;7.72;1339.00;0.44;-523287556_0;5.10;0.00;tripinfo_1848;262.00;1848;0;1915.65;0.98;0.00;26.77;DEFAULT_VEHTYPE;;0;0.00
1603.00;308337938_0;0.20;5.93;1469.00;0.00;13853659#0_0;5.10;0.00;tripinfo_2025;134.00;2025;0;740.12;0.79;0.00;16.21;DEFAULT_VEHTYPE;;0;0.00
1604.00;8382328#0_0;261.65;8.83;1070.00;0.28;4441063_0;5.10;0.00;tripinfo_1476;534.00;1476;1;4932.19;1.15;0.00;163.77;DEFAULT_VEHTYPE;;5;48.00
1606.00;1263954924_0;0.20;6.03;621.00;0.32;5451917#0_0;5.10;0.00;tripinfo_844;985.00;844;0;2186.82;1.03;0.00;797.11;DEFAULT_VEHTYPE;;6;732.00
1606.00;654207127#2_0;89.07;1.72;1169.00;0.72;8385415#1_0;5.10;0.00;tripinfo_1599;437.00;1599;0;2150.69;0.95;0.00;85.29;DEFAULT_VEHTYPE;;2;5.00
1606.00;-150275972_0;101.07;8.85;1480.00;0.92;-220267247#5_0;5.10;0.00;tripinfo_2039;126.00;2039;0;923.40;1.12;0.00;25.54;DEFAULT_VEHTYPE;;1;1.00
1607.00;70724347#2_0;47.89;7.79;1427.00;0.20;135302385#0_0;5.10;0.00;tripinfo_1965;180.00;1965;0;1206.73;1.07;0.00;42.98;DEFAULT_VEHTYPE;;2;11.00
1609.00;-524150347#1_0;84.26;8.19;1362.00;0.48;8140199_0;5.10;0.00;tripinfo_1866;247.00;1866;0;1771.46;1.06;0.00;44.33;DEFAULT_VEHTYPE;;1;21.00
1610.00;-524150326_0;47.72;8.36;1220.00;0.28;137238867#0_0;5.10;0.00;tripinfo_1676;390.00;1676;0;2570.33;1.15;0.00;120.28;DEFAULT_VEHTYPE;;5;59.00
1610.00;524150333#0_0;117.00;7.45;1325.00;0.16;-8382281#2_0;5.10;0.00;tripinfo_1822;285.00;1822;0;1844.73;0.91;0.00;38.98;DEFAULT_VEHTYPE;;0;0.00
1611.00;220267247#3_0;87.46;8.22;995.00;0.08;14108346_0;0.20;0.00;tripinfo_1361;616.00;1361;1;5639.45;1.03;0.00;123.04;DEFAULT_VEHTYPE;;3;31.00
1611.00;-510702675#4_0;98.24;8.91;991.00;0.36;8152035#2_0;5.10;0.00;tripinfo_1362;620.00;1362;0;2630.47;1.15;0.00;422.53;DEFAULT_VEHTYPE;;7;347.00
1611.00;720012594#0_0;74.40;7.86;1317.00;0.12;510702678#1_0;5.10;0.00;tripinfo_1829;294.00;1829;0;1630.04;0.97;0.00;87.70;DEFAULT_VEHTYPE;;2;54.00
1612.00;654207127#4_0;25.65;2.49;790.00;9.44;40493652_0;0.20;0.00;tripinfo_1073;822.00;1073;1;5803.26;0.94;0.00;185.77;DEFAULT_VEHTYPE;;11;57.00
1612.00;36786443#0_0;160.05;7.40;1272.00;0.52;-240549301_0;5.10;0.00;tripinfo_1759;340.00;1759;0;2167.28;1.03;0.00;84.87;DEFAULT_VEHTYPE;;4;34.00
1615.00;1287393211#0_0;79.98;9.12;1219.00;0.04;4441062_0;5.10;0.00;tripinfo_1668;396.00;1668;0;1899.04;1.11;0.00;258.24;DEFAULT_VEHTYPE;;3;229.00
1615.00;31427215#0_1;105.00;13.58;1578.00;0.32;400961625#0_0;5.10;0.00;tripinfo_2169;37.00;2169;0;441.64;1.02;0.00;4.45;DEFAULT_VEHTYPE;;0;0.00
1617.00;8152033#0_0;28.23;7.57;1454.00;1.56;628755544#2_0;5.10;0.00;tripinfo_2002;163.00;2002;1;1036.24;0.96;0.00;49.45;DEFAULT_VEHTYPE;;1;9.00
1621.00;-231475826#2_0;97.43;7.89;320.00;0.08;-47446166_0;5.10;0.00;tripinfo_436;1301.00;436;1;1158.42;1.08;0.00;1171.39;DEFAULT_VEHTYPE;;8;1088.00
1621.00;240549300#0_0;6.52;6.94;1235.00;0.44;-96016135_0;2.24;0.00;tripinfo_1698;386.00;1698;0;3658.89;0.88;0.00;63.73;DEFAULT_VEHTYPE;;4;15.00
1622.00;-4426075#1_0;235.07;8.21;1363.00;0.28;4730637#3_0;5.10;0.00;tripinfo_1876;259.00;1876;0;1954.51;1.10;0.00;39.78;DEFAULT_VEHTYPE;;1;9.00
1622.00;-8382429#1_0;150.81;7.53;1515.00;0.08;-628762074#2_0;5.10;0.00;tripinfo_2086;107.00;2086;0;708.05;0.95;0.00;16.48;DEFAULT_VEHTYPE;;1;2.00
1622.00;8382285_0;80.54;8.64;1504.00;0.64;-30324793_0;5.10;0.00;tripinfo_2088;118.00;2088;0;951.60;1.16;0.00;19.54;DEFAULT_VEHTYPE;;1;1.00
1624.00;-507534348#1_0;37.11;6.79;1304.00;1.36;8382283#3_0;2.87;0.00;tripinfo_1787;320.00;1787;0;2199.43;1.14;0.00;84.74;DEFAULT_VEHTYPE;;4;12.00
1624.00;119180322_0;109.44;7.53;1399.00;0.56;137238867#0_0;5.10;0.00;tripinfo_1927;225.00;1927;0;2106.15;0.98;0.00;40.13;DEFAULT_VEHTYPE;;1;13.00
1628.00;220137286#1_0;0.20;7.97;609.00;13.64;159636084#1_0;5.10;0.00;tripinfo_813;1019.00;813;0;2202.09;1.06;0.00;766.03;DEFAULT_VEHTYPE;;8;694.00
1628.00;7682866#0_0;329.48;7.77;1239.00;0.04;396926515_0;1.87;0.00;tripinfo_1718;389.00;1718;0;1580.43;1.07;0.00;210.11;DEFAULT_VEHTYPE;;2;168.00
1629.00;-43963512#1_0;53.88;7.05;1375.00;0.60;8384918#0_0;5.10;0.00;tripinfo_1895;254.00;1895;0;1852.08;0.90;0.00;24.54;DEFAULT_VEHTYPE;;0;0.00
1629.00;4726679#2_0;108.18;7.71;1526.00;0.56;879483837_0;5.10;0.00;tripinfo_2102;103.00;2102;0;823.02;0.94;0.00;13.15;DEFAULT_VEHTYPE;;0;0.00
1630.00;510702678#1_0;70.72;8.97;1335.00;0.24;33301688#0_0;5.10;0.00;tripinfo_1833;295.00;1833;0;1975.51;1.08;0.00;68.10;DEFAULT_VEHTYPE;;2;30.00
1631.00;413722446_1;0.20;12.11;289.00;0.56;945224009_0;5.10;0.00;tripinfo_377;1342.00;377;0;1769.38;0.93;0.00;1181.59;DEFAULT_VEHTYPE;;7;1141.00
1631.00;-121794822#1_0;62.78;2.78;1165.00;0.40;327412184_0;5.10;0.00;tripinfo_1605;466.00;1605;0;2215.60;1.03;0.00;162.53;DEFAULT_VEHTYPE;;5;84.00
1636.00;-7682866#3_0;24.10;7.18;1349.00;0.16;1198625656_0;5.10;0.00;tripinfo_1847;287.00;1847;1;1724.45;1.00;0.00;78.87;DEFAULT_VEHTYPE;;3;18.00
1636.00;4726706#5_0;34.15;8.45;1455.00;0.92;-524150338#1_0;5.10;0.00;tripinfo_2014;181.00;2014;0;1295.09;1.03;0.00;21.79;DEFAULT_VEHTYPE;;0;0.00
1636.00;220267247#2_0;3.57;7.08;1518.00;3.24;8250527#0_0;5.10;0.00;tripinfo_2083;118.00;2083;0;850.44;0.97;0.00;11.63;DEFAULT_VEHTYPE;;0;0.00
1637.00;628781006#4_0;72.96;8.65;582.00;0.56;33301688#0_0;5.10;0.00;tripinfo_802;1055.00;802;1;2360.50;1.15;0.00;806.52;DEFAULT_VEHTYPE;;12;703.00
1637.00;524150320#0_1;49.62;5.99;1349.00;0.88;13654454_0;5.10;0.00;tripinfo_1846;288.00;1846;0;1931.07;0.84;0.00;32.78;DEFAULT_VEHTYPE;;0;0.00
1637.00;31431101#2_0;34.24;7.81;1440.00;0.12;-14362916#1_0;5.10;0.00;tripinfo_1979;197.00;1979;0;1032.64;0.98;0.00;69.06;DEFAULT_VEHTYPE;;4;43.00
1637.00;70724347#0_0;4.20;8.79;1449.00;0.08;960773147_0;5.10;0.00;tripinfo_1986;188.00;1986;0;1142.55;1.08;0.00;55.56;DEFAULT_VEHTYPE;;2;16.00
1638.00;-829968896#1_0;0.20;7.68;1546.00;5.20;-960773147_0;5.10;0.00;tripinfo_2115;92.00;2115;0;695.62;1.07;0.00;11.19;DEFAULT_VEHTYPE;;1;1.00
1639.00;155433041_0;216.81;8.17;1368.00;0.20;47461591#1_0;5.10;0.00;tripinfo_1890;271.00;1890;0;2115.99;1.05;0.00;25.38;DEFAULT_VEHTYPE;;0;0.00
1641.00;1287393212#0_0;114.42;7.10;1001.00;0.00;-8250533#1_0;5.10;0.00;tripinfo_1375;640.00;1375;1;2909.92;0.92;0.00;269.57;DEFAULT_VEHTYPE;;5;189.00
1642.00;11294375#2_0;89.92;8.74;1310.00;0.28;399914534#0_0;5.10;0.00;tripinfo_1801;332.00;1801;0;2429.82;1.06;0.00;43.19;DEFAULT_VEHTYPE;;2;3.00
1642.00;31431343#0_0;47.35;6.38;1492.00;0.80;8382320#0_0;5.10;0.00;tripinfo_2060;150.00;2060;0;945.16;0.90;0.00;22.40;DEFAULT_VEHTYPE;;1;2.00
1642.00;4730647#0_0;19.46;8.92;1585.00;0.52;-4730648#4_0;5.10;0.00;tripinfo_2184;57.00;2184;0;457.03;1.16;0.00;8.46;DEFAULT_VEHTYPE;;0;0.00
1646.00;31431101#3_0;53.33;9.10;1442.00;0.56;-145550725#1_0;5.10;0.00;tripinfo_1977;204.00;1977;0;1017.19;1.17;0.00;45.37;DEFAULT_VEHTYPE;;2;10.00
1647.00;-829968897_0;14.12;7.39;1521.00;0.96;290174551#1_0;5.10;0.00;tripinfo_2107;126.00;2107;0;782.57;0.96;0.00;27.10;DEFAULT_VEHTYPE;;2;10.00
1647.00;31427180_1;0.20;7.08;1538.00;0.84;137238867#3_0;5.10;0.00;tripinfo_2128;109.00;2128;0;1212.59;0.91;0.00;10.41;DEFAULT_VEHTYPE;;0;0.00
1648.00;-654207127#1_0;72.74;2.35;1235.00;0.28;23084263#0_0;5.10;0.00;tripinfo_1701;413.00;1701;0;2074.12;1.03;0.00;96.48;DEFAULT_VEHTYPE;;1;20.00
1649.00;62020119#0_0;56.78;6.74;1352.00;0.64;8250533#0_0;5.10;0.00;tripinfo_1863;297.00;1863;0;2187.46;0.89;0.00;30.62;DEFAULT_VEHTYPE;;0;0.00
1650.00;4730616#2_0;5.29;9.04;1545.00;0.88;231945290#2_0;5.10;0.00;tripinfo_2121;105.00;2121;0;907.48;1.19;0.00;10.94;DEFAULT_VEHTYPE;;0;0.00
1651.00;14858643#0_0;10.41;7.06;1588.00;5.96;14108392_0;0.20;0.00;tripinfo_2182;63.00;2182;0;622.35;0.99;0.00;13.76;DEFAULT_VEHTYPE;;2;2.00
1652.00;14362916#0_0;76.16;7.94;1163.00;0.16;1091652430_0;5.10;0.00;tripinfo_1597;489.00;1597;1;3672.78;1.08;0.00;87.01;DEFAULT_VEHTYPE;;2;28.00
1652.00;62020113#0_1;64.44;12.78;1592.00;0.24;628782530_0;3.16;0.00;tripinfo_2208;60.00;2208;0;664.77;0.93;0.00;7.31;DEFAULT_VEHTYPE;;0;0.00
1654.00;856293282_0;0.20;12.36;1307.00;0.32;8384930#0_0;5.10;0.00;tripinfo_1794;347.00;1794;0;2333.63;0.95;0.00;121.07;DEFAULT_VEHTYPE;;4;74.00
1654.00;4726681#1_0;87.55;6.72;1376.00;0.08;31448937#0_0;5.10;0.00;tripinfo_1886;278.00;1886;1;1697.32;0.95;0.00;46.04;DEFAULT_VEHTYPE;;2;13.00
1657.00;4730636#0_0;92.74;4.73;1298.00;0.64;31431544#0_0;5.10;0.00;tripinfo_1788;359.00;1788;1;2370.11;1.00;0.00;66.34;DEFAULT_VEHTYPE;;3;26.00
1658.00;19846527#2_0;54.32;7.94;1444.00;0.00;-31445160#0_0;5.10;0.00;tripinfo_2000;214.00;2000;0;1577.56;0.99;0.00;20.18;DEFAULT_VEHTYPE;;0;0.00
1658.00;14858640_0;11.76;6.54;1468.00;0.64;745660413#2_0;0.20;0.00;tripinfo_2013;190.00;2013;0;1242.40;0.90;0.00;23.18;DEFAULT_VEHTYPE;;0;0.00
1659.00;839709054_0;336.41;13.33;1173.00;0.96;1156337042_0;5.10;0.00;tripinfo_1607;486.00;1607;1;3347.20;0.98;0.00;162.84;DEFAULT_VEHTYPE;;5;100.00
1659.00;31427215#0_1;105.00;12.93;1445.00;0.96;31520176#0_0;5.10;0.00;tripinfo_1982;214.00;1982;1;1311.36;0.98;0.00;56.67;DEFAULT_VEHTYPE;;1;26.00
1660.00;13654338_1;52.84;13.05;1415.00;0.12;8152060#0_0;5.10;0.00;tripinfo_1954;245.00;1954;0;2394.32;1.02;0.00;47.71;DEFAULT_VEHTYPE;;2;17.00
1661.00;40487883#0_0;75.23;7.98;1358.00;0.52;258274083#0_0;5.10;0.00;tripinfo_1884;303.00;1884;1;1998.30;1.06;0.00;78.97;DEFAULT_VEHTYPE;;4;30.00
1662.00;220267106#0_0;195.54;9.01;1090.00;0.16;772942669_0;5.10;0.00;tripinfo_1497;572.00;1497;0;3486.14;1.08;0.00;163.10;DEFAULT_VEHTYPE;;1;69.00
1662.00;4318239#0_0;189.40;7.56;1338.00;0.68;-1156329250_0;1.26;0.00;tripinfo_1856;324.00;1856;0;3504.84;0.96;0.00;27.96;DEFAULT_VEHTYPE;;0;0.00
1662.00;591680761#1_0;23.73;14.61;1358.00;0.92;14118783_0;5.10;0.00;tripinfo_1864;304.00;1864;0;2307.76;1.09;0.00;72.05;DEFAULT_VEHTYPE;;1;29.00
1662.00;4730648#3_0;7.17;9.11;1462.00;0.24;31449010#1_0;5.10;0.00;tripinfo_2008;200.00;2008;0;1112.77;1.12;0.00;79.45;DEFAULT_VEHTYPE;;2;57.00
1663.00;-220267104#1_0;41.02;8.05;1050.00;0.68;29023870#0_0;5.10;0.00;tripinfo_1431;613.00;1431;0;2316.49;0.98;0.00;333.78;DEFAULT_VEHTYPE;;8;250.00
1664.00;-1024105863_0;26.14;8.84;1540.00;616.88;159636085#1_0;3.58;0.00;tripinfo_1271;124.00;1271;0;783.03;1.11;0.00;37.96;DEFAULT_VEHTYPE;;2;22.00
1664.00;395073288#0_0;122.79;6.58;1319.00;0.84;-8382447#1_0;5.10;0.00;tripinfo_1828;345.00;1828;1;2222.53;0.93;0.00;84.83;DEFAULT_VEHTYPE;;4;38.00
1664.00;4730648#0_0;92.32;7.36;1394.00;0.44;-781742860#5_0;5.10;0.00;tripinfo_1923;270.00;1923;1;768.05;1.02;0.00;178.54;DEFAULT_VEHTYPE;;3;151.00
1668.00;856293284_0;169.21;9.63;1117.00;0.60;939752205#2_0;5.10;0.00;tripinfo_1545;551.00;1545;0;1227.91;0.73;0.00;423.07;DEFAULT_VEHTYPE;;2;401.00
1668.00;302657565#0_0;212.13;8.91;1383.00;3.08;17670100#5_0;5.10;0.00;tripinfo_1911;285.00;1911;1;2467.33;1.12;0.00;33.76;DEFAULT_VEHTYPE;;0;0.00
1669.00;19846527#2_0;54.32;7.44;1428.00;0.48;220267105#1_0;5.10;0.00;tripinfo_1966;241.00;1966;0;1548.06;1.02;0.00;55.78;DEFAULT_VEHTYPE;;1;20.00
1674.00;1106583870_0;87.61;8.01;1477.00;0.88;606127856_0;2.38;0.00;tripinfo_2046;197.00;2046;1;1297.12;1.07;0.00;28.28;DEFAULT_VEHTYPE;;0;0.00
1674.00;305670610_0;4.09;6.89;1626.00;0.40;23084263#0_0;5.10;0.00;tripinfo_2255;48.00;2255;0;358.71;0.89;0.00;6.52;DEFAULT_VEHTYPE;;0;0.00
1676.00;628757206#0_0;103.93;6.67;1218.00;0.20;121794822#6_0;5.10;0.00;tripinfo_1665;458.00;1665;0;2207.74;0.85;0.00;87.25;DEFAULT_VEHTYPE;;3;13.00
1676.00;235542996#0_0;92.88;8.80;1431.00;0.92;8152056_0;5.10;0.00;tripinfo_1964;245.00;1964;1;1681.98;1.11;0.00;54.52;DEFAULT_VEHTYPE;;2;20.00
1677.00;231940830#0_0;169.75;7.56;1402.00;0.76;180020059#4_0;5.10;0.00;tripinfo_1942;275.00;1942;1;1766.99;1.00;0.00;49.58;DEFAULT_VEHTYPE;;2;18.00
1678.00;393494868_0;404.92;13.17;1277.00;2.20;31389787_0;5.10;0.00;tripinfo_1765;401.00;1765;0;3165.06;1.07;0.00;159.90;DEFAULT_VEHTYPE;;5;87.00
1678.00;121794825#3_0;4.66;3.26;1531.00;0.40;31431544#4_0;5.10;0.00;tripinfo_2105;147.00;2105;0;697.14;1.25;0.00;39.11;DEFAULT_VEHTYPE;;0;0.00
1681.00;4441062_0;62.39;15.11;1344.00;2.52;8384914_0;5.10;0.00;tripinfo_1859;337.00;1859;1;2260.47;1.14;0.00;115.93;DEFAULT_VEHTYPE;;5;42.00
1681.00;4726681#3_0;87.29;8.00;1353.00;0.44;265117578_0;5.10;0.00;tripinfo_1873;328.00;1873;1;2305.06;1.03;0.00;47.84;DEFAULT_VEHTYPE;;1;2.00
1681.00;-4318242#1_0;81.05;8.58;1407.00;0.40;654207127#4_0;5.10;0.00;tripinfo_1930;274.00;1930;0;1891.96;1.11;0.00;45.28;DEFAULT_VEHTYPE;;2;7.00
1681.00;31519076#2_0;3.62;4.58;1656.00;0.16;31519076#0_0;5.10;0.00;tripinfo_2297;25.00;2297;1;93.03;0.83;0.00;4.83;DEFAULT_VEHTYPE;;0;0.00
1682.00;31512978#0_0;13.62;8.37;1119.00;1.52;856293285#1_0;5.10;0.00;tripinfo_1534;563.00;1534;0;2788.33;1.02;0.00;333.16;DEFAULT_VEHTYPE;;2;306.00
1682.00;-239757874#1_0;145.20;7.71;1371.00;4.92;1153265597#0_0;5.10;0.00;tripinfo_1889;311.00;1889;0;2285.08;1.07;0.00;56.29;DEFAULT_VEHTYPE;;2;8.00
1685.00;960773148#0_0;23.82;1.50;1122.00;0.44;158331590_0;5.10;0.00;tripinfo_1548;563.00;1548;0;2803.82;0.88;0.00;107.44;DEFAULT_VEHTYPE;;3;25.00
1685.00;654207127#2_0;89.07;2.45;1264.00;0.12;162611854#2_0;5.10;0.00;tripinfo_1754;421.00;1754;0;2298.13;1.00;0.00;72.30;DEFAULT_VEHTYPE;;1;2.00
1685.00;643082467_0;13.68;7.73;1378.00;0.52;654207120_0;0.20;0.00;tripinfo_1909;307.00;1909;0;1867.47;1.06;0.00;54.88;DEFAULT_VEHTYPE;;1;16.00
1686.00;377719664_0;85.59;7.16;1421.00;0.60;610739513#0_0;5.10;0.00;tripinfo_1945;265.00;1945;0;1649.91;0.95;0.00;43.23;DEFAULT_VEHTYPE;;0;0.00
1687.00;47999872_0;111.69;8.09;1194.00;0.36;616545123_0;5.10;0.00;tripinfo_1637;493.00;1637;1;4710.74;1.06;0.00;102.38;DEFAULT_VEHTYPE;;6;43.00
1688.00;132148870#2_0;16.35;7.79;1514.00;0.40;198077805#0_0;5.10;0.00;tripinfo_2080;174.00;2080;0;1151.17;1.01;0.00;51.24;DEFAULT_VEHTYPE;;4;13.00
1689.00;23084282_0;174.64;7.71;1313.00;0.12;8384907#0_0;5.10;0.00;tripinfo_1804;376.00;1804;1;2523.55;1.00;0.00;72.26;DEFAULT_VEHTYPE;;2;19.00
1689.00;-628755543_0;50.70;6.32;1495.00;0.52;34065519_0;5.10;0.00;tripinfo_2059;194.00;2059;0;1138.49;0.87;0.00;23.35;DEFAULT_VEHTYPE;;0;0.00
1691.00;239757874#3_0;8.75;8.00;1600.00;0.04;8382368#0_0;5.10;0.00;tripinfo_2218;91.00;2218;0;630.10;0.96;0.00;11.18;DEFAULT_VEHTYPE;;0;0.00
1692.00;-628757206#2_0;103.95;8.67;1316.00;0.64;4318242#0_0;5.10;0.00;tripinfo_1813;376.00;1813;0;2510.02;1.07;0.00;92.68;DEFAULT_VEHTYPE;;3;33.00
1693.00;8384905#0_0;74.73;7.56;1500.00;0.92;606127855_0;0.20;0.00;tripinfo_2064;193.00;2064;0;1502.02;1.06;0.00;21.13;DEFAULT_VEHTYPE;;0;0.00
1695.00;-654207127#8_0;14.24;2.70;1348.00;0.28;-781742860#5_0;5.10;0.00;tripinfo_1851;347.00;1851;0;1785.81;1.05;0.00;87.84;DEFAULT_VEHTYPE;;1;11.00
1695.00;400586988#0_0;0.20;5.04;1550.00;0.20;1264281862_0;5.10;0.00;tripinfo_2140;145.00;2140;0;1269.29;0.90;0.00;39.53;DEFAULT_VEHTYPE;;1;23.00
1698.00;14362916#0_0;76.16;7.71;1441.00;0.04;-8140196_0;5.10;0.00;tripinfo_1993;257.00;1993;0;1752.34;1.00;0.00;46.75;DEFAULT_VEHTYPE;;2;12.00
1700.00;567036034_0;158.55;7.98;1274.00;0.84;175976586#4_0;5.10;0.00;tripinfo_1753;426.00;1753;1;2974.18;0.97;0.00;57.07;DEFAULT_VEHTYPE;;1;5.00
1700.00;220267247#2_0;3.57;7.19;1302.00;1.24;-40493501#2_0;5.10;0.00;tripinfo_1783;398.00;1783;0;2133.84;0.87;0.00;100.61;DEFAULT_VEHTYPE;;2;56.00
1700.00;137238867#3_0;24.37;7.00;1407.00;0.92;510492454#0_0;5.10;0.00;tripinfo_1939;293.00;1939;0;1659.39;0.87;0.00;56.31;DEFAULT_VEHTYPE;;1;25.00
1700.00;121794825#3_0;4.66;2.44;1566.00;0.64;654207127#6_0;5.10;0.00;tripinfo_2163;134.00;2163;0;213.98;0.93;0.00;51.31;DEFAULT_VEHTYPE;;2;16.00
1701.00;4726685#0_0;126.32;7.70;1153.00;0.64;8382279#1_0;5.10;0.00;tripinfo_1588;548.00;1588;1;2884.20;0.96;0.00;189.77;DEFAULT_VEHTYPE;;4;129.00
1701.00;8382393#0_0;78.47;6.98;1639.00;0.60;307954760#0_0;5.10;0.00;tripinfo_2270;62.00;2270;0;467.47;0.98;0.00;9.19;DEFAULT_VEHTYPE;;0;0.00
1702.00;1111110395_0;93.28;6.78;1317.00;0.44;567036034_0;5.10;0.00;tripinfo_1823;385.00;1823;1;1451.70;0.95;0.00;199.46;DEFAULT_VEHTYPE;;5;147.00
1702.00;40493501#3_0;158.44;8.33;1460.00;0.84;510481273#1_0;5.10;0.00;tripinfo_2003;242.00;2003;0;1661.44;1.01;0.00;31.90;DEFAULT_VEHTYPE;;0;0.00
1702.00;1053478472#1_0;111.62;7.26;1556.00;0.60;40493384#2_0;5.10;0.00;tripinfo_2145;146.00;2145;0;980.27;0.88;0.00;16.30;DEFAULT_VEHTYPE;;0;0.00
1702.00;9387033#0_0;108.23;7.69;1602.00;0.92;235542996#0_0;5.10;0.00;tripinfo_2214;100.00;2214;0;391.69;0.97;0.00;50.20;DEFAULT_VEHTYPE;;2;38.00
1703.00;31449018_0;172.85;6.80;1494.00;0.60;17670100#2_0;5.10;0.00;tripinfo_2070;209.00;2070;1;1249.60;0.85;0.00;21.81;DEFAULT_VEHTYPE;;0;0.00
1703.00;606127855_0;0.20;4.50;1611.00;0.08;4730654_0;5.10;0.00;tripinfo_2236;92.00;2236;0;615.94;1.04;0.00;9.20;DEFAULT_VEHTYPE;;0;0.00
1705.00;40493501#1_0;53.93;8.10;1334.00;0.68;47027857#0_0;3.95;0.00;tripinfo_1831;371.00;1831;1;2437.62;1.06;0.00;44.05;DEFAULT_VEHTYPE;;0;0.00
1705.00;-8140196_0;72.99;8.22;1491.00;0.44;231945290#0_0;5.10;0.00;tripinfo_2048;214.00;2048;0;2383.84;1.10;0.00;19.52;DEFAULT_VEHTYPE;;0;0.00
1705.00;5450860#2_0;28.24;8.16;1606.00;0.84;180020059#2_0;5.10;0.00;tripinfo_2203;99.00;2203;0;726.54;0.99;0.00;10.80;DEFAULT_VEHTYPE;;0;0.00
1706.00;-13764245#1_0;218.00;8.24;196.00;0.88;-30324793_0;5.10;0.00;tripinfo_271;1510.00;271;0;1829.60;1.13;0.00;1313.16;DEFAULT_VEHTYPE;;10;1253.00
1706.00;290172305#1_0;147.68;5.46;1517.00;0.72;19846377#0_0;5.10;0.00;tripinfo_2099;189.00;2099;0;1395.38;1.07;0.00;35.48;DEFAULT_VEHTYPE;;1;8.00
1707.00;40493501#4_0;48.10;8.08;1299.00;0.84;897325985#1_0;5.10;0.00;tripinfo_1803;408.00;1803;1;2395.53;0.99;0.00;64.13;DEFAULT_VEHTYPE;;0;0.00
1708.00;4690640#0_0;334.20;14.42;1549.00;0.72;14858643#0_0;5.10;0.00;tripinfo_2124;159.00;2124;0;1655.55;1.05;0.00;39.62;DEFAULT_VEHTYPE;;1;23.00
1709.00;8140188#0_0;54.68;7.99;797.00;0.96;693295225_0;5.10;0.00;tripinfo_1082;912.00;1082;1;4982.36;1.07;0.00;436.87;DEFAULT_VEHTYPE;;13;301.00
1711.00;400062407#0_0;19.70;4.07;1426.00;0.84;-4730648#1_0;5.10;0.00;tripinfo_1978;285.00;1978;1;1558.08;0.88;0.00;40.56;DEFAULT_VEHTYPE;;1;2.00
1711.00;-132148870#2_0;16.35;7.05;1556.00;0.72;-523287556_0;5.10;0.00;tripinfo_2149;155.00;2149;0;1062.08;0.97;0.00;21.62;DEFAULT_VEHTYPE;;1;4.00
1714.00;124862958#0_0;40.20;7.61;1245.00;0.56;8382354#0_0;5.10;0.00;tripinfo_1702;469.00;1702;1;2659.40;0.98;0.00;148.37;DEFAULT_VEHTYPE;;8;77.00
1714.00;413722446_0;0.20;11.68;1290.00;0.48;183370113#3_0;5.10;0.00;tripinfo_1766;424.00;1766;0;4292.95;0.88;0.00;53.12;DEFAULT_VEHTYPE;;1;22.00
1715.00;433333438#0_0;23.51;6.87;1307.00;0.56;1307684786#0_0;5.10;0.00;tripinfo_1802;408.00;1802;1;2432.04;0.91;0.00;90.58;DEFAULT_VEHTYPE;;4;39.00
1715.00;400062408_0;91.04;8.44;1570.00;0.04;31519076#2_0;5.10;0.00;tripinfo_2168;145.00;2168;0;1066.22;1.12;0.00;20.62;DEFAULT_VEHTYPE;;0;0.00
1717.00;150275988#3_0;21.58;8.72;1170.00;1.24;40487883#0_0;5.10;0.00;tripinfo_1608;547.00;1608;1;5012.78;1.05;0.00;117.35;DEFAULT_VEHTYPE;;4;28.00
1717.00;150275984#1_0;27.99;8.03;1551.00;0.44;8385415#1_0;5.10;0.00;tripinfo_2148;166.00;2148;0;1235.55;1.04;0.00;26.42;DEFAULT_VEHTYPE;;1;3.00
1718.00;628782530_0;3.16;4.28;781.00;0.16;4426075#0_0;5.10;0.00;tripinfo_1072;937.00;1072;0;1591.13;1.19;0.00;797.31;DEFAULT_VEHTYPE;;6;726.00
1718.00;220267105#4_0;40.07;7.38;1079.00;10.52;117055114_0;5.10;0.00;tripinfo_1459;639.00;1459;0;2299.90;0.90;0.00;332.46;DEFAULT_VEHTYPE;;9;255.00
1720.00;31427257#6_0;27.70;13.24;1545.00;0.44;31411842#0_0;5.10;0.00;tripinfo_2123;175.00;2123;0;1260.09;1.04;0.00;30.94;DEFAULT_VEHTYPE;;2;9.00
1721.00;31449007_0;69.16;7.71;1399.00;0.32;1162840696#0_0;5.10;0.00;tripinfo_1919;322.00;1919;0;2355.11;1.07;0.00;51.12;DEFAULT_VEHTYPE;;2;4.00
1721.00;16233734#0_0;84.26;6.09;1436.00;0.80;-237344387_0;5.10;0.00;tripinfo_1985;285.00;1985;1;1332.66;0.88;0.00;88.02;DEFAULT_VEHTYPE;;2;56.00
1722.00;4392761#5_0;0.20;13.19;911.00;0.00;47426244#0_0;5.10;0.00;tripinfo_1250;811.00;1250;0;3357.46;1.02;0.00;496.44;DEFAULT_VEHTYPE;;3;440.00
1722.00;-47426241#1_0;204.01;7.34;1559.00;0.56;-220267247#5_0;5.10;0.00;tripinfo_2152;163.00;2152;0;1237.92;1.02;0.00;16.59;DEFAULT_VEHTYPE;;0;0.00
1723.00;-23084263#0_0;84.85;9.14;1499.00;0.36;-30324793_0;5.10;0.00;tripinfo_2062;224.00;2062;0;1796.82;1.10;0.00;27.52;DEFAULT_VEHTYPE;;1;4.00
1725.00;1308361365_0;15.87;5.39;1722.00;0.84;1308361365_0;5.10;0.00;tripinfo_2378;3.00;2378;0;10.77;1.01;0.00;1.04;DEFAULT_VEHTYPE;;0;0.00
1728.00;96018881#0_0;97.29;8.38;799.00;0.28;1053478468#0_0;5.10;0.00;tripinfo_1101;929.00;1101;0;1607.88;1.02;0.00;767.70;DEFAULT_VEHTYPE;;10;680.00
1728.00;1308361365_0;15.87;6.03;1656.00;0.36;16233735#0_0;5.10;0.00;tripinfo_2287;72.00;2287;0;495.23;1.15;0.00;18.21;DEFAULT_VEHTYPE;;1;7.00
1729.00;4312572#0_0;193.49;8.32;1573.00;4.36;-132148870#2_0;5.10;0.00;tripinfo_2162;156.00;2162;0;1184.57;1.02;0.00;14.94;DEFAULT_VEHTYPE;;0;0.00
1730.00;96018881#0_0;97.29;7.76;1070.00;0.96;14626329#0_0;5.10;0.00;tripinfo_1482;660.00;1482;0;1511.04;1.05;0.00;458.58;DEFAULT_VEHTYPE;;5;422.00
1731.00;4441063_0;98.00;12.06;1033.00;0.00;-13764247#1_0;5.10;0.00;tripinfo_1425;698.00;1425;0;2522.63;0.91;0.00;478.30;DEFAULT_VEHTYPE;;2;452.00
1732.00;4726679#0_0;136.33;7.49;923.00;69.56;159636083#2_0;0.20;0.00;tripinfo_1177;809.00;1177;0;1276.57;1.03;0.00;659.55;DEFAULT_VEHTYPE;;4;626.00
1732.00;4726684#0_0;33.91;8.02;1228.00;0.72;-628762074#2_0;5.10;0.00;tripinfo_1699;504.00;1699;1;2499.16;1.10;0.00;234.29;DEFAULT_VEHTYPE;;6;166.00
1732.00;654207122_0;0.20;2.77;1583.00;0.48;150275985#0_0;5.10;0.00;tripinfo_2191;149.00;2191;0;633.06;1.04;0.00;27.76;DEFAULT_VEHTYPE;;0;0.00
1733.00;121794822#8_0;8.86;1.78;1557.00;0.04;-8140188#8_0;5.10;0.00;tripinfo_2143;176.00;2143;0;762.48;1.02;0.00;31.28;DEFAULT_VEHTYPE;;0;0.00
1735.00;198077804#0_1;126.29;14.13;864.00;0.28;220137286#1_0;0.20;0.00;tripinfo_1176;871.00;1176;0;2438.56;1.06;0.00;552.82;DEFAULT_VEHTYPE;;5;505.00
1735.00;62017785#0_2;60.44;13.81;1492.00;0.20;745660413#0_0;5.10;0.00;tripinfo_2065;243.00;2065;0;2560.60;1.02;0.00;44.44;DEFAULT_VEHTYPE;;2;19.00
1735.00;220267247#2_0;3.57;8.32;1530.00;2.52;13764389_0;0.51;0.00;tripinfo_2109;205.00;2109;0;1632.43;1.05;0.00;22.16;DEFAULT_VEHTYPE;;1;1.00
1736.00;395153043_0;0.20;6.59;1355.00;1.24;36801004#2_0;5.10;0.00;tripinfo_1858;381.00;1858;0;2299.83;1.13;0.00;219.53;DEFAULT_VEHTYPE;;3;150.00
1738.00;1098324353_0;0.20;8.23;1453.00;0.36;654207127#5_0;5.10;0.00;tripinfo_2012;285.00;2012;0;1893.08;1.06;0.00;54.20;DEFAULT_VEHTYPE;;0;0.00
1739.00;-150275984#3_0;22.78;8.64;1517.00;0.48;28275167_0;5.10;0.00;tripinfo_2091;222.00;2091;0;1746.04;1.08;0.00;21.24;DEFAULT_VEHTYPE;;0;0.00
1741.00;14118783_0;131.02;8.92;1544.00;0.48;15089551_0;5.10;0.00;tripinfo_2116;197.00;2116;1;1287.97;1.08;0.00;40.17;DEFAULT_VEHTYPE;;0;0.00
1742.00;175206107#0_0;104.76;9.27;1647.00;0.96;13654454_0;5.10;0.00;tripinfo_2282;95.00;2282;0;885.51;1.15;0.00;17.69;DEFAULT_VEHTYPE;;0;0.00
1745.00;137241321_0;0.20;6.74;1229.00;5.68;-47426244#2_0;5.10;0.00;tripinfo_1681;516.00;1681;1;1880.51;1.03;0.00;296.17;DEFAULT_VEHTYPE;;4;222.00
1745.00;150276013#0_0;42.86;6.81;1375.00;0.96;400586988#0_0;0.20;0.00;tripinfo_1882;370.00;1882;0;2421.67;0.94;0.00;47.87;DEFAULT_VEHTYPE;;1;2.00
1745.00;119180322_0;109.44;8.36;1385.00;0.56;8382429#0_0;5.10;0.00;tripinfo_1902;360.00;1902;1;2253.36;1.01;0.00;77.77;DEFAULT_VEHTYPE;;3;15.00
1745.00;939752205#2_0;9.40;7.44;1526.00;0.60;220267107#1_0;5.10;0.00;tripinfo_2095;219.00;2095;0;1606.22;1.05;0.00;33.93;DEFAULT_VEHTYPE;;0;0.00
1746.00;31431544#3_0;43.92;7.67;1525.00;0.16;-781742860#8_0;5.10;0.00;tripinfo_2097;221.00;2097;0;1471.29;0.94;0.00;30.30;DEFAULT_VEHTYPE;;0;0.00
1747.00;-31431101#4_0;53.40;7.99;1287.00;0.72;4726710#1_0;5.10;0.00;tripinfo_1774;460.00;1774;1;3241.32;1.10;0.00;62.27;DEFAULT_VEHTYPE;;1;3.00
1749.00;4726681#2_0;81.95;8.84;962.00;0.44;150275986#0_0;5.10;0.00;tripinfo_1323;787.00;1323;0;3248.18;1.13;0.00;506.54;DEFAULT_VEHTYPE;;8;414.00
1749.00;14471542#11_0;27.06;6.96;1297.00;0.28;8382320#0_0;5.10;0.00;tripinfo_1776;452.00;1776;0;2934.71;0.97;0.00;85.36;DEFAULT_VEHTYPE;;2;27.00
1751.00;11294375#3_0;55.61;7.68;1403.00;2.48;4730616#1_0;0.59;0.00;tripinfo_1941;348.00;1941;0;2441.66;1.01;0.00;46.58;DEFAULT_VEHTYPE;;0;0.00
1752.00;-14858868_0;74.65;8.69;1038.00;0.84;770622525_0;5.10;0.00;tripinfo_1428;714.00;1428;0;2810.98;1.06;0.00;486.88;DEFAULT_VEHTYPE;;2;438.00
1753.00;8382354#0_0;76.76;7.98;1499.00;0.12;-220267108#2_0;5.10;0.00;tripinfo_2079;254.00;2079;0;1812.95;1.11;0.00;56.71;DEFAULT_VEHTYPE;;2;7.00
1756.00;-31431101#5_0;17.82;7.74;1292.00;3.84;4726694#0_0;5.10;0.00;tripinfo_1778;464.00;1778;0;2822.84;0.95;0.00;80.79;DEFAULT_VEHTYPE;;3;17.00
1757.00;395073288#0_0;122.79;7.03;1524.00;0.76;220137286#0_0;5.10;0.00;tripinfo_2092;233.00;2092;0;1607.94;0.95;0.00;56.54;DEFAULT_VEHTYPE;;2;28.00
1758.00;-4730648#2_0;41.39;7.96;1434.00;0.04;-414404581#1_0;5.10;0.00;tripinfo_1968;324.00;1968;1;1310.63;1.03;0.00;169.20;DEFAULT_VEHTYPE;;6;113.00
1759.00;40151775_0;6.10;7.28;1159.00;0.20;231475826#0_0;5.10;0.00;tripinfo_1590;600.00;1590;0;1243.43;0.91;0.00;463.92;DEFAULT_VEHTYPE;;5;433.00
1759.00;70724349_0;127.17;7.64;1519.00;0.32;8140198#0_0;5.10;0.00;tripinfo_2094;240.00;2094;0;1732.88;0.96;0.00;22.66;DEFAULT_VEHTYPE;;0;0.00
1760.00;31427257#8_1;130.55;12.05;1208.00;0.28;150275984#3_0;5.10;0.00;tripinfo_1651;552.00;1651;1;3093.53;0.95;0.00;181.69;DEFAULT_VEHTYPE;;3;121.00
1760.00;-47999870_0;46.74;6.59;1406.00;0.84;30215395#0_0;5.10;0.00;tripinfo_1928;354.00;1928;0;2938.58;0.89;0.00;35.62;DEFAULT_VEHTYPE;;0;0.00
1761.00;137238867#0_0;176.41;8.77;1399.00;0.60;31412878_0;5.10;0.00;tripinfo_1920;362.00;1920;1;1585.39;1.08;0.00;175.72;DEFAULT_VEHTYPE;;5;113.00
1761.00;4441059#1_0;10.66;12.56;1471.00;0.16;1053478470_0;5.10;0.00;tripinfo_2022;290.00;2022;0;1317.76;1.02;0.00;174.01;DEFAULT_VEHTYPE;;2;149.00
1762.00;5451844#0_0;38.91;8.12;1444.00;0.64;327412184_0;5.10;0.00;tripinfo_1988;318.00;1988;0;2475.26;1.02;0.00;81.36;DEFAULT_VEHTYPE;;3;43.00
1763.00;555922918#0_0;213.94;7.56;1520.00;0.44;-150275988#2_0;5.10;0.00;tripinfo_2098;243.00;2098;0;1815.66;1.03;0.00;28.27;DEFAULT_VEHTYPE;;0;0.00
1766.00;8382440#0_0;245.78;7.50;1586.00;0.84;8382285_0;5.10;0.00;tripinfo_2178;180.00;2178;0;1153.52;1.05;0.00;47.17;DEFAULT_VEHTYPE;;2;19.00
1769.00;-14858868_0;74.65;8.85;1613.00;0.36;4730623_0;5.10;0.00;tripinfo_2212;156.00;2212;1;1089.55;1.12;0.00;34.43;DEFAULT_VEHTYPE;;1;9.00
1772.00;31448937#0_0;69.76;7.37;1662.00;0.68;13853655#1_0;5.10;0.00;tripinfo_2306;110.00;2306;0;715.15;1.01;0.00;23.82;DEFAULT_VEHTYPE;;1;9.00
1775.00;4730651_0;94.24;8.11;357.00;0.76;4318242#0_0;5.10;0.00;tripinfo_492;1418.00;492;0;2546.46;1.05;0.00;1128.53;DEFAULT_VEHTYPE;;8;1039.00
1775.00;137238867#2_0;12.16;7.79;1414.00;0.08;40493652_0;0.20;0.00;tripinfo_1961;361.00;1961;0;2035.01;0.96;0.00;181.35;DEFAULT_VEHTYPE;;3;137.00
1778.00;628755544#2_0;48.84;7.54;1434.00;0.36;-4760584#1_0;5.10;0.00;tripinfo_1987;344.00;1987;1;2341.45;0.93;0.00;44.62;DEFAULT_VEHTYPE;;3;4.00
1778.00;-31519076#0_0;19.30;4.97;1496.00;1.88;-1307684786#1_0;5.10;0.00;tripinfo_2071;282.00;2071;0;1840.82;1.07;0.00;42.94;DEFAULT_VEHTYPE;;0;0.00
1779.00;4730637#1_0;102.23;8.12;1632.00;0.04;1308361545#0_0;5.10;0.00;tripinfo_2243;147.00;2243;0;953.75;1.01;0.00;32.16;DEFAULT_VEHTYPE;;1;1.00
1780.00;155472436#0_0;108.36;9.23;1481.00;0.32;403882372_0;0.20;0.00;tripinfo_2044;299.00;2044;0;3875.75;1.11;0.00;33.07;DEFAULT_VEHTYPE;;2;7.00
1781.00;307372337#0_1;29.89;7.44;789.00;0.00;14471542#1_0;0.97;0.00;tripinfo_1075;992.00;1075;0;1779.43;0.93;0.00;768.44;DEFAULT_VEHTYPE;;13;682.00
1781.00;49845715#0_0;122.60;8.33;1603.00;0.64;17670100#2_0;5.10;0.00;tripinfo_2213;178.00;2213;0;942.51;1.01;0.00;65.67;DEFAULT_VEHTYPE;;2;43.00
1784.00;31431544#0_0;116.98;8.66;1526.00;0.64;-400062404_0;3.59;0.00;tripinfo_2113;258.00;2113;1;1946.85;1.11;0.00;36.19;DEFAULT_VEHTYPE;;1;2.00
1784.00;11294375#0_0;66.35;8.14;1587.00;0.76;-523287556_0;5.10;0.00;tripinfo_2192;197.00;2192;0;1442.95;0.99;0.00;20.13;DEFAULT_VEHTYPE;;0;0.00
1785.00;-220267107#1_0;76.11;7.39;1640.00;0.24;239757763_0;5.10;0.00;tripinfo_2258;145.00;2258;0;959.57;0.89;0.00;14.60;DEFAULT_VEHTYPE;;0;0.00
1786.00;627916937_0;74.40;7.41;1423.00;0.24;235542996#0_0;5.10;0.00;tripinfo_1958;363.00;1958;1;2211.36;1.02;0.00;74.01;DEFAULT_VEHTYPE;;4;12.00
1787.00;4726717_0;337.28;13.80;1600.00;0.44;-96018881#4_0;5.10;0.00;tripinfo_2198;187.00;2198;0;994.37;1.08;0.00;102.75;DEFAULT_VEHTYPE;;1;90.00
1789.00;155433041_0;216.81;8.07;834.00;0.88;4726679#1_0;5.10;0.00;tripinfo_1146;955.00;1146;0;2183.34;1.10;0.00;728.40;DEFAULT_VEHTYPE;;7;630.00
1789.00;28208884#0_0;120.14;7.29;1130.00;0.08;109398805_0;5.10;0.00;tripinfo_1561;659.00;1561;1;4558.07;0.95;0.00;133.47;DEFAULT_VEHTYPE;;5;28.00
1789.00;-47895849#4_0;35.95;4.72;1334.00;0.08;-524150320#2_0;5.10;0.00;tripinfo_1836;455.00;1836;1;2796.29;0.94;0.00;58.28;DEFAULT_VEHTYPE;;1;2.00
1789.00;47461591#1_0;144.90;7.77;1360.00;0.80;393494868_0;5.10;0.00;tripinfo_1885;429.00;1885;0;2292.36;1.08;0.00;218.37;DEFAULT_VEHTYPE;;1;162.00
1789.00;-8140197#2_0;78.81;7.29;1593.00;0.72;4726718_0;5.10;0.00;tripinfo_2199;196.00;2199;0;2286.82;1.01;0.00;21.16;DEFAULT_VEHTYPE;;0;0.00
1790.00;40493502_0;28.52;4.61;1459.00;0.32;-4726710#0_0;5.10;0.00;tripinfo_2019;331.00;2019;1;1684.65;0.86;0.00;48.35;DEFAULT_VEHTYPE;;1;4.00
1791.00;-47895849#4_0;35.95;5.52;1545.00;2.24;40493501#1_0;5.10;0.00;tripinfo_2133;246.00;2133;1;1366.59;1.19;0.00;75.57;DEFAULT_VEHTYPE;;1;2.00
1792.00;396926515_0;1.87;6.97;1581.00;0.32;1041085657#0_0;5.10;0.00;tripinfo_2194;211.00;2194;0;1526.58;1.09;0.00;44.07;DEFAULT_VEHTYPE;;1;15.00
1793.00;-8140188#10_0;90.82;6.73;1686.00;0.32;70724346#2_0;5.10;0.00;tripinfo_2319;107.00;2319;0;746.49;0.96;0.00;12.05;DEFAULT_VEHTYPE;;0;0.00
1793.00;4730634#0_0;128.10;7.26;1701.00;0.24;220137286#1_0;0.20;0.00;tripinfo_2358;92.00;2358;0;573.14;0.91;0.00;15.39;DEFAULT_VEHTYPE;;1;2.00
1794.00;220267247#3_0;87.46;6.92;1534.00;0.32;-480937385_0;5.10;0.00;tripinfo_2119;260.00;2119;0;1721.21;0.88;0.00;27.95;DEFAULT_VEHTYPE;;0;0.00
1796.00;14471542#2_0;80.55;7.35;1696.00;0.12;109993439_0;5.10;0.00;tripinfo_2329;100.00;2329;0;908.48;1.00;0.00;20.83;DEFAULT_VEHTYPE;;2;3.00
1797.00;691307157_0;33.05;4.58;1366.00;0.88;510481273#0_0;5.10;0.00;tripinfo_1871;431.00;1871;1;2534.59;0.85;0.00;55.65;DEFAULT_VEHTYPE;;0;0.00
1798.00;419709604#0_1;8.81;7.45;1110.00;0.00;220267105#4_0;5.10;0.00;tripinfo_1525;688.00;1525;1;2264.06;1.19;0.00;457.58;DEFAULT_VEHTYPE;;7;351.00
1799.00;4690638#0_0;133.07;7.23;1658.00;0.28;625259600_0;5.10;0.00;tripinfo_2301;141.00;2301;0;1535.51;0.99;0.00;17.92;DEFAULT_VEHTYPE;;1;2.00
1800.00;-4312633_0;83.91;6.66;1236.00;0.04;33301688#0_0;5.10;0.00;tripinfo_1693;564.00;1693;1;3448.88;0.95;0.00;130.04;DEFAULT_VEHTYPE;;5;53.00
1801.00;-8382282#1_0;28.69;6.96;1721.00;0.92;-8140188#4_0;5.10;0.00;tripinfo_2389;80.00;2389;0;431.04;0.99;0.00;26.00;DEFAULT_VEHTYPE;;1;11.00
1802.00;-4726711#1_0;85.67;8.15;1278.00;0.16;-150275984#0_0;5.10;0.00;tripinfo_1772;524.00;1772;1;2513.15;1.04;0.00;232.92;DEFAULT_VEHTYPE;;4;142.00
1803.00;124862958#0_0;40.20;8.77;1382.00;0.92;220267105#2_0;5.10;0.00;tripinfo_1914;421.00;1914;1;2924.16;1.17;0.00;124.53;DEFAULT_VEHTYPE;;7;46.00
1804.00;70724347#2_0;47.89;7.62;1688.00;0.04;150275986#3_0;5.10;0.00;tripinfo_2318;116.00;2318;0;904.44;1.05;0.00;11.71;DEFAULT_VEHTYPE;;0;0.00
1807.00;1156101769#0_0;182.11;8.30;1582.00;0.40;150276013#1_0;5.10;0.00;tripinfo_2180;225.00;2180;0;1853.71;1.12;0.00;25.33;DEFAULT_VEHTYPE;;0;0.00
1808.00;-1024105863_0;26.14;7.36;1638.00;0.44;13853655#1_0;5.10;0.00;tripinfo_2248;170.00;2248;0;1135.64;0.94;0.00;18.09;DEFAULT_VEHTYPE;;0;0.00
1809.00;-239923867#1_0;197.20;8.59;1203.00;4.92;1263955158#0_0;5.10;0.00;tripinfo_1639;606.00;1639;0;1289.53;1.04;0.00;460.50;DEFAULT_VEHTYPE;;5;366.00
1809.00;-119180342#1_1;10.01;11.66;1574.00;0.68;-8250527#0_0;5.10;0.00;tripinfo_2181;235.00;2181;0;1701.79;0.90;0.00;21.25;DEFAULT_VEHTYPE;;0;0.00
1812.00;121794822#5_0;19.98;2.63;1022.00;0.48;-9387033#3_0;5.10;0.00;tripinfo_1391;790.00;1391;1;5446.64;1.02;0.00;255.22;DEFAULT_VEHTYPE;;9;147.00
1815.00;610739513#0_0;119.34;6.25;1579.00;0.20;4730634#0_0;5.10;0.00;tripinfo_2190;236.00;2190;0;1600.09;0.90;0.00;42.38;DEFAULT_VEHTYPE;;0;0.00
1816.00;220267106#0_0;195.54;7.76;1648.00;0.76;-654207127#2_0;5.10;0.00;tripinfo_2267;168.00;2267;0;560.45;1.06;0.00;34.24;DEFAULT_VEHTYPE;;0;0.00
1817.00;14471542#4_0;27.51;7.03;1072.00;0.60;8382395#0_0;5.10;0.00;tripinfo_1470;745.00;1470;0;2913.95;0.90;0.00;464.55;DEFAULT_VEHTYPE;;4;414.00
1818.00;62020115#0_0;118.19;6.51;1489.00;0.04;8382421#0_0;5.10;0.00;tripinfo_2043;329.00;2043;0;2165.68;0.80;0.00;43.97;DEFAULT_VEHTYPE;;1;8.00
1818.00;8152035#0_0;51.53;7.41;1620.00;0.92;-40493501#2_0;5.10;0.00;tripinfo_2239;198.00;2239;0;1110.76;0.97;0.00;35.22;DEFAULT_VEHTYPE;;1;9.00
1819.00;625259599_0;136.88;11.01;1682.00;2.08;-47895849#3_0;5.10;0.00;tripinfo_2311;137.00;2311;0;1057.91;0.86;0.00;21.71;DEFAULT_VEHTYPE;;2;6.00
1821.00;62020115#0_0;118.19;8.21;1511.00;0.84;4392761#5_0;0.20;0.00;tripinfo_2078;310.00;2078;0;3141.05;1.07;0.00;61.25;DEFAULT_VEHTYPE;;2;4.00
1821.00;-654207127#1_0;72.74;2.89;1708.00;0.40;-121794825#3_0;4.66;0.00;tripinfo_2355;113.00;2355;0;257.22;1.09;0.00;27.45;DEFAULT_VEHTYPE;;1;2.00
1822.00;235542996#0_0;92.88;8.57;1498.00;0.00;8384893#0_0;5.10;0.00;tripinfo_2075;324.00;2075;1;2123.66;1.06;0.00;85.96;DEFAULT_VEHTYPE;;3;32.00
1823.00;-4318228#2_0;265.98;6.63;1675.00;0.40;13654337_0;5.10;0.00;tripinfo_2305;148.00;2305;0;1117.37;0.94;0.00;21.02;DEFAULT_VEHTYPE;;1;2.00
1824.00;137848161_0;149.87;6.45;1661.00;0.92;121794825#1_0;5.10;0.00;tripinfo_2289;163.00;2289;0;398.06;0.90;0.00;45.40;DEFAULT_VEHTYPE;;2;8.00
1825.00;-31512978#1_0;13.39;6.66;1255.00;2.24;8382283#0_0;5.10;0.00;tripinfo_1733;570.00;1733;1;2904.33;0.89;0.00;190.69;DEFAULT_VEHTYPE;;3;133.00
1826.00;96018881#0_0;97.29;6.97;1378.00;0.80;8382347#2_0;5.10;0.00;tripinfo_1910;448.00;1910;1;1968.61;0.95;0.00;198.28;DEFAULT_VEHTYPE;;8;115.00
1826.00;1298952887_0;58.30;8.22;1489.00;0.96;832487280_0;5.10;0.00;tripinfo_2057;337.00;2057;1;2087.29;1.07;0.00;62.74;DEFAULT_VEHTYPE;;2;12.00
1827.00;121794824_0;75.93;2.04;1048.00;2.20;-507534348#1_0;5.10;0.00;tripinfo_1440;779.00;1440;1;5747.44;1.09;0.00;245.50;DEFAULT_VEHTYPE;;9;110.00
1827.00;643082467_0;13.68;7.34;1275.00;0.16;653443701_0;5.10;0.00;tripinfo_1747;552.00;1747;1;3091.24;0.98;0.00;113.07;DEFAULT_VEHTYPE;;5;35.00
1828.00;8384918#0_0;137.19;6.72;1534.00;0.76;-4318239#1_0;5.10;0.00;tripinfo_2117;294.00;2117;0;1896.01;0.87;0.00;30.67;DEFAULT_VEHTYPE;;0;0.00
1829.00;628781006#1_0;76.64;8.85;1101.00;2.76;31427257#6_0;5.10;0.00;tripinfo_1517;728.00;1517;0;2195.57;1.06;0.00;499.22;DEFAULT_VEHTYPE;;4;405.00
1830.00;23084263#1_0;51.24;7.22;1447.00;0.72;524150311#0_0;5.10;0.00;tripinfo_1999;383.00;1999;0;2545.79;0.92;0.00;49.77;DEFAULT_VEHTYPE;;2;9.00
1830.00;150275980#0_0;87.01;7.05;1473.00;0.44;4730649_0;5.10;0.00;tripinfo_2023;357.00;2023;0;2123.80;0.92;0.00;57.64;DEFAULT_VEHTYPE;;2;10.00
1830.00;5450860#2_0;28.24;7.47;1616.00;0.24;4690691_0;5.10;0.00;tripinfo_2233;214.00;2233;0;1376.17;0.93;0.00;25.02;DEFAULT_VEHTYPE;;0;0.00
1831.00;830745951_0;281.47;5.75;1322.00;0.40;628755547#4_0;5.10;0.00;tripinfo_1830;509.00;1830;1;2711.44;0.83;0.00;113.03;DEFAULT_VEHTYPE;;3;59.00
1831.00;-150275984#3_0;22.78;8.93;1609.00;0.76;400062408_0;5.10;0.00;tripinfo_2217;222.00;2217;0;1617.69;1.09;0.00;42.98;DEFAULT_VEHTYPE;;1;9.00
1835.00;-121794822#3_0;11.26;2.59;1165.00;0.84;47895849#1_0;5.10;0.00;tripinfo_1603;670.00;1603;1;5143.76;1.06;0.00;150.89;DEFAULT_VEHTYPE;;5;53.00
1835.00;-290174549#0_0;118.03;8.35;1628.00;0.08;220267105#0_0;5.10;0.00;tripinfo_2261;207.00;2261;0;1444.25;1.01;0.00;33.90;DEFAULT_VEHTYPE;;1;10.00
1836.00;654207127#6_0;13.98;1.28;936.00;0.16;4426076#0_0;5.10;0.00;tripinfo_1297;900.00;1297;0;2958.24;0.87;0.00;428.96;DEFAULT_VEHTYPE;;8;322.00
1836.00;231945290#4_0;5.76;7.89;1023.00;0.68;13654337_0;5.10;0.00;tripinfo_1406;813.00;1406;0;1627.40;1.09;0.00;673.90;DEFAULT_VEHTYPE;;7;613.00
1836.00;137238867#3_0;24.37;7.72;1460.00;0.88;150275992#0_0;5.10;0.00;tripinfo_2021;376.00;2021;1;1238.92;0.96;0.00;219.70;DEFAULT_VEHTYPE;;12;139.00
1837.00;159636082_0;0.20;6.71;1030.00;0.32;8152035#2_0;5.10;0.00;tripinfo_1419;807.00;1419;0;2688.47;1.26;0.00;621.44;DEFAULT_VEHTYPE;;6;512.00
1837.00;8382347#0_0;56.15;8.16;1632.00;0.48;-220267106#1_0;5.10;0.00;tripinfo_2266;205.00;2266;0;1425.61;1.10;0.00;47.89;DEFAULT_VEHTYPE;;1;3.00
1838.00;772942669_0;110.92;5.00;1119.00;0.64;198077804#0_0;5.10;0.00;tripinfo_1538;719.00;1538;0;3040.52;1.00;0.00;458.87;DEFAULT_VEHTYPE;;6;404.00
1839.00;8384928_0;90.57;7.60;798.00;0.36;119180342#0_0;5.10;0.00;tripinfo_1087;1041.00;1087;0;2295.19;1.05;0.00;823.59;DEFAULT_VEHTYPE;;8;703.00
1840.00;28208884#0_0;120.14;7.24;1595.00;0.88;-150275984#6_0;5.10;0.00;tripinfo_2196;245.00;2196;0;1492.09;0.91;0.00;45.40;DEFAULT_VEHTYPE;;2;14.00
1840.00;-414404581#1_0;29.61;7.28;1737.00;0.88;239757763_0;5.10;0.00;tripinfo_2396;103.00;2396;0;731.07;0.97;0.00;11.54;DEFAULT_VEHTYPE;;0;0.00
1842.00;-524150311#1_1;52.20;8.24;1622.00;0.76;-524150342_0;0.20;0.00;tripinfo_2242;220.00;2242;0;1314.80;1.02;0.00;65.12;DEFAULT_VEHTYPE;;5;34.00
1844.00;19846377#0_0;81.20;6.05;1083.00;0.72;-29023870#1_0;5.10;0.00;tripinfo_1499;761.00;1499;0;1931.82;1.33;0.00;587.97;DEFAULT_VEHTYPE;;6;470.00
1844.00;-31519076#1_0;56.60;6.63;1776.00;0.92;400062404_0;3.59;0.00;tripinfo_2464;68.00;2464;0;409.50;1.25;0.00;7.55;DEFAULT_VEHTYPE;;0;0.00
1846.00;419709604#1_1;6.27;7.23;1556.00;0.00;4726718_0;5.10;0.00;tripinfo_2150;290.00;2150;0;1013.64;1.02;0.00;204.41;DEFAULT_VEHTYPE;;4;158.00
1846.00;628755546#0_0;4.91;5.35;1687.00;7.40;-400062405_0;5.10;0.00;tripinfo_2330;159.00;2330;1;957.43;1.03;0.00;28.24;DEFAULT_VEHTYPE;;1;9.00
1850.00;31431544#0_0;116.98;6.92;1545.00;2.96;-628757206#2_0;5.10;0.00;tripinfo_2132;305.00;2132;0;1828.21;0.91;0.00;62.98;DEFAULT_VEHTYPE;;2;27.00
1850.00;1198625656_0;56.87;6.26;1600.00;0.28;1298817713_0;5.10;0.00;tripinfo_2201;250.00;2201;0;1508.39;0.85;0.00;27.85;DEFAULT_VEHTYPE;;0;0.00
1853.00;1111106315_0;73.40;7.28;1545.00;0.36;14471542#12_0;5.10;0.00;tripinfo_2137;308.00;2137;0;2044.46;0.91;0.00;36.00;DEFAULT_VEHTYPE;;1;3.00
1853.00;290172673#0_0;31.16;7.04;1739.00;0.04;-414404581#1_0;5.10;0.00;tripinfo_2393;114.00;2393;0;558.51;0.91;0.00;38.30;DEFAULT_VEHTYPE;;1;25.00
1855.00;654207127#6_0;13.98;1.61;1073.00;0.04;653443701_0;5.10;0.00;tripinfo_1468;782.00;1468;1;5783.03;1.03;0.00;219.44;DEFAULT_VEHTYPE;;12;79.00
1855.00;159636084#0_0;3.68;7.03;1114.00;0.84;13853658_0;5.10;0.00;tripinfo_1528;741.00;1528;0;2346.65;0.96;0.00;517.61;DEFAULT_VEHTYPE;;9;444.00
1855.00;5451844#0_0;38.91;7.75;1671.00;0.80;4726711#1_0;5.10;0.00;tripinfo_2310;184.00;2310;0;1390.20;0.93;0.00;33.75;DEFAULT_VEHTYPE;;2;11.00
1856.00;121794824_0;75.93;2.23;1022.00;0.04;4730618_0;5.10;0.00;tripinfo_1393;834.00;1393;1;5945.27;0.96;0.00;192.42;DEFAULT_VEHTYPE;;6;79.00
1856.00;62020111_0;70.03;7.32;1575.00;0.00;-1024105863_0;5.10;0.00;tripinfo_2175;281.00;2175;0;2708.04;0.88;0.00;24.57;DEFAULT_VEHTYPE;;0;0.00
1857.00;231945290#4_0;5.76;7.55;1414.00;0.88;-47426239_0;5.10;0.00;tripinfo_1946;443.00;1946;1;2130.21;0.98;0.00;178.69;DEFAULT_VEHTYPE;;7;95.00
1857.00;628782531_0;12.55;8.73;1547.00;0.48;31427257#6_0;5.10;0.00;tripinfo_2141;310.00;2141;0;3447.72;1.09;0.00;33.21;DEFAULT_VEHTYPE;;0;0.00
1857.00;8382307#1_0;3.39;7.56;1701.00;0.28;8382443_0;5.10;0.00;tripinfo_2351;156.00;2351;0;963.63;0.95;0.00;33.58;DEFAULT_VEHTYPE;;1;12.00
1858.00;4730616#0_0;6.14;8.40;1436.00;0.24;-121794825#0_0;0.20;0.00;tripinfo_1983;422.00;1983;0;2477.26;1.04;0.00;99.71;DEFAULT_VEHTYPE;;2;43.00
1860.00;-628757206#2_0;103.95;6.29;1200.00;0.00;-40493652_0;0.20;0.00;tripinfo_1650;660.00;1650;1;4032.71;0.90;0.00;144.36;DEFAULT_VEHTYPE;;10;53.00
1860.00;-47999870_0;46.74;8.35;1813.00;0.48;-132148870#2_0;5.10;0.00;tripinfo_2516;47.00;2516;0;280.97;1.03;0.00;13.00;DEFAULT_VEHTYPE;;1;4.00
1861.00;8382430#0_0;122.21;8.25;619.00;119.52;159636083#2_0;0.20;0.00;tripinfo_684;1242.00;684;0;1221.71;1.12;0.00;1106.73;DEFAULT_VEHTYPE;;6;1048.00
1861.00;8152036#0_0;11.51;7.13;1115.00;0.48;231475823#0_0;5.10;0.00;tripinfo_1541;746.00;1541;0;1751.65;0.90;0.00;509.09;DEFAULT_VEHTYPE;;6;441.00
1862.00;4730638_0;74.50;7.90;1422.00;0.72;856293282_0;0.20;0.00;tripinfo_1949;440.00;1949;1;2640.38;1.00;0.00;96.04;DEFAULT_VEHTYPE;;0;0.00
1862.00;31427215#0_1;105.00;14.41;1491.00;0.76;8404828#1_0;5.10;0.00;tripinfo_2067;371.00;2067;0;3060.77;1.07;0.00;162.09;DEFAULT_VEHTYPE;;7;102.00
1862.00;606127855_0;0.20;5.18;1527.00;0.04;-433333438#1_0;5.10;0.00;tripinfo_2118;335.00;2118;1;1915.33;0.99;0.00;72.98;DEFAULT_VEHTYPE;;1;34.00
1863.00;302657565#0_0;212.13;7.49;833.00;0.32;4426074#0_0;5.10;0.00;tripinfo_1144;1030.00;1144;0;2212.76;0.96;0.00;798.77;DEFAULT_VEHTYPE;;7;735.00
1864.00;31520175#0_0;50.30;6.19;1676.00;3.64;8152060#0_0;5.10;0.00;tripinfo_2313;188.00;2313;0;1125.22;0.87;0.00;28.71;DEFAULT_VEHTYPE;;1;7.00
1865.00;4730648#2_0;41.39;7.76;1140.00;0.12;625259600_0;5.10;0.00;tripinfo_1579;725.00;1579;0;2948.58;0.95;0.00;424.51;DEFAULT_VEHTYPE;;7;329.00
1865.00;11294375#3_0;55.61;8.43;1766.00;0.36;-150275984#4_0;5.10;0.00;tripinfo_2437;99.00;2437;0;629.47;1.02;0.00;24.66;DEFAULT_VEHTYPE;;1;13.00
1867.00;8382429#0_0;148.89;6.72;770.00;0.56;653443701_0;5.10;0.00;tripinfo_1052;1097.00;1052;1;4328.14;0.91;0.00;623.33;DEFAULT_VEHTYPE;;11;517.00
1868.00;220267247#3_0;87.46;7.04;1426.00;0.76;33301688#0_0;5.10;0.00;tripinfo_1967;442.00;1967;0;2570.33;0.88;0.00;89.50;DEFAULT_VEHTYPE;;4;39.00
1868.00;36801004#2_0;43.36;12.43;1801.00;0.68;4392761#2_0;5.10;0.00;tripinfo_2481;67.00;2481;0;753.64;0.95;0.00;6.90;DEFAULT_VEHTYPE;;0;0.00
1868.00;31519076#0_0;19.30;5.00;1864.00;0.16;31519076#0_0;5.10;0.00;tripinfo_2572;4.00;2572;0;14.20;0.98;0.00;1.24;DEFAULT_VEHTYPE;;0;0.00
1870.00;32200291_0;88.16;8.08;1485.00;0.76;4726681#1_0;5.10;0.00;tripinfo_2042;385.00;2042;0;2772.49;1.04;0.00;52.25;DEFAULT_VEHTYPE;;0;0.00
1870.00;-27807643#2_0;6.60;8.59;1505.00;1.56;-8382443_0;5.10;0.00;tripinfo_2077;365.00;2077;1;2525.92;1.09;0.00;88.91;DEFAULT_VEHTYPE;;4;26.00
1873.00;4730638_0;74.50;6.65;1515.00;0.52;-628762073#5_0;5.10;0.00;tripinfo_2084;358.00;2084;0;1814.85;0.85;0.00;93.78;DEFAULT_VEHTYPE;;5;49.00
1873.00;-5450857#1_0;29.82;8.51;1708.00;90.36;159636084#0_0;3.68;0.00;tripinfo_2237;165.00;2237;0;201.25;1.02;0.00;139.92;DEFAULT_VEHTYPE;;3;126.00
1874.00;1053478470_0;33.50;8.09;1112.00;0.40;-8140188#2_0;5.10;0.00;tripinfo_1530;762.00;1530;1;3390.98;1.08;0.00;389.99;DEFAULT_VEHTYPE;;10;257.00
1874.00;410939627_0;0.20;11.60;1483.00;0.60;-628762074#2_0;5.10;0.00;tripinfo_2045;391.00;2045;1;2205.54;0.87;0.00;92.34;DEFAULT_VEHTYPE;;5;47.00
1874.00;-8140193#2_0;128.92;7.65;1718.00;0.32;40493501#1_0;5.10;0.00;tripinfo_2369;156.00;2369;0;1132.94;0.97;0.00;15.06;DEFAULT_VEHTYPE;;0;0.00
1875.00;410939626_0;0.20;13.45;1394.00;0.20;-36786443#2_0;5.10;0.00;tripinfo_1915;481.00;1915;0;1243.26;1.02;0.00;352.28;DEFAULT_VEHTYPE;;5;316.00
1876.00;1263793723_0;30.92;7.82;1648.00;0.80;14858868_0;5.10;0.00;tripinfo_2285;228.00;2285;0;1805.55;0.99;0.00;50.60;DEFAULT_VEHTYPE;;1;29.00
1878.00;-150275984#2_0;7.30;7.26;1767.00;0.28;150275973#0_0;5.10;0.00;tripinfo_2426;111.00;2426;0;768.13;0.96;0.00;13.75;DEFAULT_VEHTYPE;;0;0.00
1879.00;419709604#1_1;6.27;7.34;1223.00;0.80;960773148#1_0;0.20;0.00;tripinfo_1685;656.00;1685;1;2303.25;0.93;0.00;353.12;DEFAULT_VEHTYPE;;6;265.00
1879.00;13853661#0_0;123.78;6.46;1331.00;6.36;23179512#0_0;5.10;0.00;tripinfo_1837;548.00;1837;1;3173.88;0.81;0.00;100.91;DEFAULT_VEHTYPE;;5;19.00
1879.00;-150275986#2_0;39.73;8.14;1791.00;0.12;8382283#0_0;5.10;0.00;tripinfo_2479;88.00;2479;0;589.62;1.06;0.00;18.96;DEFAULT_VEHTYPE;;1;2.00
1880.00;8140188#0_0;54.68;9.24;1603.00;0.60;-628757206#2_0;5.10;0.00;tripinfo_2220;277.00;2220;0;1881.19;1.11;0.00;73.20;DEFAULT_VEHTYPE;;3;34.00
1880.00;-150276003#1_0;86.27;7.59;1708.00;0.00;-31428170#1_0;5.10;0.00;tripinfo_2350;172.00;2350;0;1309.56;1.02;0.00;16.29;DEFAULT_VEHTYPE;;0;0.00
1880.00;220267106#0_0;195.54;7.95;1745.00;0.48;654207120_0;0.20;0.00;tripinfo_2416;135.00;2416;0;392.31;1.10;0.00;61.35;DEFAULT_VEHTYPE;;3;36.00
1882.00;-121794822#3_0;11.26;1.84;1576.00;0.12;198077805#2_0;5.10;0.00;tripinfo_2179;306.00;2179;0;1908.51;1.11;0.00;63.45;DEFAULT_VEHTYPE;;1;2.00
1882.00;960773147_0;9.35;2.42;1764.00;0.24;-145550725#1_0;5.10;0.00;tripinfo_2433;118.00;2433;0;269.74;1.05;0.00;25.24;DEFAULT_VEHTYPE;;0;0.00
1883.00;8382359_0;50.83;5.57;1750.00;0.40;16233735#0_0;5.10;0.00;tripinfo_2405;133.00;2405;0;844.25;1.05;0.00;31.87;DEFAULT_VEHTYPE;;0;0.00
1886.00;14118784#0_0;104.44;5.40;1638.00;173.96;5450857#0_0;5.10;0.00;tripinfo_2007;248.00;2007;1;1301.94;0.71;0.00;27.48;DEFAULT_VEHTYPE;;0;0.00
1886.00;14362919#0_0;60.49;7.56;1717.00;0.20;-1106583870_0;5.10;0.00;tripinfo_2365;169.00;2365;0;1019.89;0.92;0.00;33.10;DEFAULT_VEHTYPE;;1;13.00
1887.00;121794822#6_0;10.91;2.09;1501.00;0.72;-8140196_0;5.10;0.00;tripinfo_2074;386.00;2074;0;1735.52;0.86;0.00;86.28;DEFAULT_VEHTYPE;;4;22.00
1887.00;220267247#0_0;18.06;8.66;1844.00;0.08;150275985#0_0;5.10;0.00;tripinfo_2536;43.00;2536;0;297.13;1.06;0.00;7.75;DEFAULT_VEHTYPE;;0;0.00
1889.00;198077805#2_0;33.47;14.59;744.00;0.56;972497141_0;0.69;0.00;tripinfo_1027;1145.00;1027;0;2183.19;1.12;0.00;949.84;DEFAULT_VEHTYPE;;9;892.00
1889.00;-8382305_0;175.58;8.69;1793.00;0.16;32200291_0;5.10;0.00;tripinfo_2472;96.00;2472;0;736.05;1.05;0.00;10.70;DEFAULT_VEHTYPE;;0;0.00
1891.00;155433041_0;216.81;7.53;1253.00;0.76;13654453_0;5.10;0.00;tripinfo_1717;638.00;1717;0;2324.58;1.04;0.00;409.82;DEFAULT_VEHTYPE;;6;318.00
1891.00;40493384#3_0;64.24;8.73;1427.00;0.32;-220267247#0_0;5.10;0.00;tripinfo_1969;464.00;1969;1;2153.97;1.13;0.00;233.21;DEFAULT_VEHTYPE;;5;136.00
1892.00;972497141_0;0.69;5.86;1060.00;4.32;47895849#0_0;5.10;0.00;tripinfo_1444;832.00;1444;1;3033.98;0.74;0.00;397.40;DEFAULT_VEHTYPE;;8;301.00
1892.00;1308361545#0_0;21.60;5.02;1491.00;0.56;510702675#0_0;5.10;0.00;tripinfo_2052;401.00;2052;0;1099.76;0.99;0.00;263.56;DEFAULT_VEHTYPE;;5;223.00
1893.00;8382307#2_0;18.95;7.30;1758.00;0.16;-220267104#1_0;5.10;0.00;tripinfo_2422;135.00;2422;0;939.91;0.93;0.00;12.27;DEFAULT_VEHTYPE;;0;0.00
1893.00;119180322_0;109.44;6.03;1775.00;0.64;14858643#0_0;5.10;0.00;tripinfo_2438;118.00;2438;0;658.60;0.85;0.00;40.33;DEFAULT_VEHTYPE;;2;25.00
1894.00;70724347#0_0;4.20;6.96;1193.00;0.16;231475823#0_0;5.10;0.00;tripinfo_1647;701.00;1647;0;1012.08;0.97;0.00;571.52;DEFAULT_VEHTYPE;;7;515.00
1895.00;119180322_0;109.44;7.84;1679.00;0.16;14471542#3_0;5.10;0.00;tripinfo_2322;216.00;2322;0;1767.61;1.01;0.00;47.43;DEFAULT_VEHTYPE;;2;12.00
1896.00;-43963512#1_0;53.88;7.64;1559.00;0.64;400586988#2_0;5.10;0.00;tripinfo_2138;337.00;2138;0;3019.10;1.00;0.00;61.96;DEFAULT_VEHTYPE;;2;31.00
1897.00;119180322_0;109.44;8.95;1462.00;0.28;-8384930#1_0;5.10;0.00;tripinfo_2026;435.00;2026;0;2597.36;1.12;0.00;219.95;DEFAULT_VEHTYPE;;4;147.00
1897.00;-14858868_0;74.65;7.44;1490.00;0.72;-47426244#2_0;5.10;0.00;tripinfo_2049;407.00;2049;1;2880.73;1.02;0.00;63.63;DEFAULT_VEHTYPE;;3;8.00
1898.00;-524150306#1_0;174.71;8.26;1738.00;0.24;-30324793_0;5.10;0.00;tripinfo_2408;160.00;2408;0;1131.74;1.08;0.00;33.03;DEFAULT_VEHTYPE;;2;10.00
1899.00;121794822#3_0;11.26;2.46;1267.00;0.80;-9387033#3_0;5.10;0.00;tripinfo_1735;632.00;1735;1;5411.79;1.06;0.00;130.61;DEFAULT_VEHTYPE;;5;12.00
1900.00;1307684785#0_0;54.25;4.34;887.00;0.68;174272149_0;5.10;0.00;tripinfo_1231;1013.00;1231;0;1218.36;0.95;0.00;859.97;DEFAULT_VEHTYPE;;9;766.00
1900.00;220267247#3_0;87.46;8.52;1728.00;0.44;-524150320#2_0;5.10;0.00;tripinfo_2373;172.00;2373;0;1325.25;1.09;0.00;25.15;DEFAULT_VEHTYPE;;1;5.00
1900.00;8152033#0_0;28.23;7.72;1738.00;0.80;-450925440_0;5.10;0.00;tripinfo_2385;162.00;2385;0;1146.71;1.01;0.00;23.82;DEFAULT_VEHTYPE;;1;1.00
1901.00;403882372_0;0.20;6.87;1617.00;0.32;-8384914_0;5.10;0.00;tripinfo_2219;284.00;2219;1;1685.50;0.90;0.00;48.12;DEFAULT_VEHTYPE;;1;10.00
1902.00;-8384914_0;76.65;7.54;1647.00;0.92;4690691_0;5.10;0.00;tripinfo_2264;255.00;2264;1;1739.93;1.04;0.00;35.05;DEFAULT_VEHTYPE;;0;0.00
1904.00;4730637#3_0;57.19;7.26;1675.00;0.52;8382279#1_0;5.10;0.00;tripinfo_2309;229.00;2309;0;1566.28;0.93;0.00;25.08;DEFAULT_VEHTYPE;;1;1.00
1906.00;-47896065_0;65.02;5.56;1520.00;0.28;4426076#0_0;5.10;0.00;tripinfo_2101;386.00;2101;0;1526.77;1.09;0.00;210.73;DEFAULT_VEHTYPE;;3;165.00
1907.00;-1263793722#2_0;152.83;6.18;963.00;0.04;47999870_0;5.10;0.00;tripinfo_1318;944.00;1318;0;2996.09;0.87;0.00;581.55;DEFAULT_VEHTYPE;;8;520.00
1908.00;49845715#0_0;122.60;7.66;1684.00;0.48;-150275988#5_0;5.10;0.00;tripinfo_2316;224.00;2316;0;1701.85;1.05;0.00;27.88;DEFAULT_VEHTYPE;;1;1.00
1909.00;220137286#2_0;16.52;7.28;1136.00;0.64;14471542#4_0;5.10;0.00;tripinfo_1563;773.00;1563;1;5233.79;0.90;0.00;129.93;DEFAULT_VEHTYPE;;2;30.00
1909.00;28208884#0_0;120.14;7.71;1370.00;0.76;183370113#4_0;5.10;0.00;tripinfo_1892;539.00;1892;1;3677.92;1.00;0.00;103.03;DEFAULT_VEHTYPE;;5;41.00
1909.00;-1263793722#2_0;152.83;8.39;1400.00;5.24;-220267107#1_0;5.10;0.00;tripinfo_1933;509.00;1933;1;2896.39;1.08;0.00;190.79;DEFAULT_VEHTYPE;;6;82.00
1909.00;29000804#0_0;70.40;8.03;1627.00;0.84;40598677#0_0;5.10;0.00;tripinfo_2253;282.00;2253;1;1778.94;1.02;0.00;45.84;DEFAULT_VEHTYPE;;1;2.00
1909.00;121794824_0;75.93;2.48;1730.00;0.72;8382279#0_0;5.10;0.00;tripinfo_2399;179.00;2399;0;675.48;1.01;0.00;42.54;DEFAULT_VEHTYPE;;1;5.00
1910.00;-628755544#4_0;48.80;8.93;1682.00;0.08;40493501#4_0;5.10;0.00;tripinfo_2336;228.00;2336;1;1496.04;1.09;0.00;39.38;DEFAULT_VEHTYPE;;1;10.00
1910.00;121794825#0_0;0.20;2.58;1704.00;0.76;1308361545#0_0;5.10;0.00;tripinfo_2342;206.00;2342;0;1094.10;0.98;0.00;38.35;DEFAULT_VEHTYPE;;0;0.00
1910.00;414404581#0_0;29.61;7.47;1785.00;0.52;31412878_0;5.10;0.00;tripinfo_2459;125.00;2459;0;843.99;1.02;0.00;15.48;DEFAULT_VEHTYPE;;0;0.00
1912.00;13853655#2_0;92.58;6.78;1757.00;0.20;4726681#2_0;5.10;0.00;tripinfo_2415;155.00;2415;0;1041.66;0.94;0.00;17.86;DEFAULT_VEHTYPE;;0;0.00
1913.00;-239758251_0;164.34;7.32;1724.00;0.08;40598675#0_0;5.10;0.00;tripinfo_2386;189.00;2386;0;968.91;0.95;0.00;65.69;DEFAULT_VEHTYPE;;1;48.00
1913.00;27807643#0_0;6.59;5.51;1901.00;0.20;-433333438#1_0;5.10;0.00;tripinfo_2615;12.00;2615;0;49.32;0.79;0.00;3.33;DEFAULT_VEHTYPE;;0;0.00
1916.00;628781004#0_0;61.24;6.52;1559.00;0.08;-400062404_0;3.59;0.00;tripinfo_2161;357.00;2161;0;1343.19;0.83;0.00;148.19;DEFAULT_VEHTYPE;;3;117.00
1916.00;-121794822#3_0;11.26;2.69;1606.00;0.00;524151750#0_0;5.10;0.00;tripinfo_2225;310.00;2225;0;1740.83;0.99;0.00;57.16;DEFAULT_VEHTYPE;;1;1.00
1916.00;14471542#4_0;27.51;9.10;1767.00;0.52;231945290#4_0;5.10;0.00;tripinfo_2434;149.00;2434;0;1566.41;1.13;0.00;34.09;DEFAULT_VEHTYPE;;1;6.00
1917.00;4726679#0_0;136.33;7.45;1632.00;0.48;111691945_0;5.10;0.00;tripinfo_2241;285.00;2241;1;1855.26;0.96;0.00;43.34;DEFAULT_VEHTYPE;;1;14.00
1918.00;524150320#0_0;49.62;7.27;1606.00;0.28;-145550725#1_0;5.10;0.00;tripinfo_2226;312.00;2226;0;1204.87;0.87;0.00;75.66;DEFAULT_VEHTYPE;;4;17.00
1918.00;96016144#0_0;173.56;7.71;1658.00;3.64;1193930026_0;5.10;0.00;tripinfo_2288;260.00;2288;1;1562.63;0.97;0.00;31.20;DEFAULT_VEHTYPE;;0;0.00
1919.00;-8140197#2_0;78.81;7.73;1628.00;0.52;-34065519_0;5.10;0.00;tripinfo_2234;291.00;2234;0;1854.32;1.02;0.00;62.77;DEFAULT_VEHTYPE;;2;29.00
1920.00;8384914_0;76.32;6.16;1440.00;0.68;-507534348#1_0;5.10;0.00;tripinfo_1981;480.00;1981;1;2527.32;0.85;0.00;67.30;DEFAULT_VEHTYPE;;0;0.00
1920.00;307372339#0_1;27.84;7.21;1673.00;0.56;1053478470_0;5.10;0.00;tripinfo_2302;247.00;2302;0;429.81;1.00;0.00;195.03;DEFAULT_VEHTYPE;;4;143.00
1922.00;-121794827_0;64.57;2.31;1200.00;0.92;14108346_0;0.20;0.00;tripinfo_1664;722.00;1664;1;5881.03;1.16;0.00;202.41;DEFAULT_VEHTYPE;;7;66.00
1923.00;-305670610_0;4.18;4.76;1588.00;0.16;-524150311#1_0;5.10;0.00;tripinfo_2197;335.00;2197;0;2174.28;0.96;0.00;63.64;DEFAULT_VEHTYPE;;0;0.00
1924.00;-8385415#0_0;0.20;5.20;1543.00;0.12;8382347#0_0;5.10;0.00;tripinfo_2129;381.00;2129;0;1626.99;0.94;0.00;173.22;DEFAULT_VEHTYPE;;2;139.00
1924.00;8382359_0;50.83;5.14;1730.00;0.44;-4318239#1_0;5.10;0.00;tripinfo_2398;194.00;2398;0;1171.53;0.99;0.00;20.99;DEFAULT_VEHTYPE;;0;0.00
1925.00;-70724346#3_0;37.25;7.06;1846.00;0.64;8382445#0_0;5.10;0.00;tripinfo_2538;79.00;2538;0;509.88;0.97;0.00;13.76;DEFAULT_VEHTYPE;;0;0.00
1927.00;-150275984#4_0;31.88;6.91;1701.00;0.08;413722453#0_0;5.10;0.00;tripinfo_2361;226.00;2361;0;1452.05;0.92;0.00;35.09;DEFAULT_VEHTYPE;;1;5.00
1930.00;419709604#1_1;6.27;7.37;1225.00;0.48;1153265597#0_0;5.10;0.00;tripinfo_1691;705.00;1691;1;2672.65;0.90;0.00;346.02;DEFAULT_VEHTYPE;;11;247.00
1932.00;-47426241#1_0;204.01;6.89;1614.00;0.44;121794825#1_0;5.10;0.00;tripinfo_2223;318.00;2223;0;1437.14;0.90;0.00;62.70;DEFAULT_VEHTYPE;;2;4.00
1932.00;47027743#0_0;82.97;7.64;1770.00;0.60;8382368#0_0;5.10;0.00;tripinfo_2445;162.00;2445;0;1180.97;1.06;0.00;27.20;DEFAULT_VEHTYPE;;2;4.00
1933.00;1264687285_0;0.20;6.89;1452.00;0.48;4726712#0_0;5.10;0.00;tripinfo_1991;481.00;1991;0;2063.50;0.96;0.00;231.49;DEFAULT_VEHTYPE;;6;171.00
1933.00;36786443#0_0;160.05;7.66;1688.00;0.60;40493502_0;5.10;0.00;tripinfo_2320;245.00;2320;1;1567.59;1.06;0.00;60.20;DEFAULT_VEHTYPE;;2;29.00
1933.00;-8382391#1_0;96.15;6.01;1747.00;0.00;175976586#0_0;5.10;0.00;tripinfo_2425;186.00;2425;0;1167.60;0.86;0.00;20.95;DEFAULT_VEHTYPE;;0;0.00
1934.00;-47027857#1_0;4.00;7.55;1437.00;0.00;-654207127#4_0;5.10;0.00;tripinfo_1975;497.00;1975;0;2838.79;1.00;0.00;122.93;DEFAULT_VEHTYPE;;7;46.00
1934.00;1174387992_1;3.66;5.18;1651.00;0.72;-220267105#4_0;5.10;0.00;tripinfo_2274;283.00;2274;0;1985.64;1.03;0.00;76.79;DEFAULT_VEHTYPE;;3;24.00
1935.00;265117578_0;151.84;6.46;1447.00;0.40;-145550725#1_0;5.10;0.00;tripinfo_2005;488.00;2005;0;2382.77;0.89;0.00;94.51;DEFAULT_VEHTYPE;;1;20.00
1935.00;31427215#0_0;105.00;13.06;1813.00;0.00;-36786444#2_0;5.10;0.00;tripinfo_2500;122.00;2500;0;740.02;0.99;0.00;38.12;DEFAULT_VEHTYPE;;2;23.00
1936.00;-220267104#1_0;41.02;8.52;1639.00;0.32;606127853_0;5.10;0.00;tripinfo_2269;297.00;2269;0;2151.23;1.18;0.00;64.34;DEFAULT_VEHTYPE;;2;28.00
1937.00;-8382393#3_0;101.67;8.24;1649.00;0.84;239889169#0_0;5.10;0.00;tripinfo_2278;288.00;2278;0;2657.32;1.02;0.00;44.38;DEFAULT_VEHTYPE;;1;10.00
1937.00;1083809476#0_0;72.33;7.60;1853.00;0.24;-62020321_0;5.10;0.00;tripinfo_2558;84.00;2558;0;937.64;1.03;0.00;12.22;DEFAULT_VEHTYPE;;0;0.00
1938.00;1174387992_1;3.66;4.64;1580.00;0.72;-9387033#3_0;5.10;0.00;tripinfo_2174;358.00;2174;0;4033.42;0.97;0.00;50.25;DEFAULT_VEHTYPE;;1;20.00
1939.00;4730616#2_0;5.29;6.72;1631.00;0.56;-8382283#2_0;5.10;0.00;tripinfo_2252;308.00;2252;0;1827.28;0.94;0.00;48.81;DEFAULT_VEHTYPE;;2;5.00
1939.00;-8382445#2_0;58.29;9.46;1790.00;0.48;396926516#0_0;4.69;0.00;tripinfo_2466;149.00;2466;0;1195.43;1.17;0.00;24.63;DEFAULT_VEHTYPE;;0;0.00
1940.00;121794825#3_0;4.66;1.80;1755.00;0.72;220267107#0_0;5.10;0.00;tripinfo_2424;185.00;2424;0;729.76;1.02;0.00;49.65;DEFAULT_VEHTYPE;;0;0.00
1941.00;400586988#2_0;30.47;6.82;1495.00;0.16;-220267105#1_0;5.10;0.00;tripinfo_2072;446.00;2072;0;2675.28;0.88;0.00;76.84;DEFAULT_VEHTYPE;;2;17.00
1942.00;628782529#4_0;89.14;4.13;1187.00;0.24;231483313#0_0;5.10;0.00;tripinfo_1633;755.00;1633;0;1565.21;1.10;0.00;579.07;DEFAULT_VEHTYPE;;9;494.00
1942.00;36786445#0_0;45.67;8.51;1634.00;0.20;137848161_0;5.10;0.00;tripinfo_2265;308.00;2265;0;1874.05;1.14;0.00;110.64;DEFAULT_VEHTYPE;;2;25.00
1943.00;-150275988#5_0;74.66;6.30;797.00;0.88;875759960_0;5.10;0.00;tripinfo_1096;1146.00;1096;0;2242.09;0.89;0.00;865.37;DEFAULT_VEHTYPE;;6;788.00
1943.00;4730638_0;74.50;6.67;1692.00;0.36;37535329#2_0;5.10;0.00;tripinfo_2337;251.00;2337;0;1506.75;0.94;0.00;47.88;DEFAULT_VEHTYPE;;2;17.00
1943.00;8382359_0;50.83;3.79;1736.00;0.68;8140188#9_0;5.10;0.00;tripinfo_2406;207.00;2406;0;1295.76;0.86;0.00;22.18;DEFAULT_VEHTYPE;;0;0.00
1944.00;433333438#0_0;23.51;7.35;1915.00;0.08;963479927#0_0;5.10;0.00;tripinfo_2636;29.00;2636;0;87.82;0.99;0.00;20.15;DEFAULT_VEHTYPE;;1;13.00
1945.00;400586988#0_0;0.20;5.86;1804.00;3.28;231945290#5_0;5.10;0.00;tripinfo_2501;141.00;2501;0;1320.86;1.04;0.00;14.17;DEFAULT_VEHTYPE;;0;0.00
1947.00;132148870#3_0;109.39;6.56;1539.00;0.52;510702675#0_0;5.10;0.00;tripinfo_2134;408.00;2134;0;1431.21;0.90;0.00;216.47;DEFAULT_VEHTYPE;;4;174.00
1947.00;1174387985#1_0;0.20;8.35;1668.00;0.44;960773148#0_0;5.10;0.00;tripinfo_2298;279.00;2298;0;1755.67;1.06;0.00;77.94;DEFAULT_VEHTYPE;;2;6.00
1947.00;-8140197#2_0;78.81;6.98;1754.00;0.08;-8250527#0_0;5.10;0.00;tripinfo_2411;193.00;2411;0;1393.16;0.99;0.00;23.16;DEFAULT_VEHTYPE;;1;3.00
1947.00;8139943#0_0;37.87;6.21;1893.00;0.36;62020116#0_0;5.10;0.00;tripinfo_2612;54.00;2612;0;323.25;0.84;0.00;9.53;DEFAULT_VEHTYPE;;0;0.00
1948.00;14362919#0_0;60.49;7.65;824.00;0.04;109993439_0;5.10;0.00;tripinfo_1118;1124.00;1118;1;5101.34;1.01;0.00;648.72;DEFAULT_VEHTYPE;;11;527.00
1949.00;897325985#1_1;41.43;14.60;1419.00;1.68;-150275984#1_0;5.10;0.00;tripinfo_1956;530.00;1956;1;3395.54;1.09;0.00;203.13;DEFAULT_VEHTYPE;;6;86.00
1950.00;8382358_0;39.82;7.64;1848.00;0.28;-1080960154#1_0;5.10;0.00;tripinfo_2551;102.00;2551;0;553.48;0.99;0.00;13.03;DEFAULT_VEHTYPE;;0;0.00
1951.00;14362919#0_0;60.49;6.71;863.00;0.92;31512978#0_0;5.10;0.00;tripinfo_1189;1088.00;1189;1;4799.34;0.95;0.00;604.36;DEFAULT_VEHTYPE;;11;479.00
1951.00;-150275984#2_0;7.30;7.65;897.00;0.28;625259600_0;5.10;0.00;tripinfo_1226;1054.00;1226;1;5102.97;1.00;0.00;581.03;DEFAULT_VEHTYPE;;9;442.00
1952.00;14626335#0_0;27.35;6.98;1501.00;0.08;-9387033#3_0;5.10;0.00;tripinfo_2061;451.00;2061;0;4452.93;0.96;0.00;86.15;DEFAULT_VEHTYPE;;1;51.00
1952.00;16233735#0_0;47.46;7.32;1714.00;0.12;-31411842#1_0;5.10;0.00;tripinfo_2354;238.00;2354;0;1606.46;0.96;0.00;25.05;DEFAULT_VEHTYPE;;0;0.00
1954.00;-8382283#3_0;2.88;5.34;836.00;0.00;400961599#0_0;5.10;0.00;tripinfo_1150;1118.00;1150;1;4814.71;1.08;0.00;677.22;DEFAULT_VEHTYPE;;9;528.00
1954.00;-327412184_0;118.77;6.10;1641.00;35.72;1053478470_0;5.10;0.00;tripinfo_2224;313.00;2224;0;835.53;0.85;0.00;195.13;DEFAULT_VEHTYPE;;5;151.00
1959.00;239923867#0_0;199.77;6.42;1318.00;0.08;616545123_0;5.10;0.00;tripinfo_1811;641.00;1811;0;3108.96;0.89;0.00;295.41;DEFAULT_VEHTYPE;;6;223.00
1959.00;37535329#2_1;8.73;6.88;1521.00;0.24;183370113#0_0;0.42;0.00;tripinfo_2108;438.00;2108;0;2486.67;0.96;0.00;199.11;DEFAULT_VEHTYPE;;6;121.00
1960.00;-4426076#0_0;30.91;6.22;1517.00;0.36;393494868_0;5.10;0.00;tripinfo_2087;443.00;2087;0;1775.88;0.90;0.00;245.23;DEFAULT_VEHTYPE;;4;194.00
1960.00;8384928_0;90.57;6.05;1654.00;0.32;-8384930#1_0;5.10;0.00;tripinfo_2294;306.00;2294;0;1248.83;0.87;0.00;132.62;DEFAULT_VEHTYPE;;5;76.00
1962.00;16233734#0_0;84.26;7.94;1782.00;0.84;-31431101#2_0;5.10;0.00;tripinfo_2453;180.00;2453;0;1149.48;1.07;0.00;49.36;DEFAULT_VEHTYPE;;2;28.00
1962.00;4726685#1_0;80.48;8.01;1826.00;0.52;4730647#3_0;5.10;0.00;tripinfo_2534;136.00;2534;0;1063.29;1.11;0.00;19.12;DEFAULT_VEHTYPE;;0;0.00
1963.00;4690638#0_0;133.07;7.55;1807.00;0.60;220137286#2_0;5.10;0.00;tripinfo_2495;156.00;2495;0;1315.03;1.03;0.00;25.66;DEFAULT_VEHTYPE;;0;0.00
1963.00;62020119#0_0;56.78;7.85;1892.00;0.68;305670610_0;4.09;0.00;tripinfo_2606;71.00;2606;0;630.41;1.06;0.00;22.60;DEFAULT_VEHTYPE;;1;9.00
1964.00;150275980#0_0;87.01;7.16;1777.00;0.88;-40493501#3_0;5.10;0.00;tripinfo_2446;187.00;2446;0;1036.27;0.95;0.00;47.00;DEFAULT_VEHTYPE;;3;18.00
1964.00;-31431343#2_0;47.38;8.30;1897.00;0.24;-220267105#3_0;5.10;0.00;tripinfo_2608;67.00;2608;0;478.23;1.06;0.00;12.28;DEFAULT_VEHTYPE;;0;0.00
1965.00;-8382429#1_0;150.81;5.73;918.00;0.44;693295225_0;5.10;0.00;tripinfo_1248;1047.00;1248;1;4072.95;0.83;0.00;559.97;DEFAULT_VEHTYPE;;12;439.00
1965.00;-781742860#5_0;2.01;7.10;1673.00;0.72;1153265597#0_0;5.10;0.00;tripinfo_2299;292.00;2299;1;1870.08;0.87;0.00;32.86;DEFAULT_VEHTYPE;;1;1.00
1965.00;70724347#0_0;4.20;8.24;1722.00;0.04;-121794825#0_0;0.20;0.00;tripinfo_2368;243.00;2368;0;1253.04;1.06;0.00;70.12;DEFAULT_VEHTYPE;;3;21.00
1968.00;643082467_0;13.68;8.02;1714.00;0.48;1037986847_0;0.20;0.00;tripinfo_2366;254.00;2366;1;1555.95;1.05;0.00;67.28;DEFAULT_VEHTYPE;;3;26.00
1969.00;65583365#1_0;151.63;6.37;874.00;2.60;-95742119#1_0;3.64;0.00;tripinfo_1195;1095.00;1195;1;2726.46;0.92;0.00;766.83;DEFAULT_VEHTYPE;;7;642.00
1972.00;1198625658_0;144.75;8.25;1852.00;3.40;40598677#0_0;5.10;0.00;tripinfo_2555;120.00;2555;0;913.42;1.07;0.00;17.56;DEFAULT_VEHTYPE;;1;2.00
1973.00;240549300#2_0;108.42;7.49;1635.00;0.12;14473580_0;5.10;0.00;tripinfo_2254;338.00;2254;0;3775.45;0.91;0.00;29.35;DEFAULT_VEHTYPE;;0;0.00
1975.00;-132148870#1_0;101.50;6.45;1668.00;0.00;654207127#0_0;5.10;0.00;tripinfo_2300;307.00;2300;0;1173.89;0.91;0.00;68.93;DEFAULT_VEHTYPE;;1;8.00
1976.00;5450860#0_0;75.98;8.29;1812.00;0.08;107118812_0;5.10;0.00;tripinfo_2511;164.00;2511;1;1179.87;1.01;0.00;16.30;DEFAULT_VEHTYPE;;0;0.00
1978.00;628782529#6_0;74.84;8.20;1054.00;0.72;-781742860#0_0;5.10;0.00;tripinfo_1449;924.00;1449;0;610.93;1.04;0.00;852.77;DEFAULT_VEHTYPE;;10;777.00
1978.00;-34065519_0;29.17;4.47;1607.00;3.52;628755546#0_0;5.10;0.00;tripinfo_2209;371.00;2209;1;2057.02;0.81;0.00;76.82;DEFAULT_VEHTYPE;;3;25.00
1979.00;239757874#3_0;8.75;7.81;1754.00;0.68;524150338#0_0;5.10;0.00;tripinfo_2431;225.00;2431;1;1429.59;1.09;0.00;68.82;DEFAULT_VEHTYPE;;3;24.00
1980.00;62020115#0_0;118.19;8.29;1712.00;0.56;70724346#0_0;5.10;0.00;tripinfo_2352;268.00;2352;0;1719.24;1.10;0.00;79.03;DEFAULT_VEHTYPE;;1;2.00
1980.00;450925440_0;4.25;8.83;1949.00;0.56;8384893#2_0;5.10;0.00;tripinfo_2702;31.00;2702;1;244.43;1.11;0.00;4.34;DEFAULT_VEHTYPE;;0;0.00
1981.00;220267107#0_0;75.53;8.59;884.00;0.20;231475826#0_0;5.10;0.00;tripinfo_1215;1097.00;1215;0;1976.23;1.09;0.00;877.27;DEFAULT_VEHTYPE;;7;799.00
1981.00;132148870#2_0;16.35;8.50;1839.00;0.84;781742860#6_0;5.10;0.00;tripinfo_2528;142.00;2528;0;818.98;1.12;0.00;52.78;DEFAULT_VEHTYPE;;1;27.00
1982.00;14362916#0_0;76.16;9.47;1291.00;0.48;231475826#0_0;5.10;0.00;tripinfo_1791;691.00;1791;0;1725.19;1.17;0.00;512.73;DEFAULT_VEHTYPE;;6;425.00
1984.00;31427257#5_0;66.35;14.01;1753.00;0.80;-96018881#4_0;5.10;0.00;tripinfo_2410;231.00;2410;0;1897.27;1.02;0.00;75.84;DEFAULT_VEHTYPE;;3;46.00
1985.00;400586988#2_0;30.47;7.62;1618.00;6.16;-31431101#1_0;5.10;0.00;tripinfo_2222;367.00;2222;1;2224.15;0.93;0.00;78.55;DEFAULT_VEHTYPE;;3;34.00
1987.00;8382307#1_0;3.39;7.59;1725.00;0.72;175976586#0_0;5.10;0.00;tripinfo_2374;262.00;2374;0;1749.89;0.93;0.00;34.52;DEFAULT_VEHTYPE;;1;7.00
1989.00;-643081314#1_0;6.54;8.21;1776.00;0.20;-400062404_0;3.59;0.00;tripinfo_2465;213.00;2465;0;1270.17;1.08;0.00;55.39;DEFAULT_VEHTYPE;;2;11.00
1989.00;8140188#3_0;56.09;8.97;1915.00;0.96;-220267247#2_0;3.57;0.00;tripinfo_2657;74.00;2657;0;520.35;1.17;0.00;20.28;DEFAULT_VEHTYPE;;1;1.00
1990.00;-8140188#8_0;109.45;6.79;1433.00;0.16;-31445160#2_0;5.10;0.00;tripinfo_1972;557.00;1972;0;1741.70;0.86;0.00;311.63;DEFAULT_VEHTYPE;;2;271.00
1990.00;5450860#3_0;166.07;7.68;1874.00;0.32;40493501#1_0;5.10;0.00;tripinfo_2594;116.00;2594;0;810.13;1.03;0.00;13.67;DEFAULT_VEHTYPE;;0;0.00
1991.00;107118812_0;114.11;7.21;1809.00;0.20;450186403_0;5.10;0.00;tripinfo_2490;182.00;2490;0;1269.69;1.02;0.00;19.97;DEFAULT_VEHTYPE;;0;0.00
1995.00;1263955158#1_0;21.60;7.88;1884.00;0.44;14471542#5_0;1.52;0.00;tripinfo_2598;111.00;2598;0;863.79;1.03;0.00;11.88;DEFAULT_VEHTYPE;;0;0.00
1998.00;-31411680#2_0;76.34;9.96;903.00;0.84;95742114_0;5.10;0.00;tripinfo_1228;1095.00;1228;1;2983.43;1.20;0.00;814.87;DEFAULT_VEHTYPE;;7;693.00
1998.00;399914534#0_0;72.38;7.50;1618.00;0.68;963479927#0_0;5.10;0.00;tripinfo_2231;380.00;2231;0;2181.66;1.03;0.00;172.07;DEFAULT_VEHTYPE;;7;102.00
1998.00;4730631#0_0;58.92;7.16;1737.00;0.56;7682864#0_0;5.10;0.00;tripinfo_2402;261.00;2402;1;1962.17;1.02;0.00;25.00;DEFAULT_VEHTYPE;;0;0.00
1999.00;5451917#0_0;6.91;7.57;1782.00;0.28;8152056_0;5.10;0.00;tripinfo_2451;217.00;2451;0;1334.13;0.97;0.00;35.11;DEFAULT_VEHTYPE;;1;5.00
2000.00;150275984#2_0;7.30;7.40;1656.00;0.40;4730644_0;5.10;0.00;tripinfo_2280;344.00;2280;0;2319.07;1.00;0.00;50.10;DEFAULT_VEHTYPE;;1;8.00
2000.00;150276003#0_0;86.72;6.95;1652.00;0.20;47461591#0_0;0.41;0.00;tripinfo_2290;348.00;2290;1;2386.12;0.97;0.00;35.99;DEFAULT_VEHTYPE;;0;0.00
2000.00;523287555_0;83.38;7.22;1682.00;0.88;-121794822#1_0;5.10;0.00;tripinfo_2321;318.00;2321;0;1869.59;0.98;0.00;60.09;DEFAULT_VEHTYPE;;2;2.00
2001.00;4690691_0;74.72;5.22;1496.00;5.48;31431101#0_0;5.10;0.00;tripinfo_2066;505.00;2066;1;2483.07;1.14;0.00;237.95;DEFAULT_VEHTYPE;;6;128.00
2004.00;8382445#0_0;41.60;7.18;1774.00;0.68;231483332#0_0;5.10;0.00;tripinfo_2456;230.00;2456;0;1478.33;0.95;0.00;43.67;DEFAULT_VEHTYPE;;2;12.00
2005.00;-43963512#1_0;53.88;8.05;1949.00;3.88;198077804#0_0;5.10;0.00;tripinfo_2696;56.00;2696;0;544.75;0.97;0.00;10.38;DEFAULT_VEHTYPE;;0;0.00
2008.00;-1263793723_0;30.92;7.07;1595.00;0.60;-524150326_0;5.10;0.00;tripinfo_2195;413.00;2195;1;2449.21;0.88;0.00;71.04;DEFAULT_VEHTYPE;;3;22.00
2010.00;4726711#0_0;127.33;8.92;1768.00;0.44;31449245_0;5.10;0.00;tripinfo_2448;242.00;2448;0;1907.19;1.21;0.00;44.55;DEFAULT_VEHTYPE;;1;2.00
2010.00;150276015#0_0;157.00;9.32;1898.00;0.60;8382402#2_0;5.10;0.00;tripinfo_2620;112.00;2620;0;804.19;1.15;0.00;14.53;DEFAULT_VEHTYPE;;0;0.00
2010.00;23179512#1_0;91.48;7.39;1917.00;0.32;-507534348#1_0;5.10;0.00;tripinfo_2644;93.00;2644;0;589.24;1.13;0.00;29.74;DEFAULT_VEHTYPE;;1;9.00
2014.00;220267247#3_0;87.46;7.61;1412.00;1.04;14858642#0_0;0.20;0.00;tripinfo_1943;602.00;1943;1;5252.79;0.96;0.00;104.78;DEFAULT_VEHTYPE;;2;12.00
2016.00;523287556_0;11.61;8.67;1772.00;0.32;-31431101#1_0;5.10;0.00;tripinfo_2444;244.00;2444;0;1904.97;1.04;0.00;24.19;DEFAULT_VEHTYPE;;0;0.00
2016.00;4392761#3_1;122.42;14.68;1868.00;0.32;183251547_0;5.10;0.00;tripinfo_2569;148.00;2569;0;1259.59;1.06;0.00;35.86;DEFAULT_VEHTYPE;;1;9.00
2017.00;1198625658_0;144.75;7.10;1327.00;0.28;879483837_0;5.10;0.00;tripinfo_1826;690.00;1826;1;4683.54;0.98;0.00;167.88;DEFAULT_VEHTYPE;;6;19.00
2017.00;-507534348#1_0;37.11;7.40;1798.00;0.24;524150338#0_0;5.10;0.00;tripinfo_2483;219.00;2483;0;1331.29;0.94;0.00;44.41;DEFAULT_VEHTYPE;;2;7.00
2019.00;-654207120_0;0.20;2.51;1704.00;3.68;265117578_0;5.10;0.00;tripinfo_2356;315.00;2356;0;1974.60;1.17;0.00;80.56;DEFAULT_VEHTYPE;;1;3.00
2019.00;87286857_0;7.00;7.98;1740.00;0.16;960773149_0;5.10;0.00;tripinfo_2397;279.00;2397;0;967.39;0.98;0.00;105.56;DEFAULT_VEHTYPE;;7;48.00
2019.00;-1230294701_0;50.54;5.41;1850.00;0.08;1053478468#0_0;5.10;0.00;tripinfo_2561;169.00;2561;0;1161.29;1.07;0.00;23.56;DEFAULT_VEHTYPE;;0;0.00
2020.00;31427257#6_0;27.70;12.35;1918.00;0.28;879483837_0;5.10;0.00;tripinfo_2651;102.00;2651;0;1043.90;0.96;0.00;17.60;DEFAULT_VEHTYPE;;1;6.00
2021.00;62020321_0;201.46;11.78;1650.00;0.16;4726679#1_0;5.10;0.00;tripinfo_2272;371.00;2272;0;3499.54;0.93;0.00;54.26;DEFAULT_VEHTYPE;;1;12.00
2023.00;121794825#0_0;0.20;1.88;1843.00;0.96;8140188#3_0;5.10;0.00;tripinfo_2557;180.00;2557;0;596.50;0.83;0.00;54.09;DEFAULT_VEHTYPE;;4;10.00
2023.00;1198625658_0;144.75;7.38;1867.00;0.72;377719664_0;5.10;0.00;tripinfo_2574;156.00;2574;0;1099.37;0.99;0.00;21.89;DEFAULT_VEHTYPE;;0;0.00
2024.00;-510702675#4_0;98.24;9.78;1646.00;0.52;-47426241#1_0;5.10;0.00;tripinfo_2284;378.00;2284;1;1514.10;1.18;0.00;222.58;DEFAULT_VEHTYPE;;6;147.00
2026.00;-1024105863_0;26.14;6.26;1487.00;0.00;-8382283#2_0;5.10;0.00;tripinfo_2050;539.00;2050;1;2181.07;0.84;0.00;226.87;DEFAULT_VEHTYPE;;6;158.00
2026.00;14471542#12_0;7.40;9.03;1527.00;0.00;231475823#0_0;5.10;0.00;tripinfo_2100;499.00;2100;0;2491.87;1.24;0.00;303.73;DEFAULT_VEHTYPE;;9;219.00
2026.00;628782531_0;12.55;7.17;1542.00;3.60;960773149_0;5.10;0.00;tripinfo_2120;484.00;2120;0;2466.27;0.93;0.00;108.86;DEFAULT_VEHTYPE;;3;10.00
2026.00;-832487280_0;55.08;8.08;1787.00;0.32;7682875_0;5.10;0.00;tripinfo_2469;239.00;2469;1;1613.11;1.07;0.00;32.73;DEFAULT_VEHTYPE;;1;6.00
2027.00;4441061_0;65.15;14.77;1615.00;1.20;183370113#3_0;5.10;0.00;tripinfo_2215;412.00;2215;1;3656.62;1.13;0.00;43.15;DEFAULT_VEHTYPE;;0;0.00
2027.00;4730636#0_0;92.74;6.50;1683.00;0.92;1153265597#0_0;5.10;0.00;tripinfo_2314;344.00;2314;0;2466.13;1.21;0.00;92.65;DEFAULT_VEHTYPE;;4;15.00
2028.00;628781006#4_0;72.96;5.06;765.00;0.12;150275985#0_0;5.10;0.00;tripinfo_1054;1263.00;1054;0;1957.84;0.73;0.00;988.86;DEFAULT_VEHTYPE;;10;893.00
2028.00;13853655#2_0;92.58;9.22;1702.00;0.44;-628762073#5_0;5.10;0.00;tripinfo_2348;326.00;2348;0;1945.17;1.23;0.00;129.74;DEFAULT_VEHTYPE;;5;35.00
2028.00;4730637#1_0;102.23;7.93;1838.00;0.32;8382299#1_0;5.10;0.00;tripinfo_2544;190.00;2544;0;1403.69;1.06;0.00;30.08;DEFAULT_VEHTYPE;;1;9.00
2029.00;-121794827_0;64.57;2.55;1948.00;0.56;654207127#3_0;5.10;0.00;tripinfo_2677;81.00;2677;0;167.73;0.97;0.00;18.47;DEFAULT_VEHTYPE;;0;0.00
2030.00;393494867_0;123.28;11.73;1822.00;0.20;4726712#0_0;5.10;0.00;tripinfo_2515;208.00;2515;0;1727.09;0.90;0.00;17.96;DEFAULT_VEHTYPE;;0;0.00
2031.00;1083809476#0_0;72.33;8.75;955.00;0.00;37535329#2_0;5.10;0.00;tripinfo_1325;1076.00;1325;0;1339.33;1.05;0.00;955.83;DEFAULT_VEHTYPE;;10;881.00
2032.00;-237344387_0;38.86;5.19;1682.00;0.96;14858868_0;5.10;0.00;tripinfo_2332;350.00;2332;1;2196.51;1.10;0.00;65.66;DEFAULT_VEHTYPE;;2;5.00
2033.00;4441063_0;98.00;13.65;1509.00;0.96;8382430#0_0;5.10;0.00;tripinfo_2082;524.00;2082;1;3158.89;1.00;0.00;206.14;DEFAULT_VEHTYPE;;5;131.00
2033.00;-36786445#2_0;2.94;7.43;1650.00;0.04;8139943#0_0;5.10;0.00;tripinfo_2268;383.00;2268;1;2470.28;0.90;0.00;51.93;DEFAULT_VEHTYPE;;2;7.00
2034.00;137238867#3_0;24.37;8.05;1575.00;0.44;16233734#0_0;5.10;0.00;tripinfo_2173;459.00;2173;1;2078.17;1.03;0.00;213.80;DEFAULT_VEHTYPE;;5;140.00
2034.00;-434361017#1_0;49.79;7.09;1860.00;0.92;1198625658_0;5.10;0.00;tripinfo_2564;174.00;2564;0;1024.51;0.92;0.00;37.61;DEFAULT_VEHTYPE;;2;13.00
2034.00;-150275988#2_0;78.05;8.55;1940.00;0.88;-47426244#2_0;5.10;0.00;tripinfo_2671;94.00;2671;0;613.67;1.11;0.00;26.27;DEFAULT_VEHTYPE;;2;6.00
2036.00;403882374_1;0.20;7.23;1983.00;0.76;-433333438#1_0;5.10;0.00;tripinfo_2742;53.00;2742;0;403.29;1.08;0.00;21.29;DEFAULT_VEHTYPE;;1;12.00
2037.00;393494867_0;123.28;11.99;1706.00;0.64;524151750#0_0;5.10;0.00;tripinfo_2363;331.00;2363;1;2516.51;0.94;0.00;40.59;DEFAULT_VEHTYPE;;1;4.00
2037.00;1091652283_1;149.03;11.09;1825.00;0.12;856293284_0;5.10;0.00;tripinfo_2529;212.00;2529;0;1736.86;0.80;0.00;50.92;DEFAULT_VEHTYPE;;1;18.00
2040.00;121794825#1_0;43.65;2.33;1311.00;0.40;4441063_0;5.10;0.00;tripinfo_1805;729.00;1805;1;5600.05;0.98;0.00;163.60;DEFAULT_VEHTYPE;;5;33.00
2040.00;290172305#0_0;50.40;6.18;1684.00;0.44;-14362916#1_0;5.10;0.00;tripinfo_2323;356.00;2323;1;1850.10;0.85;0.00;98.57;DEFAULT_VEHTYPE;;3;58.00
2040.00;-36786445#2_0;44.78;9.80;1772.00;0.56;4726706#0_0;5.10;0.00;tripinfo_2452;268.00;2452;1;1958.11;1.20;0.00;59.70;DEFAULT_VEHTYPE;;1;2.00
2041.00;8384902#0_0;68.65;9.42;1897.00;0.96;-47999871_0;5.10;0.00;tripinfo_2607;144.00;2607;0;1149.89;1.16;0.00;24.06;DEFAULT_VEHTYPE;;0;0.00
2042.00;31431608_0;235.51;7.66;1627.00;170.20;5450857#0_0;5.10;0.00;tripinfo_2015;415.00;2015;0;1960.63;0.95;0.00;165.51;DEFAULT_VEHTYPE;;2;115.00
2043.00;121794825#3_0;4.66;2.36;1330.00;0.76;-47027857#1_0;4.00;0.00;tripinfo_1842;713.00;1842;1;5528.45;1.16;0.00;226.65;DEFAULT_VEHTYPE;;3;6.00
2044.00;1198625658_0;144.75;7.81;1850.00;2.68;31431101#5_0;5.10;0.00;tripinfo_2556;194.00;2556;0;1391.47;1.03;0.00;31.17;DEFAULT_VEHTYPE;;0;0.00
2044.00;-14858868_0;74.65;6.59;1938.00;0.76;109993439_0;5.10;0.00;tripinfo_2667;106.00;2667;0;972.28;0.93;0.00;11.51;DEFAULT_VEHTYPE;;0;0.00
2046.00;-8382393#3_0;101.67;7.23;1607.00;0.80;47895849#1_0;5.10;0.00;tripinfo_2210;439.00;2210;1;3902.66;0.97;0.00;66.45;DEFAULT_VEHTYPE;;2;11.00
2047.00;4726681#2_0;81.95;8.09;1907.00;0.12;-832487280_0;5.10;0.00;tripinfo_2629;140.00;2629;0;896.95;1.00;0.00;27.25;DEFAULT_VEHTYPE;;2;6.00
2049.00;14471542#3_0;62.11;6.81;1584.00;0.24;31389787_0;5.10;0.00;tripinfo_2183;465.00;2183;0;2156.62;0.93;0.00;252.56;DEFAULT_VEHTYPE;;6;180.00
2049.00;4726681#1_0;87.55;7.69;1936.00;0.68;-9387033#3_0;5.10;0.00;tripinfo_2681;113.00;2681;0;920.01;1.04;0.00;21.93;DEFAULT_VEHTYPE;;1;4.00
2051.00;8382279#1_0;93.13;5.73;1311.00;1.76;897211373#0_0;0.20;0.00;tripinfo_1792;740.00;1792;1;5674.43;0.83;0.00;136.68;DEFAULT_VEHTYPE;;5;53.00
2051.00;47426237#0_0;38.74;7.15;1925.00;0.04;8382299#0_0;5.10;0.00;tripinfo_2668;126.00;2668;0;808.19;0.91;0.00;18.24;DEFAULT_VEHTYPE;;0;0.00
2052.00;8152037#1_0;54.59;8.85;1387.00;0.84;4730638_0;5.10;0.00;tripinfo_1903;665.00;1903;1;4305.01;1.16;0.00;213.26;DEFAULT_VEHTYPE;;4;85.00
2052.00;-36786445#2_0;2.85;7.01;1800.00;0.88;150275984#4_0;5.10;0.00;tripinfo_2471;252.00;2471;1;1502.56;0.86;0.00;40.84;DEFAULT_VEHTYPE;;2;9.00
2053.00;29023713#0_0;256.94;8.99;1382.00;0.32;555922918#0_0;5.10;0.00;tripinfo_1894;671.00;1894;0;2072.33;1.16;0.00;477.60;DEFAULT_VEHTYPE;;5;437.00
2053.00;121794822#5_0;19.98;2.08;1711.00;0.88;-290174549#0_0;5.10;0.00;tripinfo_2371;342.00;2371;0;1676.61;0.93;0.00;76.32;DEFAULT_VEHTYPE;;2;3.00
2053.00;1037986847_0;0.20;6.93;1980.00;0.96;8384893#2_0;5.10;0.00;tripinfo_2732;73.00;2732;0;452.86;0.91;0.00;12.46;DEFAULT_VEHTYPE;;0;0.00
2056.00;691307157_0;33.05;5.48;1830.00;0.24;31518959#0_0;5.10;0.00;tripinfo_2533;226.00;2533;1;1432.21;1.02;0.00;43.19;DEFAULT_VEHTYPE;;0;0.00
2057.00;-628762073#5_0;192.89;8.15;1814.00;0.80;-121794822#1_0;5.10;0.00;tripinfo_2510;243.00;2510;0;1312.99;1.05;0.00;67.27;DEFAULT_VEHTYPE;;5;29.00
2060.00;21766158_0;33.19;8.37;1464.00;0.72;524150311#0_0;5.10;0.00;tripinfo_2024;596.00;2024;1;2989.83;1.08;0.00;266.46;DEFAULT_VEHTYPE;;7;160.00
2060.00;-36786445#2_0;0.01;7.72;1770.00;0.48;-150275988#2_0;5.10;0.00;tripinfo_2441;290.00;2441;1;2140.03;1.03;0.00;40.24;DEFAULT_VEHTYPE;;1;7.00
2060.00;4690638#0_0;133.07;8.30;1956.00;0.52;1264281862_0;5.10;0.00;tripinfo_2709;104.00;2709;0;828.22;1.04;0.00;10.83;DEFAULT_VEHTYPE;;0;0.00
2062.00;-121794825#2_0;43.65;1.34;1325.00;0.56;30215395#0_0;5.10;0.00;tripinfo_1827;737.00;1827;0;3957.18;0.73;0.00;102.96;DEFAULT_VEHTYPE;;2;4.00
2062.00;307954760#0_0;115.51;6.02;1635.00;0.60;832487280_0;5.10;0.00;tripinfo_2245;427.00;2245;0;3978.81;0.86;0.00;41.94;DEFAULT_VEHTYPE;;1;2.00
2062.00;27882418#0_0;24.65;8.27;1713.00;0.16;693295225_0;5.10;0.00;tripinfo_2372;349.00;2372;0;3694.53;1.02;0.00;66.16;DEFAULT_VEHTYPE;;4;23.00
2064.00;5450860#2_0;28.24;6.76;1773.00;0.40;14471542#5_0;1.52;0.00;tripinfo_2455;291.00;2455;0;1917.79;0.92;0.00;35.68;DEFAULT_VEHTYPE;;1;3.00
2064.00;31445160#0_0;113.93;7.66;1799.00;0.52;175976586#0_0;5.10;0.00;tripinfo_2484;265.00;2484;0;1949.61;1.02;0.00;33.87;DEFAULT_VEHTYPE;;1;8.00
2065.00;145550725#0_0;75.05;2.22;1198.00;0.08;400961599#0_0;5.10;0.00;tripinfo_1661;867.00;1661;1;6017.31;1.02;0.00;257.25;DEFAULT_VEHTYPE;;8;89.00
2065.00;-4726710#0_0;36.14;5.25;1550.00;0.76;-220267106#1_0;5.10;0.00;tripinfo_2142;515.00;2142;1;3210.07;0.94;0.00;82.79;DEFAULT_VEHTYPE;;3;18.00
2066.00;8382347#2_0;145.43;8.38;1883.00;0.84;-220267247#1_0;5.10;0.00;tripinfo_2603;183.00;2603;0;1362.44;1.04;0.00;23.40;DEFAULT_VEHTYPE;;1;4.00
2071.00;15089551_0;44.47;9.27;1475.00;0.36;8382302#1_0;5.10;0.00;tripinfo_2037;596.00;2037;1;3168.57;1.11;0.00;250.70;DEFAULT_VEHTYPE;;4;112.00
2071.00;-654207127#8_0;14.24;2.05;1654.00;0.76;31411842#0_0;5.10;0.00;tripinfo_2292;417.00;2292;0;2537.21;1.19;0.00;100.11;DEFAULT_VEHTYPE;;1;1.00
2071.00;-31512978#1_0;13.39;8.10;1920.00;0.56;47027857#0_0;3.95;0.00;tripinfo_2652;151.00;2652;0;1113.69;1.06;0.00;18.03;DEFAULT_VEHTYPE;;0;0.00
2072.00;174272152_0;40.17;11.95;1873.00;0.40;180156396#4_0;2.03;0.00;tripinfo_2580;199.00;2580;0;1830.53;0.90;0.00;43.97;DEFAULT_VEHTYPE;;2;12.00
2073.00;8140188#6_0;109.46;7.03;1719.00;0.96;7682863#0_0;5.10;0.00;tripinfo_2382;354.00;2382;0;1890.27;0.97;0.00;119.26;DEFAULT_VEHTYPE;;4;66.00
2073.00;628755546#0_0;4.15;5.04;1965.00;4.08;4392761#3_0;5.10;0.00;tripinfo_2711;108.00;2711;1;913.20;1.11;0.00;29.24;DEFAULT_VEHTYPE;;2;8.00
2073.00;4318228#0_0;265.81;7.03;1997.00;2.04;8382354#0_0;5.10;0.00;tripinfo_2743;76.00;2743;0;486.65;0.97;0.00;14.78;DEFAULT_VEHTYPE;;1;3.00
2074.00;220267104#0_0;40.87;6.92;1884.00;0.12;31428221#0_0;5.10;0.00;tripinfo_2604;190.00;2604;0;1347.28;0.96;0.00;19.31;DEFAULT_VEHTYPE;;0;0.00
2076.00;62020115#0_0;118.19;8.41;1691.00;0.16;-145550725#1_0;5.10;0.00;tripinfo_2347;385.00;2347;0;2215.81;1.04;0.00;68.61;DEFAULT_VEHTYPE;;0;0.00
2080.00;-14118784#0_0;104.44;8.81;1828.00;0.80;119180342#0_0;5.10;0.00;tripinfo_2535;252.00;2535;0;1813.92;1.10;0.00;62.17;DEFAULT_VEHTYPE;;2;9.00
2082.00;832487280_0;55.07;8.91;1870.00;2.52;377719664_0;5.10;0.00;tripinfo_2584;212.00;2584;1;1438.05;1.19;0.00;44.01;DEFAULT_VEHTYPE;;2;6.00
2083.00;239757874#3_0;8.75;7.15;1855.00;0.12;-150275984#0_0;5.10;0.00;tripinfo_2554;228.00;2554;0;1393.36;0.94;0.00;37.63;DEFAULT_VEHTYPE;;0;0.00
2084.00;150275988#0_0;78.05;9.10;1585.00;0.08;-96016135_0;2.24;0.00;tripinfo_2186;499.00;2186;1;4856.09;1.19;0.00;132.16;DEFAULT_VEHTYPE;;2;10.00
2086.00;-150275988#5_0;74.66;6.14;1868.00;0.60;-30324793_0;5.10;0.00;tripinfo_2570;218.00;2570;0;1170.22;0.86;0.00;53.79;DEFAULT_VEHTYPE;;3;23.00
2087.00;400062408_0;91.04;8.31;1773.00;0.08;231945290#0_0;5.10;0.00;tripinfo_2436;314.00;2436;1;2115.16;1.04;0.00;52.40;DEFAULT_VEHTYPE;;1;3.00
2088.00;4726685#1_0;80.48;7.35;1951.00;1.60;14471542#11_0;5.10;0.00;tripinfo_2695;137.00;2695;0;845.23;1.03;0.00;39.05;DEFAULT_VEHTYPE;;1;2.00
2089.00;8382283#3_0;2.87;7.54;1874.00;0.12;62020114#0_0;5.10;0.00;tripinfo_2579;215.00;2579;0;1652.94;1.02;0.00;23.32;DEFAULT_VEHTYPE;;0;0.00
2089.00;-31512978#2_0;0.20;6.14;1953.00;0.48;4730649_0;5.10;0.00;tripinfo_2691;136.00;2691;0;1103.23;1.03;0.00;14.72;DEFAULT_VEHTYPE;;0;0.00
2091.00;4726684#0_0;33.91;7.06;1421.00;0.96;121794825#0_0;0.20;0.00;tripinfo_1957;670.00;1957;1;2984.08;0.97;0.00;270.30;DEFAULT_VEHTYPE;;9;167.00
2091.00;14471542#9_0;68.00;8.54;1675.00;0.24;-244422543#1_0;5.10;0.00;tripinfo_2308;416.00;2308;0;2891.54;1.09;0.00;94.04;DEFAULT_VEHTYPE;;3;24.00
2091.00;31448937#1_0;72.36;9.29;1714.00;0.80;-121794824_0;5.10;0.00;tripinfo_2360;377.00;2360;0;2092.94;1.19;0.00;119.58;DEFAULT_VEHTYPE;;5;46.00
2092.00;124862958#0_0;40.20;8.47;1729.00;0.48;8250527#0_0;5.10;0.00;tripinfo_2391;363.00;2391;1;2420.41;1.03;0.00;83.26;DEFAULT_VEHTYPE;;3;21.00
2092.00;31518448#0_0;116.95;8.45;1886.00;0.72;62020114#0_0;5.10;0.00;tripinfo_2599;206.00;2599;0;1693.70;1.13;0.00;26.54;DEFAULT_VEHTYPE;;0;0.00
2096.00;-150276003#1_0;86.27;7.05;1287.00;0.64;13764245#0_0;5.10;0.00;tripinfo_1763;809.00;1763;0;1676.01;0.87;0.00;575.95;DEFAULT_VEHTYPE;;3;539.00
2096.00;-829968896#1_0;0.20;6.79;1727.00;0.12;399914535_0;5.10;0.00;tripinfo_2379;369.00;2379;0;2316.89;0.96;0.00;65.06;DEFAULT_VEHTYPE;;1;22.00
2096.00;290174551#1_0;5.51;7.63;1881.00;0.28;524150338#0_0;5.10;0.00;tripinfo_2601;215.00;2601;1;1441.37;1.04;0.00;41.97;DEFAULT_VEHTYPE;;1;13.00
2096.00;-781742860#2_0;37.66;0.00;1190.00;0.40;4726718_0;5.10;0.00;tripinfo_1630;906.00;1630;0;1614.24;0.82;0.00;712.38;DEFAULT_VEHTYPE;teleport;7;650.00
2097.00;875759959_1;104.13;13.98;1726.00;0.60;14471542#12_0;5.10;0.00;tripinfo_2370;371.00;2370;0;2629.12;1.05;0.00;158.29;DEFAULT_VEHTYPE;;1;114.00
2099.00;132148870#2_0;16.35;5.41;1820.00;13.72;960773149_0;5.10;0.00;tripinfo_2499;279.00;2499;0;1005.63;0.79;0.00;57.96;DEFAULT_VEHTYPE;;1;7.00
2100.00;400586988#1_0;0.20;5.39;2000.00;0.64;-236306864#4_0;5.10;0.00;tripinfo_2763;100.00;2763;0;703.10;0.93;0.00;28.66;DEFAULT_VEHTYPE;;2;15.00
2101.00;939752207_2;96.28;14.01;1804.00;0.88;8382358_0;5.10;0.00;tripinfo_2496;297.00;2496;0;1101.34;1.05;0.00;204.90;DEFAULT_VEHTYPE;;1;183.00
2101.00;70724346#0_0;10.09;7.76;1910.00;0.84;65583364_0;5.10;0.00;tripinfo_2628;191.00;2628;0;1439.28;1.05;0.00;19.41;DEFAULT_VEHTYPE;;0;0.00
2101.00;1198625658_0;144.75;7.60;1926.00;0.08;567036033_0;5.10;0.00;tripinfo_2661;175.00;2661;0;1164.42;0.95;0.00;25.51;DEFAULT_VEHTYPE;;1;2.00
2102.00;174272151_0;27.97;6.31;265.00;0.60;47027743#0_0;5.10;0.00;tripinfo_345;1837.00;345;1;1482.74;0.92;0.00;1641.53;DEFAULT_VEHTYPE;;14;1541.00
2103.00;628782529#4_0;89.14;6.67;329.00;0.88;-8382445#1_0;5.10;0.00;tripinfo_446;1774.00;446;1;1335.86;0.93;0.00;1600.22;DEFAULT_VEHTYPE;;13;1491.00
2103.00;14108346_0;0.20;9.58;1593.00;0.80;14473580_0;5.10;0.00;tripinfo_2185;510.00;2185;0;3751.67;0.76;0.00;120.45;DEFAULT_VEHTYPE;;3;73.00
2103.00;-628755543_0;50.70;8.47;1960.00;0.24;31449010#1_0;5.10;0.00;tripinfo_2708;143.00;2708;1;1110.98;1.08;0.00;18.56;DEFAULT_VEHTYPE;;1;1.00
2104.00;124862963#0_0;89.92;12.35;2028.00;0.04;31512978#2_0;0.20;0.00;tripinfo_2793;76.00;2793;0;838.88;0.94;0.00;8.47;DEFAULT_VEHTYPE;;0;0.00
2105.00;121794824_0;75.93;2.19;1382.00;0.76;8152033#1_0;5.10;0.00;tripinfo_1917;723.00;1917;1;5718.53;1.02;0.00;140.37;DEFAULT_VEHTYPE;;3;18.00
2105.00;180020059#2_0;43.70;8.71;1933.00;0.68;510702675#0_0;5.10;0.00;tripinfo_2656;172.00;2656;0;1014.57;1.09;0.00;59.37;DEFAULT_VEHTYPE;;2;40.00
2105.00;8144186#0_0;53.31;4.21;2004.00;0.08;450186404_0;5.10;0.00;tripinfo_2761;101.00;2761;0;650.84;0.93;0.00;12.53;DEFAULT_VEHTYPE;;0;0.00
2106.00;40151780#0_0;33.06;7.98;1826.00;9.52;31389787_0;5.10;0.00;tripinfo_2509;280.00;2509;0;2630.77;1.10;0.00;84.82;DEFAULT_VEHTYPE;;2;58.00
2106.00;180156396#4_0;2.03;7.80;1936.00;3.64;510702675#0_0;5.10;0.00;tripinfo_2663;170.00;2663;0;960.02;0.99;0.00;58.01;DEFAULT_VEHTYPE;;1;38.00
2107.00;-510702675#4_0;98.24;7.61;1419.00;0.16;162611854#0_0;5.10;0.00;tripinfo_1947;688.00;1947;0;1671.60;1.05;0.00;540.45;DEFAULT_VEHTYPE;;11;447.00
2107.00;400586988#1_0;0.20;4.98;1996.00;0.12;14858868_0;5.10;0.00;tripinfo_2754;111.00;2754;0;802.63;0.95;0.00;28.45;DEFAULT_VEHTYPE;;2;9.00
2109.00;628782529#4_0;89.14;9.02;418.00;0.96;-30324793_0;5.10;0.00;tripinfo_557;1691.00;557;1;1534.75;1.23;0.00;1540.63;DEFAULT_VEHTYPE;;15;1415.00
2110.00;-40493501#2_0;21.11;7.13;1884.00;0.48;33301688#0_0;5.10;0.00;tripinfo_2591;226.00;2591;0;1337.57;0.93;0.00;40.19;DEFAULT_VEHTYPE;;2;10.00
2111.00;-150275986#2_0;39.73;7.00;1695.00;0.68;31427257#6_0;5.10;0.00;tripinfo_2331;416.00;2331;0;3276.42;0.90;0.00;69.80;DEFAULT_VEHTYPE;;2;27.00
2112.00;183251547_0;66.97;8.37;2004.00;0.84;40493652_0;0.20;0.00;tripinfo_2778;108.00;2778;0;747.18;1.12;0.00;25.98;DEFAULT_VEHTYPE;;3;6.00
2112.00;-150275985#2_0;56.92;6.92;2016.00;0.12;8382279#1_0;5.10;0.00;tripinfo_2779;96.00;2779;0;583.81;0.83;0.00;10.38;DEFAULT_VEHTYPE;;0;0.00
2113.00;1193930026_0;12.88;8.05;1790.00;1.36;150275988#0_0;5.10;0.00;tripinfo_2462;323.00;2462;0;2416.77;1.11;0.00;54.30;DEFAULT_VEHTYPE;;1;7.00
2114.00;4422176_1;179.82;12.75;1502.00;0.44;960773148#1_0;0.20;0.00;tripinfo_2073;612.00;2073;1;3527.50;0.99;0.00;229.29;DEFAULT_VEHTYPE;;5;141.00
2114.00;-15089551_0;44.70;7.51;1604.00;0.40;8382445#2_0;5.10;0.00;tripinfo_2205;510.00;2205;1;2313.30;1.05;0.00;244.02;DEFAULT_VEHTYPE;;5;150.00
2117.00;1111106315_0;73.40;9.58;1939.00;0.44;399914534#0_0;5.10;0.00;tripinfo_2673;178.00;2673;1;1356.15;1.20;0.00;30.15;DEFAULT_VEHTYPE;;0;0.00
2119.00;-40493652_0;0.20;9.41;2010.00;0.40;4690691_0;5.10;0.00;tripinfo_2780;109.00;2780;0;1106.39;1.32;0.00;24.27;DEFAULT_VEHTYPE;;0;0.00
2120.00;-781742860#0_0;117.87;6.53;1293.00;0.04;47426240#0_0;5.10;0.00;tripinfo_1768;827.00;1768;1;1703.62;0.87;0.00;588.61;DEFAULT_VEHTYPE;;4;539.00
2120.00;47895849#1_0;75.81;5.01;2041.00;0.72;606502608_0;0.20;0.00;tripinfo_2824;79.00;2824;0;526.25;1.02;0.00;9.76;DEFAULT_VEHTYPE;;0;0.00
2121.00;555922918#0_0;213.94;7.66;1950.00;0.96;220267104#0_0;5.10;0.00;tripinfo_2682;171.00;2682;0;1188.40;0.94;0.00;17.44;DEFAULT_VEHTYPE;;0;0.00
2122.00;839709054_0;336.41;13.45;1979.00;0.16;31414790#0_0;5.10;0.00;tripinfo_2722;143.00;2722;0;1235.64;1.04;0.00;25.08;DEFAULT_VEHTYPE;;1;5.00
2122.00;47027743#0_0;82.97;8.44;1963.00;0.44;8140197#0_0;5.10;0.00;tripinfo_2723;159.00;2723;0;1254.83;1.06;0.00;16.15;DEFAULT_VEHTYPE;;0;0.00
2123.00;-27882429#2_0;132.75;8.76;909.00;0.32;4426074#0_0;5.10;0.00;tripinfo_1244;1214.00;1244;0;1785.21;1.06;0.00;1037.56;DEFAULT_VEHTYPE;;14;937.00
2123.00;31519076#1_0;56.60;5.27;1754.00;0.12;4730634#0_0;5.10;0.00;tripinfo_2429;369.00;2429;1;2467.23;1.03;0.00;54.35;DEFAULT_VEHTYPE;;1;8.00
2124.00;654207122_0;0.20;2.05;1475.00;7.60;-8384930#1_0;5.10;0.00;tripinfo_2020;649.00;2020;0;2285.35;1.13;0.00;362.57;DEFAULT_VEHTYPE;;7;241.00
2125.00;220267105#1_0;81.03;6.44;1685.00;0.80;31389747_0;5.10;0.00;tripinfo_2335;440.00;2335;0;3091.44;0.82;0.00;69.61;DEFAULT_VEHTYPE;;1;24.00
2126.00;-43963512#1_0;53.88;7.19;1890.00;0.92;-1024105863_0;5.10;0.00;tripinfo_2614;236.00;2614;0;2300.49;0.90;0.00;21.49;DEFAULT_VEHTYPE;;0;0.00
2126.00;4730637#0_0;79.83;7.96;1916.00;0.12;-4318237#2_0;5.10;0.00;tripinfo_2654;210.00;2654;0;1644.57;1.06;0.00;22.11;DEFAULT_VEHTYPE;;0;0.00
2126.00;8382393#0_0;78.47;8.44;1962.00;0.48;-244422543#1_0;5.10;0.00;tripinfo_2716;164.00;2716;0;1277.64;1.09;0.00;22.74;DEFAULT_VEHTYPE;;0;0.00
2126.00;13654338_1;52.84;13.07;2046.00;0.92;-27882418#1_0;5.10;0.00;tripinfo_2814;80.00;2814;0;870.63;1.25;0.00;16.51;DEFAULT_VEHTYPE;;0;0.00
2128.00;-231475826#2_0;97.43;8.21;1424.00;18.96;781742860#1_0;5.10;0.00;tripinfo_1932;704.00;1932;0;591.40;1.03;0.00;633.26;DEFAULT_VEHTYPE;;7;597.00
2128.00;31411680#0_0;75.87;7.72;1771.00;3.80;4730618_0;5.10;0.00;tripinfo_2435;357.00;2435;1;2264.12;1.06;0.00;62.11;DEFAULT_VEHTYPE;;0;0.00
2128.00;-1167764376_0;66.38;9.71;1817.00;0.64;121794825#0_0;0.20;0.00;tripinfo_2513;311.00;2513;0;1903.46;1.17;0.00;88.78;DEFAULT_VEHTYPE;;3;26.00
2130.00;628782529#4_0;89.14;4.30;574.00;0.60;8140193#0_0;5.10;0.00;tripinfo_795;1556.00;795;1;1628.53;0.91;0.00;1339.75;DEFAULT_VEHTYPE;;13;1242.00
2131.00;4726706#5_0;34.15;7.12;1816.00;0.84;36801001#1_0;5.10;0.00;tripinfo_2503;315.00;2503;1;1746.73;1.05;0.00;83.20;DEFAULT_VEHTYPE;;1;6.00
2132.00;4726681#0_0;251.87;6.43;1539.00;0.80;-654207127#4_0;5.10;0.00;tripinfo_2110;593.00;2110;0;2974.99;0.83;0.00;121.29;DEFAULT_VEHTYPE;;4;42.00
2134.00;-47896065_0;65.02;5.47;1947.00;0.84;-31411842#1_0;5.10;0.00;tripinfo_2678;187.00;2678;1;1095.48;0.99;0.00;29.12;DEFAULT_VEHTYPE;;1;5.00
2136.00;150275984#1_0;27.99;7.57;913.00;0.56;-96018881#4_0;5.10;0.00;tripinfo_1252;1223.00;1252;0;2146.41;0.96;0.00;981.54;DEFAULT_VEHTYPE;;12;873.00
2136.00;-1156329250_0;1.26;7.23;1477.00;0.80;8385415#0_0;0.20;0.00;tripinfo_2035;659.00;2035;0;2204.38;0.88;0.00;438.29;DEFAULT_VEHTYPE;;5;398.00
2136.00;8382305_0;175.62;8.55;2016.00;0.28;31431544#3_0;5.10;0.00;tripinfo_2776;120.00;2776;0;1024.85;1.18;0.00;13.51;DEFAULT_VEHTYPE;;0;0.00
2137.00;606502609_0;0.20;4.36;1590.00;0.64;8250527#0_0;5.10;0.00;tripinfo_2188;547.00;2188;1;2594.87;0.94;0.00;212.06;DEFAULT_VEHTYPE;;4;143.00
2137.00;523287555_0;83.38;6.87;1842.00;0.20;524150311#1_0;5.10;0.00;tripinfo_2540;295.00;2540;0;1943.44;0.95;0.00;47.18;DEFAULT_VEHTYPE;;1;4.00
2143.00;150275988#3_0;21.58;8.24;1692.00;0.48;4392761#2_0;5.10;0.00;tripinfo_2341;451.00;2341;0;3865.63;1.06;0.00;91.25;DEFAULT_VEHTYPE;;5;11.00
2143.00;180156396#4_0;2.03;8.33;1932.00;0.92;231483339#0_0;5.10;0.00;tripinfo_2664;211.00;2664;0;1538.88;1.09;0.00;35.64;DEFAULT_VEHTYPE;;1;2.00
2144.00;4726680_0;260.87;7.38;1862.00;0.44;628781006#4_0;5.10;0.00;tripinfo_2573;282.00;2573;0;1706.60;1.02;0.00;84.07;DEFAULT_VEHTYPE;;1;43.00
2145.00;27807643#0_0;6.59;5.97;2065.00;0.80;-13853658_0;5.10;0.00;tripinfo_2860;80.00;2860;0;483.00;0.83;0.00;25.60;DEFAULT_VEHTYPE;;1;13.00
2146.00;5450860#0_0;75.98;6.19;2108.00;3.60;-400062405_0;5.10;0.00;tripinfo_2920;38.00;2920;0;208.92;0.81;0.00;4.37;DEFAULT_VEHTYPE;;0;0.00
2147.00;4441061_0;65.15;11.74;2004.00;2.84;137238867#0_0;5.10;0.00;tripinfo_2753;143.00;2753;0;1472.10;0.90;0.00;12.60;DEFAULT_VEHTYPE;;0;0.00
2151.00;-13764245#1_0;218.00;5.46;169.00;0.96;-628762073#5_0;5.10;0.00;tripinfo_207;1982.00;207;0;2228.32;0.79;0.00;1640.58;DEFAULT_VEHTYPE;;17;1509.00
2151.00;-47999870_0;46.74;7.72;2039.00;0.28;8382302#0_0;5.10;0.00;tripinfo_2826;112.00;2826;0;776.93;1.00;0.00;16.44;DEFAULT_VEHTYPE;;0;0.00
2152.00;47027743#0_0;82.97;7.62;2025.00;0.60;150275986#0_0;5.10;0.00;tripinfo_2795;127.00;2795;0;930.54;1.01;0.00;14.73;DEFAULT_VEHTYPE;;0;0.00
2153.00;8384926#0_0;41.79;6.41;1933.00;0.52;4730633#0_0;5.10;0.00;tripinfo_2659;220.00;2659;0;1256.07;0.85;0.00;37.23;DEFAULT_VEHTYPE;;1;11.00
2153.00;1174387992_1;3.66;5.62;2111.00;0.32;162611854#0_0;5.10;0.00;tripinfo_2919;42.00;2919;0;317.03;1.09;0.00;6.55;DEFAULT_VEHTYPE;;0;0.00
2154.00;31519076#2_0;82.87;4.87;1802.00;0.96;4441059#1_0;5.10;0.00;tripinfo_2482;352.00;2482;1;2262.16;1.00;0.00;42.65;DEFAULT_VEHTYPE;;0;0.00
2154.00;8382320#0_0;38.06;7.00;2047.00;0.36;-4318239#1_0;5.10;0.00;tripinfo_2837;107.00;2837;0;768.92;0.97;0.00;11.13;DEFAULT_VEHTYPE;;0;0.00
2155.00;654207122_0;0.20;1.75;1794.00;2.76;175976586#4_0;5.10;0.00;tripinfo_2467;361.00;2467;0;1754.18;0.90;0.00;70.97;DEFAULT_VEHTYPE;;1;20.00
2155.00;1307684786#0_0;49.76;8.30;1865.00;0.64;-654207122_0;0.20;0.00;tripinfo_2563;290.00;2563;0;1204.04;1.02;0.00;99.84;DEFAULT_VEHTYPE;;4;41.00
2156.00;1150906866_0;87.85;6.50;2099.00;0.36;40493384#2_0;5.10;0.00;tripinfo_2912;57.00;2912;0;370.03;0.89;0.00;6.71;DEFAULT_VEHTYPE;;0;0.00
2157.00;-29023870#1_0;10.38;8.53;1526.00;0.92;-8140193#2_0;5.10;0.00;tripinfo_2114;631.00;2114;0;2820.78;1.08;0.00;387.64;DEFAULT_VEHTYPE;;4;315.00
2157.00;8152037#1_0;54.59;7.12;1966.00;0.56;150276003#0_0;5.10;0.00;tripinfo_2727;191.00;2727;0;1243.32;0.92;0.00;28.22;DEFAULT_VEHTYPE;;1;1.00
2157.00;40493501#1_0;53.93;8.43;2004.00;0.24;4760584#0_0;5.10;0.00;tripinfo_2758;153.00;2758;0;1167.88;1.09;0.00;20.95;DEFAULT_VEHTYPE;;0;0.00
2157.00;552794577#0_0;45.31;7.04;2072.00;0.08;19846527#0_0;5.10;0.00;tripinfo_2861;85.00;2861;0;570.16;0.92;0.00;10.36;DEFAULT_VEHTYPE;;0;0.00
2159.00;4726684#0_0;33.91;8.12;908.00;0.48;121794825#0_0;0.20;0.00;tripinfo_1241;1251.00;1241;0;3469.14;1.06;0.00;898.30;DEFAULT_VEHTYPE;;16;745.00
2160.00;-524150320#2_0;49.62;6.84;1903.00;0.24;198077804#0_0;5.10;0.00;tripinfo_2633;257.00;2633;0;1692.18;0.96;0.00;49.78;DEFAULT_VEHTYPE;;3;17.00
2161.00;-654207127#1_0;72.74;2.54;1822.00;0.28;265113916#0_0;5.10;0.00;tripinfo_2526;339.00;2526;0;1366.81;0.97;0.00;88.58;DEFAULT_VEHTYPE;;3;18.00
2161.00;1091652283_0;149.03;12.28;1932.00;0.28;-400062405_0;5.10;0.00;tripinfo_2676;229.00;2676;0;1662.62;0.88;0.00;23.71;DEFAULT_VEHTYPE;;0;0.00
2163.00;162611854#2_0;178.35;6.34;1834.00;1.36;-8382282#1_0;5.10;0.00;tripinfo_2537;329.00;2537;0;2207.64;0.92;0.00;37.61;DEFAULT_VEHTYPE;;0;0.00
2164.00;14118783_0;131.02;6.48;1773.00;0.96;14471542#1_0;0.97;0.00;tripinfo_2457;391.00;2457;1;2532.49;0.92;0.00;46.71;DEFAULT_VEHTYPE;;1;2.00
2164.00;4730637#4_0;132.09;7.50;1960.00;0.96;4730644_0;5.10;0.00;tripinfo_2707;204.00;2707;0;1431.93;0.95;0.00;19.77;DEFAULT_VEHTYPE;;0;0.00
2167.00;419709604#0_1;8.81;7.31;1364.00;0.48;14626335#4_0;5.10;0.00;tripinfo_1891;803.00;1891;0;1472.99;0.95;0.00;653.05;DEFAULT_VEHTYPE;;9;578.00
2167.00;654207122_0;0.20;1.69;1469.00;4.84;4730619_0;5.10;0.00;tripinfo_2028;698.00;2028;1;5484.59;0.97;0.00;126.28;DEFAULT_VEHTYPE;;2;32.00
2168.00;180022161#0_0;20.11;5.12;1848.00;0.84;-239757763_0;5.10;0.00;tripinfo_2553;320.00;2553;0;2169.79;1.04;0.00;51.23;DEFAULT_VEHTYPE;;2;7.00
2169.00;40151780#0_0;33.06;8.29;1951.00;0.28;8382279#0_0;5.10;0.00;tripinfo_2701;218.00;2701;0;1789.49;1.11;0.00;23.05;DEFAULT_VEHTYPE;;0;0.00
2170.00;-36786445#2_0;1.53;8.62;2131.00;0.24;1198625656_0;5.10;0.00;tripinfo_2958;39.00;2958;1;181.53;1.09;0.00;19.04;DEFAULT_VEHTYPE;;1;14.00
2171.00;302657565#0_0;212.13;7.12;1801.00;0.64;150276003#0_0;5.10;0.00;tripinfo_2488;370.00;2488;0;2297.89;0.95;0.00;92.42;DEFAULT_VEHTYPE;;3;37.00
2172.00;1263954923_0;0.20;3.52;1260.00;0.92;4318237#0_0;5.10;0.00;tripinfo_1739;912.00;1739;0;1541.83;0.78;0.00;717.16;DEFAULT_VEHTYPE;;9;638.00
2173.00;691307157_0;33.05;3.91;1715.00;0.76;410939626_0;0.20;0.00;tripinfo_2367;458.00;2367;1;2860.84;0.92;0.00;97.72;DEFAULT_VEHTYPE;;6;26.00
2173.00;654207127#4_0;25.65;1.98;1963.00;0.84;8382279#1_0;5.10;0.00;tripinfo_2703;210.00;2703;0;744.41;0.97;0.00;46.33;DEFAULT_VEHTYPE;;1;3.00
2173.00;-47999871_0;169.19;8.08;2040.00;0.60;198077804#0_0;5.10;0.00;tripinfo_2820;133.00;2820;0;1081.24;1.11;0.00;19.40;DEFAULT_VEHTYPE;;0;0.00
2176.00;65583365#1_0;151.63;8.19;1735.00;3.32;591680761#0_0;5.10;0.00;tripinfo_2394;441.00;2394;1;3039.72;1.02;0.00;58.97;DEFAULT_VEHTYPE;;0;0.00
2176.00;290172305#1_0;147.68;8.09;1996.00;0.76;-17670100#4_0;5.10;0.00;tripinfo_2767;180.00;2767;0;1364.63;0.98;0.00;16.75;DEFAULT_VEHTYPE;;0;0.00
2177.00;-4426076#0_0;30.91;9.15;1089.00;0.08;8139943#0_0;5.10;0.00;tripinfo_1511;1088.00;1511;0;2938.54;1.11;0.00;860.42;DEFAULT_VEHTYPE;;9;784.00
2179.00;523287556_0;11.61;8.30;1994.00;0.44;643081314#0_0;5.10;0.00;tripinfo_2748;185.00;2748;0;1514.07;1.09;0.00;16.52;DEFAULT_VEHTYPE;;0;0.00
2180.00;150275984#4_0;31.81;7.63;2021.00;0.84;781742860#4_0;5.10;0.00;tripinfo_2803;159.00;2803;0;1112.28;0.97;0.00;19.29;DEFAULT_VEHTYPE;;0;0.00
2180.00;-4760584#1_0;79.03;7.61;2052.00;0.32;175976586#4_0;5.10;0.00;tripinfo_2844;128.00;2844;0;964.22;0.99;0.00;11.32;DEFAULT_VEHTYPE;;0;0.00
2182.00;150275991#1_0;118.48;6.62;1903.00;0.04;33301688#0_0;5.10;0.00;tripinfo_2643;279.00;2643;0;1530.38;0.90;0.00;73.30;DEFAULT_VEHTYPE;;4;34.00
2183.00;-434361017#1_0;49.79;8.21;2030.00;0.32;-31519076#0_0;5.10;0.00;tripinfo_2794;153.00;2794;1;984.35;1.07;0.00;26.85;DEFAULT_VEHTYPE;;1;7.00
2184.00;1287393212#0_0;114.42;7.23;1270.00;0.76;-8382444_0;5.10;0.00;tripinfo_1742;914.00;1742;1;2826.16;0.96;0.00;568.13;DEFAULT_VEHTYPE;;12;442.00
2184.00;-31459223#1_0;58.10;6.94;2083.00;0.24;781742860#6_0;5.10;0.00;tripinfo_2883;101.00;2883;0;426.72;0.92;0.00;43.98;DEFAULT_VEHTYPE;;2;31.00
2185.00;-510702678#1_0;70.73;6.79;1452.00;0.92;62020321_0;5.10;0.00;tripinfo_1989;733.00;1989;0;1659.78;0.84;0.00;561.65;DEFAULT_VEHTYPE;;10;471.00
2185.00;628762074#0_0;45.23;8.57;1975.00;2.76;40598675#0_0;5.10;0.00;tripinfo_2717;210.00;2717;0;1745.32;1.14;0.00;24.38;DEFAULT_VEHTYPE;;0;0.00
2185.00;13548014_0;191.33;13.48;2006.00;0.36;400586988#1_0;0.20;0.00;tripinfo_2762;179.00;2762;0;2103.21;1.23;0.00;28.75;DEFAULT_VEHTYPE;;0;0.00
2189.00;14118783_0;131.02;8.96;1768.00;0.56;4730618_0;5.10;0.00;tripinfo_2427;421.00;2427;1;2802.26;1.17;0.00;96.89;DEFAULT_VEHTYPE;;1;6.00
2191.00;-31512978#1_0;13.39;7.94;1247.00;0.72;555922918#0_0;5.10;0.00;tripinfo_1724;944.00;1724;0;2316.45;1.02;0.00;718.65;DEFAULT_VEHTYPE;;6;673.00
2191.00;13853659#0_0;31.49;4.40;2061.00;0.52;70724347#0_0;4.20;0.00;tripinfo_2834;130.00;2834;0;846.12;0.98;0.00;15.10;DEFAULT_VEHTYPE;;0;0.00
2192.00;-150275984#1_0;27.99;7.11;2036.00;3.16;8382302#1_0;5.10;0.00;tripinfo_2797;156.00;2797;0;1016.92;0.91;0.00;19.41;DEFAULT_VEHTYPE;;0;0.00
2193.00;4726681#0_0;251.87;7.98;1980.00;0.32;-96018881#4_0;5.10;0.00;tripinfo_2744;213.00;2744;0;1869.41;1.04;0.00;50.60;DEFAULT_VEHTYPE;;3;9.00
2195.00;-43963512#1_0;53.88;8.18;1135.00;0.20;1053478470_0;5.10;0.00;tripinfo_1565;1060.00;1565;0;1686.71;0.99;0.00;899.34;DEFAULT_VEHTYPE;;11;807.00
2198.00;8384926#1_0;29.05;4.52;1655.00;0.00;8382410#1_0;5.10;0.00;tripinfo_2275;543.00;2275;0;1540.08;1.13;0.00;378.01;DEFAULT_VEHTYPE;;4;323.00
2199.00;643082467_0;13.68;7.32;2059.00;0.04;-40493501#4_0;5.10;0.00;tripinfo_2843;140.00;2843;0;772.53;0.88;0.00;26.45;DEFAULT_VEHTYPE;;1;6.00
2203.00;8140198#0_0;36.85;8.68;1165.00;0.60;-4730648#4_0;5.10;0.00;tripinfo_1595;1038.00;1595;0;1753.75;1.18;0.00;882.04;DEFAULT_VEHTYPE;;12;762.00
2204.00;-244422544#1_0;114.80;7.52;1623.00;0.12;-4726710#1_0;5.10;0.00;tripinfo_2229;581.00;2229;1;3902.00;1.06;0.00;130.09;DEFAULT_VEHTYPE;;6;47.00
2206.00;4730616#1_0;0.59;8.03;2062.00;1.92;-40493501#4_0;5.10;0.00;tripinfo_2839;144.00;2839;0;850.66;1.08;0.00;26.57;DEFAULT_VEHTYPE;;0;0.00
2208.00;47461591#0_0;0.41;6.17;2160.00;0.56;4726680_0;5.10;0.00;tripinfo_2977;48.00;2977;0;365.83;1.02;0.00;7.50;DEFAULT_VEHTYPE;;0;0.00
2210.00;1053478470_0;33.50;7.71;1501.00;0.68;8140193#0_0;5.10;0.00;tripinfo_2081;709.00;2081;1;2695.78;0.98;0.00;388.49;DEFAULT_VEHTYPE;;7;294.00
2212.00;-47446166_0;14.14;7.38;2014.00;0.24;175976586#0_0;5.10;0.00;tripinfo_2783;198.00;2783;0;1479.65;1.03;0.00;22.82;DEFAULT_VEHTYPE;;0;0.00
2212.00;220267105#0_0;21.27;7.07;2022.00;0.00;-121794824_0;5.10;0.00;tripinfo_2800;190.00;2800;0;599.17;0.88;0.00;45.06;DEFAULT_VEHTYPE;;2;4.00
2214.00;1083809476#0_0;72.33;6.73;1973.00;0.28;8382285_0;5.10;0.00;tripinfo_2726;241.00;2726;0;1522.77;0.94;0.00;49.36;DEFAULT_VEHTYPE;;3;14.00
2215.00;-237344387_0;38.86;5.15;1021.00;6.08;875759960_0;5.10;0.00;tripinfo_1386;1194.00;1386;0;1467.87;0.95;0.00;1017.83;DEFAULT_VEHTYPE;;10;929.00
2215.00;-27807643#2_0;6.60;8.25;1793.00;0.80;8382347#0_0;5.10;0.00;tripinfo_2485;422.00;2485;1;2686.70;1.04;0.00;114.56;DEFAULT_VEHTYPE;;5;32.00
2216.00;4726685#1_0;80.48;7.73;2137.00;0.48;1263793722#0_0;5.10;0.00;tripinfo_2941;79.00;2941;0;559.35;0.99;0.00;10.23;DEFAULT_VEHTYPE;;0;0.00
2216.00;-150276003#2_0;206.65;9.09;2135.00;0.28;-244422544#1_0;5.10;0.00;tripinfo_2951;81.00;2951;0;666.40;1.11;0.00;8.08;DEFAULT_VEHTYPE;;0;0.00
2217.00;5450858#0_0;111.48;9.20;1614.00;0.80;900443644#0_0;5.10;0.00;tripinfo_2235;603.00;2235;1;2059.88;1.12;0.00;380.38;DEFAULT_VEHTYPE;;5;312.00
2218.00;803266531#2_0;99.84;7.99;978.00;0.76;-96018881#4_0;5.10;0.00;tripinfo_1342;1240.00;1342;0;1744.08;1.03;0.00;1061.56;DEFAULT_VEHTYPE;;12;967.00
2218.00;117055114_0;44.95;6.56;1542.00;0.16;524150320#0_0;5.10;0.00;tripinfo_2122;676.00;2122;1;2551.71;0.83;0.00;314.03;DEFAULT_VEHTYPE;;6;230.00
2218.00;290172305#0_0;50.40;6.86;2040.00;0.20;47426244#0_0;5.10;0.00;tripinfo_2815;178.00;2815;0;1126.17;0.90;0.00;25.97;DEFAULT_VEHTYPE;;0;0.00
2218.00;220267105#2_0;81.19;7.76;2058.00;0.00;654207127#2_0;5.10;0.00;tripinfo_2850;160.00;2850;0;537.69;0.97;0.00;35.66;DEFAULT_VEHTYPE;;0;0.00
2220.00;-290172305#0_0;51.23;7.10;1185.00;1.80;-510702678#1_0;5.10;0.00;tripinfo_1635;1035.00;1635;0;1432.84;0.88;0.00;869.37;DEFAULT_VEHTYPE;;12;778.00
2220.00;1263954923_0;0.20;4.92;1465.00;0.96;14858868_0;5.10;0.00;tripinfo_2032;755.00;2032;0;2913.31;0.91;0.00;468.90;DEFAULT_VEHTYPE;;9;382.00
2220.00;-14858868_0;74.65;8.60;2080.00;0.28;1263793723_0;5.10;0.00;tripinfo_2876;140.00;2876;0;1251.13;1.05;0.00;19.95;DEFAULT_VEHTYPE;;0;0.00
2220.00;220267247#2_0;3.57;9.34;2120.00;0.36;150275973#0_0;5.10;0.00;tripinfo_2937;100.00;2937;0;852.65;1.14;0.00;9.07;DEFAULT_VEHTYPE;;0;0.00
2226.00;-524150311#0_1;13.37;8.19;1922.00;0.88;13654337_0;5.10;0.00;tripinfo_2646;304.00;2646;0;2064.35;1.04;0.00;79.00;DEFAULT_VEHTYPE;;3;22.00
2226.00;628755546#0_0;42.68;5.12;2180.00;0.48;36801004#2_0;5.10;0.00;tripinfo_3016;46.00;3016;0;329.45;1.11;0.00;15.34;DEFAULT_VEHTYPE;;0;0.00
2231.00;960773148#1_0;0.20;1.53;1588.00;0.56;591680761#0_0;5.10;0.00;tripinfo_2202;643.00;2202;0;3841.98;0.98;0.00;188.67;DEFAULT_VEHTYPE;;5;87.00
2231.00;-150275984#4_0;31.88;7.09;2045.00;0.88;4318242#0_0;5.10;0.00;tripinfo_2821;186.00;2821;0;1290.31;0.97;0.00;24.16;DEFAULT_VEHTYPE;;0;0.00
2231.00;8382440#0_0;245.78;7.94;2106.00;0.92;-8250527#1_0;5.10;0.00;tripinfo_2914;125.00;2914;0;782.65;1.07;0.00;36.35;DEFAULT_VEHTYPE;;3;13.00
2232.00;960773149_0;34.69;2.56;1647.00;0.08;-4726710#1_0;5.10;0.00;tripinfo_2286;585.00;2286;1;5005.09;1.14;0.00;141.72;DEFAULT_VEHTYPE;;4;14.00
2233.00;302657565#0_0;212.13;8.15;515.00;0.16;628781006#3_0;5.10;0.00;tripinfo_697;1718.00;697;0;1614.79;1.05;0.00;1573.64;DEFAULT_VEHTYPE;;13;1460.00
2234.00;28275167_0;44.02;7.19;1821.00;0.88;8140188#3_0;5.10;0.00;tripinfo_2521;413.00;2521;1;2960.68;1.00;0.00;53.92;DEFAULT_VEHTYPE;;1;8.00
2234.00;-434361017#1_0;49.79;8.54;2016.00;0.56;-13853663_0;5.10;0.00;tripinfo_2777;218.00;2777;1;1383.16;1.11;0.00;58.21;DEFAULT_VEHTYPE;;2;19.00
2235.00;-4426075#1_0;235.07;7.08;1221.00;0.92;198077804#0_0;5.10;0.00;tripinfo_1689;1014.00;1689;0;2291.11;0.93;0.00;796.73;DEFAULT_VEHTYPE;;7;733.00
2235.00;-829968896#1_0;0.20;6.64;2037.00;0.36;-1083809476#2_0;5.10;0.00;tripinfo_2812;198.00;2812;0;1181.13;0.84;0.00;31.69;DEFAULT_VEHTYPE;;1;5.00
2235.00;-220267107#1_0;76.11;8.51;2170.00;0.20;960773148#1_0;0.20;0.00;tripinfo_2990;65.00;2990;0;451.14;1.09;0.00;11.05;DEFAULT_VEHTYPE;;0;0.00
2236.00;510692962#0_0;31.52;8.14;1848.00;2.60;239757763_0;5.10;0.00;tripinfo_2545;388.00;2545;1;2440.65;0.99;0.00;79.37;DEFAULT_VEHTYPE;;3;34.00
2237.00;37535329#0_1;0.20;3.94;1802.00;0.76;450186404_0;5.10;0.00;tripinfo_2492;435.00;2492;0;1056.72;0.80;0.00;281.72;DEFAULT_VEHTYPE;;5;218.00
2239.00;399914534#0_0;72.38;6.86;1728.00;0.64;36801004#1_0;5.10;0.00;tripinfo_2388;511.00;2388;0;2559.05;0.93;0.00;283.82;DEFAULT_VEHTYPE;;7;215.00
2241.00;4318239#0_0;189.40;5.80;1802.00;0.56;654207127#0_0;5.10;0.00;tripinfo_2477;439.00;2477;0;1809.40;0.84;0.00;92.38;DEFAULT_VEHTYPE;;1;6.00
2241.00;-40493501#1_0;54.48;7.44;2047.00;0.48;-628762074#2_0;5.10;0.00;tripinfo_2841;194.00;2841;0;1398.98;1.00;0.00;25.38;DEFAULT_VEHTYPE;;1;5.00
2242.00;145550725#0_0;75.05;2.50;1887.00;0.60;258274083#0_0;5.10;0.00;tripinfo_2595;355.00;2595;0;1780.78;0.95;0.00;60.22;DEFAULT_VEHTYPE;;1;1.00
2242.00;-47027743#2_0;83.13;6.37;2196.00;0.04;1308361545#0_0;5.10;0.00;tripinfo_3043;46.00;3043;0;285.53;0.89;0.00;5.57;DEFAULT_VEHTYPE;;0;0.00
2244.00;-8140196_0;72.99;7.69;1868.00;5.96;180022161#0_0;5.10;0.00;tripinfo_2582;376.00;2582;0;3826.56;1.07;0.00;80.64;DEFAULT_VEHTYPE;;2;31.00
2245.00;-40493652_0;0.20;8.39;1256.00;3.96;875759959_0;5.10;0.00;tripinfo_1732;989.00;1732;0;2184.21;1.07;0.00;838.77;DEFAULT_VEHTYPE;;9;748.00
2245.00;220267106#0_0;195.54;7.20;1977.00;0.80;-480937385_0;5.10;0.00;tripinfo_2735;268.00;2735;0;1834.93;0.92;0.00;28.79;DEFAULT_VEHTYPE;;0;0.00
2245.00;5451917#0_0;6.91;7.39;2041.00;0.04;-628755543_0;5.10;0.00;tripinfo_2818;204.00;2818;0;1266.72;0.93;0.00;36.13;DEFAULT_VEHTYPE;;2;10.00
2246.00;8382347#2_0;145.43;7.61;981.00;0.40;-433333438#1_0;5.10;0.00;tripinfo_1355;1265.00;1355;1;3879.21;0.97;0.00;877.38;DEFAULT_VEHTYPE;;13;758.00
2247.00;1098324353_0;0.20;8.33;1865.00;0.20;47027857#0_0;3.95;0.00;tripinfo_2565;382.00;2565;0;4388.18;1.00;0.00;44.74;DEFAULT_VEHTYPE;;2;6.00
2247.00;290172305#1_0;147.68;7.51;1990.00;0.72;524150320#0_0;5.10;0.00;tripinfo_2749;257.00;2749;0;1796.66;0.97;0.00;37.18;DEFAULT_VEHTYPE;;1;11.00
2249.00;-150275972_0;101.07;6.86;2002.00;0.52;-480937385_0;5.10;0.00;tripinfo_2759;247.00;2759;0;1680.93;0.93;0.00;31.11;DEFAULT_VEHTYPE;;1;2.00
2250.00;40493502_0;28.52;4.29;2019.00;0.56;-239758251_0;5.10;0.00;tripinfo_2802;231.00;2802;0;1464.30;0.98;0.00;25.63;DEFAULT_VEHTYPE;;0;0.00
2250.00;220137286#2_0;16.52;7.39;2041.00;0.56;524150320#0_0;5.10;0.00;tripinfo_2827;209.00;2827;0;1190.89;0.96;0.00;58.60;DEFAULT_VEHTYPE;;2;34.00
2250.00;40493418_0;86.95;7.27;2117.00;0.48;1298952887_0;5.10;0.00;tripinfo_2916;133.00;2916;0;822.49;0.99;0.00;27.36;DEFAULT_VEHTYPE;;1;10.00
2251.00;47895849#0_0;27.29;4.66;1241.00;0.92;-27882418#1_0;5.10;0.00;tripinfo_1714;1010.00;1714;0;2853.61;1.05;0.00;769.67;DEFAULT_VEHTYPE;;7;692.00
2251.00;-290172305#0_0;51.23;7.99;1967.00;0.36;-121794822#3_0;5.10;0.00;tripinfo_2712;284.00;2712;0;1585.13;1.00;0.00;58.60;DEFAULT_VEHTYPE;;4;12.00
2251.00;8382285_0;80.54;8.40;2134.00;0.08;1153265597#0_0;5.10;0.00;tripinfo_2936;117.00;2936;0;912.10;1.06;0.00;12.26;DEFAULT_VEHTYPE;;0;0.00
2251.00;-628755543_0;50.70;8.85;2131.00;0.96;231483332#0_0;5.10;0.00;tripinfo_2957;120.00;2957;0;682.91;1.11;0.00;45.34;DEFAULT_VEHTYPE;;3;29.00
2253.00;972497141_0;0.69;6.51;902.00;0.40;11294375#3_0;5.10;0.00;tripinfo_1230;1351.00;1230;0;1733.04;0.92;0.00;1129.25;DEFAULT_VEHTYPE;;14;1013.00
2254.00;155433040#0_0;179.13;8.02;1625.00;0.20;220267104#0_0;5.10;0.00;tripinfo_2240;629.00;2240;1;2089.71;1.04;0.00;385.50;DEFAULT_VEHTYPE;;7;312.00
2256.00;220267247#0_0;18.06;6.05;2009.00;0.80;-30324793_0;5.10;0.00;tripinfo_2785;247.00;2785;0;1289.75;0.76;0.00;44.33;DEFAULT_VEHTYPE;;2;13.00
2257.00;244422544#0_0;113.72;8.27;2090.00;2.88;220267105#1_0;5.10;0.00;tripinfo_2896;167.00;2896;0;1342.65;1.09;0.00;18.01;DEFAULT_VEHTYPE;;0;0.00
2258.00;856293282_0;0.20;10.35;1734.00;0.20;-47027406_0;5.10;0.00;tripinfo_2390;524.00;2390;1;2527.71;0.80;0.00;150.15;DEFAULT_VEHTYPE;;7;78.00
2258.00;302657565#0_0;212.13;8.51;1906.00;0.00;13853658_0;5.10;0.00;tripinfo_2625;352.00;2625;0;3768.49;1.04;0.00;60.02;DEFAULT_VEHTYPE;;3;19.00
2259.00;4730648#2_0;41.39;8.12;995.00;0.96;830745951_0;5.10;0.00;tripinfo_1357;1264.00;1357;0;2400.86;1.01;0.00;1012.38;DEFAULT_VEHTYPE;;14;919.00
2259.00;-781650841_0;71.98;11.03;2026.00;0.08;567036034_0;5.10;0.00;tripinfo_2786;233.00;2786;0;1098.25;0.85;0.00;84.45;DEFAULT_VEHTYPE;;3;52.00
2260.00;856293282_0;0.20;13.24;2116.00;0.16;220137286#2_0;5.10;0.00;tripinfo_2922;144.00;2922;0;793.60;1.04;0.00;58.90;DEFAULT_VEHTYPE;;3;26.00
2262.00;-781650841_0;71.98;14.08;1389.00;0.68;-4730648#1_0;5.10;0.00;tripinfo_1906;873.00;1906;0;1440.43;1.07;0.00;714.96;DEFAULT_VEHTYPE;;11;603.00
2262.00;8140193#0_0;129.42;6.25;2068.00;0.40;31431544#3_0;5.10;0.00;tripinfo_2855;194.00;2855;0;998.71;0.79;0.00;41.67;DEFAULT_VEHTYPE;;2;20.00
2263.00;4726681#0_0;251.87;9.04;1260.00;0.20;239757763_0;5.10;0.00;tripinfo_1740;1003.00;1740;0;3007.17;1.14;0.00;768.22;DEFAULT_VEHTYPE;;6;679.00
2263.00;150275984#3_0;22.78;7.86;1349.00;0.72;231475826#0_0;5.10;0.00;tripinfo_1849;914.00;1849;0;1665.32;1.04;0.00;720.37;DEFAULT_VEHTYPE;;6;662.00
2263.00;180156396#0_0;47.64;6.19;1973.00;0.72;-8384914_0;5.10;0.00;tripinfo_2724;290.00;2724;0;1737.79;0.84;0.00;31.05;DEFAULT_VEHTYPE;;0;0.00
2264.00;-121794822#1_0;62.78;1.91;1897.00;0.16;-239758251_0;5.10;0.00;tripinfo_2622;367.00;2622;0;1689.80;1.12;0.00;145.19;DEFAULT_VEHTYPE;;6;61.00
2264.00;-27882418#1_0;24.82;8.20;2165.00;0.12;-523287556_0;5.10;0.00;tripinfo_3004;99.00;3004;0;742.89;1.03;0.00;11.85;DEFAULT_VEHTYPE;;0;0.00
2265.00;265113917#0_0;48.01;7.50;1058.00;0.04;96016135_0;3.41;0.00;tripinfo_1443;1207.00;1443;1;3502.66;0.96;0.00;841.66;DEFAULT_VEHTYPE;;12;721.00
2265.00;31412878_0;156.52;5.00;2067.00;0.64;-8382302#0_0;5.10;0.00;tripinfo_2863;198.00;2863;0;1270.83;0.93;0.00;22.16;DEFAULT_VEHTYPE;;0;0.00
2266.00;14362916#0_0;76.16;8.36;2045.00;0.64;175206107#0_0;5.10;0.00;tripinfo_2838;221.00;2838;0;1648.67;1.12;0.00;44.03;DEFAULT_VEHTYPE;;2;17.00
2267.00;399914536#0_0;56.06;8.18;1823.00;0.60;21766158_0;5.10;0.00;tripinfo_2520;444.00;2520;0;981.25;0.99;0.00;327.65;DEFAULT_VEHTYPE;;9;244.00
2267.00;-244422543#1_0;126.29;6.68;1986.00;0.40;8384907#0_0;5.10;0.00;tripinfo_2755;281.00;2755;0;1650.32;0.95;0.00;71.31;DEFAULT_VEHTYPE;;3;39.00
2267.00;240549300#0_0;6.52;8.74;2030.00;0.68;403882372_0;0.20;0.00;tripinfo_2806;237.00;2806;0;3097.73;1.10;0.00;29.84;DEFAULT_VEHTYPE;;2;9.00
2267.00;-220267107#1_0;76.11;6.96;2093.00;5.08;308337938_0;0.20;0.00;tripinfo_2886;174.00;2886;0;962.30;0.94;0.00;44.95;DEFAULT_VEHTYPE;;3;17.00
2268.00;1150906866_0;87.85;8.70;884.00;2.32;47426244#0_0;5.10;0.00;tripinfo_1219;1384.00;1219;0;2490.99;1.17;0.00;1158.72;DEFAULT_VEHTYPE;;11;1009.00
2268.00;-121794822#9_0;8.61;1.52;1947.00;0.16;70724347#0_0;4.20;0.00;tripinfo_2697;321.00;2697;0;1569.66;0.98;0.00;66.95;DEFAULT_VEHTYPE;;2;12.00
2269.00;-33301560#1_0;24.68;9.67;1550.00;0.40;-121794825#2_0;5.10;0.00;tripinfo_2130;719.00;2130;1;2817.09;1.24;0.00;410.12;DEFAULT_VEHTYPE;;8;297.00
2269.00;8382395#0_0;164.43;6.25;1990.00;0.88;231940830#0_0;5.10;0.00;tripinfo_2746;279.00;2746;1;1695.54;0.88;0.00;48.99;DEFAULT_VEHTYPE;;2;12.00
2269.00;-1106583870_0;89.79;8.48;2073.00;0.96;31428221#0_0;5.10;0.00;tripinfo_2857;196.00;2857;0;1675.19;1.14;0.00;18.43;DEFAULT_VEHTYPE;;0;0.00
2269.00;8140193#0_0;129.42;6.59;2092.00;0.56;-220267104#1_0;5.10;0.00;tripinfo_2902;177.00;2902;0;927.78;0.79;0.00;35.24;DEFAULT_VEHTYPE;;2;14.00
2271.00;1083809476#0_0;72.33;8.37;1934.00;0.00;654207120_0;0.20;0.00;tripinfo_2675;337.00;2675;0;1726.32;1.03;0.00;103.36;DEFAULT_VEHTYPE;;6;45.00
2271.00;770622525_0;67.29;8.80;2092.00;0.40;-220267247#5_0;5.10;0.00;tripinfo_2880;179.00;2880;0;1314.31;1.07;0.00;31.31;DEFAULT_VEHTYPE;;2;9.00
2274.00;180020059#0_0;84.81;7.36;2082.00;5.44;13853659#1_0;5.10;0.00;tripinfo_2873;192.00;2873;0;1214.28;0.94;0.00;27.25;DEFAULT_VEHTYPE;;0;0.00
2274.00;-31431101#1_0;119.31;7.88;2216.00;0.60;220267108#0_0;5.10;0.00;tripinfo_3070;58.00;3070;0;426.65;1.08;0.00;9.62;DEFAULT_VEHTYPE;;0;0.00
2275.00;4726680_0;260.87;6.70;1475.00;0.40;162611854#0_0;5.10;0.00;tripinfo_2030;800.00;2030;0;3032.50;0.93;0.00;499.77;DEFAULT_VEHTYPE;;9;421.00
2275.00;-31445160#2_0;112.65;8.76;2210.00;0.24;-327412184_0;5.10;0.00;tripinfo_3058;65.00;3058;0;481.36;1.07;0.00;9.80;DEFAULT_VEHTYPE;;0;0.00
2276.00;-27807643#2_0;6.60;7.46;1096.00;0.96;8140199_0;5.10;0.00;tripinfo_1507;1180.00;1507;0;3646.26;1.02;0.00;891.44;DEFAULT_VEHTYPE;;10;814.00
2276.00;5450860#0_0;75.98;7.74;2063.00;0.88;33301688#0_0;5.10;0.00;tripinfo_2846;213.00;2846;0;1251.54;0.95;0.00;47.13;DEFAULT_VEHTYPE;;3;20.00
2277.00;28208884#0_0;120.14;7.54;1996.00;0.04;1167764376_0;5.10;0.00;tripinfo_2768;281.00;2768;0;1799.93;1.02;0.00;67.53;DEFAULT_VEHTYPE;;2;34.00
2278.00;150275984#4_0;31.81;7.42;1234.00;0.36;4426076#1_0;5.10;0.00;tripinfo_1687;1044.00;1687;0;2172.65;1.02;0.00;786.17;DEFAULT_VEHTYPE;;10;667.00
2278.00;308337938_0;0.20;6.91;1386.00;0.72;30215395#0_0;5.10;0.00;tripinfo_1899;892.00;1899;0;2019.87;0.94;0.00;639.64;DEFAULT_VEHTYPE;;9;524.00
2282.00;159636082_0;0.20;7.00;1136.00;0.00;875759960_0;5.10;0.00;tripinfo_1575;1146.00;1575;0;580.24;1.20;0.00;1103.32;DEFAULT_VEHTYPE;;13;1026.00
2282.00;628755546#0_0;42.68;5.83;1618.00;0.32;1053478469#1_0;5.10;0.00;tripinfo_2244;664.00;2244;0;2687.68;0.84;0.00;322.34;DEFAULT_VEHTYPE;;1;301.00
2283.00;291949061#0_0;196.65;4.66;1221.00;0.64;14471542#11_0;5.10;0.00;tripinfo_1688;1062.00;1688;0;2179.97;0.85;0.00;741.70;DEFAULT_VEHTYPE;;12;615.00
2284.00;4318239#0_0;189.40;7.37;2008.00;0.44;610739513#1_0;5.10;0.00;tripinfo_2773;276.00;2773;0;2308.37;0.94;0.00;53.36;DEFAULT_VEHTYPE;;1;22.00
2285.00;31449010#1_0;80.90;6.24;1496.00;0.84;14626335#4_0;5.10;0.00;tripinfo_2053;789.00;2053;0;1764.30;0.86;0.00;584.56;DEFAULT_VEHTYPE;;10;506.00
2287.00;231945290#6_0;54.95;6.71;1157.00;0.68;62020321_0;5.10;0.00;tripinfo_1581;1130.00;1581;0;2030.98;0.93;0.00;929.19;DEFAULT_VEHTYPE;;18;844.00
2287.00;-8140188#16_0;144.61;8.52;2214.00;0.68;-70724346#3_0;5.10;0.00;tripinfo_3056;73.00;3056;0;604.35;1.15;0.00;9.12;DEFAULT_VEHTYPE;;0;0.00
2288.00;14626330#0_0;44.68;13.59;1398.00;0.80;31445160#0_0;5.10;0.00;tripinfo_1935;890.00;1935;0;1640.83;0.99;0.00;734.87;DEFAULT_VEHTYPE;;13;646.00
2290.00;155472436#0_0;108.36;10.25;2029.00;0.88;30215395#0_0;5.10;0.00;tripinfo_2796;261.00;2796;0;3163.88;1.26;0.00;40.46;DEFAULT_VEHTYPE;;1;10.00
2291.00;4441062_0;62.39;14.41;1326.00;0.80;-480937385_0;5.10;0.00;tripinfo_1835;965.00;1835;0;4138.74;1.08;0.00;654.78;DEFAULT_VEHTYPE;;11;519.00
2291.00;31431608_0;235.51;7.02;1917.00;0.16;33301688#0_0;5.10;0.00;tripinfo_2647;374.00;2647;0;2149.15;0.88;0.00;79.92;DEFAULT_VEHTYPE;;5;32.00
2291.00;4731082#1_0;175.06;7.75;1946.00;0.04;1153265597#0_0;5.10;0.00;tripinfo_2693;345.00;2693;0;2402.11;0.96;0.00;53.25;DEFAULT_VEHTYPE;;1;4.00
2291.00;8384893#0_0;79.02;6.82;1995.00;0.00;-1066478854#1_0;5.10;0.00;tripinfo_2750;296.00;2750;0;2295.09;0.96;0.00;40.65;DEFAULT_VEHTYPE;;2;5.00
2292.00;19846527#2_0;54.32;8.26;1995.00;0.28;62020116#0_0;5.10;0.00;tripinfo_2751;297.00;2751;0;2433.24;1.03;0.00;46.99;DEFAULT_VEHTYPE;;1;12.00
2293.00;-231940830#3_0;170.11;6.33;1569.00;2.68;47461591#1_0;5.10;0.00;tripinfo_2156;724.00;2156;1;4669.83;0.89;0.00;130.08;DEFAULT_VEHTYPE;;5;45.00
2293.00;-4426074#1_0;287.56;7.97;1855.00;0.80;-31445160#2_0;5.10;0.00;tripinfo_2560;438.00;2560;0;1844.24;1.04;0.00;232.15;DEFAULT_VEHTYPE;;7;172.00
2294.00;8382365#1_0;75.06;8.24;1998.00;0.56;31427180_0;0.20;0.00;tripinfo_2752;296.00;2752;0;3388.30;1.02;0.00;31.94;DEFAULT_VEHTYPE;;1;3.00
2294.00;-4318242#1_0;81.05;4.59;2148.00;0.32;8140197#0_0;5.10;0.00;tripinfo_2969;146.00;2969;0;746.26;0.71;0.00;16.91;DEFAULT_VEHTYPE;;0;0.00
2295.00;960773148#0_0;23.82;1.55;1494.00;0.28;-4726710#1_0;5.10;0.00;tripinfo_2051;801.00;2051;1;5164.54;0.95;0.00;207.35;DEFAULT_VEHTYPE;;8;86.00
2295.00;31431343#0_0;47.35;8.72;1993.00;0.60;8152037#0_0;5.10;0.00;tripinfo_2745;302.00;2745;0;2182.53;1.11;0.00;59.90;DEFAULT_VEHTYPE;;1;28.00
2296.00;198077805#0_0;126.70;10.14;654.00;0.68;7682863#0_0;5.10;0.00;tripinfo_906;1642.00;906;0;1382.79;0.80;0.00;1483.75;DEFAULT_VEHTYPE;;14;1381.00
2296.00;403882372_0;0.20;6.83;1957.00;0.04;8382445#0_0;5.10;0.00;tripinfo_2718;339.00;2718;1;2128.45;1.02;0.00;84.87;DEFAULT_VEHTYPE;;5;35.00
2296.00;-31445160#0_0;113.73;9.56;2099.00;0.40;8384902#0_0;5.10;0.00;tripinfo_2905;197.00;2905;1;1464.08;1.16;0.00;43.27;DEFAULT_VEHTYPE;;1;1.00
2298.00;155472436#0_0;108.36;6.11;1871.00;17.52;121794822#0_0;5.10;0.00;tripinfo_2559;427.00;2559;0;1960.30;0.85;0.00;96.09;DEFAULT_VEHTYPE;;4;30.00
2298.00;510492454#0_1;50.58;8.07;1954.00;0.68;145550723_0;5.10;0.00;tripinfo_2706;344.00;2706;0;1755.51;1.06;0.00;96.04;DEFAULT_VEHTYPE;;3;38.00
2299.00;8382444_0;205.41;9.15;1745.00;1.00;307372339#0_0;5.10;0.00;tripinfo_2400;554.00;2400;0;1432.75;1.12;0.00;399.98;DEFAULT_VEHTYPE;;4;350.00
2299.00;8382285_0;80.54;8.01;2192.00;0.64;521008026_0;5.10;0.00;tripinfo_3038;107.00;3038;0;757.46;1.08;0.00;22.69;DEFAULT_VEHTYPE;;0;0.00
2300.00;265117578_0;151.84;7.63;2026.00;0.64;-31445160#0_0;5.10;0.00;tripinfo_2813;274.00;2813;1;1979.68;1.01;0.00;35.42;DEFAULT_VEHTYPE;;1;4.00
2300.00;290174549#0_0;117.86;7.20;2081.00;0.84;8382421#0_0;5.10;0.00;tripinfo_2878;219.00;2878;0;1514.60;0.96;0.00;31.74;DEFAULT_VEHTYPE;;1;4.00
2300.00;198077805#2_1;33.47;14.65;2094.00;0.92;-31431101#2_0;5.10;0.00;tripinfo_2889;206.00;2889;0;1632.05;1.10;0.00;35.57;DEFAULT_VEHTYPE;;1;3.00
2300.00;8382302#1_0;190.56;7.96;2111.00;0.00;-47426241#1_0;5.10;0.00;tripinfo_2925;189.00;2925;0;1269.32;0.98;0.00;32.32;DEFAULT_VEHTYPE;;1;8.00
2300.00;302657565#0_0;212.13;7.45;2144.00;4.44;-4312572#1_0;5.10;0.00;tripinfo_2948;156.00;2948;0;1193.70;1.01;0.00;24.25;DEFAULT_VEHTYPE;;0;0.00
2300.00;8250527#1_0;57.51;7.40;2149.00;0.52;8382402#2_0;5.10;0.00;tripinfo_2959;151.00;2959;0;1066.72;1.03;0.00;26.76;DEFAULT_VEHTYPE;;2;4.00
2300.00;70724347#2_0;47.89;7.85;2174.00;0.76;31412878_0;5.10;0.00;tripinfo_2992;126.00;2992;0;807.97;1.02;0.00;21.25;DEFAULT_VEHTYPE;;1;1.00
2301.00;-119180342#1_1;10.01;15.57;1467.00;0.48;-31445160#2_0;5.10;0.00;tripinfo_2016;834.00;2016;0;1678.13;1.20;0.00;703.06;DEFAULT_VEHTYPE;;14;596.00
2301.00;654207122_0;0.20;1.57;1526.00;0.08;13853661#2_0;5.10;0.00;tripinfo_2111;775.00;2111;1;5608.51;0.98;0.00;190.95;DEFAULT_VEHTYPE;;8;64.00
2301.00;8140197#0_0;77.85;8.99;2084.00;0.00;-220267106#1_0;5.10;0.00;tripinfo_2875;217.00;2875;0;1641.68;1.12;0.00;39.68;DEFAULT_VEHTYPE;;1;1.00
2302.00;8140198#0_0;36.85;7.18;2043.00;0.84;-31431343#2_0;5.10;0.00;tripinfo_2828;259.00;2828;0;1540.61;0.89;0.00;49.24;DEFAULT_VEHTYPE;;4;13.00
2302.00;31519076#0_0;19.30;5.72;2044.00;0.12;4726710#1_0;5.10;0.00;tripinfo_2829;258.00;2829;1;1622.85;1.15;0.00;56.10;DEFAULT_VEHTYPE;;1;2.00
2303.00;4441057#1_1;11.28;12.18;1181.00;0.64;-523287556_0;5.10;0.00;tripinfo_1638;1122.00;1638;0;4279.36;0.95;0.00;773.83;DEFAULT_VEHTYPE;;11;667.00
2304.00;8382440#0_0;245.78;8.58;1493.00;0.64;1111110395_0;5.10;0.00;tripinfo_2063;811.00;2063;0;1599.88;1.04;0.00;624.70;DEFAULT_VEHTYPE;;5;572.00
2304.00;830745951_0;281.47;6.23;2163.00;0.00;150275988#0_0;5.10;0.00;tripinfo_3000;141.00;3000;0;879.86;0.85;0.00;15.29;DEFAULT_VEHTYPE;;0;0.00
2305.00;220267106#0_0;195.54;5.64;2161.00;0.36;150275986#3_0;5.10;0.00;tripinfo_2987;144.00;2987;0;821.87;0.79;0.00;17.95;DEFAULT_VEHTYPE;;0;0.00
2307.00;307954760#0_0;115.51;7.66;505.00;0.12;745498474_0;5.10;0.00;tripinfo_679;1802.00;679;0;1606.32;0.95;0.00;1642.59;DEFAULT_VEHTYPE;;15;1510.00
2307.00;150276015#0_0;157.00;7.44;1001.00;0.92;31427257#0_0;5.10;0.00;tripinfo_1389;1306.00;1389;1;4911.50;0.93;0.00;818.83;DEFAULT_VEHTYPE;;15;670.00
2309.00;40151778_0;77.77;8.20;1884.00;0.64;8152036#0_0;5.10;0.00;tripinfo_2613;425.00;2613;1;4235.52;1.05;0.00;73.22;DEFAULT_VEHTYPE;;2;16.00
2310.00;-23084263#0_0;84.85;7.00;1687.00;0.64;-8382393#3_0;5.10;0.00;tripinfo_2338;623.00;2338;0;950.52;0.96;0.00;499.70;DEFAULT_VEHTYPE;;2;484.00
2312.00;121794824_0;75.93;1.89;1905.00;0.40;14626335#0_0;5.10;0.00;tripinfo_2630;407.00;2630;0;2112.96;0.96;0.00;98.39;DEFAULT_VEHTYPE;;6;20.00
2314.00;643081314#0_0;6.64;8.70;1249.00;1.16;14471542#8_0;5.10;0.00;tripinfo_1722;1065.00;1722;0;2509.32;1.14;0.00;804.42;DEFAULT_VEHTYPE;;15;594.00
2315.00;121794825#3_0;4.66;2.51;1639.00;0.68;36801004#2_0;5.10;0.00;tripinfo_2256;676.00;2256;1;5468.11;1.04;0.00;149.26;DEFAULT_VEHTYPE;;6;26.00
2316.00;239757874#3_0;8.75;8.69;1485.00;0.48;37535329#0_0;0.20;0.00;tripinfo_2041;831.00;2041;0;1234.47;1.07;0.00;695.20;DEFAULT_VEHTYPE;;8;581.00
2316.00;803266531#2_0;99.84;7.91;2063.00;0.60;1307684785#0_0;5.10;0.00;tripinfo_2845;253.00;2845;0;1634.65;0.97;0.00;44.38;DEFAULT_VEHTYPE;;1;18.00
2316.00;-8382443_0;168.16;8.10;2223.00;0.08;-30324793_0;5.10;0.00;tripinfo_3086;93.00;3086;0;632.76;1.01;0.00;17.44;DEFAULT_VEHTYPE;;1;5.00
2317.00;4730637#4_0;132.09;8.86;1944.00;0.92;-654207127#5_0;5.10;0.00;tripinfo_2689;373.00;2689;0;2063.80;1.08;0.00;116.83;DEFAULT_VEHTYPE;;6;27.00
2317.00;-414404581#1_0;29.61;6.88;2174.00;0.44;7682863#0_0;5.10;0.00;tripinfo_2998;143.00;2998;0;733.93;0.94;0.00;48.46;DEFAULT_VEHTYPE;;3;18.00
2318.00;174272153_0;35.17;7.50;1154.00;0.36;-8382445#1_0;5.10;0.00;tripinfo_1587;1164.00;1587;0;1364.82;0.97;0.00;999.45;DEFAULT_VEHTYPE;;12;898.00
2319.00;-654207127#1_0;72.74;2.45;1511.00;0.80;720012594#0_0;5.10;0.00;tripinfo_2085;808.00;2085;1;5679.11;1.03;0.00;220.50;DEFAULT_VEHTYPE;;7;73.00
2319.00;628781006#7_0;74.07;6.85;1601.00;0.12;1263793722#0_0;5.10;0.00;tripinfo_2204;718.00;2204;0;1251.55;0.93;0.00;559.12;DEFAULT_VEHTYPE;;14;466.00
2319.00;14858643#0_1;10.41;5.81;2116.00;0.20;40493384#2_0;5.10;0.00;tripinfo_2915;203.00;2915;0;1626.82;0.76;0.00;21.31;DEFAULT_VEHTYPE;;0;0.00
2319.00;19846377#0_0;81.20;9.51;2176.00;0.88;8382299#0_0;5.10;0.00;tripinfo_3021;143.00;3021;0;1175.83;1.18;0.00;21.92;DEFAULT_VEHTYPE;;1;1.00
2320.00;28275167_0;44.02;8.41;961.00;0.72;-23084263#2_0;5.10;0.00;tripinfo_1324;1359.00;1324;1;2799.47;1.03;0.00;1059.46;DEFAULT_VEHTYPE;;12;925.00
2322.00;830745951_0;281.47;5.73;1771.00;0.24;47895849#1_0;5.10;0.00;tripinfo_2458;551.00;2458;1;4149.05;0.79;0.00;57.52;DEFAULT_VEHTYPE;;2;2.00
2322.00;14471542#8_0;50.73;10.40;1955.00;2.76;-47426244#0_0;5.10;0.00;tripinfo_2692;367.00;2692;0;2819.17;1.26;0.00;97.25;DEFAULT_VEHTYPE;;2;36.00
2322.00;-220267247#0_0;17.80;7.28;2234.00;0.92;-150275986#3_0;5.10;0.00;tripinfo_3089;88.00;3089;0;556.59;0.88;0.00;10.38;DEFAULT_VEHTYPE;;0;0.00
2323.00;13853655#1_0;17.55;7.53;2181.00;3.08;231945290#4_0;5.10;0.00;tripinfo_3011;142.00;3011;0;944.80;0.97;0.00;21.82;DEFAULT_VEHTYPE;;1;3.00
2323.00;27882429#0_0;132.74;8.03;2282.00;0.68;8382368#0_0;5.10;0.00;tripinfo_3156;41.00;3156;0;288.58;0.98;0.00;4.60;DEFAULT_VEHTYPE;;0;0.00
2324.00;628762073#0_0;192.93;9.12;961.00;0.12;400961599#0_0;5.10;0.00;tripinfo_1329;1363.00;1329;1;5069.22;1.15;0.00;921.42;DEFAULT_VEHTYPE;;13;728.00
2324.00;-832487280_0;55.08;7.56;1949.00;0.36;47999870_0;5.10;0.00;tripinfo_2687;375.00;2687;1;2358.39;1.01;0.00;71.01;DEFAULT_VEHTYPE;;2;19.00
2325.00;150275986#4_0;0.20;6.41;1940.00;8.20;4730616#1_0;0.59;0.00;tripinfo_2665;385.00;2665;0;2130.57;0.92;0.00;88.66;DEFAULT_VEHTYPE;;2;39.00
2325.00;628762074#0_0;45.23;7.63;2235.00;0.84;-32200291_0;5.10;0.00;tripinfo_3078;90.00;3078;0;606.61;1.02;0.00;17.95;DEFAULT_VEHTYPE;;1;5.00
2326.00;781742860#6_0;113.31;8.05;1556.00;0.24;40598675#0_0;5.10;0.00;tripinfo_2158;770.00;2158;0;939.92;0.99;0.00;641.37;DEFAULT_VEHTYPE;;3;619.00
2326.00;14118784#0_0;104.44;7.85;1908.00;0.68;14471542#3_0;5.10;0.00;tripinfo_2631;418.00;2631;1;2440.54;1.02;0.00;117.30;DEFAULT_VEHTYPE;;2;5.00
2326.00;-239757874#3_0;8.75;7.25;2149.00;0.92;745498474_0;5.10;0.00;tripinfo_2964;177.00;2964;0;925.77;0.98;0.00;62.83;DEFAULT_VEHTYPE;;3;20.00
2328.00;433333438#0_0;23.51;6.94;1237.00;0.84;-1066478854#1_0;5.10;0.00;tripinfo_1703;1091.00;1703;0;3732.85;0.86;0.00;766.47;DEFAULT_VEHTYPE;;11;689.00
2328.00;40493501#1_0;53.93;8.38;2078.00;4.48;11294375#0_0;5.10;0.00;tripinfo_2866;250.00;2866;0;1946.22;1.09;0.00;34.60;DEFAULT_VEHTYPE;;1;5.00
2332.00;4726706#6_0;132.38;7.28;2192.00;0.00;1298817713_0;5.10;0.00;tripinfo_3025;140.00;3025;0;941.92;0.98;0.00;16.88;DEFAULT_VEHTYPE;;0;0.00
2334.00;-434361017#1_0;49.79;7.69;2226.00;0.16;-236306864#4_0;5.10;0.00;tripinfo_3072;108.00;3072;0;720.05;0.97;0.00;34.36;DEFAULT_VEHTYPE;;2;16.00
2338.00;150275984#5_0;73.36;8.20;1304.00;0.24;430855719_0;5.10;0.00;tripinfo_1808;1034.00;1808;0;2343.10;1.12;0.00;785.14;DEFAULT_VEHTYPE;;14;593.00
2338.00;124862963#0_0;89.92;12.24;2040.00;0.44;155433041_0;5.10;0.00;tripinfo_2823;298.00;2823;1;1955.19;0.94;0.00;40.93;DEFAULT_VEHTYPE;;1;5.00
2340.00;17671153_0;4.69;6.15;1390.00;0.28;759157551#0_0;5.10;0.00;tripinfo_1926;950.00;1926;0;2713.78;0.95;0.00;615.93;DEFAULT_VEHTYPE;;5;561.00
2340.00;945224009_0;20.88;6.52;1694.00;0.32;1156337042_0;5.10;0.00;tripinfo_2344;646.00;2344;0;1018.33;1.15;0.00;538.73;DEFAULT_VEHTYPE;;6;481.00
2340.00;8384926#0_0;41.79;8.41;2156.00;0.44;-220267104#1_0;5.10;0.00;tripinfo_2973;184.00;2973;1;1424.76;1.04;0.00;17.42;DEFAULT_VEHTYPE;;0;0.00
2340.00;31428221#0_0;91.98;7.85;2205.00;0.60;-8382305_0;5.10;0.00;tripinfo_3045;135.00;3045;0;1025.45;1.04;0.00;14.52;DEFAULT_VEHTYPE;;0;0.00
2341.00;4730637#1_0;102.23;7.31;2066.00;0.92;-121794822#3_0;5.10;0.00;tripinfo_2864;275.00;2864;0;1717.34;1.02;0.00;39.53;DEFAULT_VEHTYPE;;1;3.00
2342.00;400586988#2_0;30.47;9.02;1929.00;0.80;-220267247#1_0;5.10;0.00;tripinfo_2660;413.00;2660;0;2969.41;1.16;0.00;104.12;DEFAULT_VEHTYPE;;3;22.00
2343.00;4730616#2_0;5.29;7.62;1902.00;0.64;-121794824_0;5.10;0.00;tripinfo_2638;441.00;2638;0;2602.61;1.04;0.00;80.56;DEFAULT_VEHTYPE;;2;11.00
2343.00;-150275985#2_0;56.92;8.77;2261.00;0.20;-132148870#1_0;5.10;0.00;tripinfo_3115;82.00;3115;0;604.37;1.06;0.00;13.35;DEFAULT_VEHTYPE;;1;1.00
2344.00;8382443_0;166.79;6.65;1063.00;0.40;4690639#0_0;5.10;0.00;tripinfo_1455;1281.00;1455;0;2686.27;0.92;0.00;933.79;DEFAULT_VEHTYPE;;17;767.00
2344.00;124862963#0_0;89.92;14.58;2276.00;2.04;-27807643#2_0;5.10;0.00;tripinfo_3143;68.00;3143;0;749.84;1.09;0.00;15.88;DEFAULT_VEHTYPE;;0;0.00
2345.00;939752207_1;96.28;4.91;949.00;0.64;879483837_0;5.10;0.00;tripinfo_1313;1396.00;1313;0;1920.61;0.96;0.00;1212.58;DEFAULT_VEHTYPE;;18;1075.00
2345.00;856293282_0;0.20;12.52;2066.00;0.44;-47446166_0;5.10;0.00;tripinfo_2848;279.00;2848;0;2037.73;1.02;0.00;44.49;DEFAULT_VEHTYPE;;1;13.00
2346.00;-628755543_0;50.70;7.39;1734.00;349.96;628781006#3_0;5.10;0.00;tripinfo_1907;612.00;1907;0;1652.75;0.98;0.00;409.35;DEFAULT_VEHTYPE;;5;351.00
2346.00;119180322_0;109.44;7.73;1891.00;0.32;829968897_0;5.10;0.00;tripinfo_2619;455.00;2619;1;2875.17;1.07;0.00;122.06;DEFAULT_VEHTYPE;;5;55.00
2349.00;5450860#0_0;75.98;7.50;2079.00;0.16;150275973#0_0;5.10;0.00;tripinfo_2872;270.00;2872;0;1826.90;0.98;0.00;38.14;DEFAULT_VEHTYPE;;2;4.00
2349.00;-220267107#0_0;75.53;8.06;2263.00;0.44;8250527#1_0;5.10;0.00;tripinfo_3123;86.00;3123;0;649.18;1.03;0.00;9.41;DEFAULT_VEHTYPE;;0;0.00
2351.00;121794826_0;64.15;1.62;2253.00;0.00;-121794825#2_0;5.10;0.00;tripinfo_3125;98.00;3125;0;184.49;0.90;0.00;23.90;DEFAULT_VEHTYPE;;0;0.00
2352.00;-47999871_0;169.19;7.33;1203.00;0.40;400586988#1_0;0.20;0.00;tripinfo_1655;1149.00;1655;0;3060.43;0.88;0.00;738.28;DEFAULT_VEHTYPE;;13;597.00
2352.00;17670100#2_0;87.92;5.95;1769.00;0.92;628755544#2_0;5.10;0.00;tripinfo_2439;583.00;2439;1;2994.90;0.78;0.00;121.83;DEFAULT_VEHTYPE;;5;41.00
2353.00;121794825#3_0;4.66;2.60;1880.00;0.04;552794577#0_0;5.10;0.00;tripinfo_2593;473.00;2593;0;2294.67;0.94;0.00;125.21;DEFAULT_VEHTYPE;;4;54.00
2354.00;-4426076#0_0;30.91;7.11;1567.00;0.96;-95742119#1_0;3.64;0.00;tripinfo_2157;787.00;2157;0;1899.97;0.92;0.00;612.75;DEFAULT_VEHTYPE;;15;492.00
2354.00;17670100#2_0;87.92;8.31;1873.00;0.92;13430690#0_0;5.10;0.00;tripinfo_2589;481.00;2589;1;2933.96;1.01;0.00;129.74;DEFAULT_VEHTYPE;;3;13.00
2355.00;-87286857_0;7.61;9.11;1179.00;0.28;963479927#0_0;5.10;0.00;tripinfo_1626;1176.00;1626;1;4276.91;1.22;0.00;830.52;DEFAULT_VEHTYPE;;14;619.00
2355.00;220267247#3_0;87.46;7.14;1693.00;0.72;-433333438#1_0;5.10;0.00;tripinfo_2324;662.00;2324;1;5254.64;0.88;0.00;120.20;DEFAULT_VEHTYPE;;4;49.00
2355.00;-1066438511#1_0;62.38;8.07;2154.00;0.24;-1267194155#2_0;5.10;0.00;tripinfo_2983;201.00;2983;0;1462.62;1.06;0.00;64.83;DEFAULT_VEHTYPE;;3;36.00
2355.00;11294375#2_0;89.92;9.71;2170.00;0.28;13654337_0;5.10;0.00;tripinfo_3001;185.00;3001;0;1560.07;1.17;0.00;36.61;DEFAULT_VEHTYPE;;0;0.00
2355.00;625259599_0;136.88;10.42;2175.00;0.68;720012594#0_0;5.10;0.00;tripinfo_3006;180.00;3006;0;1252.05;0.84;0.00;42.51;DEFAULT_VEHTYPE;;1;23.00
2356.00;70724346#2_0;37.25;9.12;1198.00;0.32;183251547_0;5.10;0.00;tripinfo_1644;1158.00;1644;1;4656.61;1.10;0.00;729.76;DEFAULT_VEHTYPE;;12;557.00
2357.00;-40493652_0;0.20;6.53;2184.00;0.12;-34065519_0;5.10;0.00;tripinfo_3029;173.00;3029;1;944.47;0.88;0.00;24.67;DEFAULT_VEHTYPE;;1;3.00
2361.00;8382307#1_0;3.39;5.42;1658.00;0.04;47461591#1_0;5.10;0.00;tripinfo_2293;703.00;2293;0;3943.20;0.72;0.00;140.45;DEFAULT_VEHTYPE;;2;65.00
2363.00;-239757874#1_0;145.20;6.40;2143.00;0.60;31449007_0;5.10;0.00;tripinfo_2970;220.00;2970;0;1179.14;0.90;0.00;67.07;DEFAULT_VEHTYPE;;1;48.00
2364.00;410939625_0;72.52;11.61;1710.00;0.92;-150275986#4_0;0.20;0.00;tripinfo_2364;654.00;2364;0;3906.17;0.88;0.00;279.06;DEFAULT_VEHTYPE;;4;231.00
2367.00;8384902#0_0;68.65;8.11;2167.00;0.52;-95742119#1_0;3.64;0.00;tripinfo_2984;200.00;2984;0;1639.40;1.12;0.00;22.19;DEFAULT_VEHTYPE;;0;0.00
2368.00;1308361545#0_0;21.60;5.52;2254.00;0.64;377719664_0;5.10;0.00;tripinfo_3113;114.00;3113;0;719.16;1.00;0.00;23.38;DEFAULT_VEHTYPE;;1;1.00
2369.00;591680761#1_0;23.73;10.49;1465.00;3.68;-8140196_0;5.10;0.00;tripinfo_2006;904.00;2006;0;2872.94;0.87;0.00;613.57;DEFAULT_VEHTYPE;;12;503.00
2370.00;4726685#1_0;80.48;5.95;1939.00;211.60;117055114_0;5.10;0.00;tripinfo_2395;431.00;2395;0;1155.03;0.87;0.00;274.85;DEFAULT_VEHTYPE;;5;217.00
2370.00;31512978#2_0;0.20;8.31;2232.00;0.44;14858868_0;5.10;0.00;tripinfo_3073;138.00;3073;0;1035.15;1.05;0.00;14.70;DEFAULT_VEHTYPE;;0;0.00
2371.00;8382307#0_0;58.85;7.98;1662.00;0.84;307372337#0_0;5.10;0.00;tripinfo_2303;709.00;2303;0;1998.72;1.08;0.00;486.01;DEFAULT_VEHTYPE;;5;418.00
2372.00;-510702675#4_0;98.24;6.87;1648.00;0.12;399914535_0;5.10;0.00;tripinfo_2279;724.00;2279;0;1417.10;0.92;0.00;544.07;DEFAULT_VEHTYPE;;8;447.00
2376.00;4730616#1_0;0.59;7.10;1441.00;0.44;62020113#0_0;5.10;0.00;tripinfo_1973;935.00;1973;0;2833.10;1.00;0.00;656.76;DEFAULT_VEHTYPE;;11;542.00
2378.00;399914536#0_0;56.06;8.94;2103.00;0.24;235542996#0_0;5.10;0.00;tripinfo_2908;275.00;2908;0;2084.69;1.14;0.00;67.35;DEFAULT_VEHTYPE;;2;31.00
2378.00;31519076#0_0;19.30;4.77;2260.00;0.16;40493418_0;5.10;0.00;tripinfo_3122;118.00;3122;0;634.94;0.89;0.00;15.93;DEFAULT_VEHTYPE;;0;0.00
2378.00;654207127#5_0;19.07;2.01;2289.00;0.56;-121794825#2_0;5.10;0.00;tripinfo_3177;89.00;3177;0;182.97;0.96;0.00;20.52;DEFAULT_VEHTYPE;;0;0.00
2380.00;62017785#0_2;60.44;13.74;2191.00;0.28;-132148870#2_0;5.10;0.00;tripinfo_3026;189.00;3026;0;1492.56;1.05;0.00;19.82;DEFAULT_VEHTYPE;;0;0.00
2381.00;-524150333#1_0;117.00;7.64;1186.00;0.12;31427257#7_0;5.10;0.00;tripinfo_1629;1195.00;1629;1;4846.61;1.05;0.00;741.26;DEFAULT_VEHTYPE;;13;586.00
2381.00;-832487280_0;55.08;7.38;2109.00;0.12;-47027743#2_0;5.10;0.00;tripinfo_2929;272.00;2929;0;1708.57;0.89;0.00;40.72;DEFAULT_VEHTYPE;;1;8.00
2381.00;8382368#0_0;151.89;7.98;2157.00;10.84;-781742860#8_0;5.10;0.00;tripinfo_2953;224.00;2953;0;1062.52;1.08;0.00;107.86;DEFAULT_VEHTYPE;;5;58.00
2385.00;13853655#1_0;17.55;7.68;2128.00;0.52;1307684785#0_0;5.10;0.00;tripinfo_2934;257.00;2934;0;1749.19;0.99;0.00;33.67;DEFAULT_VEHTYPE;;2;4.00
2385.00;8382444_0;205.41;8.51;2208.00;0.76;8382395#0_0;5.10;0.00;tripinfo_3042;177.00;3042;0;1340.62;1.03;0.00;19.01;DEFAULT_VEHTYPE;;0;0.00
2388.00;13764389_0;0.51;6.20;2361.00;0.28;14626335#4_0;5.10;0.00;tripinfo_3276;27.00;3276;0;181.39;0.96;0.00;3.92;DEFAULT_VEHTYPE;;0;0.00
2389.00;4726681#0_0;251.87;7.75;1302.00;0.88;150275985#0_0;5.10;0.00;tripinfo_1796;1087.00;1796;0;4024.83;0.98;0.00;721.33;DEFAULT_VEHTYPE;;18;582.00
2390.00;1156329250_0;1.26;6.97;1895.00;0.72;-36786443#2_0;5.10;0.00;tripinfo_2624;495.00;2624;0;1260.45;0.95;0.00;350.40;DEFAULT_VEHTYPE;;3;322.00
2392.00;1024105863_0;26.14;7.20;1626.00;1.16;11294375#0_0;5.10;0.00;tripinfo_2247;766.00;2247;0;2822.76;0.96;0.00;488.78;DEFAULT_VEHTYPE;;10;411.00
2392.00;4426076#1_0;56.03;8.44;2236.00;0.48;14471542#3_0;5.10;0.00;tripinfo_3091;156.00;3091;0;1186.74;1.02;0.00;16.21;DEFAULT_VEHTYPE;;0;0.00
2393.00;8152033#0_0;28.23;6.96;2191.00;0.20;-524150333#1_0;5.10;0.00;tripinfo_3015;202.00;3015;0;1349.10;0.89;0.00;20.26;DEFAULT_VEHTYPE;;0;0.00
2395.00;4690640#0_1;334.20;16.21;1926.00;0.84;21766158_0;5.10;0.00;tripinfo_2653;469.00;2653;0;1966.92;1.20;0.00;294.79;DEFAULT_VEHTYPE;;5;209.00
2397.00;8384928_0;90.57;8.95;1952.00;0.72;4422177_0;5.10;0.00;tripinfo_2699;445.00;2699;1;3052.61;1.09;0.00;89.34;DEFAULT_VEHTYPE;;2;5.00
2397.00;4731082#1_0;175.06;7.60;2081.00;0.32;654207127#3_0;5.10;0.00;tripinfo_2869;316.00;2869;0;2136.31;1.04;0.00;48.47;DEFAULT_VEHTYPE;;1;2.00
2398.00;4392761#0_0;24.31;11.48;1367.00;0.24;-121794824_0;5.10;0.00;tripinfo_1883;1031.00;1883;0;3857.94;0.97;0.00;577.61;DEFAULT_VEHTYPE;;13;464.00
2398.00;-8140188#10_0;90.82;7.98;2181.00;0.84;-4318237#2_0;5.10;0.00;tripinfo_3028;217.00;3028;0;1551.45;1.00;0.00;29.84;DEFAULT_VEHTYPE;;1;3.00
2399.00;610739513#0_0;119.34;7.82;2259.00;0.68;31427257#7_0;5.10;0.00;tripinfo_3131;140.00;3131;0;949.18;1.00;0.00;28.99;DEFAULT_VEHTYPE;;1;11.00
2401.00;8152060#1_0;50.25;7.98;2135.00;0.60;31412878_0;5.10;0.00;tripinfo_2945;266.00;2945;1;1665.23;1.03;0.00;54.27;DEFAULT_VEHTYPE;;2;18.00
2401.00;-70724349_0;125.96;8.01;2207.00;0.16;-121794822#7_0;5.10;0.00;tripinfo_3047;194.00;3047;0;757.41;1.06;0.00;62.55;DEFAULT_VEHTYPE;;5;21.00
2402.00;14108346_0;0.20;7.17;1632.00;0.72;40151778_0;5.10;0.00;tripinfo_2249;770.00;2249;0;2903.08;0.99;0.00;540.04;DEFAULT_VEHTYPE;;14;444.00
2403.00;8384928_0;90.57;7.58;2289.00;6.12;-70724345#1_0;5.10;0.00;tripinfo_3154;114.00;3154;0;731.12;0.93;0.00;18.58;DEFAULT_VEHTYPE;;1;4.00
2404.00;124862958#0_0;40.20;8.84;1362.00;0.56;175976586#4_0;5.10;0.00;tripinfo_1877;1042.00;1877;0;3760.90;1.11;0.00;766.39;DEFAULT_VEHTYPE;;16;617.00
2409.00;87286857_0;7.00;6.27;2117.00;0.20;4730624_0;5.10;0.00;tripinfo_2940;292.00;2940;0;1848.53;1.18;0.00;91.92;DEFAULT_VEHTYPE;;2;45.00
2409.00;14362919#0_0;60.49;6.67;2257.00;0.40;14118785#0_0;5.10;0.00;tripinfo_3130;152.00;3130;0;1046.08;0.93;0.00;15.44;DEFAULT_VEHTYPE;;0;0.00
2410.00;939752205#4_0;41.32;7.46;1510.00;0.04;220267247#0_0;5.10;0.00;tripinfo_2093;900.00;2093;0;1574.34;1.02;0.00;712.79;DEFAULT_VEHTYPE;;7;670.00
2410.00;-220267107#1_0;76.11;7.30;2205.00;0.08;-8384914_0;5.10;0.00;tripinfo_3036;205.00;3036;0;1435.93;1.00;0.00;30.03;DEFAULT_VEHTYPE;;1;3.00
2413.00;96016135_0;3.41;4.72;2227.00;0.56;31518959#0_0;5.10;0.00;tripinfo_3077;186.00;3077;0;1040.09;1.03;0.00;40.65;DEFAULT_VEHTYPE;;1;17.00
2413.00;31448937#1_0;72.36;8.79;2393.00;0.40;31448937#0_0;5.10;0.00;tripinfo_3305;20.00;3305;0;149.23;1.12;0.00;3.20;DEFAULT_VEHTYPE;;0;0.00
2417.00;-150275972_0;101.07;8.47;1144.00;0.92;36801001#1_0;5.10;0.00;tripinfo_1564;1273.00;1564;1;5081.12;1.10;0.00;817.71;DEFAULT_VEHTYPE;;15;602.00
2418.00;-14118784#0_0;104.44;8.66;2235.00;0.72;8382447#0_0;5.10;0.00;tripinfo_3099;183.00;3099;1;1197.62;1.09;0.00;48.45;DEFAULT_VEHTYPE;;2;26.00
2421.00;-40598675#2_0;91.86;7.04;1460.00;0.80;-290172304_0;5.10;0.00;tripinfo_2010;961.00;2010;0;887.50;0.88;0.00;839.04;DEFAULT_VEHTYPE;;4;809.00
2422.00;-524150347#1_0;84.26;7.80;2290.00;0.04;-31431101#2_0;5.10;0.00;tripinfo_3168;132.00;3168;0;838.09;1.06;0.00;36.64;DEFAULT_VEHTYPE;;2;21.00
2423.00;856297346_0;96.97;14.74;1569.00;0.92;198077805#0_0;5.10;0.00;tripinfo_2164;854.00;2164;0;3677.20;1.07;0.00;603.70;DEFAULT_VEHTYPE;;16;460.00
2424.00;523287555_0;83.38;8.07;2023.00;0.72;36801004#1_0;5.10;0.00;tripinfo_2799;401.00;2799;0;4168.92;0.97;0.00;52.17;DEFAULT_VEHTYPE;;0;0.00
2425.00;-31431101#5_0;17.82;7.65;2203.00;0.24;-145550725#1_0;5.10;0.00;tripinfo_3033;222.00;3033;0;813.96;0.94;0.00;49.93;DEFAULT_VEHTYPE;;1;3.00
2426.00;1098324355_0;0.14;7.69;2125.00;0.28;4726681#1_0;5.10;0.00;tripinfo_2926;301.00;2926;0;3012.89;0.99;0.00;35.76;DEFAULT_VEHTYPE;;1;6.00
2426.00;400586988#0_0;0.20;5.98;2334.00;2.20;832488060#1_0;5.10;0.00;tripinfo_3215;92.00;3215;0;520.41;1.09;0.00;32.80;DEFAULT_VEHTYPE;;1;7.00
2428.00;121794827_0;64.57;1.92;2062.00;0.12;-8382393#3_0;5.10;0.00;tripinfo_2854;366.00;2854;0;1741.43;1.14;0.00;106.31;DEFAULT_VEHTYPE;;2;20.00
2432.00;-829968897_0;14.12;7.44;1919.00;0.44;653443701_0;5.10;0.00;tripinfo_2648;513.00;2648;0;4222.52;0.91;0.00;108.13;DEFAULT_VEHTYPE;;3;50.00
2433.00;-4318242#1_0;81.05;7.32;2004.00;0.92;4730618_0;5.10;0.00;tripinfo_2764;429.00;2764;0;4157.29;0.99;0.00;57.85;DEFAULT_VEHTYPE;;1;2.00
2435.00;856293281_0;414.50;11.08;2110.00;1.52;1111106315_0;5.10;0.00;tripinfo_2909;325.00;2909;1;2176.84;0.88;0.00;51.37;DEFAULT_VEHTYPE;;1;14.00
2437.00;13548014_0;191.33;12.83;1753.00;0.36;4426076#0_0;5.10;0.00;tripinfo_2412;684.00;2412;0;2830.21;1.00;0.00;439.39;DEFAULT_VEHTYPE;;9;349.00
2437.00;31448934#0_0;53.30;5.39;2157.00;0.48;4730637#1_0;5.10;0.00;tripinfo_2991;280.00;2991;0;1510.81;0.74;0.00;31.83;DEFAULT_VEHTYPE;;0;0.00
2437.00;290174551#0_0;68.77;6.90;2182.00;0.40;4730648#0_0;5.10;0.00;tripinfo_3005;255.00;3005;0;1452.17;0.85;0.00;41.75;DEFAULT_VEHTYPE;;2;7.00
2438.00;-36786445#2_0;6.35;7.31;2096.00;0.84;175976586#0_0;5.10;0.00;tripinfo_2903;342.00;2903;1;2279.92;1.00;0.00;68.86;DEFAULT_VEHTYPE;;2;19.00
2440.00;4318239#0_0;189.40;6.86;2127.00;0.84;4441062_0;5.10;0.00;tripinfo_2928;313.00;2928;0;3415.49;0.93;0.00;21.87;DEFAULT_VEHTYPE;;0;0.00
2441.00;393494868_0;404.92;13.06;1384.00;0.48;-290174549#3_0;5.10;0.00;tripinfo_1916;1057.00;1916;0;4008.36;0.95;0.00;747.65;DEFAULT_VEHTYPE;;16;635.00
2441.00;-4426076#0_0;30.91;7.36;2409.00;0.04;4426076#0_0;5.10;0.00;tripinfo_3343;32.00;3343;0;192.24;0.90;0.00;5.09;DEFAULT_VEHTYPE;;0;0.00
2443.00;240549300#0_0;6.52;7.89;2416.00;0.72;628782530_0;3.16;0.00;tripinfo_3349;27.00;3349;0;177.15;1.03;0.00;11.52;DEFAULT_VEHTYPE;;1;3.00
2445.00;14108392_0;0.20;14.06;2204.00;3.40;136174723_0;5.10;0.00;tripinfo_3055;241.00;3055;0;1832.07;1.09;0.00;42.83;DEFAULT_VEHTYPE;;0;0.00
2446.00;606502609_0;0.20;5.56;1949.00;0.40;162611854#0_0;5.10;0.00;tripinfo_2680;497.00;2680;0;2800.98;1.12;0.00;271.97;DEFAULT_VEHTYPE;;8;152.00
2446.00;-875772621#1_0;243.60;6.08;2118.00;0.68;-36786443#2_0;5.10;0.00;tripinfo_2931;328.00;2931;0;1507.85;1.10;0.00;162.68;DEFAULT_VEHTYPE;;4;130.00
2448.00;-36786445#2_0;6.45;7.69;2051.00;0.40;121794827_0;5.10;0.00;tripinfo_2830;397.00;2830;1;2064.69;1.05;0.00;100.13;DEFAULT_VEHTYPE;;6;31.00
2449.00;4726685#1_0;80.48;7.27;1470.00;0.56;1307684785#1_0;5.10;0.00;tripinfo_2027;979.00;2027;0;2937.96;1.11;0.00;699.99;DEFAULT_VEHTYPE;;16;598.00
2449.00;5450858#0_0;111.48;8.17;1869.00;0.08;419709604#0_0;5.10;0.00;tripinfo_2586;580.00;2586;0;507.18;1.07;0.00;522.07;DEFAULT_VEHTYPE;;7;463.00
2449.00;8152060#1_0;50.25;7.16;2348.00;0.32;400062404_0;3.59;0.00;tripinfo_3244;101.00;3244;0;685.56;0.96;0.00;9.75;DEFAULT_VEHTYPE;;0;0.00
2449.00;65583365#0_0;70.26;8.48;2349.00;0.12;-524150342_0;0.20;0.00;tripinfo_3254;100.00;3254;0;575.88;1.03;0.00;24.21;DEFAULT_VEHTYPE;;1;7.00
2451.00;150275984#3_0;22.78;8.36;1916.00;0.48;403882374_0;0.20;0.00;tripinfo_2641;535.00;2641;1;4968.28;1.07;0.00;131.48;DEFAULT_VEHTYPE;;5;55.00
2452.00;220267106#0_0;195.54;6.19;1883.00;0.80;14471542#1_0;0.97;0.00;tripinfo_2610;569.00;2610;0;4293.35;0.87;0.00;55.07;DEFAULT_VEHTYPE;;0;0.00
2453.00;8382444_0;205.41;9.66;2319.00;0.88;14118783_0;5.10;0.00;tripinfo_3196;134.00;3196;0;1219.61;1.27;0.00;16.28;DEFAULT_VEHTYPE;;0;0.00
2453.00;8140188#6_0;109.46;7.81;2333.00;0.92;-654207127#4_0;5.10;0.00;tripinfo_3214;120.00;3214;0;552.17;1.00;0.00;22.56;DEFAULT_VEHTYPE;;0;0.00
2453.00;4690638#0_0;133.07;8.80;2349.00;0.36;-9387033#3_0;5.10;0.00;tripinfo_3237;104.00;3237;0;1181.60;1.15;0.00;17.91;DEFAULT_VEHTYPE;;1;4.00
2453.00;8382443_0;166.79;8.86;2341.00;0.76;-8140188#10_0;5.10;0.00;tripinfo_3242;112.00;3242;0;929.34;1.13;0.00;12.22;DEFAULT_VEHTYPE;;0;0.00
2454.00;-31411680#2_0;76.34;7.69;2171.00;1.64;8250527#1_0;5.10;0.00;tripinfo_3013;283.00;3013;0;1876.67;1.00;0.00;54.09;DEFAULT_VEHTYPE;;2;18.00
2455.00;628782529#7_0;85.83;5.45;616.00;1.52;265113917#0_0;5.10;0.00;tripinfo_834;1839.00;834;1;1289.29;1.00;0.00;1682.77;DEFAULT_VEHTYPE;;12;1578.00
2455.00;36801004#1_0;12.62;12.46;1976.00;0.52;8382307#1_0;3.39;0.00;tripinfo_2734;479.00;2734;1;2918.56;0.90;0.00;93.83;DEFAULT_VEHTYPE;;5;37.00
2456.00;-1037986847_0;0.20;5.99;1818.00;1.12;897211373#0_0;0.20;0.00;tripinfo_2504;638.00;2504;1;4153.83;0.92;0.00;130.92;DEFAULT_VEHTYPE;;5;50.00
2456.00;62020115#0_0;118.19;8.98;2189.00;0.60;-220267108#2_0;5.10;0.00;tripinfo_3020;267.00;3020;0;2121.54;1.10;0.00;34.11;DEFAULT_VEHTYPE;;1;3.00
2456.00;31431608_0;235.51;7.46;2213.00;0.88;-290174549#0_0;5.10;0.00;tripinfo_3046;243.00;3046;0;1630.34;0.95;0.00;35.69;DEFAULT_VEHTYPE;;2;7.00
2457.00;628782529#7_0;85.83;6.72;1322.00;0.80;109398805_0;5.10;0.00;tripinfo_1810;1135.00;1810;0;2772.45;0.84;0.00;806.92;DEFAULT_VEHTYPE;;16;689.00
2457.00;-150275972_0;101.07;7.86;1450.00;0.44;37535329#1_0;5.10;0.00;tripinfo_1998;1007.00;1998;0;2146.06;0.96;0.00;732.18;DEFAULT_VEHTYPE;;8;622.00
2458.00;8382391#0_0;97.81;5.98;1852.00;0.16;625259600_0;5.10;0.00;tripinfo_2547;606.00;2547;0;4070.09;1.12;0.00;323.62;DEFAULT_VEHTYPE;;3;261.00
2458.00;150275988#3_0;21.58;7.47;2144.00;1.04;856293285#0_0;5.10;0.00;tripinfo_2968;314.00;2968;0;2812.01;1.03;0.00;49.19;DEFAULT_VEHTYPE;;1;1.00
2459.00;-32200291_0;88.07;6.84;2204.00;0.80;-155472436#1_0;5.10;0.00;tripinfo_3035;255.00;3035;0;1656.34;0.91;0.00;35.42;DEFAULT_VEHTYPE;;0;0.00
2459.00;47446166_0;14.44;7.32;2203.00;2.36;4312572#0_0;5.10;0.00;tripinfo_3037;256.00;3037;0;1629.85;0.91;0.00;38.76;DEFAULT_VEHTYPE;;2;7.00
2459.00;220137286#1_0;0.20;8.38;2229.00;0.52;150275973#0_0;5.10;0.00;tripinfo_3084;230.00;3084;0;1852.12;1.10;0.00;26.97;DEFAULT_VEHTYPE;;0;0.00
2460.00;8382391#0_0;97.81;7.70;2034.00;0.96;150275985#0_0;5.10;0.00;tripinfo_2807;426.00;2807;0;1317.14;1.04;0.00;272.92;DEFAULT_VEHTYPE;;3;232.00
2461.00;124862953_0;0.20;14.21;2209.00;0.08;-14362916#1_0;5.10;0.00;tripinfo_3061;252.00;3061;1;1603.18;1.03;0.00;75.47;DEFAULT_VEHTYPE;;2;32.00
2461.00;960773149_0;34.69;2.90;2230.00;0.32;-480937385_0;5.10;0.00;tripinfo_3069;231.00;3069;0;1679.29;1.12;0.00;41.39;DEFAULT_VEHTYPE;;1;7.00
2461.00;14471542#8_0;50.73;6.72;2414.00;0.00;14471542#2_0;5.10;0.00;tripinfo_3325;47.00;3325;0;281.54;0.83;0.00;6.04;DEFAULT_VEHTYPE;;0;0.00
2466.00;1156329250_0;1.26;7.83;1348.00;9.52;8385415#0_0;0.20;0.00;tripinfo_1834;1118.00;1834;0;2327.81;1.01;0.00;936.07;DEFAULT_VEHTYPE;;20;833.00
2466.00;8382305_0;175.62;5.59;1919.00;3.52;14471542#6_0;5.10;0.00;tripinfo_2634;547.00;2634;0;3801.92;0.83;0.00;78.20;DEFAULT_VEHTYPE;;2;18.00
2467.00;628755546#0_0;3.19;6.15;1740.00;0.92;231475823#0_0;5.10;0.00;tripinfo_2414;727.00;2414;1;2428.37;0.92;0.00;488.75;DEFAULT_VEHTYPE;;8;414.00
2467.00;-150275985#2_0;56.92;7.05;2417.00;0.28;-220267247#0_0;5.10;0.00;tripinfo_3351;50.00;3351;0;295.92;0.86;0.00;7.15;DEFAULT_VEHTYPE;;0;0.00
2468.00;1264281862_0;71.39;14.46;1824.00;0.92;4426075#0_0;5.10;0.00;tripinfo_2514;644.00;2514;0;851.71;1.13;0.00;555.33;DEFAULT_VEHTYPE;;9;491.00
2470.00;-875772621#1_0;243.60;8.17;2371.00;0.84;31431544#4_0;5.10;0.00;tripinfo_3278;99.00;3278;0;720.83;1.00;0.00;12.28;DEFAULT_VEHTYPE;;0;0.00
2474.00;47999871_0;169.12;5.62;2215.00;1.52;-40493501#3_0;5.10;0.00;tripinfo_3059;259.00;3059;0;1309.48;0.79;0.00;58.15;DEFAULT_VEHTYPE;;2;29.00
2474.00;31427180_0;0.20;7.48;2285.00;0.60;180020059#2_0;5.10;0.00;tripinfo_3170;189.00;3170;1;1173.99;1.03;0.00;36.06;DEFAULT_VEHTYPE;;1;13.00
2475.00;111691945_0;16.34;5.44;2100.00;4.12;8140199_0;5.10;0.00;tripinfo_2904;375.00;2904;1;2926.58;1.15;0.00;61.88;DEFAULT_VEHTYPE;;1;1.00
2475.00;40493501#3_0;158.44;9.36;2442.00;0.12;40493501#0_0;5.10;0.00;tripinfo_3379;33.00;3379;0;279.18;1.16;0.00;3.78;DEFAULT_VEHTYPE;;0;0.00
2477.00;-40493652_0;0.20;9.56;1971.00;0.60;654207127#2_0;5.10;0.00;tripinfo_2720;506.00;2720;1;2948.04;1.30;0.00;189.86;DEFAULT_VEHTYPE;;7;78.00
2479.00;1098324353_0;0.20;8.70;2225.00;6.36;-31431101#5_0;5.10;0.00;tripinfo_3062;254.00;3062;0;1883.22;1.08;0.00;42.55;DEFAULT_VEHTYPE;;2;14.00
2481.00;27882418#0_0;24.65;8.74;2188.00;0.76;239889169#0_0;5.10;0.00;tripinfo_3017;293.00;3017;0;2537.65;1.10;0.00;80.98;DEFAULT_VEHTYPE;;3;39.00
2482.00;8140196_0;72.99;7.79;2159.00;0.08;40493652_0;0.20;0.00;tripinfo_2986;323.00;2986;0;3168.12;0.94;0.00;62.25;DEFAULT_VEHTYPE;;2;31.00
2483.00;4690638#0_0;133.07;7.15;2129.00;0.88;16233734#0_0;5.10;0.00;tripinfo_2946;354.00;2946;0;2668.40;1.01;0.00;58.54;DEFAULT_VEHTYPE;;1;2.00
2483.00;1083809476#0_0;72.33;7.65;2157.00;0.92;-31512978#2_0;0.20;0.00;tripinfo_2989;326.00;2989;0;2558.07;0.92;0.00;83.01;DEFAULT_VEHTYPE;;1;27.00
2483.00;8250527#0_0;61.85;7.26;2350.00;0.36;377719665_0;5.10;0.00;tripinfo_3262;133.00;3262;0;921.02;0.93;0.00;13.44;DEFAULT_VEHTYPE;;0;0.00
2484.00;856293281_0;414.50;10.34;1566.00;0.48;162611854#0_0;5.10;0.00;tripinfo_2166;918.00;2166;0;3836.96;0.79;0.00;547.85;DEFAULT_VEHTYPE;;9;441.00
2484.00;31518959#0_0;109.83;8.30;2071.00;0.28;960773149_0;5.10;0.00;tripinfo_2851;413.00;2851;0;2360.42;1.11;0.00;111.02;DEFAULT_VEHTYPE;;3;26.00
2485.00;31431544#0_0;116.98;8.30;2176.00;0.60;231483339#0_0;5.10;0.00;tripinfo_2995;309.00;2995;0;2406.07;1.07;0.00;36.25;DEFAULT_VEHTYPE;;0;0.00
2487.00;8382279#1_0;93.13;7.19;1829.00;0.04;4392761#2_0;5.10;0.00;tripinfo_2518;658.00;2518;1;5841.06;0.93;0.00;106.60;DEFAULT_VEHTYPE;;4;34.00
2487.00;1198625656_0;56.87;7.00;2223.00;0.64;327412184_0;5.10;0.00;tripinfo_3063;264.00;3063;1;1716.55;0.88;0.00;28.36;DEFAULT_VEHTYPE;;0;0.00
2487.00;-31431101#2_0;34.56;7.33;2425.00;0.48;70724349_0;5.10;0.00;tripinfo_3366;62.00;3366;0;458.10;1.03;0.00;7.97;DEFAULT_VEHTYPE;;0;0.00
2489.00;-4426074#1_0;287.56;8.97;1440.00;0.88;150275988#0_0;5.10;0.00;tripinfo_1996;1049.00;1996;0;3413.84;1.08;0.00;735.05;DEFAULT_VEHTYPE;;13;587.00
2491.00;-239757874#1_0;145.20;7.48;2069.00;0.72;654207127#0_0;5.10;0.00;tripinfo_2849;422.00;2849;0;2213.56;1.00;0.00;84.04;DEFAULT_VEHTYPE;;2;12.00
2491.00;27882429#0_0;132.74;8.16;2098.00;0.44;4422176_0;5.10;0.00;tripinfo_2898;393.00;2898;0;3422.41;1.08;0.00;113.99;DEFAULT_VEHTYPE;;3;31.00
2491.00;4726706#0_0;209.48;6.62;2365.00;0.76;4726681#3_0;5.10;0.00;tripinfo_3267;126.00;3267;0;782.35;0.84;0.00;13.01;DEFAULT_VEHTYPE;;0;0.00
2492.00;-510702675#4_0;98.24;7.22;1864.00;0.88;150276002_0;5.10;0.00;tripinfo_2571;628.00;2571;1;1182.60;0.94;0.00;475.17;DEFAULT_VEHTYPE;;8;410.00
2492.00;1098324355_0;0.14;4.00;2140.00;1.36;14108346_0;0.20;0.00;tripinfo_2962;352.00;2962;0;3750.11;0.88;0.00;39.29;DEFAULT_VEHTYPE;;1;4.00
2492.00;-150275985#2_0;56.92;8.10;2265.00;0.92;1098324354_0;0.20;0.00;tripinfo_3139;227.00;3139;0;2025.06;1.09;0.00;30.83;DEFAULT_VEHTYPE;;0;0.00
2493.00;8382307#0_0;58.85;6.49;2233.00;0.72;-291949061#2_0;5.10;0.00;tripinfo_3074;260.00;3074;0;1589.71;0.90;0.00;29.52;DEFAULT_VEHTYPE;;0;0.00
2493.00;31431544#3_0;43.92;9.86;2277.00;0.84;65583365#1_0;5.10;0.00;tripinfo_3153;216.00;3153;0;1698.61;1.25;0.00;50.82;DEFAULT_VEHTYPE;;1;1.00
2494.00;-510702675#4_0;98.24;8.59;1805.00;0.40;150275986#3_0;5.10;0.00;tripinfo_2480;689.00;2480;1;1886.31;1.09;0.00;479.56;DEFAULT_VEHTYPE;;7;391.00
2495.00;31412878_0;156.52;4.41;1270.00;0.32;628782529#4_0;5.10;0.00;tripinfo_1744;1225.00;1744;0;1717.55;0.93;0.00;998.85;DEFAULT_VEHTYPE;;11;893.00
2495.00;-524150326_0;47.72;9.00;2224.00;0.48;654207127#0_0;5.10;0.00;tripinfo_3066;271.00;3066;0;1338.24;1.10;0.00;58.86;DEFAULT_VEHTYPE;;3;12.00
2497.00;1174387986_0;0.20;8.30;2242.00;6.12;654207127#6_0;5.10;0.00;tripinfo_3104;255.00;3104;0;1752.76;1.06;0.00;58.35;DEFAULT_VEHTYPE;;3;11.00
2498.00;109398805_0;204.68;8.39;1353.00;0.36;27882429#0_0;5.10;0.00;tripinfo_1862;1145.00;1862;0;2389.85;0.92;0.00;918.68;DEFAULT_VEHTYPE;;14;790.00
2498.00;4726711#0_0;127.33;9.04;1781.00;0.08;-480937385_0;5.10;0.00;tripinfo_2461;717.00;2461;0;3029.09;1.16;0.00;463.14;DEFAULT_VEHTYPE;;15;333.00
2498.00;4726737_0;169.16;13.90;1974.00;0.64;829968896#1_0;0.20;0.00;tripinfo_2738;524.00;2738;0;4273.89;1.01;0.00;77.16;DEFAULT_VEHTYPE;;2;12.00
2498.00;-244422543#1_0;126.29;8.01;2303.00;0.68;40598675#0_0;5.10;0.00;tripinfo_3181;195.00;3181;0;1351.87;1.04;0.00;38.02;DEFAULT_VEHTYPE;;1;14.00
2498.00;-781742860#2_0;37.66;0.00;1695.00;0.84;231475826#0_0;5.10;0.00;tripinfo_2328;803.00;2328;0;595.75;0.73;0.00;706.03;DEFAULT_VEHTYPE;teleport;6;672.00
2499.00;413722446_0;0.20;15.06;2473.00;0.24;628782531_0;5.10;0.00;tripinfo_3408;26.00;3408;0;312.85;1.09;0.00;4.40;DEFAULT_VEHTYPE;;0;0.00
2500.00;121794822#8_0;8.86;2.48;2114.00;0.40;-14362916#1_0;5.10;0.00;tripinfo_2930;386.00;2930;0;1888.85;0.96;0.00;89.23;DEFAULT_VEHTYPE;;3;12.00
2502.00;8384926#1_0;29.05;5.14;1997.00;0.68;258274083#0_0;5.10;0.00;tripinfo_2756;505.00;2756;0;1436.93;1.02;0.00;334.84;DEFAULT_VEHTYPE;;2;300.00
2502.00;31389787_0;38.39;9.08;2217.00;0.80;47027857#0_0;3.95;0.00;tripinfo_3060;285.00;3060;0;2045.78;1.19;0.00;114.17;DEFAULT_VEHTYPE;;3;54.00
2502.00;8382447#0_0;9.38;8.22;2392.00;0.36;31449245_0;5.10;0.00;tripinfo_3312;110.00;3312;0;745.99;1.01;0.00;20.84;DEFAULT_VEHTYPE;;1;8.00
2503.00;124862958#0_0;40.20;7.50;2305.00;7.92;610739513#0_0;5.10;0.00;tripinfo_3189;198.00;3189;0;1457.38;0.97;0.00;59.05;DEFAULT_VEHTYPE;;1;39.00
2504.00;145550725#0_0;75.05;2.13;2134.00;0.72;1167764376_0;5.10;0.00;tripinfo_2949;370.00;2949;0;1516.77;0.84;0.00;74.37;DEFAULT_VEHTYPE;;1;3.00
2505.00;-8139943#1_0;37.86;7.09;2093.00;0.76;4730637#1_0;5.10;0.00;tripinfo_2892;412.00;2892;0;2617.64;0.98;0.00;93.74;DEFAULT_VEHTYPE;;2;52.00
2505.00;31448937#1_0;72.36;7.63;2136.00;0.56;403882373_0;5.10;0.00;tripinfo_2952;369.00;2952;1;2332.17;1.02;0.00;50.51;DEFAULT_VEHTYPE;;1;2.00
2505.00;220267105#4_0;40.07;7.60;2232.00;0.88;413722446_0;0.20;0.00;tripinfo_3096;273.00;3096;0;2043.85;0.97;0.00;45.13;DEFAULT_VEHTYPE;;3;12.00
2506.00;1307687510_0;39.99;5.01;2204.00;0.20;-524150311#0_0;5.10;0.00;tripinfo_3040;302.00;3040;0;2210.85;1.06;0.00;43.90;DEFAULT_VEHTYPE;;1;2.00
2506.00;-150275984#1_0;27.99;9.14;2377.00;0.16;8382307#0_0;5.10;0.00;tripinfo_3297;129.00;3297;0;1015.83;1.14;0.00;20.72;DEFAULT_VEHTYPE;;1;3.00
2507.00;291949061#0_0;196.65;4.14;1966.00;0.80;-507534348#1_0;5.10;0.00;tripinfo_2710;541.00;2710;1;2851.49;0.91;0.00;85.95;DEFAULT_VEHTYPE;;2;19.00
2507.00;8382279#0_0;210.16;8.76;2244.00;0.00;150276013#1_0;5.10;0.00;tripinfo_3100;263.00;3100;0;1985.69;1.12;0.00;48.57;DEFAULT_VEHTYPE;;2;6.00
2508.00;124862958#0_0;40.20;6.45;1359.00;20.20;-8385415#0_0;0.20;0.00;tripinfo_1840;1149.00;1840;0;2566.45;0.83;0.00;917.86;DEFAULT_VEHTYPE;;14;837.00
2508.00;4730638_0;74.50;9.61;2342.00;0.08;19846377#0_0;5.10;0.00;tripinfo_3236;166.00;3236;0;1414.67;1.17;0.00;16.02;DEFAULT_VEHTYPE;;0;0.00
2509.00;8140188#3_0;56.09;7.59;2195.00;0.44;62020116#0_0;5.10;0.00;tripinfo_3023;314.00;3023;0;2391.63;0.93;0.00;42.32;DEFAULT_VEHTYPE;;2;6.00
2509.00;628762073#0_0;192.93;7.30;2369.00;0.52;70724349_0;5.10;0.00;tripinfo_3284;140.00;3284;0;923.75;0.94;0.00;20.24;DEFAULT_VEHTYPE;;1;3.00
2510.00;4690591#0_1;122.02;10.34;2356.00;0.48;4441062_0;5.10;0.00;tripinfo_3266;154.00;3266;0;1273.95;0.84;0.00;38.47;DEFAULT_VEHTYPE;;1;22.00
2510.00;8152037#1_0;54.59;8.46;2424.00;0.44;-36786443#2_0;5.10;0.00;tripinfo_3348;86.00;3348;0;552.36;1.10;0.00;24.79;DEFAULT_VEHTYPE;;1;14.00
2511.00;832488061_0;71.37;9.33;2146.00;0.00;150275984#3_0;5.10;0.00;tripinfo_2975;365.00;2975;1;2726.11;1.16;0.00;62.56;DEFAULT_VEHTYPE;;1;2.00
2511.00;628755544#2_0;48.84;8.37;2296.00;3.64;1198625658_0;5.10;0.00;tripinfo_3163;215.00;3163;0;1161.50;1.14;0.00;95.46;DEFAULT_VEHTYPE;;3;55.00
2512.00;875759960_1;130.85;14.41;2141.00;0.64;13430690#0_0;5.10;0.00;tripinfo_2963;371.00;2963;0;3795.26;1.10;0.00;110.00;DEFAULT_VEHTYPE;;3;54.00
2512.00;220267104#0_0;40.87;8.24;2299.00;0.28;8384930#0_0;5.10;0.00;tripinfo_3176;213.00;3176;0;1445.43;0.99;0.00;37.84;DEFAULT_VEHTYPE;;2;7.00
2515.00;150275991#0_0;27.02;8.07;2416.00;0.56;-30324793_0;5.10;0.00;tripinfo_3352;99.00;3352;0;593.73;1.06;0.00;30.41;DEFAULT_VEHTYPE;;1;15.00
2517.00;70724347#0_0;4.20;7.99;2340.00;580.44;939752205#4_0;5.10;0.00;tripinfo_2423;177.00;2423;0;860.93;0.97;0.00;69.72;DEFAULT_VEHTYPE;;4;27.00
2518.00;628755544#2_0;48.84;7.66;1770.00;2.76;-4318237#2_0;5.10;0.00;tripinfo_2442;748.00;2442;0;3644.10;1.07;0.00;472.29;DEFAULT_VEHTYPE;;15;357.00
2519.00;-47895849#4_0;35.95;5.50;1427.00;0.80;290172305#1_0;5.10;0.00;tripinfo_1960;1092.00;1960;0;2614.96;1.03;0.00;823.00;DEFAULT_VEHTYPE;;14;726.00
2519.00;1193930026_0;12.88;7.18;2322.00;0.68;30215395#0_0;5.10;0.00;tripinfo_3206;197.00;3206;0;1423.56;0.96;0.00;19.39;DEFAULT_VEHTYPE;;0;0.00
2521.00;-290174549#3_0;12.74;6.26;2232.00;3.64;-40493501#2_0;5.10;0.00;tripinfo_3088;289.00;3088;0;1811.09;0.95;0.00;61.87;DEFAULT_VEHTYPE;;3;15.00
2522.00;180156396#0_0;47.64;8.07;2283.00;0.40;4730633#0_0;5.10;0.00;tripinfo_3155;239.00;3155;0;1816.05;1.04;0.00;52.36;DEFAULT_VEHTYPE;;2;14.00
2522.00;-628757206#2_0;103.95;8.88;2461.00;0.48;-36786443#2_0;5.10;0.00;tripinfo_3416;61.00;3416;0;442.11;1.08;0.00;11.49;DEFAULT_VEHTYPE;;1;1.00
2524.00;510702678#1_0;70.72;7.18;1634.00;0.28;654207127#2_0;5.10;0.00;tripinfo_2251;890.00;2251;1;2244.41;0.94;0.00;544.62;DEFAULT_VEHTYPE;;6;446.00
2525.00;-121794822#1_0;62.78;1.27;1000.00;0.76;30215395#0_0;5.10;0.00;tripinfo_1367;1525.00;1367;0;3448.21;0.86;0.00;997.91;DEFAULT_VEHTYPE;;15;835.00
2528.00;628755546#0_0;5.10;1.55;2527.00;3.84;628755546#0_0;5.10;0.00;tripinfo_3503;1.00;3503;1;0.00;1.11;0.00;0.83;DEFAULT_VEHTYPE;;0;0.00
2529.00;4726711#1_0;85.67;10.06;1854.00;0.00;62020116#0_0;5.10;0.00;tripinfo_2575;675.00;2575;0;2824.57;1.23;0.00;483.40;DEFAULT_VEHTYPE;;19;317.00
2530.00;-654207127#1_0;72.74;1.71;2097.00;0.48;8384914_0;5.10;0.00;tripinfo_2891;433.00;2891;0;1942.48;0.93;0.00;100.90;DEFAULT_VEHTYPE;;2;7.00
2530.00;-47027406_0;7.89;8.53;2293.00;0.16;-14118784#0_0;5.10;0.00;tripinfo_3172;237.00;3172;0;1592.12;1.07;0.00;56.03;DEFAULT_VEHTYPE;;3;26.00
2531.00;8382359_0;50.83;4.44;2294.00;0.52;4730616#2_0;5.10;0.00;tripinfo_3184;237.00;3184;0;1297.39;0.83;0.00;31.46;DEFAULT_VEHTYPE;;1;1.00
2532.00;17670100#5_0;5.25;7.37;2362.00;0.32;-27882418#1_0;5.10;0.00;tripinfo_3269;170.00;3269;1;1177.73;0.95;0.00;20.23;DEFAULT_VEHTYPE;;0;0.00
2533.00;14471542#5_0;1.52;7.03;1658.00;0.60;162611854#1_0;0.20;0.00;tripinfo_2295;875.00;2295;0;3452.71;0.86;0.00;554.30;DEFAULT_VEHTYPE;;16;458.00
2533.00;14471542#1_0;0.97;6.41;2259.00;0.08;231483312_0;5.10;0.00;tripinfo_3111;274.00;3111;0;1447.25;0.92;0.00;69.63;DEFAULT_VEHTYPE;;2;35.00
2533.00;654207108_0;62.46;2.41;2292.00;0.00;-47999871_0;5.10;0.00;tripinfo_3175;241.00;3175;0;1342.79;1.08;0.00;47.38;DEFAULT_VEHTYPE;;2;5.00
2534.00;-4426074#1_0;287.56;6.65;2146.00;0.80;137241321_0;0.20;0.00;tripinfo_2960;388.00;2960;0;1522.40;0.86;0.00;184.60;DEFAULT_VEHTYPE;;5;134.00
2536.00;307954760#0_0;115.51;6.62;2156.00;0.12;14471542#2_0;5.10;0.00;tripinfo_2979;380.00;2979;0;3059.08;0.85;0.00;46.52;DEFAULT_VEHTYPE;;2;7.00
2540.00;4690638#0_0;133.07;7.81;1472.00;0.76;40598675#0_0;5.10;0.00;tripinfo_2017;1068.00;2017;0;2106.55;1.04;0.00;868.11;DEFAULT_VEHTYPE;;12;733.00
2540.00;606127856_0;2.38;4.72;2407.00;2.96;15089551_0;5.10;0.00;tripinfo_3332;133.00;3332;0;888.34;0.98;0.00;15.32;DEFAULT_VEHTYPE;;0;0.00
2541.00;567036034_0;158.55;6.26;2275.00;0.32;-220267105#1_0;5.10;0.00;tripinfo_3144;266.00;3144;0;1800.64;0.90;0.00;26.03;DEFAULT_VEHTYPE;;0;0.00
2542.00;231483313#0_0;57.30;9.76;2339.00;0.44;4690639#0_0;5.10;0.00;tripinfo_3223;203.00;3223;0;1723.52;1.23;0.00;31.82;DEFAULT_VEHTYPE;;0;0.00
2544.00;8152038_0;88.34;5.45;1345.00;0.96;162611854#0_0;5.10;0.00;tripinfo_1857;1199.00;1857;1;3301.85;1.12;0.00;858.39;DEFAULT_VEHTYPE;;19;722.00
2545.00;856293285#1_1;704.57;13.85;2437.00;1.16;393494868_0;5.10;0.00;tripinfo_3372;108.00;3372;0;1395.08;1.02;0.00;8.66;DEFAULT_VEHTYPE;;0;0.00
2546.00;606502609_0;0.20;4.09;1561.00;0.92;-47426244#0_0;5.10;0.00;tripinfo_2139;985.00;2139;0;3138.45;0.96;0.00;630.06;DEFAULT_VEHTYPE;;10;528.00
2546.00;4392761#0_0;24.31;10.73;2441.00;0.44;137238867#3_0;5.10;0.00;tripinfo_3373;105.00;3373;0;703.48;0.85;0.00;11.95;DEFAULT_VEHTYPE;;0;0.00
2548.00;-1080960154#1_0;176.03;3.70;2126.00;0.92;121794822#3_0;5.10;0.00;tripinfo_2939;422.00;2939;0;1939.97;0.80;0.00;68.68;DEFAULT_VEHTYPE;;2;6.00
2549.00;-40493652_0;0.20;6.86;1853.00;0.04;162611854#0_0;5.10;0.00;tripinfo_2568;696.00;2568;0;3228.43;0.95;0.00;432.18;DEFAULT_VEHTYPE;;17;304.00
2549.00;150276003#0_0;86.72;7.94;2468.00;0.72;-17670100#4_0;5.10;0.00;tripinfo_3424;81.00;3424;0;547.26;0.95;0.00;10.57;DEFAULT_VEHTYPE;;0;0.00
2550.00;62020321_0;201.46;12.63;2293.00;0.20;150275985#0_0;5.10;0.00;tripinfo_3165;257.00;3165;0;1659.55;0.91;0.00;52.79;DEFAULT_VEHTYPE;;2;19.00
2550.00;-43963512#1_0;53.88;9.30;2364.00;0.80;150275984#2_0;5.10;0.00;tripinfo_3260;186.00;3260;0;1534.75;1.15;0.00;33.32;DEFAULT_VEHTYPE;;1;1.00
2551.00;396102064_0;0.20;5.86;2236.00;0.76;-47027406_0;5.10;0.00;tripinfo_3092;315.00;3092;0;2434.45;0.96;0.00;38.77;DEFAULT_VEHTYPE;;1;1.00
2553.00;36801004#0_1;94.58;11.27;1809.00;0.16;1098324354_0;0.20;0.00;tripinfo_2497;744.00;2497;0;3359.59;0.90;0.00;470.34;DEFAULT_VEHTYPE;;15;348.00
2554.00;244422543#0_0;125.42;6.83;1646.00;0.64;40598675#3_0;5.10;0.00;tripinfo_2263;908.00;2263;0;1320.97;0.93;0.00;740.05;DEFAULT_VEHTYPE;;5;704.00
2556.00;8382354#0_0;76.76;7.95;2298.00;0.08;8382444_0;5.10;0.00;tripinfo_3186;258.00;3186;0;1926.04;0.99;0.00;24.01;DEFAULT_VEHTYPE;;0;0.00
2557.00;-31445160#2_0;112.65;8.74;1634.00;1.96;403882373_0;5.10;0.00;tripinfo_2257;923.00;2257;0;2355.85;1.11;0.00;734.04;DEFAULT_VEHTYPE;;12;592.00
2557.00;220267106#0_0;195.54;7.33;2395.00;0.72;220267104#0_0;5.10;0.00;tripinfo_3299;162.00;3299;0;1095.33;0.92;0.00;18.83;DEFAULT_VEHTYPE;;0;0.00
2560.00;47895849#0_0;27.29;4.16;2068.00;310.88;945224009_0;5.10;0.00;tripinfo_2421;492.00;2421;0;2188.46;0.81;0.00;280.21;DEFAULT_VEHTYPE;;10;210.00
2560.00;4730634#0_0;128.10;7.85;1808.00;0.04;-305670610_0;4.18;0.00;tripinfo_2493;752.00;2493;0;3132.84;1.04;0.00;511.62;DEFAULT_VEHTYPE;;14;403.00
2561.00;-8382447#1_0;9.38;8.07;2359.00;0.72;-150275984#0_0;5.10;0.00;tripinfo_3274;202.00;3274;0;1419.07;1.01;0.00;31.41;DEFAULT_VEHTYPE;;1;4.00
2561.00;-654207127#1_0;72.74;2.15;2442.00;0.84;654207127#5_0;5.10;0.00;tripinfo_3378;119.00;3378;0;273.69;1.06;0.00;25.93;DEFAULT_VEHTYPE;;0;0.00
2563.00;-8385415#0_0;0.20;4.29;766.00;0.32;4426075#0_0;5.10;0.00;tripinfo_1044;1797.00;1044;0;1242.10;1.11;0.00;1646.68;DEFAULT_VEHTYPE;;12;1558.00
2563.00;433333438#0_0;23.51;7.30;1363.00;0.60;-17671153_0;4.41;0.00;tripinfo_1870;1200.00;1870;0;3038.21;1.03;0.00;955.42;DEFAULT_VEHTYPE;;13;814.00
2563.00;31512978#2_0;0.20;5.82;1452.00;0.76;175206104_0;5.10;0.00;tripinfo_1992;1111.00;1992;0;2262.21;0.87;0.00;849.40;DEFAULT_VEHTYPE;;8;762.00
2564.00;5451844#0_0;38.91;9.91;2459.00;2.36;4730616#2_0;5.10;0.00;tripinfo_3412;105.00;3412;0;724.64;1.19;0.00;30.25;DEFAULT_VEHTYPE;;1;9.00
2566.00;124862963#0_0;89.92;11.99;1808.00;0.24;150275985#0_0;5.10;0.00;tripinfo_2508;758.00;2508;0;4162.60;0.90;0.00;362.88;DEFAULT_VEHTYPE;;15;222.00
2567.00;-524150306#1_0;174.71;7.92;2434.00;0.92;-524150320#2_0;5.10;0.00;tripinfo_3364;133.00;3364;0;1041.05;1.09;0.00;17.85;DEFAULT_VEHTYPE;;1;2.00
2568.00;-31519076#2_0;83.34;4.93;1999.00;0.16;-145550725#1_0;5.10;0.00;tripinfo_2772;569.00;2772;0;2751.19;0.92;0.00;129.09;DEFAULT_VEHTYPE;;4;50.00
2569.00;-40598675#2_0;91.86;8.91;1873.00;0.84;180022161#0_0;5.10;0.00;tripinfo_2578;696.00;2578;0;3379.19;1.19;0.00;397.30;DEFAULT_VEHTYPE;;3;331.00
2569.00;145550725#0_0;75.05;2.16;2288.00;0.72;-628762074#2_0;5.10;0.00;tripinfo_3149;281.00;3149;0;1150.88;0.90;0.00;54.18;DEFAULT_VEHTYPE;;1;2.00
2570.00;121794822#8_0;8.86;1.86;2120.00;0.24;-13853659#0_0;5.10;0.00;tripinfo_2933;450.00;2933;0;2290.56;1.08;0.00;134.98;DEFAULT_VEHTYPE;;4;61.00
2571.00;606127853_0;12.55;3.99;2154.00;0.48;960773147_0;5.10;0.00;tripinfo_2966;417.00;2966;1;2457.29;0.88;0.00;65.72;DEFAULT_VEHTYPE;;2;20.00
2571.00;-36786445#2_0;0.14;7.22;2311.00;0.64;-8382282#1_0;5.10;0.00;tripinfo_3188;260.00;3188;1;1886.62;1.00;0.00;33.03;DEFAULT_VEHTYPE;;1;4.00
2573.00;40493502_0;28.52;5.03;2281.00;14.88;5451918#0_0;5.10;0.00;tripinfo_3146;292.00;3146;1;1937.15;1.10;0.00;35.62;DEFAULT_VEHTYPE;;1;1.00
2574.00;856293281_0;414.50;12.00;2333.00;0.96;231945290#0_0;5.10;0.00;tripinfo_3232;241.00;3232;0;2088.39;0.91;0.00;59.73;DEFAULT_VEHTYPE;;3;30.00
2576.00;14471542#5_0;1.52;8.17;1563.00;0.40;-1267194155#2_0;5.10;0.00;tripinfo_2155;1013.00;2155;0;2618.07;0.99;0.00;792.74;DEFAULT_VEHTYPE;;14;665.00
2578.00;17671153_0;4.69;7.73;1881.00;0.40;31512978#0_0;5.10;0.00;tripinfo_2605;697.00;2605;0;2392.31;1.07;0.00;369.11;DEFAULT_VEHTYPE;;3;333.00
2578.00;14362919#0_0;60.49;7.57;2309.00;0.20;31448934#0_0;5.10;0.00;tripinfo_3190;269.00;3190;0;1827.38;1.00;0.00;42.89;DEFAULT_VEHTYPE;;3;7.00
2579.00;121794822#5_0;19.98;1.58;2382.00;0.92;8140188#6_0;5.10;0.00;tripinfo_3289;197.00;3289;0;835.59;0.96;0.00;42.82;DEFAULT_VEHTYPE;;2;2.00
2580.00;220267104#0_0;40.87;8.59;2453.00;0.32;220267105#2_0;5.10;0.00;tripinfo_3394;127.00;3394;0;792.98;1.07;0.00;36.56;DEFAULT_VEHTYPE;;1;11.00
2584.00;5450860#1_0;86.19;8.80;2327.00;0.84;400586988#0_0;0.20;0.00;tripinfo_3228;257.00;3228;0;2136.94;1.10;0.00;24.42;DEFAULT_VEHTYPE;;0;0.00
2585.00;124862962_0;72.80;11.04;1819.00;99.28;240549301_0;5.10;0.00;tripinfo_2376;766.00;2376;0;2549.29;0.84;0.00;538.89;DEFAULT_VEHTYPE;;5;486.00
2586.00;687383599#0_1;12.56;12.34;2259.00;0.28;17670100#2_0;5.10;0.00;tripinfo_3126;327.00;3126;1;2041.47;0.91;0.00;77.02;DEFAULT_VEHTYPE;;4;39.00
2586.00;4726694#0_0;116.71;5.42;2389.00;0.60;-9387033#3_0;5.10;0.00;tripinfo_3295;197.00;3295;0;1497.81;1.02;0.00;28.67;DEFAULT_VEHTYPE;;1;5.00
2587.00;14626331_0;76.58;7.78;2289.00;0.76;33301560#0_0;5.10;0.00;tripinfo_3167;298.00;3167;0;2976.60;1.03;0.00;46.19;DEFAULT_VEHTYPE;;2;10.00
2589.00;393494868_0;404.92;13.29;1800.00;0.44;290174549#1_0;5.10;0.00;tripinfo_2473;789.00;2473;0;3990.95;0.99;0.00;493.01;DEFAULT_VEHTYPE;;12;403.00
2590.00;-8382281#2_0;201.08;6.87;2316.00;0.40;524151750#0_0;5.10;0.00;tripinfo_3205;274.00;3205;0;1828.95;0.95;0.00;41.37;DEFAULT_VEHTYPE;;1;1.00
2591.00;450186404_0;75.65;7.76;2414.00;0.24;117055115_0;0.20;0.00;tripinfo_3333;177.00;3333;0;1291.07;1.00;0.00;25.65;DEFAULT_VEHTYPE;;1;2.00
2593.00;16233735#0_0;47.46;7.89;1920.00;0.60;30215395#0_0;5.10;0.00;tripinfo_2645;673.00;2645;1;4792.50;1.01;0.00;135.58;DEFAULT_VEHTYPE;;3;17.00
2593.00;393494868_0;404.92;14.20;2083.00;0.52;13764389_0;0.51;0.00;tripinfo_2884;510.00;2884;0;3969.93;1.07;0.00;239.62;DEFAULT_VEHTYPE;;8;128.00
2594.00;625259599_0;136.88;12.49;1796.00;0.72;307954760#0_0;5.10;0.00;tripinfo_2474;798.00;2474;0;3630.50;0.91;0.00;500.04;DEFAULT_VEHTYPE;;16;391.00
2594.00;4730623_0;132.96;6.96;2306.00;0.96;8382402#2_0;5.10;0.00;tripinfo_3182;288.00;3182;0;1848.63;0.99;0.00;41.21;DEFAULT_VEHTYPE;;1;2.00
2594.00;31519076#2_0;82.87;5.20;2396.00;0.48;8384893#0_0;5.10;0.00;tripinfo_3316;198.00;3316;0;1387.61;1.08;0.00;29.65;DEFAULT_VEHTYPE;;0;0.00
2596.00;-70724345#1_0;73.75;8.22;1483.00;0.68;-4730648#2_0;5.10;0.00;tripinfo_2031;1113.00;2031;0;1434.22;1.03;0.00;944.96;DEFAULT_VEHTYPE;;10;848.00
2597.00;150275991#1_0;118.48;8.81;2416.00;0.20;155433041_0;5.10;0.00;tripinfo_3340;181.00;3340;1;1362.25;1.07;0.00;17.38;DEFAULT_VEHTYPE;;0;0.00
2597.00;1156329248_0;37.41;9.15;2462.00;0.52;-400062404_0;3.59;0.00;tripinfo_3409;135.00;3409;1;885.50;1.10;0.00;23.46;DEFAULT_VEHTYPE;;1;6.00
2598.00;31519076#1_0;56.60;4.73;2119.00;0.76;121794827_0;5.10;0.00;tripinfo_2917;479.00;2917;0;2359.15;0.95;0.00;93.93;DEFAULT_VEHTYPE;;1;3.00
2601.00;28208884#0_0;120.14;6.43;1873.00;0.28;4392761#0_0;5.10;0.00;tripinfo_2576;728.00;2576;1;4540.02;0.83;0.00;123.03;DEFAULT_VEHTYPE;;7;33.00
2601.00;1287393211#0_0;79.98;7.64;1895.00;0.88;9387033#0_0;5.10;0.00;tripinfo_2621;706.00;2621;0;2448.41;0.96;0.00;492.64;DEFAULT_VEHTYPE;;6;431.00
2602.00;1089552776#1_0;20.67;7.59;2500.00;0.32;-1106583870_0;5.10;0.00;tripinfo_3469;102.00;3469;0;760.12;1.03;0.00;11.02;DEFAULT_VEHTYPE;;0;0.00
2604.00;150275984#5_0;73.36;8.22;2461.00;0.00;8140188#6_0;5.10;0.00;tripinfo_3400;143.00;3400;0;996.18;1.16;0.00;38.97;DEFAULT_VEHTYPE;;2;14.00
2605.00;121794822#5_0;19.98;2.70;1823.00;0.00;4726717_0;5.10;0.00;tripinfo_2525;782.00;2525;1;6554.28;0.98;0.00;150.08;DEFAULT_VEHTYPE;;2;14.00
2605.00;150275984#2_0;7.30;7.99;2336.00;0.92;-628757206#2_0;5.10;0.00;tripinfo_3239;269.00;3239;0;1932.17;1.09;0.00;55.13;DEFAULT_VEHTYPE;;2;25.00
2606.00;-5450857#1_0;29.82;6.24;1748.00;0.76;-40493652_0;0.20;0.00;tripinfo_2417;858.00;2417;0;2099.21;0.88;0.00;653.66;DEFAULT_VEHTYPE;;11;555.00
2608.00;47999872_0;111.69;7.12;2338.00;0.24;628757206#0_0;5.10;0.00;tripinfo_3233;270.00;3233;1;1699.47;0.90;0.00;41.38;DEFAULT_VEHTYPE;;3;10.00
2609.00;4441061_1;65.15;12.49;1903.00;0.76;-628755546#4_0;5.10;0.00;tripinfo_2617;706.00;2617;0;3855.51;0.96;0.00;379.24;DEFAULT_VEHTYPE;;6;311.00
2609.00;220267247#3_0;87.46;7.01;2265.00;0.24;1263955158#1_0;5.10;0.00;tripinfo_3133;344.00;3133;0;3081.73;0.97;0.00;30.14;DEFAULT_VEHTYPE;;0;0.00
2610.00;11294375#2_0;89.92;8.38;2223.00;0.20;30215395#0_0;5.10;0.00;tripinfo_3065;387.00;3065;0;3454.36;1.08;0.00;67.14;DEFAULT_VEHTYPE;;1;1.00
2611.00;654207127#2_0;89.07;2.71;2196.00;0.56;-781742860#8_0;5.10;0.00;tripinfo_3027;415.00;3027;0;1918.44;1.03;0.00;111.94;DEFAULT_VEHTYPE;;4;25.00
2613.00;40493501#0_0;24.50;6.94;2338.00;0.04;8382299#0_0;5.10;0.00;tripinfo_3243;275.00;3243;0;1739.16;0.86;0.00;30.09;DEFAULT_VEHTYPE;;0;0.00
2614.00;4726737_1;169.16;11.60;2238.00;0.68;-40493501#2_0;5.10;0.00;tripinfo_3106;376.00;3106;1;2655.21;0.93;0.00;78.89;DEFAULT_VEHTYPE;;5;28.00
2614.00;-95742119#1_0;3.64;5.63;2365.00;0.08;109993439_0;5.10;0.00;tripinfo_3261;249.00;3261;0;2086.19;1.02;0.00;71.12;DEFAULT_VEHTYPE;;2;38.00
2614.00;11294375#3_0;55.61;7.22;2417.00;0.60;239757874#0_0;5.10;0.00;tripinfo_3345;197.00;3345;0;1281.92;0.90;0.00;24.76;DEFAULT_VEHTYPE;;0;0.00
2615.00;40598677#0_0;25.84;7.24;2408.00;0.40;4730648#0_0;5.10;0.00;tripinfo_3330;207.00;3330;0;1394.71;1.01;0.00;40.08;DEFAULT_VEHTYPE;;3;10.00
2618.00;8152036#1_0;114.03;8.34;2264.00;0.56;31427257#0_0;5.10;0.00;tripinfo_3127;354.00;3127;1;2730.69;1.10;0.00;45.58;DEFAULT_VEHTYPE;;0;0.00
2619.00;121794825#3_0;4.66;2.90;1969.00;0.84;47896065_0;5.10;0.00;tripinfo_2728;650.00;2728;1;5049.65;1.11;0.00;163.82;DEFAULT_VEHTYPE;;3;22.00
2619.00;414404581#0_0;29.61;7.35;2504.00;0.08;47426240#0_0;5.10;0.00;tripinfo_3461;115.00;3461;0;740.33;0.97;0.00;22.93;DEFAULT_VEHTYPE;;1;9.00
2620.00;1041085657#0_0;121.90;7.24;2441.00;0.36;396926518_0;5.10;0.00;tripinfo_3362;179.00;3362;0;1230.29;0.93;0.00;17.91;DEFAULT_VEHTYPE;;0;0.00
2622.00;-14118784#2_0;30.19;6.61;2471.00;0.44;8140193#0_0;5.10;0.00;tripinfo_3423;151.00;3423;0;1041.70;0.93;0.00;15.82;DEFAULT_VEHTYPE;;0;0.00
2622.00;-31431101#1_0;119.31;8.01;2482.00;0.36;-14362916#1_0;5.10;0.00;tripinfo_3437;140.00;3437;0;1105.73;1.09;0.00;17.16;DEFAULT_VEHTYPE;;0;0.00
2625.00;781650841_0;77.95;17.43;1651.00;0.24;419709604#0_0;5.10;0.00;tripinfo_2283;974.00;2283;0;1233.63;1.28;0.00;860.12;DEFAULT_VEHTYPE;;10;730.00
2626.00;-829968896#1_0;0.20;7.46;2298.00;0.48;4730638_0;5.10;0.00;tripinfo_3191;328.00;3191;0;2105.69;1.00;0.00;62.45;DEFAULT_VEHTYPE;;2;19.00
2627.00;8140188#9_0;90.82;6.33;2386.00;0.12;1041085657#0_0;5.10;0.00;tripinfo_3304;241.00;3304;0;1533.69;0.90;0.00;32.66;DEFAULT_VEHTYPE;;1;7.00
2631.00;220267105#4_0;40.07;8.01;2305.00;0.60;31449018_0;5.10;0.00;tripinfo_3195;326.00;3195;1;2426.92;1.02;0.00;39.39;DEFAULT_VEHTYPE;;1;5.00
2633.00;8382347#2_0;145.43;8.16;1610.00;2.40;393494868_0;5.10;0.00;tripinfo_2230;1023.00;2230;0;2195.51;1.08;0.00;809.29;DEFAULT_VEHTYPE;;11;675.00
2635.00;4726711#1_0;85.67;8.66;2458.00;0.20;400586988#0_0;0.20;0.00;tripinfo_3390;177.00;3390;0;1378.85;1.10;0.00;27.47;DEFAULT_VEHTYPE;;0;0.00
2637.00;36786443#0_0;160.05;9.87;2304.00;0.84;-23084282_0;5.10;0.00;tripinfo_3178;333.00;3178;0;2618.40;1.18;0.00;65.38;DEFAULT_VEHTYPE;;1;2.00
2637.00;8382283#3_0;2.87;8.21;2342.00;0.28;158331590_0;5.10;0.00;tripinfo_3251;295.00;3251;0;2109.02;1.01;0.00;31.44;DEFAULT_VEHTYPE;;1;2.00
2638.00;28275167_0;44.02;7.99;2212.00;4.72;8152035#0_0;5.10;0.00;tripinfo_3049;426.00;3049;1;2573.00;1.10;0.00;150.95;DEFAULT_VEHTYPE;;8;28.00
2640.00;150275986#5_0;48.71;7.01;2463.00;0.44;240549300#2_0;5.10;0.00;tripinfo_3398;177.00;3398;0;1013.62;0.87;0.00;36.10;DEFAULT_VEHTYPE;;3;10.00
2640.00;-8140196_0;72.99;8.26;2455.00;0.40;1307684785#0_0;5.10;0.00;tripinfo_3405;185.00;3405;0;1353.61;1.01;0.00;18.35;DEFAULT_VEHTYPE;;0;0.00
2642.00;-832629331#1_0;122.08;8.46;2090.00;0.64;897325985#1_0;5.10;0.00;tripinfo_2888;552.00;2888;1;3554.82;1.05;0.00;162.84;DEFAULT_VEHTYPE;;5;31.00
2642.00;290172305#0_0;50.40;6.62;2271.00;0.44;15089643_0;5.10;0.00;tripinfo_3148;371.00;3148;0;2407.83;0.94;0.00;134.13;DEFAULT_VEHTYPE;;3;87.00
2644.00;8382440#0_0;245.78;6.90;2353.00;0.72;13853655#2_0;5.10;0.00;tripinfo_3249;291.00;3249;0;1912.99;0.89;0.00;30.93;DEFAULT_VEHTYPE;;0;0.00
2645.00;31431101#3_0;53.33;6.85;2558.00;0.40;150275986#4_0;0.20;0.00;tripinfo_3530;87.00;3530;0;563.59;0.88;0.00;9.38;DEFAULT_VEHTYPE;;0;0.00
2646.00;-1106583870_0;89.79;6.99;1212.00;0.68;400961599#0_0;5.10;0.00;tripinfo_1656;1434.00;1656;1;4785.92;0.93;0.00;925.27;DEFAULT_VEHTYPE;;15;789.00
2649.00;8384914_0;76.32;8.03;2561.00;0.20;28275167_0;5.10;0.00;tripinfo_3540;88.00;3540;0;676.16;1.11;0.00;9.85;DEFAULT_VEHTYPE;;0;0.00
2650.00;8384926#1_0;29.05;7.95;1725.00;0.36;14471542#3_0;5.10;0.00;tripinfo_2387;925.00;2387;0;1995.40;1.04;0.00;700.79;DEFAULT_VEHTYPE;;12;581.00
2651.00;8382445#2_0;57.89;8.16;1292.00;4.36;4392761#0_0;5.10;0.00;tripinfo_1762;1359.00;1762;1;4870.02;1.06;0.00;929.14;DEFAULT_VEHTYPE;;15;755.00
2651.00;1307684785#0_0;54.25;4.50;2252.00;1.48;628781006#6_0;0.20;0.00;tripinfo_3116;399.00;3116;0;928.19;0.97;0.00;279.84;DEFAULT_VEHTYPE;;3;221.00
2653.00;220267247#3_0;87.46;7.94;2029.00;0.52;-507534348#1_0;5.10;0.00;tripinfo_2809;624.00;2809;1;5559.46;0.99;0.00;115.32;DEFAULT_VEHTYPE;;7;38.00
2656.00;-150275986#3_0;11.62;7.46;2022.00;0.68;-47895849#3_0;5.10;0.00;tripinfo_2781;634.00;2781;1;4507.90;0.91;0.00;147.24;DEFAULT_VEHTYPE;;6;44.00
2656.00;36786443#0_0;160.05;8.49;2444.00;1.20;4730637#3_0;5.10;0.00;tripinfo_3365;212.00;3365;0;1493.37;1.12;0.00;50.21;DEFAULT_VEHTYPE;;3;18.00
2657.00;121794824_0;75.93;1.67;2167.00;0.16;-15089551_0;5.10;0.00;tripinfo_2997;490.00;2997;0;2810.53;1.02;0.00;78.95;DEFAULT_VEHTYPE;;1;4.00
2657.00;1083809476#0_0;72.33;7.37;2220.00;0.12;4726717_0;5.10;0.00;tripinfo_3079;437.00;3079;0;3822.07;0.91;0.00;93.50;DEFAULT_VEHTYPE;;2;27.00
2658.00;-31512978#1_0;13.39;8.36;2588.00;0.44;14471542#6_0;5.10;0.00;tripinfo_3573;70.00;3573;0;620.18;1.07;0.00;9.93;DEFAULT_VEHTYPE;;0;0.00
2659.00;36786443#0_0;160.05;8.27;2338.00;0.72;135300821#0_0;5.10;0.00;tripinfo_3224;321.00;3224;0;2435.12;1.07;0.00;52.88;DEFAULT_VEHTYPE;;1;8.00
2659.00;-47426244#1_0;25.56;9.24;2576.00;0.92;150275984#1_0;5.10;0.00;tripinfo_3564;83.00;3564;0;484.11;1.11;0.00;29.56;DEFAULT_VEHTYPE;;1;17.00
2661.00;121794824_0;75.93;2.66;2575.00;0.52;654207127#5_0;5.10;0.00;tripinfo_3559;86.00;3559;0;199.92;1.22;0.00;26.90;DEFAULT_VEHTYPE;;1;2.00
2662.00;1168195444#0_1;85.71;7.62;1798.00;0.84;628782529#0_0;5.10;0.00;tripinfo_2478;864.00;2478;0;1195.92;0.96;0.00;714.11;DEFAULT_VEHTYPE;;15;611.00
2662.00;-121794822#1_0;62.78;1.58;2460.00;0.92;-150275986#1_0;5.10;0.00;tripinfo_3389;202.00;3389;0;810.71;0.87;0.00;36.97;DEFAULT_VEHTYPE;;0;0.00
2670.00;552794577#0_0;45.31;8.62;1928.00;0.48;8384926#0_0;5.10;0.00;tripinfo_2666;742.00;2666;0;1219.12;1.16;0.00;615.44;DEFAULT_VEHTYPE;;6;562.00
2671.00;31427215#0_1;105.00;12.82;1929.00;0.32;4726718_0;5.10;0.00;tripinfo_2669;742.00;2669;0;2941.73;0.97;0.00;495.97;DEFAULT_VEHTYPE;;7;419.00
2671.00;16233735#0_0;47.46;7.70;2554.00;0.80;17670100#2_0;5.10;0.00;tripinfo_3535;117.00;3535;0;784.99;1.05;0.00;26.65;DEFAULT_VEHTYPE;;1;12.00
2672.00;47426244#1_0;25.56;7.12;2576.00;0.16;220267247#1_0;5.10;0.00;tripinfo_3572;96.00;3572;0;671.56;0.96;0.00;10.25;DEFAULT_VEHTYPE;;0;0.00
2672.00;900443644#0_0;5.10;1.52;2671.00;0.84;900443644#0_0;5.10;0.00;tripinfo_3703;1.00;3703;1;0.00;1.10;0.00;0.83;DEFAULT_VEHTYPE;;0;0.00
2673.00;8382445#0_0;41.60;8.84;1369.00;0.44;14108346_0;0.20;0.00;tripinfo_1898;1304.00;1898;1;4379.80;1.07;0.00;912.72;DEFAULT_VEHTYPE;;13;682.00
2673.00;-8250527#0_0;61.69;7.32;2592.00;0.28;150275984#1_0;5.10;0.00;tripinfo_3576;81.00;3576;0;523.94;0.91;0.00;10.03;DEFAULT_VEHTYPE;;0;0.00
2674.00;1089552776#1_0;20.67;8.86;1727.00;0.52;30215395#0_0;5.10;0.00;tripinfo_2384;947.00;2384;0;2225.64;1.17;0.00;723.81;DEFAULT_VEHTYPE;;12;537.00
2674.00;-36786445#2_0;3.40;8.08;2432.00;0.40;-8385415#0_0;0.20;0.00;tripinfo_3355;242.00;3355;1;1905.97;1.09;0.00;31.58;DEFAULT_VEHTYPE;;1;7.00
2674.00;-4760584#1_0;79.03;7.65;2442.00;0.04;-31431343#2_0;5.10;0.00;tripinfo_3368;232.00;3368;0;1402.96;0.96;0.00;53.50;DEFAULT_VEHTYPE;;2;17.00
2676.00;11294375#2_0;89.92;9.03;2126.00;0.76;183370113#4_0;5.10;0.00;tripinfo_2942;550.00;2942;1;4863.96;1.13;0.00;169.10;DEFAULT_VEHTYPE;;5;34.00
2679.00;-524150342_1;0.20;6.76;1989.00;0.80;14471542#5_0;1.52;0.00;tripinfo_2760;690.00;2760;1;4717.18;0.95;0.00;145.23;DEFAULT_VEHTYPE;;5;53.00
2681.00;-27807643#2_0;6.60;8.46;2397.00;0.28;-327412184_0;5.10;0.00;tripinfo_3301;284.00;3301;1;1975.42;1.12;0.00;52.19;DEFAULT_VEHTYPE;;3;9.00
2683.00;31414790#0_0;32.32;8.23;2380.00;0.56;856293282_0;0.20;0.00;tripinfo_3277;303.00;3277;1;2184.62;1.08;0.00;41.36;DEFAULT_VEHTYPE;;2;3.00
2684.00;121794822#0_0;67.73;2.23;2338.00;0.40;400062407#0_0;5.10;0.00;tripinfo_3230;346.00;3230;1;2190.07;1.11;0.00;73.38;DEFAULT_VEHTYPE;;1;13.00
2687.00;4726712#0_0;137.50;8.51;2536.00;0.44;4392761#2_0;5.10;0.00;tripinfo_3498;151.00;3498;0;1128.30;1.17;0.00;42.52;DEFAULT_VEHTYPE;;1;2.00
2688.00;8384905#0_0;74.73;8.45;1331.00;0.00;14473580_0;5.10;0.00;tripinfo_1825;1357.00;1825;1;4956.27;1.07;0.00;924.04;DEFAULT_VEHTYPE;;14;686.00
2688.00;220267105#4_0;40.07;9.23;2409.00;0.68;-31519076#0_0;5.10;0.00;tripinfo_3331;279.00;3331;0;2063.12;1.14;0.00;49.94;DEFAULT_VEHTYPE;;1;1.00
2688.00;-1156329250_0;1.26;7.69;2429.00;0.76;258274083#0_0;5.10;0.00;tripinfo_3367;259.00;3367;0;1770.57;0.98;0.00;38.10;DEFAULT_VEHTYPE;;1;11.00
2689.00;31520175#0_0;50.30;7.62;2531.00;0.60;258274083#0_0;5.10;0.00;tripinfo_3495;158.00;3495;0;1042.35;0.97;0.00;26.95;DEFAULT_VEHTYPE;;1;10.00
2692.00;654207122_0;0.20;2.18;2388.00;0.48;-450925440_0;5.10;0.00;tripinfo_3291;304.00;3291;0;1616.77;0.95;0.00;48.11;DEFAULT_VEHTYPE;;0;0.00
2692.00;14858640_0;11.76;8.50;2544.00;0.32;33301560#0_0;5.10;0.00;tripinfo_3519;148.00;3519;0;1113.42;1.03;0.00;16.35;DEFAULT_VEHTYPE;;0;0.00
2693.00;-240549301_0;21.57;6.92;1496.00;2.40;-220267105#2_0;5.10;0.00;tripinfo_2055;1197.00;2055;0;1664.50;0.95;0.00;984.65;DEFAULT_VEHTYPE;;6;932.00
2693.00;31428221#0_0;91.98;6.61;2565.00;0.44;-150275986#3_0;5.10;0.00;tripinfo_3548;128.00;3548;0;819.20;0.87;0.00;14.39;DEFAULT_VEHTYPE;;0;0.00
2693.00;308337938_0;0.20;5.72;2586.00;0.12;-8382393#3_0;5.10;0.00;tripinfo_3579;107.00;3579;0;800.84;1.05;0.00;13.56;DEFAULT_VEHTYPE;;0;0.00
2695.00;31431544#3_0;43.92;8.01;1256.00;0.36;47895849#1_0;5.10;0.00;tripinfo_1737;1439.00;1737;1;5110.58;1.08;0.00;939.35;DEFAULT_VEHTYPE;;14;768.00
2695.00;1264281862_0;71.39;13.96;2423.00;0.48;-14362916#1_0;5.10;0.00;tripinfo_3341;272.00;3341;1;1845.98;1.01;0.00;51.83;DEFAULT_VEHTYPE;;2;19.00
2696.00;31449010#1_0;80.90;5.83;2579.00;0.88;4730647#3_0;5.10;0.00;tripinfo_3571;117.00;3571;0;710.15;0.83;0.00;13.00;DEFAULT_VEHTYPE;;0;0.00
2697.00;8152036#1_0;114.03;7.45;2206.00;0.92;-654207122_0;0.20;0.00;tripinfo_3039;491.00;3039;0;2480.26;0.93;0.00;115.75;DEFAULT_VEHTYPE;;1;5.00
2699.00;8382443_0;166.79;7.35;1350.00;0.76;23179512#1_0;5.10;0.00;tripinfo_1867;1349.00;1867;1;4559.62;1.03;0.00;900.43;DEFAULT_VEHTYPE;;13;695.00
2701.00;14362919#0_0;60.49;7.05;1360.00;0.68;-9387033#3_0;5.10;0.00;tripinfo_1881;1341.00;1881;1;4214.67;0.92;0.00;887.74;DEFAULT_VEHTYPE;;16;739.00
2701.00;8152036#0_0;11.51;7.09;2297.00;0.12;693295225_0;5.10;0.00;tripinfo_3179;404.00;3179;1;2455.28;0.92;0.00;99.73;DEFAULT_VEHTYPE;;6;38.00
2702.00;450925440_0;5.29;9.04;2586.00;0.48;-1307684786#1_0;5.10;0.00;tripinfo_3566;116.00;3566;1;818.14;1.09;0.00;24.74;DEFAULT_VEHTYPE;;2;4.00
2704.00;-524150320#2_0;49.62;6.18;1291.00;0.00;36801002#0_0;5.10;0.00;tripinfo_1775;1413.00;1775;1;4640.94;0.86;0.00;885.57;DEFAULT_VEHTYPE;;18;727.00
2704.00;-47027743#2_0;83.13;10.33;1482.00;0.52;47027857#0_0;3.95;0.00;tripinfo_2034;1222.00;2034;1;4148.79;1.32;0.00;911.40;DEFAULT_VEHTYPE;;13;640.00
2704.00;8384926#0_0;41.79;8.30;2472.00;0.80;4726681#1_0;5.10;0.00;tripinfo_3410;232.00;3410;0;1788.55;1.03;0.00;22.74;DEFAULT_VEHTYPE;;0;0.00
2705.00;1053478469#1_0;29.35;6.48;1547.00;0.32;109993439_0;5.10;0.00;tripinfo_2144;1158.00;2144;0;1702.36;0.93;0.00;991.25;DEFAULT_VEHTYPE;;6;941.00
2706.00;-121794822#7_0;10.83;2.08;2365.00;0.92;175976586#0_0;5.10;0.00;tripinfo_3264;341.00;3264;0;1934.08;0.99;0.00;49.38;DEFAULT_VEHTYPE;;0;0.00
2710.00;-47426244#0_0;31.36;7.42;2570.00;0.08;-290174549#0_0;5.10;0.00;tripinfo_3561;140.00;3561;0;1068.66;1.20;0.00;32.32;DEFAULT_VEHTYPE;;0;0.00
2711.00;145550723_0;62.76;2.25;2336.00;0.12;-40493501#4_0;5.10;0.00;tripinfo_3229;375.00;3229;0;1922.41;1.04;0.00;83.22;DEFAULT_VEHTYPE;;0;0.00
2715.00;31449018_0;172.85;8.53;2437.00;1.80;11294375#3_0;5.10;0.00;tripinfo_3360;278.00;3360;0;2042.25;1.05;0.00;36.84;DEFAULT_VEHTYPE;;0;0.00
2716.00;400062407#0_0;19.70;4.92;1551.00;3.28;198077805#0_0;5.10;0.00;tripinfo_2126;1165.00;2126;1;3005.80;1.02;0.00;836.69;DEFAULT_VEHTYPE;;12;710.00
2716.00;150275991#1_0;4.22;7.42;2663.00;0.16;-150276003#2_0;5.10;0.00;tripinfo_3697;53.00;3697;1;387.03;0.99;0.00;5.56;DEFAULT_VEHTYPE;;0;0.00
2716.00;8250527#1_0;57.51;8.41;2668.00;0.00;-628762074#2_0;5.10;0.00;tripinfo_3700;48.00;3700;0;289.78;1.02;0.00;12.94;DEFAULT_VEHTYPE;;1;4.00
2718.00;8382285_0;80.54;7.66;2511.00;0.60;240549300#0_0;5.10;0.00;tripinfo_3470;207.00;3470;0;1290.36;0.94;0.00;41.92;DEFAULT_VEHTYPE;;1;10.00
2719.00;65583365#1_0;151.63;8.33;1547.00;0.88;162611854#0_0;5.10;0.00;tripinfo_2146;1172.00;2146;1;3368.87;1.00;0.00;811.54;DEFAULT_VEHTYPE;;18;677.00
2720.00;510492454#0_1;50.58;8.60;1700.00;0.24;231475823#0_0;5.10;0.00;tripinfo_2333;1020.00;2333;0;1783.96;1.10;0.00;824.08;DEFAULT_VEHTYPE;;11;709.00
2720.00;121794825#3_0;4.66;2.09;2361.00;0.20;-40493501#0_0;5.10;0.00;tripinfo_3265;359.00;3265;0;2112.61;1.05;0.00;67.50;DEFAULT_VEHTYPE;;2;15.00
2720.00;-40493501#0_0;5.85;7.71;2710.00;0.52;-40493501#1_0;5.10;0.00;tripinfo_3759;10.00;3759;1;64.55;0.94;0.00;1.78;DEFAULT_VEHTYPE;;0;0.00
2721.00;4730627#0_0;89.67;7.10;2528.00;0.80;510481273#1_0;5.10;0.00;tripinfo_3485;193.00;3485;0;1348.25;0.97;0.00;20.68;DEFAULT_VEHTYPE;;0;0.00
2722.00;220267105#2_0;81.19;6.43;2010.00;0.48;31512978#2_0;0.20;0.00;tripinfo_2766;712.00;2766;1;5686.97;0.86;0.00;133.15;DEFAULT_VEHTYPE;;7;28.00
2722.00;-150275985#2_0;56.92;6.34;2120.00;1.44;47896065_0;5.10;0.00;tripinfo_2923;602.00;2923;1;4678.41;0.88;0.00;92.79;DEFAULT_VEHTYPE;;4;16.00
2723.00;174272151_0;27.97;6.03;1425.00;0.40;181218814#0_0;5.10;0.00;tripinfo_1955;1298.00;1955;0;1341.23;0.93;0.00;1129.81;DEFAULT_VEHTYPE;;13;1040.00
2725.00;-875772621#1_0;243.60;7.00;1533.00;0.68;36801004#1_0;5.10;0.00;tripinfo_2106;1192.00;2106;1;4156.87;1.05;0.00;808.57;DEFAULT_VEHTYPE;;14;597.00
2726.00;8382447#2_0;92.79;5.95;2409.00;0.72;-220267106#1_0;5.10;0.00;tripinfo_3324;317.00;3324;0;1688.82;0.76;0.00;47.79;DEFAULT_VEHTYPE;;2;7.00
2727.00;183370113#3_0;70.49;7.63;2158.00;0.88;-654207122_0;0.20;0.00;tripinfo_2971;569.00;2971;1;3063.48;1.00;0.00;150.48;DEFAULT_VEHTYPE;;6;75.00
2731.00;7682875_0;112.41;7.61;1747.00;0.84;47461591#1_0;5.10;0.00;tripinfo_2403;984.00;2403;0;2180.76;1.01;0.00;727.10;DEFAULT_VEHTYPE;;13;586.00
2732.00;-628762073#5_0;192.89;7.10;1298.00;0.00;400961599#0_0;5.10;0.00;tripinfo_1800;1434.00;1800;1;4899.52;1.00;0.00;949.72;DEFAULT_VEHTYPE;;15;722.00
2732.00;-150275985#2_0;56.92;8.63;2419.00;0.00;111691945_0;5.10;0.00;tripinfo_3350;313.00;3350;0;2315.81;1.11;0.00;61.18;DEFAULT_VEHTYPE;;4;10.00
2732.00;47446166_0;14.44;7.92;2666.00;0.48;8384918#0_0;5.10;0.00;tripinfo_3691;66.00;3691;0;455.07;0.98;0.00;9.01;DEFAULT_VEHTYPE;;0;0.00
2733.00;-31519076#0_0;19.30;5.28;2379.00;0.96;-4318228#2_0;5.10;0.00;tripinfo_3282;354.00;3282;0;2156.03;0.96;0.00;47.75;DEFAULT_VEHTYPE;;1;10.00
2734.00;396926516#0_0;4.69;8.66;2680.00;0.80;-8140197#2_0;5.10;0.00;tripinfo_3710;54.00;3710;0;408.28;1.13;0.00;9.88;DEFAULT_VEHTYPE;;0;0.00
2738.00;36801004#1_0;12.62;12.26;2599.00;4.72;15089551_0;5.10;0.00;tripinfo_3599;139.00;3599;0;810.30;0.92;0.00;19.16;DEFAULT_VEHTYPE;;0;0.00
2739.00;17073048#0_1;15.31;7.01;2077.00;0.36;625259600_0;5.10;0.00;tripinfo_2862;662.00;2862;1;4391.69;0.87;0.00;123.76;DEFAULT_VEHTYPE;;5;36.00
2739.00;8140188#11_0;144.59;7.51;2551.00;0.28;8140193#0_0;5.10;0.00;tripinfo_3526;188.00;3526;0;1291.86;0.93;0.00;19.85;DEFAULT_VEHTYPE;;0;0.00
2739.00;31427257#8_0;130.55;15.48;2633.00;0.08;-9387033#3_0;5.10;0.00;tripinfo_3636;106.00;3636;0;970.52;1.15;0.00;39.68;DEFAULT_VEHTYPE;;1;29.00
2740.00;627916936#0_0;51.71;6.75;2475.00;0.16;-4726710#1_0;5.10;0.00;tripinfo_3422;265.00;3422;1;1503.34;0.94;0.00;34.82;DEFAULT_VEHTYPE;;0;0.00
2740.00;720012595#0_0;96.25;8.92;2486.00;0.64;400586988#0_0;0.20;0.00;tripinfo_3438;254.00;3438;0;1991.58;1.13;0.00;40.19;DEFAULT_VEHTYPE;;0;0.00
2741.00;239889169#0_0;103.10;7.08;2519.00;0.68;30215395#0_0;5.10;0.00;tripinfo_3481;222.00;3481;0;1531.73;0.91;0.00;22.85;DEFAULT_VEHTYPE;;0;0.00
2743.00;1298817713_0;144.59;6.65;1583.00;0.88;117055114_0;5.10;0.00;tripinfo_2171;1160.00;2171;0;2411.79;0.95;0.00;844.58;DEFAULT_VEHTYPE;;11;742.00
2743.00;36801001#1_1;22.48;14.05;2563.00;0.40;610739513#1_0;5.10;0.00;tripinfo_3555;180.00;3555;0;1458.44;1.05;0.00;59.51;DEFAULT_VEHTYPE;;1;42.00
2744.00;121794825#3_0;4.66;1.61;2588.00;0.04;150275985#0_0;5.10;0.00;tripinfo_3568;156.00;3568;0;638.32;1.00;0.00;28.74;DEFAULT_VEHTYPE;;0;0.00
2745.00;-36786445#2_0;44.78;8.39;2561.00;0.60;31411680#0_0;5.10;0.00;tripinfo_3545;184.00;3545;0;1387.14;1.07;0.00;22.68;DEFAULT_VEHTYPE;;0;0.00
2746.00;628762074#0_0;45.23;8.87;1420.00;4.36;40493652_0;0.20;0.00;tripinfo_1962;1326.00;1962;1;4681.01;1.09;0.00;905.12;DEFAULT_VEHTYPE;;17;682.00
2746.00;8382307#1_0;3.39;6.73;2380.00;0.80;4730637#4_0;5.10;0.00;tripinfo_3285;366.00;3285;0;2419.56;0.95;0.00;51.36;DEFAULT_VEHTYPE;;2;8.00
2748.00;8152036#0_0;11.51;6.86;2556.00;0.68;31412878_0;5.10;0.00;tripinfo_3531;192.00;3531;0;1280.78;0.99;0.00;27.41;DEFAULT_VEHTYPE;;1;7.00
2750.00;239923867#0_0;199.77;7.29;1840.00;0.00;4726681#3_0;5.10;0.00;tripinfo_2550;910.00;2550;0;1756.46;0.97;0.00;696.23;DEFAULT_VEHTYPE;;11;601.00
2751.00;-121794822#1_0;62.78;1.93;2275.00;703.56;180160758#0_0;5.10;0.00;tripinfo_2177;476.00;2177;0;2184.68;0.94;0.00;147.66;DEFAULT_VEHTYPE;;5;67.00
2751.00;31431101#2_0;34.24;7.72;2639.00;0.56;-220267247#5_0;5.10;0.00;tripinfo_3652;112.00;3652;0;838.66;1.01;0.00;12.09;DEFAULT_VEHTYPE;;0;0.00
2752.00;-1024105863_0;26.14;8.55;2604.00;0.92;856297346_0;5.10;0.00;tripinfo_3589;148.00;3589;0;1320.33;1.03;0.00;18.81;DEFAULT_VEHTYPE;;0;0.00
2752.00;14118784#0_0;104.44;7.92;2658.00;0.72;111691945_0;5.10;0.00;tripinfo_3674;94.00;3674;0;701.11;1.00;0.00;8.86;DEFAULT_VEHTYPE;;0;0.00
2753.00;14471542#4_0;27.51;6.74;2708.00;0.40;687383599#0_0;5.10;0.00;tripinfo_3755;45.00;3755;0;307.03;0.91;0.00;7.20;DEFAULT_VEHTYPE;;0;0.00
2753.00;4730648#0_0;92.32;8.72;2740.00;0.56;4730648#0_0;5.10;0.00;tripinfo_3777;13.00;3777;0;87.22;1.07;0.00;2.92;DEFAULT_VEHTYPE;;0;0.00
2756.00;4318239#0_0;189.40;6.80;2468.00;0.20;4730644_0;5.10;0.00;tripinfo_3415;288.00;3415;0;2545.37;0.90;0.00;24.56;DEFAULT_VEHTYPE;;0;0.00
2756.00;70724346#2_0;37.25;6.39;2548.00;0.08;17073048#0_0;5.10;0.00;tripinfo_3536;208.00;3536;0;1143.47;0.90;0.00;53.50;DEFAULT_VEHTYPE;;3;28.00
2757.00;-150276003#2_0;206.65;8.12;2412.00;0.44;121794822#8_0;5.10;0.00;tripinfo_3323;345.00;3323;0;1699.71;1.06;0.00;96.90;DEFAULT_VEHTYPE;;4;33.00
2757.00;40493652_0;0.20;3.14;2509.00;0.44;524150342_0;0.20;0.00;tripinfo_3473;248.00;3473;1;1418.29;1.10;0.00;89.79;DEFAULT_VEHTYPE;;4;58.00
2758.00;62020112#1_1;73.03;13.25;2465.00;0.88;4422177_0;5.10;0.00;tripinfo_3396;293.00;3396;0;3619.10;0.98;0.00;24.70;DEFAULT_VEHTYPE;;1;1.00
2758.00;400062404_0;3.59;4.55;2519.00;0.32;8140193#0_0;5.10;0.00;tripinfo_3494;239.00;3494;0;1515.78;0.95;0.00;33.93;DEFAULT_VEHTYPE;;1;10.00
2760.00;-524150347#1_0;84.26;6.93;1599.00;0.96;181218814#0_0;5.10;0.00;tripinfo_2207;1161.00;2207;0;2618.69;0.96;0.00;837.45;DEFAULT_VEHTYPE;;12;690.00
2760.00;-47426244#1_0;25.56;6.72;2339.00;0.88;4690691_0;5.10;0.00;tripinfo_3246;421.00;3246;0;2853.42;0.96;0.00;130.10;DEFAULT_VEHTYPE;;4;81.00
2760.00;8140188#11_0;144.59;7.57;2525.00;0.12;-17073048#1_0;5.10;0.00;tripinfo_3504;235.00;3504;0;1270.83;0.98;0.00;78.27;DEFAULT_VEHTYPE;;3;43.00
2762.00;13853655#1_0;17.55;8.74;2485.00;0.44;-236306864#4_0;5.10;0.00;tripinfo_3448;277.00;3448;1;2069.01;1.07;0.00;56.92;DEFAULT_VEHTYPE;;2;11.00
2762.00;1196782590#3_1;2.34;14.74;2634.00;0.68;-4730648#4_0;5.10;0.00;tripinfo_3656;128.00;3656;0;1045.87;1.13;0.00;17.44;DEFAULT_VEHTYPE;;1;1.00
2763.00;-23084263#0_0;84.85;6.09;1590.00;0.68;510492454#0_0;5.10;0.00;tripinfo_2206;1173.00;2206;1;1976.40;0.81;0.00;878.96;DEFAULT_VEHTYPE;;8;810.00
2765.00;-524150347#1_0;84.26;7.59;2460.00;0.12;1098324355_0;0.14;0.00;tripinfo_3404;305.00;3404;0;2147.03;1.00;0.00;47.69;DEFAULT_VEHTYPE;;2;11.00
2768.00;1098324353_0;0.20;7.37;2377.00;21.24;960773149_0;5.10;0.00;tripinfo_3258;391.00;3258;0;2258.75;0.94;0.00;72.61;DEFAULT_VEHTYPE;;0;0.00
2768.00;8382393#0_0;78.47;8.02;2632.00;0.32;-150275986#2_0;5.10;0.00;tripinfo_3644;136.00;3644;0;1029.34;1.06;0.00;18.03;DEFAULT_VEHTYPE;;0;0.00
2769.00;-220267108#2_0;45.86;7.01;1387.00;0.36;109993439_0;5.10;0.00;tripinfo_1912;1382.00;1912;1;5356.53;1.00;0.00;868.42;DEFAULT_VEHTYPE;;14;678.00
2769.00;121794825#3_0;4.66;1.53;2013.00;0.92;4422176_0;5.10;0.00;tripinfo_2789;756.00;2789;1;5999.96;0.96;0.00;141.43;DEFAULT_VEHTYPE;;6;32.00
2769.00;4730637#0_0;79.83;8.49;2409.00;0.32;121794825#1_0;5.10;0.00;tripinfo_3319;360.00;3319;0;1703.59;1.11;0.00;124.96;DEFAULT_VEHTYPE;;7;50.00
2770.00;62020321_1;201.46;10.26;2333.00;0.04;693295225_0;5.10;0.00;tripinfo_3218;437.00;3218;0;4375.42;0.83;0.00;48.55;DEFAULT_VEHTYPE;;2;4.00
2771.00;-31431101#2_0;34.56;8.15;2488.00;2.52;-31411842#1_0;5.10;0.00;tripinfo_3434;283.00;3434;0;1814.99;0.98;0.00;42.85;DEFAULT_VEHTYPE;;1;10.00
2775.00;627916936#0_0;51.71;6.08;2583.00;0.32;14118784#0_0;5.10;0.00;tripinfo_3569;192.00;3569;0;979.52;0.85;0.00;24.80;DEFAULT_VEHTYPE;;0;0.00
2776.00;16233734#0_0;84.26;8.12;2029.00;26.32;628781006#2_0;5.10;0.00;tripinfo_2769;747.00;2769;0;1865.57;1.02;0.00;526.01;DEFAULT_VEHTYPE;;8;432.00
2779.00;-8382429#1_0;150.81;9.39;2649.00;0.40;-220267107#0_0;5.10;0.00;tripinfo_3655;130.00;3655;0;943.82;1.14;0.00;29.25;DEFAULT_VEHTYPE;;1;9.00
2783.00;62020113#0_0;64.44;15.61;1675.00;0.76;1308361545#0_0;5.10;0.00;tripinfo_2317;1108.00;2317;0;2316.60;1.15;0.00;892.17;DEFAULT_VEHTYPE;;5;828.00
2783.00;555922918#0_0;213.94;7.71;2340.00;0.64;627916937_0;5.10;0.00;tripinfo_3238;443.00;3238;0;1520.16;1.14;0.00;272.12;DEFAULT_VEHTYPE;;4;189.00
2783.00;-237344387_0;38.86;5.04;2500.00;0.24;8382402#2_0;5.10;0.00;tripinfo_3458;283.00;3458;0;1330.69;1.13;0.00;119.65;DEFAULT_VEHTYPE;;1;71.00
2783.00;47426244#0_0;31.62;8.69;2655.00;0.00;-27882429#2_0;5.10;0.00;tripinfo_3675;128.00;3675;0;972.39;1.08;0.00;19.52;DEFAULT_VEHTYPE;;1;3.00
2785.00;17671153_0;4.69;8.13;2446.00;0.96;1153265597#0_0;5.10;0.00;tripinfo_3382;339.00;3382;0;2102.39;1.01;0.00;87.97;DEFAULT_VEHTYPE;;2;52.00
2786.00;1098324354_0;0.20;7.30;2523.00;0.88;132148873_0;5.10;0.00;tripinfo_3496;263.00;3496;0;1971.14;0.93;0.00;36.20;DEFAULT_VEHTYPE;;2;6.00
2786.00;4726679#0_0;136.33;7.21;2614.00;0.04;47895849#1_0;5.10;0.00;tripinfo_3618;172.00;3618;0;921.98;0.87;0.00;21.46;DEFAULT_VEHTYPE;;0;0.00
2788.00;62020321_0;201.46;13.89;2487.00;0.08;8382430#0_0;5.10;0.00;tripinfo_3436;301.00;3436;0;2170.76;1.08;0.00;71.56;DEFAULT_VEHTYPE;;1;41.00
2790.00;37535329#2_0;8.73;6.96;1761.00;0.20;150275991#1_0;5.10;0.00;tripinfo_2440;1029.00;2440;1;1266.08;0.91;0.00;860.55;DEFAULT_VEHTYPE;;6;807.00
2790.00;5451844#0_0;38.91;8.01;2663.00;0.84;14471542#5_0;1.52;0.00;tripinfo_3678;127.00;3678;0;1155.77;1.01;0.00;18.24;DEFAULT_VEHTYPE;;0;0.00
2792.00;220267106#0_0;195.54;7.02;1600.00;0.00;-4426076#2_0;5.10;0.00;tripinfo_2200;1192.00;2200;0;2852.03;0.94;0.00;825.23;DEFAULT_VEHTYPE;;14;686.00
2792.00;4726685#0_0;126.32;8.50;2531.00;0.92;-36786444#2_0;5.10;0.00;tripinfo_3514;261.00;3514;0;2024.88;1.06;0.00;65.05;DEFAULT_VEHTYPE;;2;19.00
2793.00;8382299#0_0;95.74;8.96;2612.00;0.16;1066438511#0_0;5.10;0.00;tripinfo_3622;181.00;3622;0;1481.32;1.12;0.00;21.04;DEFAULT_VEHTYPE;;1;1.00
2794.00;220267106#0_0;195.54;7.82;1997.00;20.24;159636085#0_0;5.10;0.00;tripinfo_2733;797.00;2733;0;2135.23;1.06;0.00;554.97;DEFAULT_VEHTYPE;;7;462.00
2794.00;40493501#2_0;21.30;7.64;2612.00;0.36;524150338#0_0;5.10;0.00;tripinfo_3612;182.00;3612;0;1218.13;1.00;0.00;32.78;DEFAULT_VEHTYPE;;1;6.00
2796.00;-40493501#2_0;21.11;6.56;2370.00;0.24;-145550725#1_0;5.10;0.00;tripinfo_3283;426.00;3283;0;1954.85;0.91;0.00;98.39;DEFAULT_VEHTYPE;;5;26.00
2799.00;31431544#3_0;43.92;6.84;1670.00;0.36;4426076#1_0;5.10;0.00;tripinfo_2312;1129.00;2312;0;2480.54;0.95;0.00;813.39;DEFAULT_VEHTYPE;;11;673.00
2799.00;62020115#0_0;118.19;8.73;2555.00;0.56;-70724349_0;5.10;0.00;tripinfo_3527;244.00;3527;0;1995.94;1.06;0.00;41.79;DEFAULT_VEHTYPE;;2;6.00
2800.00;19846527#2_0;54.32;6.70;2596.00;0.20;8382354#0_0;5.10;0.00;tripinfo_3590;204.00;3590;0;1229.40;0.86;0.00;29.66;DEFAULT_VEHTYPE;;1;7.00
2801.00;40493385#0_0;43.94;7.41;1616.00;0.96;-155472436#1_0;5.10;0.00;tripinfo_2232;1185.00;2232;0;2005.25;1.15;0.00;1028.99;DEFAULT_VEHTYPE;;14;910.00
2802.00;121794824_0;75.93;2.02;2258.00;0.92;879483837_0;5.10;0.00;tripinfo_3114;544.00;3114;0;3838.25;0.97;0.00;85.20;DEFAULT_VEHTYPE;;1;6.00
2803.00;-524150347#1_0;84.26;8.62;2621.00;0.64;521008026_0;5.10;0.00;tripinfo_3638;182.00;3638;0;1350.05;1.17;0.00;41.79;DEFAULT_VEHTYPE;;2;7.00
2805.00;13654338_1;52.84;12.81;2492.00;0.40;5451917#0_0;5.10;0.00;tripinfo_3455;313.00;3455;0;3311.91;0.95;0.00;58.13;DEFAULT_VEHTYPE;;3;23.00
2805.00;124862963#0_0;89.92;13.94;2514.00;0.56;-14118784#0_0;5.10;0.00;tripinfo_3477;291.00;3477;0;2141.23;1.07;0.00;60.17;DEFAULT_VEHTYPE;;1;15.00
2806.00;1098324354_0;0.20;7.57;1709.00;2.36;-47446166_0;5.10;0.00;tripinfo_2362;1097.00;2362;0;2001.86;0.98;0.00;883.03;DEFAULT_VEHTYPE;;7;799.00
2807.00;-524150311#1_0;52.20;8.69;2763.00;0.36;220267105#3_0;5.10;0.00;tripinfo_3812;44.00;3812;0;342.59;1.09;0.00;4.95;DEFAULT_VEHTYPE;;0;0.00
2808.00;14471542#6_0;10.27;7.49;2728.00;0.52;-433333438#1_0;5.10;0.00;tripinfo_3784;80.00;3784;0;684.28;1.01;0.00;15.26;DEFAULT_VEHTYPE;;1;4.00
2809.00;95742119#1_0;3.64;6.09;2684.00;4.92;-523287556_0;5.10;0.00;tripinfo_3714;125.00;3714;0;1057.65;0.99;0.00;27.60;DEFAULT_VEHTYPE;;1;3.00
2810.00;-43963512#1_0;53.88;6.50;1698.00;0.88;16233734#0_0;5.10;0.00;tripinfo_2346;1112.00;2346;0;2320.72;0.87;0.00;808.14;DEFAULT_VEHTYPE;;5;743.00
2810.00;121794822#3_0;11.26;2.32;2236.00;0.28;14471542#4_0;5.10;0.00;tripinfo_3101;574.00;3101;0;4075.54;1.05;0.00;141.03;DEFAULT_VEHTYPE;;6;34.00
2813.00;-654207120_0;0.20;2.77;2042.00;3.40;4441061_0;5.10;0.00;tripinfo_2805;771.00;2805;1;5621.53;1.00;0.00;229.88;DEFAULT_VEHTYPE;;9;62.00
2813.00;625259599_1;136.88;14.00;2163.00;0.40;-145550725#1_0;5.10;0.00;tripinfo_2980;650.00;2980;1;3758.94;1.09;0.00;212.60;DEFAULT_VEHTYPE;;10;95.00
2814.00;8382368#0_0;151.89;7.10;2232.00;54.56;240549301_0;5.10;0.00;tripinfo_3002;582.00;3002;0;800.90;0.92;0.00;476.53;DEFAULT_VEHTYPE;;3;443.00
2814.00;839709054_0;336.41;13.77;2444.00;0.60;70724346#0_0;5.10;0.00;tripinfo_3370;370.00;3370;0;2909.09;1.07;0.00;68.53;DEFAULT_VEHTYPE;;0;0.00
2814.00;-434361017#1_0;49.79;6.87;2547.00;0.72;5450860#0_0;5.10;0.00;tripinfo_3524;267.00;3524;1;1332.76;0.95;0.00;70.44;DEFAULT_VEHTYPE;;4;33.00
2816.00;220267247#3_0;87.46;8.44;1730.00;0.40;879483837_0;5.10;0.00;tripinfo_2380;1086.00;2380;0;3241.71;1.08;0.00;733.97;DEFAULT_VEHTYPE;;12;544.00
2821.00;95742119#1_0;3.64;9.05;1717.00;16.60;37535329#2_0;5.10;0.00;tripinfo_2345;1104.00;2345;0;1117.60;1.18;0.00;1013.25;DEFAULT_VEHTYPE;;15;912.00
2824.00;4726681#3_0;87.29;5.81;2285.00;0.56;-121794825#0_0;0.20;0.00;tripinfo_3152;539.00;3152;0;3300.00;1.03;0.00;121.09;DEFAULT_VEHTYPE;;6;43.00
2824.00;875759960_1;130.85;13.73;2688.00;0.40;8382393#3_0;5.10;0.00;tripinfo_3730;136.00;3730;0;1161.36;1.01;0.00;18.87;DEFAULT_VEHTYPE;;0;0.00
2826.00;36786445#0_0;45.67;8.51;2562.00;0.24;4726706#6_0;5.10;0.00;tripinfo_3533;264.00;3533;1;1893.78;1.05;0.00;46.23;DEFAULT_VEHTYPE;;2;10.00
2827.00;40493502_0;28.52;4.52;2521.00;0.92;-150275984#2_0;5.10;0.00;tripinfo_3489;306.00;3489;1;1936.56;0.95;0.00;47.00;DEFAULT_VEHTYPE;;2;9.00
2828.00;150275988#3_0;21.58;6.83;2538.00;0.52;23084282_0;5.10;0.00;tripinfo_3509;290.00;3509;0;1908.40;0.92;0.00;37.04;DEFAULT_VEHTYPE;;0;0.00
2828.00;772942669_0;110.92;5.11;2694.00;0.68;963479927#0_0;5.10;0.00;tripinfo_3731;134.00;3731;0;817.29;1.06;0.00;38.04;DEFAULT_VEHTYPE;;1;20.00
2829.00;628782530_0;3.16;4.80;1819.00;0.68;-31445160#2_0;5.10;0.00;tripinfo_2506;1010.00;2506;0;1308.47;1.04;0.00;883.19;DEFAULT_VEHTYPE;;13;797.00
2831.00;-524150338#1_1;31.10;4.44;1850.00;0.04;231475823#0_0;5.10;0.00;tripinfo_2543;981.00;2543;0;1750.32;0.82;0.00;624.57;DEFAULT_VEHTYPE;;7;550.00
2831.00;-31519076#2_0;83.34;5.13;2537.00;0.20;687383599#0_0;5.10;0.00;tripinfo_3515;294.00;3515;1;1653.62;1.04;0.00;56.87;DEFAULT_VEHTYPE;;1;2.00
2833.00;654207108_0;62.46;1.33;2489.00;0.12;175976586#4_0;5.10;0.00;tripinfo_3454;344.00;3454;0;1744.61;0.94;0.00;71.71;DEFAULT_VEHTYPE;;1;15.00
2833.00;4726694#2_0;60.46;4.68;2572.00;0.32;552794577#0_0;5.10;0.00;tripinfo_3544;261.00;3544;0;1418.37;0.86;0.00;37.59;DEFAULT_VEHTYPE;;2;3.00
2835.00;-36786445#2_0;7.69;7.85;2358.00;0.96;654207127#0_0;5.10;0.00;tripinfo_3257;477.00;3257;1;2105.87;0.95;0.00;133.83;DEFAULT_VEHTYPE;;5;59.00
2835.00;31520175#0_0;50.30;8.21;2454.00;0.76;4730620_0;5.10;0.00;tripinfo_3392;381.00;3392;1;2354.26;0.99;0.00;53.84;DEFAULT_VEHTYPE;;1;10.00
2836.00;4726706#6_0;132.38;7.35;2768.00;0.44;15089551_0;5.10;0.00;tripinfo_3823;68.00;3823;0;415.86;0.88;0.00;10.90;DEFAULT_VEHTYPE;;1;1.00
2838.00;-654207120_0;0.20;1.92;2088.00;0.36;4726679#2_0;5.10;0.00;tripinfo_2887;750.00;2887;1;6106.61;0.95;0.00;134.20;DEFAULT_VEHTYPE;;5;49.00
2839.00;-150275972_0;101.07;9.19;2733.00;0.88;-220267106#1_0;5.10;0.00;tripinfo_3771;106.00;3771;0;851.93;1.17;0.00;17.54;DEFAULT_VEHTYPE;;1;1.00
2840.00;23179512#0_0;41.35;6.90;2389.00;0.84;-47426244#1_0;5.10;0.00;tripinfo_3303;451.00;3303;0;2433.98;0.88;0.00;116.77;DEFAULT_VEHTYPE;;6;36.00
2840.00;13654338_1;52.84;14.73;2532.00;0.28;625259600_0;5.10;0.00;tripinfo_3501;308.00;3501;0;4071.79;1.09;0.00;36.91;DEFAULT_VEHTYPE;;1;1.00
2840.00;240549300#0_0;6.52;6.86;2629.00;0.36;-8140188#8_0;5.10;0.00;tripinfo_3637;211.00;3637;0;1582.69;1.02;0.00;24.07;DEFAULT_VEHTYPE;;0;0.00
2841.00;399914535_0;49.54;7.55;1572.00;0.80;1091652283_0;5.10;0.00;tripinfo_2160;1269.00;2160;0;2750.78;1.01;0.00;1027.52;DEFAULT_VEHTYPE;;13;887.00
2842.00;290174551#1_0;5.51;7.53;2508.00;0.16;-654207122_0;0.20;0.00;tripinfo_3472;334.00;3472;0;1888.07;1.00;0.00;51.66;DEFAULT_VEHTYPE;;0;0.00
2843.00;1298817713_0;144.59;6.99;2462.00;0.56;8382391#0_0;5.10;0.00;tripinfo_3402;381.00;3402;0;2000.73;0.96;0.00;112.48;DEFAULT_VEHTYPE;;1;72.00
2844.00;231945290#4_0;5.76;6.26;2185.00;0.52;5450860#2_0;5.10;0.00;tripinfo_3034;659.00;3034;0;1026.20;0.87;0.00;516.48;DEFAULT_VEHTYPE;;4;479.00
2845.00;-4426074#1_0;287.56;8.38;1228.00;0.40;4318228#0_0;5.10;0.00;tripinfo_1705;1617.00;1705;0;3064.70;1.04;0.00;1308.27;DEFAULT_VEHTYPE;;25;1135.00
2845.00;-4318242#1_0;81.05;8.16;2591.00;0.16;-32200291_0;5.10;0.00;tripinfo_3597;254.00;3597;0;1725.81;0.98;0.00;40.42;DEFAULT_VEHTYPE;;1;13.00
2845.00;-36786445#2_0;0.13;6.73;2599.00;0.40;175976586#6_0;5.10;0.00;tripinfo_3605;246.00;3605;1;1995.48;1.10;0.00;27.48;DEFAULT_VEHTYPE;;0;0.00
2846.00;-8384914_0;76.65;7.47;2579.00;0.36;-4318239#1_0;5.10;0.00;tripinfo_3562;267.00;3562;0;1843.86;0.94;0.00;28.01;DEFAULT_VEHTYPE;;0;0.00
2851.00;31431101#3_0;53.33;6.68;2666.00;0.80;-628755543_0;5.10;0.00;tripinfo_3685;185.00;3685;0;1123.57;0.95;0.00;41.36;DEFAULT_VEHTYPE;;1;22.00
2855.00;524150342_0;0.20;5.27;2559.00;0.56;-121794825#0_0;0.20;0.00;tripinfo_3552;296.00;3552;0;1552.37;0.99;0.00;75.94;DEFAULT_VEHTYPE;;4;20.00
2855.00;31445160#0_0;113.93;6.60;2654.00;0.48;399914535_0;5.10;0.00;tripinfo_3666;201.00;3666;0;1279.98;0.86;0.00;19.87;DEFAULT_VEHTYPE;;0;0.00
2856.00;524151750#0_0;119.20;7.32;2259.00;0.36;653443701_0;5.10;0.00;tripinfo_3137;597.00;3137;1;3811.29;0.98;0.00;136.78;DEFAULT_VEHTYPE;;7;61.00
2856.00;220267105#0_0;21.27;7.37;2434.00;0.88;33301560#0_0;5.10;0.00;tripinfo_3371;422.00;3371;0;3056.80;0.93;0.00;97.15;DEFAULT_VEHTYPE;;4;41.00
2857.00;-4730648#1_0;92.32;8.50;1089.00;0.80;8382402#0_0;5.10;0.00;tripinfo_1510;1768.00;1510;0;1610.43;1.12;0.00;1603.27;DEFAULT_VEHTYPE;;18;1466.00
2857.00;654207127#6_0;13.98;3.07;2082.00;0.72;400961599#0_0;5.10;0.00;tripinfo_2874;775.00;2874;1;5968.51;1.14;0.00;245.82;DEFAULT_VEHTYPE;;5;35.00
2859.00;4730654_0;202.68;8.78;1197.00;0.20;13654337_0;5.10;0.00;tripinfo_1640;1662.00;1640;0;1849.75;1.10;0.00;1500.78;DEFAULT_VEHTYPE;;17;1378.00
2859.00;8140188#11_0;144.59;9.19;2716.00;0.68;1162840696#0_0;5.10;0.00;tripinfo_3756;143.00;3756;0;1146.75;1.13;0.00;20.34;DEFAULT_VEHTYPE;;0;0.00
2860.00;37535329#0_0;0.20;3.65;1744.00;2.52;47426244#2_0;5.10;0.00;tripinfo_2409;1116.00;2409;1;2078.33;1.06;0.00;879.20;DEFAULT_VEHTYPE;;9;789.00
2860.00;1083809476#0_0;72.33;8.40;2635.00;0.72;-8140188#10_0;5.10;0.00;tripinfo_3649;225.00;3649;0;1804.34;1.10;0.00;30.18;DEFAULT_VEHTYPE;;1;1.00
2861.00;-1307684786#1_0;50.11;7.11;2684.00;0.44;-480937385_0;5.10;0.00;tripinfo_3723;177.00;3723;0;1113.51;0.86;0.00;22.12;DEFAULT_VEHTYPE;;0;0.00
2862.00;231483312_0;63.73;8.46;2558.00;0.52;47426244#1_0;5.10;0.00;tripinfo_3534;304.00;3534;0;2113.12;1.07;0.00;60.93;DEFAULT_VEHTYPE;;2;23.00
2866.00;1150906866_0;87.85;7.62;1278.00;0.60;8385415#0_0;0.20;0.00;tripinfo_1770;1588.00;1770;0;941.30;0.97;0.00;1476.41;DEFAULT_VEHTYPE;;20;1342.00
2866.00;47999870_0;44.01;8.07;2379.00;2.36;36801004#2_0;5.10;0.00;tripinfo_3287;487.00;3287;1;4427.36;1.04;0.00;126.62;DEFAULT_VEHTYPE;;6;62.00
2866.00;220137286#1_0;0.20;7.03;2576.00;0.00;150275980#0_0;5.10;0.00;tripinfo_3575;290.00;3575;0;1902.56;0.99;0.00;58.37;DEFAULT_VEHTYPE;;4;11.00
2867.00;-47895849#4_0;35.95;4.19;2692.00;0.60;-628755547#6_0;5.10;0.00;tripinfo_3720;175.00;3720;0;972.77;0.97;0.00;36.55;DEFAULT_VEHTYPE;;2;13.00
2868.00;-36786445#2_0;3.71;7.48;2544.00;0.84;220267105#4_0;5.10;0.00;tripinfo_3528;324.00;3528;1;1944.64;0.96;0.00;78.62;DEFAULT_VEHTYPE;;3;37.00
2868.00;180020059#2_0;43.70;8.50;2589.00;0.36;-1037986847_0;0.20;0.00;tripinfo_3587;279.00;3587;1;1927.76;1.03;0.00;49.04;DEFAULT_VEHTYPE;;1;25.00
2872.00;616545123_0;47.80;6.07;2775.00;0.08;36801004#2_0;5.10;0.00;tripinfo_3836;97.00;3836;0;851.44;1.17;0.00;13.43;DEFAULT_VEHTYPE;;0;0.00
2874.00;162611854#2_0;178.35;8.31;2582.00;0.08;8250533#0_0;5.10;0.00;tripinfo_3586;292.00;3586;0;2507.97;1.06;0.00;29.52;DEFAULT_VEHTYPE;;0;0.00
2874.00;16233734#0_0;84.26;7.87;2630.00;0.00;150275988#3_0;5.10;0.00;tripinfo_3650;244.00;3650;0;1847.24;1.10;0.00;40.73;DEFAULT_VEHTYPE;;2;9.00
2875.00;-8384914_0;76.65;6.61;2353.00;0.04;4730619_0;5.10;0.00;tripinfo_3268;522.00;3268;1;3123.41;0.88;0.00;102.42;DEFAULT_VEHTYPE;;4;33.00
2875.00;567036033_0;35.92;7.90;2564.00;0.36;121794826_0;5.10;0.00;tripinfo_3537;311.00;3537;0;1870.95;1.01;0.00;46.95;DEFAULT_VEHTYPE;;0;0.00
2878.00;4730637#4_0;132.09;7.33;2677.00;0.08;-8382283#2_0;5.10;0.00;tripinfo_3711;201.00;3711;0;1361.00;1.00;0.00;35.92;DEFAULT_VEHTYPE;;0;0.00
2879.00;5450860#1_0;86.19;6.72;841.00;4.68;290172305#0_0;5.10;0.00;tripinfo_1156;2038.00;1156;0;2080.52;0.82;0.00;1773.50;DEFAULT_VEHTYPE;;16;1644.00
2879.00;62020115#0_0;118.19;7.78;2795.00;0.08;-4312633_0;5.10;0.00;tripinfo_3861;84.00;3861;0;532.26;1.02;0.00;20.87;DEFAULT_VEHTYPE;;1;6.00
2880.00;121794824_0;75.93;2.16;1742.00;0.28;-31445160#2_0;5.10;0.00;tripinfo_2401;1138.00;2401;0;2005.93;0.89;0.00;804.38;DEFAULT_VEHTYPE;;6;716.00
2881.00;47426237#0_0;38.74;8.76;2730.00;0.80;-8140188#4_0;5.10;0.00;tripinfo_3785;151.00;3785;0;1102.57;1.07;0.00;25.37;DEFAULT_VEHTYPE;;1;4.00
2883.00;1098324353_0;0.20;8.60;1968.00;0.92;-781742860#0_0;5.10;0.00;tripinfo_2714;915.00;2714;0;1884.49;1.16;0.00;772.19;DEFAULT_VEHTYPE;;10;693.00
2887.00;124862958#0_0;40.20;9.37;2832.00;0.16;653443701_0;5.10;0.00;tripinfo_3922;55.00;3922;0;513.56;1.25;0.00;17.20;DEFAULT_VEHTYPE;;0;0.00
2889.00;1098324355_0;0.14;4.85;1577.00;0.92;4426075#0_0;5.10;0.00;tripinfo_2189;1312.00;2189;0;2284.81;1.02;0.00;1102.48;DEFAULT_VEHTYPE;;17;961.00
2889.00;31427215#0_1;105.00;13.16;2595.00;0.60;4730627#0_0;5.10;0.00;tripinfo_3595;294.00;3595;1;1567.37;1.03;0.00;96.12;DEFAULT_VEHTYPE;;3;59.00
2892.00;-327412184_0;118.77;6.69;1966.00;0.32;4726679#1_0;5.10;0.00;tripinfo_2719;926.00;2719;0;2085.80;0.94;0.00;673.72;DEFAULT_VEHTYPE;;12;570.00
2892.00;155472436#0_0;108.36;6.35;2481.00;0.32;653443701_0;5.10;0.00;tripinfo_3444;411.00;3444;0;3880.71;0.88;0.00;74.85;DEFAULT_VEHTYPE;;3;34.00
2893.00;829968897_0;14.12;7.49;2686.00;0.72;628782531_0;5.10;0.00;tripinfo_3724;207.00;3724;0;1592.11;1.12;0.00;45.75;DEFAULT_VEHTYPE;;3;7.00
2894.00;155472436#0_0;108.36;8.16;2492.00;0.20;109993439_0;5.10;0.00;tripinfo_3440;402.00;3440;0;3016.57;1.03;0.00;151.57;DEFAULT_VEHTYPE;;4;88.00
2894.00;720012595#0_0;96.25;7.92;2558.00;0.12;132148870#2_0;5.10;0.00;tripinfo_3529;336.00;3529;0;2062.21;1.08;0.00;105.99;DEFAULT_VEHTYPE;;3;32.00
2895.00;628755546#0_0;8.03;8.69;2717.00;0.76;137238867#0_0;5.10;0.00;tripinfo_3767;178.00;3767;1;1917.06;1.05;0.00;29.14;DEFAULT_VEHTYPE;;1;10.00
2897.00;606127855_0;0.20;4.54;2524.00;0.76;9387033#0_0;5.10;0.00;tripinfo_3492;373.00;3492;1;2124.37;0.91;0.00;61.80;DEFAULT_VEHTYPE;;1;11.00
2897.00;31449010#0_0;24.81;6.44;2601.00;0.04;400586988#2_0;5.10;0.00;tripinfo_3593;296.00;3593;0;1936.64;0.90;0.00;39.79;DEFAULT_VEHTYPE;;1;4.00
2899.00;-220267104#1_0;41.02;6.84;2677.00;0.92;555922918#0_0;5.10;0.00;tripinfo_3689;222.00;3689;0;1479.95;0.95;0.00;37.18;DEFAULT_VEHTYPE;;2;8.00
2900.00;-220267247#0_0;17.80;8.07;2756.00;0.60;19846377#0_0;5.10;0.00;tripinfo_3820;144.00;3820;0;1178.33;1.11;0.00;14.39;DEFAULT_VEHTYPE;;0;0.00
2903.00;4726706#5_0;34.15;7.46;1079.00;0.20;-239757874#3_0;5.10;0.00;tripinfo_1490;1824.00;1490;0;1894.01;0.96;0.00;1591.99;DEFAULT_VEHTYPE;;15;1466.00
2904.00;-40493652_0;0.20;7.90;2351.00;0.68;220267247#2_0;3.57;0.00;tripinfo_3256;553.00;3256;1;3141.82;0.98;0.00;162.97;DEFAULT_VEHTYPE;;5;31.00
2905.00;5450857#0_0;31.15;8.21;2083.00;0.12;5451917#0_0;5.10;0.00;tripinfo_2879;822.00;2879;0;2185.89;1.04;0.00;639.72;DEFAULT_VEHTYPE;;11;515.00
2905.00;220267106#0_0;195.54;7.54;2243.00;0.40;47027857#0_0;3.95;0.00;tripinfo_3105;662.00;3105;1;5465.69;0.93;0.00;118.63;DEFAULT_VEHTYPE;;6;43.00
2905.00;70724346#0_0;10.09;6.74;2761.00;5.88;8384893#0_0;5.10;0.00;tripinfo_3821;144.00;3821;0;839.95;0.84;0.00;23.39;DEFAULT_VEHTYPE;;1;4.00
2906.00;400586988#0_0;0.20;4.77;2513.00;0.64;-150276003#2_0;5.10;0.00;tripinfo_3463;393.00;3463;1;2030.60;0.99;0.00;144.82;DEFAULT_VEHTYPE;;5;42.00
2909.00;616545124_0;168.75;7.49;1672.00;0.96;-8250533#1_0;5.10;0.00;tripinfo_2307;1237.00;2307;1;2733.73;0.95;0.00;891.11;DEFAULT_VEHTYPE;;7;822.00
2910.00;770622525_0;67.29;6.96;2775.00;0.24;1098324354_0;0.20;0.00;tripinfo_3833;135.00;3833;0;802.48;0.92;0.00;64.88;DEFAULT_VEHTYPE;;2;47.00
2913.00;-36786445#2_0;4.28;5.76;2657.00;0.28;-8250533#1_0;5.10;0.00;tripinfo_3676;256.00;3676;1;1547.88;0.85;0.00;35.24;DEFAULT_VEHTYPE;;1;6.00
2913.00;-290174549#0_0;118.03;8.81;2731.00;0.60;8382305_0;5.10;0.00;tripinfo_3770;182.00;3770;0;1436.42;1.08;0.00;19.93;DEFAULT_VEHTYPE;;0;0.00
2915.00;14858642#0_0;0.20;15.18;2548.00;0.64;414404581#0_0;5.10;0.00;tripinfo_3538;367.00;3538;1;2181.78;1.10;0.00;136.19;DEFAULT_VEHTYPE;;2;29.00
2915.00;27882429#0_0;132.74;8.10;2628.00;0.20;4441062_0;5.10;0.00;tripinfo_3640;287.00;3640;0;3313.22;0.98;0.00;20.52;DEFAULT_VEHTYPE;;0;0.00
2916.00;-43963512#1_0;53.88;8.82;768.00;0.64;-781742860#5_0;5.10;0.00;tripinfo_1038;2148.00;1038;0;1720.53;1.21;0.00;2013.11;DEFAULT_VEHTYPE;;19;1862.00
2916.00;231483313#0_0;57.30;6.73;2780.00;0.28;-8384914_0;5.10;0.00;tripinfo_3851;136.00;3851;0;864.66;0.90;0.00;20.58;DEFAULT_VEHTYPE;;1;1.00
2917.00;119180322_0;109.44;8.89;2585.00;0.40;524150320#0_0;5.10;0.00;tripinfo_3580;332.00;3580;1;1723.32;1.08;0.00;128.53;DEFAULT_VEHTYPE;;6;68.00
2918.00;180020059#4_0;18.04;7.40;2724.00;0.08;31448934#0_0;5.10;0.00;tripinfo_3761;194.00;3761;0;1436.58;1.03;0.00;21.48;DEFAULT_VEHTYPE;;0;0.00
2919.00;4726681#0_0;251.87;7.72;1550.00;0.28;8382393#3_0;5.10;0.00;tripinfo_2151;1369.00;2151;0;2895.96;0.96;0.00;1114.71;DEFAULT_VEHTYPE;;7;1058.00
2919.00;-36786445#2_0;7.19;7.75;2584.00;0.68;150275980#0_0;5.10;0.00;tripinfo_3581;335.00;3581;1;1804.67;0.94;0.00;103.53;DEFAULT_VEHTYPE;;4;57.00
2920.00;-121794825#0_0;0.20;2.65;2182.00;0.80;625259600_0;5.10;0.00;tripinfo_3010;738.00;3010;1;6373.50;1.18;0.00;232.87;DEFAULT_VEHTYPE;;7;61.00
2920.00;150275984#3_0;22.78;8.14;2805.00;0.24;-47426241#1_0;5.10;0.00;tripinfo_3883;115.00;3883;0;857.28;1.04;0.00;13.16;DEFAULT_VEHTYPE;;0;0.00
2923.00;8382302#1_0;190.56;7.57;2703.00;0.24;-4318239#1_0;5.10;0.00;tripinfo_3733;220.00;3733;0;1559.16;0.95;0.00;20.68;DEFAULT_VEHTYPE;;0;0.00
2923.00;450925440_0;37.68;8.59;2735.00;0.16;150275988#0_0;5.10;0.00;tripinfo_3797;188.00;3797;0;1517.61;1.10;0.00;21.51;DEFAULT_VEHTYPE;;0;0.00
2924.00;1091652430_1;36.56;14.28;2205.00;2.44;-5450857#1_0;5.10;0.00;tripinfo_3048;719.00;3048;0;1706.86;1.10;0.00;581.83;DEFAULT_VEHTYPE;;4;518.00
2924.00;121794824_0;75.93;2.25;2331.00;0.80;5450860#2_0;5.10;0.00;tripinfo_3235;593.00;3235;0;2229.61;1.19;0.00;320.31;DEFAULT_VEHTYPE;;4;197.00
2925.00;4730638_0;74.50;7.30;2556.00;0.48;8140188#0_0;5.10;0.00;tripinfo_3541;369.00;3541;0;2138.34;0.90;0.00;69.31;DEFAULT_VEHTYPE;;2;25.00
2926.00;14471542#2_0;80.55;8.92;2397.00;0.08;4426074#0_0;5.10;0.00;tripinfo_3311;529.00;3311;0;2116.03;1.12;0.00;352.98;DEFAULT_VEHTYPE;;3;308.00
2927.00;31427180_0;0.20;5.74;2629.00;0.48;-8384914_0;5.10;0.00;tripinfo_3641;298.00;3641;1;1597.68;0.78;0.00;38.91;DEFAULT_VEHTYPE;;0;0.00
2928.00;-121794822#1_0;62.78;2.54;2726.00;0.84;829968896#1_0;0.20;0.00;tripinfo_3778;202.00;3778;0;858.52;0.93;0.00;41.40;DEFAULT_VEHTYPE;;2;2.00
2929.00;-237344387_0;38.86;4.15;1913.00;0.20;95742119#1_0;3.64;0.00;tripinfo_2640;1016.00;2640;0;1693.71;0.80;0.00;784.86;DEFAULT_VEHTYPE;;12;690.00
2929.00;606127856_0;2.00;3.14;2603.00;1.08;47426244#2_0;5.10;0.00;tripinfo_3611;326.00;3611;1;2094.75;0.92;0.00;44.80;DEFAULT_VEHTYPE;;1;2.00
2929.00;-8382302#0_0;78.80;7.86;2674.00;0.64;162611854#0_0;5.10;0.00;tripinfo_3688;255.00;3688;0;1943.60;1.00;0.00;35.92;DEFAULT_VEHTYPE;;1;9.00
2931.00;1264687285_0;0.20;6.55;1944.00;0.24;65583365#0_0;5.10;0.00;tripinfo_2683;987.00;2683;1;1829.11;0.90;0.00;741.97;DEFAULT_VEHTYPE;;6;653.00
2933.00;-8382282#1_0;28.69;6.46;2697.00;0.84;1156337042_0;5.10;0.00;tripinfo_3728;236.00;3728;0;1313.30;0.85;0.00;48.28;DEFAULT_VEHTYPE;;2;16.00
2934.00;745660413#0_0;14.65;6.85;1128.00;0.12;175976586#0_0;5.10;0.00;tripinfo_1554;1806.00;1554;0;2390.72;0.96;0.00;1536.50;DEFAULT_VEHTYPE;;18;1380.00
2935.00;450925440_0;37.68;6.24;2336.00;0.52;653443701_0;5.10;0.00;tripinfo_3234;599.00;3234;1;3648.13;0.83;0.00;95.04;DEFAULT_VEHTYPE;;4;13.00
2935.00;121794824_0;75.93;2.35;2599.00;0.00;8384905#0_0;5.10;0.00;tripinfo_3600;336.00;3600;0;1773.50;1.13;0.00;94.96;DEFAULT_VEHTYPE;;4;18.00
2936.00;1264687285_0;0.20;7.08;2611.00;0.28;4426074#0_0;5.10;0.00;tripinfo_3601;325.00;3601;0;647.62;0.98;0.00;244.21;DEFAULT_VEHTYPE;;4;200.00
2937.00;-14858868_0;74.65;4.96;2336.00;0.76;150275973#0_0;5.10;0.00;tripinfo_3217;601.00;3217;1;2802.88;0.71;0.00;118.32;DEFAULT_VEHTYPE;;3;47.00
2938.00;-220267107#0_0;75.53;6.29;2637.00;0.52;31412878_0;5.10;0.00;tripinfo_3634;301.00;3634;0;1568.27;0.82;0.00;59.40;DEFAULT_VEHTYPE;;3;21.00
2942.00;745660413#0_0;14.65;6.47;2711.00;0.48;5451918#0_0;5.10;0.00;tripinfo_3741;231.00;3741;0;1539.15;0.90;0.00;23.26;DEFAULT_VEHTYPE;;0;0.00
2943.00;1053478471_0;54.01;5.55;1237.00;0.76;413722450_0;5.10;0.00;tripinfo_1692;1706.00;1692;0;2785.12;0.91;0.00;1430.59;DEFAULT_VEHTYPE;;18;1298.00
2943.00;121794822#0_0;67.73;1.85;2648.00;1.04;-13764389_0;0.72;0.00;tripinfo_3668;295.00;3668;0;1684.02;0.91;0.00;40.86;DEFAULT_VEHTYPE;;0;0.00
2943.00;124862958#0_0;40.20;8.76;2694.00;2.36;8382447#0_0;5.10;0.00;tripinfo_3712;249.00;3712;1;1502.32;1.07;0.00;83.71;DEFAULT_VEHTYPE;;5;40.00
2943.00;643081314#0_0;6.64;8.12;2824.00;0.16;95742119#1_0;3.64;0.00;tripinfo_3897;119.00;3897;0;816.16;1.07;0.00;26.15;DEFAULT_VEHTYPE;;1;1.00
2944.00;1174387985#0_0;9.45;8.65;2819.00;0.32;-781650841_0;5.10;0.00;tripinfo_3894;125.00;3894;0;1128.25;1.15;0.00;20.76;DEFAULT_VEHTYPE;;0;0.00
2945.00;96016144#0_0;173.56;7.62;2519.00;0.12;-36786443#2_0;5.10;0.00;tripinfo_3479;426.00;3479;0;805.61;1.04;0.00;321.93;DEFAULT_VEHTYPE;;2;303.00
2945.00;31431544#3_0;43.92;8.00;2563.00;2.16;393494868_0;5.10;0.00;tripinfo_3547;382.00;3547;0;3500.18;0.97;0.00;47.84;DEFAULT_VEHTYPE;;1;1.00
2946.00;96018881#0_0;97.29;6.93;1936.00;0.08;23084263#0_0;5.10;0.00;tripinfo_2686;1010.00;2686;0;1459.83;0.96;0.00;857.55;DEFAULT_VEHTYPE;;20;724.00
2947.00;4730616#0_0;6.14;8.77;2681.00;0.88;781650841_0;5.10;0.00;tripinfo_3721;266.00;3721;0;1719.11;1.06;0.00;37.03;DEFAULT_VEHTYPE;;1;3.00
2948.00;-13853659#1_0;26.47;4.00;1730.00;0.24;62020114#0_0;5.10;0.00;tripinfo_2383;1218.00;2383;0;2558.37;0.95;0.00;959.62;DEFAULT_VEHTYPE;;17;829.00
2948.00;8382299#0_0;95.74;6.89;2854.00;0.16;47426237#0_0;5.10;0.00;tripinfo_3947;94.00;3947;0;639.70;0.94;0.00;10.82;DEFAULT_VEHTYPE;;0;0.00
2949.00;121794826_0;64.15;2.14;2045.00;0.96;510702675#0_0;5.10;0.00;tripinfo_2832;904.00;2832;0;2252.91;0.89;0.00;527.11;DEFAULT_VEHTYPE;;4;421.00
2951.00;183370113#2_0;41.05;7.26;2547.00;0.48;-70724345#1_0;5.10;0.00;tripinfo_3516;404.00;3516;1;2159.98;0.91;0.00;115.80;DEFAULT_VEHTYPE;;4;63.00
2951.00;628762074#0_0;45.23;7.93;2788.00;0.60;450925440_0;5.10;0.00;tripinfo_3870;163.00;3870;0;979.39;0.96;0.00;39.15;DEFAULT_VEHTYPE;;2;21.00
2952.00;-132148870#1_0;101.50;7.42;2452.00;0.24;183370113#4_0;5.10;0.00;tripinfo_3383;500.00;3383;1;4496.96;0.95;0.00;92.27;DEFAULT_VEHTYPE;;4;18.00
2952.00;4441059#1_0;10.66;13.15;2503.00;0.48;14858868_0;5.10;0.00;tripinfo_3466;449.00;3466;1;3279.17;1.06;0.00;78.18;DEFAULT_VEHTYPE;;1;3.00
2952.00;-13853663_0;144.02;7.72;2613.00;3.64;-220267247#1_0;5.10;0.00;tripinfo_3613;339.00;3613;0;2312.71;0.96;0.00;46.07;DEFAULT_VEHTYPE;;0;0.00
2952.00;4422177_0;124.80;13.85;2666.00;0.88;31448937#1_0;5.10;0.00;tripinfo_3696;286.00;3696;0;1766.05;1.01;0.00;76.54;DEFAULT_VEHTYPE;;3;35.00
2952.00;-31431343#2_0;47.38;7.31;2752.00;3.96;-524150333#1_0;5.10;0.00;tripinfo_3807;200.00;3807;0;1337.05;1.01;0.00;38.14;DEFAULT_VEHTYPE;;1;9.00
2952.00;628755546#0_0;2.94;7.14;2909.00;1.52;36801004#1_0;5.10;0.00;tripinfo_4034;43.00;4034;1;324.46;0.93;0.00;9.46;DEFAULT_VEHTYPE;;0;0.00
2954.00;-510702675#4_0;98.24;6.90;2017.00;0.28;-1083809476#2_0;5.10;0.00;tripinfo_2801;937.00;2801;0;1226.48;0.91;0.00;718.08;DEFAULT_VEHTYPE;;16;614.00
2955.00;875759960_1;130.85;13.54;2697.00;0.08;32200291_0;5.10;0.00;tripinfo_3736;258.00;3736;0;1986.03;1.04;0.00;48.18;DEFAULT_VEHTYPE;;2;13.00
2955.00;-244422544#1_0;114.80;8.47;2797.00;0.56;-8382283#2_0;5.10;0.00;tripinfo_3877;158.00;3877;0;1137.38;1.09;0.00;30.95;DEFAULT_VEHTYPE;;0;0.00
2956.00;14118784#1_0;30.19;7.97;2828.00;0.68;31448934#1_0;5.10;0.00;tripinfo_3906;128.00;3906;0;952.62;1.01;0.00;13.47;DEFAULT_VEHTYPE;;0;0.00
2957.00;591680761#0_0;6.13;13.33;2498.00;0.56;-8140188#8_0;5.10;0.00;tripinfo_3452;459.00;3452;0;2994.20;1.01;0.00;125.54;DEFAULT_VEHTYPE;;7;13.00
2957.00;13853658_0;42.30;5.02;2698.00;0.80;14118785#1_0;5.10;0.00;tripinfo_3735;259.00;3735;0;1588.42;1.03;0.00;66.62;DEFAULT_VEHTYPE;;3;18.00
2958.00;523287556_0;11.61;5.90;1779.00;35.96;1053478469#0_0;5.10;0.00;tripinfo_2407;1179.00;2407;0;1265.42;0.85;0.00;1000.36;DEFAULT_VEHTYPE;;6;944.00
2958.00;-781650841_0;71.98;14.16;2810.00;0.40;4318228#0_0;5.10;0.00;tripinfo_3880;148.00;3880;0;1260.51;1.11;0.00;14.91;DEFAULT_VEHTYPE;;0;0.00
2959.00;4726737_1;169.16;6.91;2711.00;0.00;450186403_0;5.10;0.00;tripinfo_3750;248.00;3750;0;2991.42;1.08;0.00;30.65;DEFAULT_VEHTYPE;;0;0.00
2960.00;628755546#0_0;0.09;5.56;2896.00;0.60;47027857#0_0;3.95;0.00;tripinfo_3995;64.00;3995;1;331.92;0.98;0.00;22.59;DEFAULT_VEHTYPE;;1;2.00
2961.00;34065519_0;28.94;6.75;1113.00;0.60;413722446_0;0.20;0.00;tripinfo_1520;1848.00;1520;0;2484.60;1.22;0.00;1594.34;DEFAULT_VEHTYPE;;24;1428.00
2964.00;856293284_1;169.21;14.43;2226.00;0.20;4422176_0;5.10;0.00;tripinfo_3090;738.00;3090;0;2724.94;1.13;0.00;538.59;DEFAULT_VEHTYPE;;8;412.00
2964.00;4318239#0_0;189.40;6.61;2403.00;0.52;-400062404_0;3.59;0.00;tripinfo_3334;561.00;3334;0;2123.61;0.84;0.00;248.11;DEFAULT_VEHTYPE;;5;195.00
2965.00;4726706#6_0;132.38;8.80;1865.00;0.68;4426075#0_0;5.10;0.00;tripinfo_2581;1100.00;2581;0;1104.48;1.06;0.00;972.84;DEFAULT_VEHTYPE;;13;890.00
2965.00;628755546#0_0;42.68;6.67;2406.00;0.92;-220267247#5_0;5.10;0.00;tripinfo_3314;559.00;3314;1;2935.08;0.82;0.00;128.48;DEFAULT_VEHTYPE;;6;58.00
2966.00;8382445#0_0;41.60;7.58;2799.00;1.80;-8382305_0;5.10;0.00;tripinfo_3860;167.00;3860;0;1185.38;1.04;0.00;29.87;DEFAULT_VEHTYPE;;2;2.00
2966.00;8152033#0_0;28.23;9.12;2798.00;0.16;4726694#0_0;5.10;0.00;tripinfo_3872;168.00;3872;0;1276.86;1.14;0.00;37.31;DEFAULT_VEHTYPE;;1;9.00
2968.00;28208884#0_0;120.14;8.65;2758.00;0.32;-31411680#2_0;5.10;0.00;tripinfo_3819;210.00;3819;0;1496.20;1.04;0.00;36.42;DEFAULT_VEHTYPE;;2;8.00
2970.00;-4426074#1_0;287.56;5.59;1140.00;0.96;150275985#0_0;5.10;0.00;tripinfo_1557;1830.00;1557;0;3331.35;0.72;0.00;1340.12;DEFAULT_VEHTYPE;;21;1147.00
2970.00;-17073048#1_0;15.03;8.62;2906.00;0.04;14118785#1_0;5.10;0.00;tripinfo_4018;64.00;4018;0;478.21;1.09;0.00;10.22;DEFAULT_VEHTYPE;;0;0.00
2972.00;-150275985#2_0;56.92;8.62;2605.00;0.32;231483332#0_0;5.10;0.00;tripinfo_3594;367.00;3594;0;2408.71;1.10;0.00;104.17;DEFAULT_VEHTYPE;;4;65.00
2972.00;606502609_0;0.20;4.62;2769.00;0.12;14858868_0;5.10;0.00;tripinfo_3829;203.00;3829;0;1466.75;0.99;0.00;20.44;DEFAULT_VEHTYPE;;0;0.00
2972.00;-1106583870_0;89.79;6.65;2791.00;0.72;-150275986#3_0;5.10;0.00;tripinfo_3874;181.00;3874;0;1203.06;0.90;0.00;19.18;DEFAULT_VEHTYPE;;0;0.00
2975.00;523287556_0;11.61;8.77;2749.00;0.44;150275973#0_0;5.10;0.00;tripinfo_3798;226.00;3798;0;1819.26;1.10;0.00;25.29;DEFAULT_VEHTYPE;;0;0.00
2976.00;145550725#0_0;75.05;3.13;2272.00;0.20;963479927#0_0;5.10;0.00;tripinfo_3140;704.00;3140;1;5476.13;1.15;0.00;211.89;DEFAULT_VEHTYPE;;6;55.00
2976.00;31431544#4_0;16.75;7.43;2736.00;0.04;14118783_0;5.10;0.00;tripinfo_3793;240.00;3793;0;1601.29;0.95;0.00;36.57;DEFAULT_VEHTYPE;;2;7.00
2979.00;47895849#0_0;27.29;4.40;2727.00;0.36;524150333#0_0;5.10;0.00;tripinfo_3787;252.00;3787;0;1738.18;1.00;0.00;40.97;DEFAULT_VEHTYPE;;2;5.00
2981.00;13853655#2_0;92.58;7.52;2593.00;0.24;856293282_0;0.20;0.00;tripinfo_3583;388.00;3583;1;2411.20;0.91;0.00;48.17;DEFAULT_VEHTYPE;;0;0.00
2982.00;-220267105#3_0;29.12;7.44;2760.00;0.84;-4318237#2_0;5.10;0.00;tripinfo_3828;222.00;3828;0;1559.30;0.95;0.00;23.53;DEFAULT_VEHTYPE;;0;0.00
2982.00;8152036#0_0;11.51;7.93;2873.00;0.84;31448937#1_0;5.10;0.00;tripinfo_3978;109.00;3978;0;727.64;1.04;0.00;14.48;DEFAULT_VEHTYPE;;0;0.00
2983.00;8384907#0_0;17.67;8.02;2411.00;0.60;4730616#2_0;5.10;0.00;tripinfo_3320;572.00;3320;1;3747.35;1.01;0.00;132.82;DEFAULT_VEHTYPE;;4;59.00
2985.00;450186404_0;75.65;8.26;2757.00;0.28;231475823#0_0;5.10;0.00;tripinfo_3826;228.00;3826;0;756.85;1.06;0.00;141.46;DEFAULT_VEHTYPE;;5;103.00
2985.00;36786445#0_0;45.67;9.75;2855.00;0.28;14118783_0;5.10;0.00;tripinfo_3951;130.00;3951;0;1024.20;1.28;0.00;32.26;DEFAULT_VEHTYPE;;2;4.00
2985.00;4392761#5_1;0.20;12.90;2876.00;0.60;400586988#1_0;0.20;0.00;tripinfo_3970;109.00;3970;0;862.02;0.95;0.00;11.79;DEFAULT_VEHTYPE;;0;0.00
2986.00;-8382393#3_0;101.67;6.71;2778.00;0.36;-47999870_0;5.10;0.00;tripinfo_3837;208.00;3837;0;1360.72;0.96;0.00;35.47;DEFAULT_VEHTYPE;;1;12.00
2987.00;-8382393#3_0;101.67;9.59;2851.00;0.36;-480937385_0;5.10;0.00;tripinfo_3937;136.00;3937;0;1067.45;1.17;0.00;27.90;DEFAULT_VEHTYPE;;0;0.00
2988.00;121794822#0_0;67.73;2.75;2375.00;0.64;-96016135_0;2.24;0.00;tripinfo_3288;613.00;3288;1;5111.90;0.99;0.00;117.20;DEFAULT_VEHTYPE;;4;15.00
2988.00;13853659#0_0;31.49;5.35;2976.00;0.16;40493502_0;5.10;0.00;tripinfo_4122;12.00;4122;0;57.49;1.04;0.00;1.96;DEFAULT_VEHTYPE;;0;0.00
2989.00;31519076#2_0;82.87;4.69;1855.00;0.56;4426076#0_0;5.10;0.00;tripinfo_2552;1134.00;2552;0;1354.56;1.04;0.00;966.48;DEFAULT_VEHTYPE;;11;887.00
2989.00;119180322_0;109.44;7.97;2569.00;0.64;-239758251_0;5.10;0.00;tripinfo_3563;420.00;3563;1;2496.94;1.03;0.00;101.61;DEFAULT_VEHTYPE;;3;40.00
2991.00;8382307#0_0;58.85;8.34;2852.00;0.68;220267108#0_0;5.10;0.00;tripinfo_3956;139.00;3956;0;1030.78;1.11;0.00;27.24;DEFAULT_VEHTYPE;;1;6.00
2992.00;31427215#0_1;105.00;14.68;2928.00;0.36;403882374_0;0.20;0.00;tripinfo_4062;64.00;4062;0;476.47;1.09;0.00;30.73;DEFAULT_VEHTYPE;;2;22.00
2994.00;-43963512#1_0;53.88;6.10;2535.00;0.36;625259600_0;5.10;0.00;tripinfo_3512;459.00;3512;0;4115.95;0.88;0.00;112.96;DEFAULT_VEHTYPE;;3;68.00
2994.00;17670100#2_0;87.92;7.67;2742.00;0.64;4726711#0_0;5.10;0.00;tripinfo_3788;252.00;3788;1;1786.00;1.08;0.00;50.75;DEFAULT_VEHTYPE;;0;0.00
2996.00;31520176#0_0;94.94;7.64;1618.00;0.56;198077804#4_0;5.10;0.00;tripinfo_2227;1378.00;2227;1;2639.13;1.06;0.00;1104.83;DEFAULT_VEHTYPE;;11;982.00
2996.00;31448934#1_0;46.42;7.04;2236.00;3.40;4726681#3_0;5.10;0.00;tripinfo_3080;760.00;3080;1;4666.86;0.90;0.00;141.80;DEFAULT_VEHTYPE;;6;37.00
2996.00;829968896#1_0;0.20;5.92;2331.00;0.80;14473580_0;5.10;0.00;tripinfo_3210;665.00;3210;1;5561.65;0.85;0.00;107.42;DEFAULT_VEHTYPE;;4;26.00
2998.00;14471542#3_0;62.11;6.82;2553.00;0.92;-8250533#1_0;5.10;0.00;tripinfo_3539;445.00;3539;1;2669.58;0.97;0.00;111.07;DEFAULT_VEHTYPE;;4;47.00
2999.00;4730623_0;132.96;6.43;2662.00;0.36;150275988#5_0;5.10;0.00;tripinfo_3687;337.00;3687;0;2245.77;0.91;0.00;34.80;DEFAULT_VEHTYPE;;0;0.00
2999.00;302657565#0_0;212.13;8.37;2719.00;0.24;14108392_0;0.20;0.00;tripinfo_3758;280.00;3758;0;3413.05;1.09;0.00;36.83;DEFAULT_VEHTYPE;;0;0.00
2999.00;1156329248_0;37.41;8.46;2916.00;0.64;4730616#2_0;5.10;0.00;tripinfo_4038;83.00;4038;0;568.55;1.10;0.00;17.18;DEFAULT_VEHTYPE;;1;5.00
3000.00;-434361017#1_0;49.79;7.88;2923.00;1.92;-628755544#4_0;5.10;0.00;tripinfo_4039;77.00;4039;0;547.28;1.06;0.00;29.98;DEFAULT_VEHTYPE;;1;19.00
3001.00;4730619_0;209.27;7.27;2776.00;0.60;4690639#0_0;5.10;0.00;tripinfo_3845;225.00;3845;0;1684.54;0.88;0.00;22.25;DEFAULT_VEHTYPE;;0;0.00
3003.00;1174387986_0;0.20;6.48;2620.00;0.72;36801004#2_0;5.10;0.00;tripinfo_3624;383.00;3624;0;3729.14;0.83;0.00;53.44;DEFAULT_VEHTYPE;;1;23.00
3004.00;40151780#0_0;33.06;8.82;1941.00;0.64;159636085#0_0;5.10;0.00;tripinfo_2688;1063.00;2688;0;1659.62;1.14;0.00;909.75;DEFAULT_VEHTYPE;;12;813.00
3004.00;720012594#0_0;74.40;8.71;2634.00;0.40;14858640_0;5.10;0.00;tripinfo_3630;370.00;3630;1;2301.02;1.13;0.00;138.13;DEFAULT_VEHTYPE;;5;43.00
3004.00;829968897_0;14.12;7.47;2783.00;3.92;175976586#0_0;5.10;0.00;tripinfo_3839;221.00;3839;0;1460.06;0.93;0.00;31.37;DEFAULT_VEHTYPE;;1;4.00
3007.00;31448937#0_0;69.76;7.84;2520.00;0.00;124862960_0;0.20;0.00;tripinfo_3500;487.00;3500;1;3286.52;1.09;0.00;152.30;DEFAULT_VEHTYPE;;5;57.00
3008.00;124862962_0;72.80;12.10;2962.00;0.64;897325985#1_0;5.10;0.00;tripinfo_4088;46.00;4088;0;473.61;0.94;0.00;6.66;DEFAULT_VEHTYPE;;0;0.00
3009.00;4726710#1_0;10.66;4.90;2534.00;0.64;-36786443#2_0;5.10;0.00;tripinfo_3513;475.00;3513;0;1066.43;0.89;0.00;317.57;DEFAULT_VEHTYPE;;2;293.00
3010.00;8382430#0_0;122.21;9.69;2839.00;0.48;31520175#0_0;5.10;0.00;tripinfo_3916;171.00;3916;0;1346.56;1.21;0.00;29.59;DEFAULT_VEHTYPE;;0;0.00
3011.00;11294375#0_0;66.35;7.20;2595.00;0.64;628755547#0_0;5.10;0.00;tripinfo_3588;416.00;3588;0;2294.60;0.89;0.00;105.25;DEFAULT_VEHTYPE;;2;63.00
3011.00;-628755543_0;50.70;8.58;2962.00;0.00;450925440_0;5.10;0.00;tripinfo_4100;49.00;4100;0;257.80;1.05;0.00;18.84;DEFAULT_VEHTYPE;;1;9.00
3012.00;781742860#4_0;32.44;8.91;2308.00;1.36;-8382447#1_0;5.10;0.00;tripinfo_3187;704.00;3187;1;1169.00;1.10;0.00;574.33;DEFAULT_VEHTYPE;;3;527.00
3012.00;-43963512#1_0;53.88;8.09;2494.00;0.68;-13764247#1_0;5.10;0.00;tripinfo_3456;518.00;3456;0;1009.66;1.10;0.00;339.48;DEFAULT_VEHTYPE;;2;315.00
3012.00;-31512978#1_0;13.39;7.27;2574.00;0.80;-875772621#1_0;5.10;0.00;tripinfo_3560;438.00;3560;0;2461.54;0.92;0.00;112.68;DEFAULT_VEHTYPE;;4;53.00
3013.00;-150275972_0;101.07;8.26;2707.00;0.84;31448934#0_0;5.10;0.00;tripinfo_3753;306.00;3753;0;2384.49;1.09;0.00;42.55;DEFAULT_VEHTYPE;;1;5.00
3015.00;4441062_0;62.39;13.87;2628.00;0.24;31412878_0;5.10;0.00;tripinfo_3633;387.00;3633;1;2394.35;1.04;0.00;121.46;DEFAULT_VEHTYPE;;4;52.00
3017.00;40493501#0_0;24.50;6.20;2294.00;0.88;159636082_0;0.20;0.00;tripinfo_3171;723.00;3171;0;818.24;0.87;0.00;608.51;DEFAULT_VEHTYPE;;3;588.00
3017.00;-628755544#1_0;75.24;7.17;2674.00;4.72;150275991#0_0;5.10;0.00;tripinfo_3699;343.00;3699;1;1824.34;0.95;0.00;98.77;DEFAULT_VEHTYPE;;4;49.00
3017.00;393494867_0;123.28;13.72;2677.00;0.40;8384930#0_0;5.10;0.00;tripinfo_3705;340.00;3705;0;1653.04;1.08;0.00;188.27;DEFAULT_VEHTYPE;;2;159.00
3018.00;121794827_0;64.57;2.52;2779.00;0.96;8382279#0_0;5.10;0.00;tripinfo_3857;239.00;3857;0;797.33;0.98;0.00;52.74;DEFAULT_VEHTYPE;;0;0.00
3020.00;-4312572#1_0;195.83;6.77;825.00;0.52;875759960_0;5.10;0.00;tripinfo_1134;2195.00;1134;0;2160.65;0.96;0.00;1971.25;DEFAULT_VEHTYPE;;20;1818.00
3023.00;31449010#1_0;80.90;9.05;2884.00;0.40;1298817713_0;5.10;0.00;tripinfo_4005;139.00;4005;0;1079.73;1.18;0.00;24.38;DEFAULT_VEHTYPE;;0;0.00
3026.00;31427257#4_0;16.96;13.56;2292.00;0.24;155433040#0_0;5.10;0.00;tripinfo_3158;734.00;3158;0;2693.78;1.03;0.00;482.70;DEFAULT_VEHTYPE;;6;422.00
3026.00;-654207120_0;0.20;2.83;2687.00;0.64;4730631#0_0;5.10;0.00;tripinfo_3713;339.00;3713;0;2002.27;1.07;0.00;80.16;DEFAULT_VEHTYPE;;1;3.00
3027.00;856293282_0;0.20;12.92;2445.00;0.56;-121794824_0;5.10;0.00;tripinfo_3377;582.00;3377;1;3129.42;0.98;0.00;152.34;DEFAULT_VEHTYPE;;4;50.00
3032.00;240549301_0;21.58;0.00;1807.00;0.48;239923867#0_0;5.10;0.00;tripinfo_2491;1225.00;2491;0;956.81;0.88;0.00;1075.48;DEFAULT_VEHTYPE;teleport;7;1027.00
3035.00;220267105#2_0;81.19;7.09;2981.00;0.60;-8382302#0_0;5.10;0.00;tripinfo_4120;54.00;4120;0;347.51;0.89;0.00;6.60;DEFAULT_VEHTYPE;;0;0.00
3037.00;-220267105#4_0;40.01;6.85;2223.00;0.00;879483837_0;5.10;0.00;tripinfo_3075;814.00;3075;1;6144.14;0.83;0.00;157.31;DEFAULT_VEHTYPE;;4;59.00
3037.00;62020115#0_0;118.19;7.57;2631.00;0.12;-628755546#4_0;5.10;0.00;tripinfo_3629;406.00;3629;0;4239.77;0.99;0.00;78.46;DEFAULT_VEHTYPE;;3;34.00
3037.00;4318237#0_0;111.66;6.07;2906.00;0.76;8382393#3_0;5.10;0.00;tripinfo_4017;131.00;4017;0;838.87;0.88;0.00;16.37;DEFAULT_VEHTYPE;;0;0.00
3039.00;40493384#0_0;42.03;6.51;1953.00;0.20;1307684785#1_0;5.10;0.00;tripinfo_2690;1086.00;2690;1;1533.87;0.93;0.00;885.18;DEFAULT_VEHTYPE;;7;818.00
3039.00;124862958#0_0;40.20;7.57;2740.00;0.56;8382447#0_0;5.10;0.00;tripinfo_3802;299.00;3802;1;1502.32;1.02;0.00;124.82;DEFAULT_VEHTYPE;;4;77.00
3039.00;720012595#0_0;96.25;7.72;2783.00;0.76;-8382283#3_0;2.88;0.00;tripinfo_3842;256.00;3842;0;1777.91;0.93;0.00;25.50;DEFAULT_VEHTYPE;;0;0.00
3039.00;290172305#0_0;50.40;6.98;2844.00;0.44;-8382305_0;5.10;0.00;tripinfo_3923;195.00;3923;0;1190.83;0.85;0.00;24.28;DEFAULT_VEHTYPE;;0;0.00
3042.00;40493384#3_0;64.24;9.24;2930.00;0.52;327412184_0;5.10;0.00;tripinfo_4059;112.00;4059;0;790.19;1.15;0.00;27.73;DEFAULT_VEHTYPE;;1;10.00
3043.00;8250533#0_0;168.62;6.99;2456.00;0.68;-781742860#0_0;5.10;0.00;tripinfo_3406;587.00;3406;0;1160.98;0.84;0.00;419.94;DEFAULT_VEHTYPE;;4;381.00
3043.00;-832629331#1_0;122.08;5.38;2645.00;0.08;-30324793_0;5.10;0.00;tripinfo_3661;398.00;3661;0;854.38;1.05;0.00;298.85;DEFAULT_VEHTYPE;;2;282.00
3043.00;155472436#0_0;108.36;8.03;2858.00;3.76;-47426244#0_0;5.10;0.00;tripinfo_3942;185.00;3942;0;1368.89;1.01;0.00;19.91;DEFAULT_VEHTYPE;;0;0.00
3044.00;-150275984#1_0;27.99;8.37;1642.00;0.44;-96016135_0;2.24;0.00;tripinfo_2273;1402.00;2273;1;3897.07;1.03;0.00;1029.53;DEFAULT_VEHTYPE;;14;849.00
3045.00;-31411680#2_0;76.34;8.49;929.00;0.64;4726787#1_0;5.10;0.00;tripinfo_1288;2116.00;1288;1;3024.02;1.09;0.00;1804.56;DEFAULT_VEHTYPE;;19;1601.00
3045.00;393494867_0;123.28;15.18;1526.00;126.04;174272151_0;5.10;0.00;tripinfo_1918;1519.00;1918;0;1973.79;1.14;0.00;1382.65;DEFAULT_VEHTYPE;;14;1268.00
3046.00;5451844#0_0;38.91;6.15;2986.00;0.44;4441059#1_0;5.10;0.00;tripinfo_4123;60.00;4123;0;520.77;0.88;0.00;8.47;DEFAULT_VEHTYPE;;0;0.00
3047.00;-150275972_0;101.07;6.32;2860.00;0.80;150275984#2_0;5.10;0.00;tripinfo_3960;187.00;3960;0;964.57;0.83;0.00;45.49;DEFAULT_VEHTYPE;;1;13.00
3048.00;-31512978#1_0;13.39;7.48;2433.00;0.28;-121794822#7_0;5.10;0.00;tripinfo_3376;615.00;3376;1;3383.02;1.12;0.00;207.21;DEFAULT_VEHTYPE;;9;75.00
3049.00;524150338#0_0;31.11;7.63;2807.00;77.32;40493384#0_0;5.10;0.00;tripinfo_3769;242.00;3769;1;1556.28;1.06;0.00;65.12;DEFAULT_VEHTYPE;;2;34.00
3050.00;-40598675#3_0;124.35;9.08;1802.00;0.92;1106583870_0;5.10;0.00;tripinfo_2489;1248.00;2489;0;1589.78;1.10;0.00;1072.65;DEFAULT_VEHTYPE;;7;995.00
3050.00;96018881#0_0;97.29;8.87;2384.00;0.88;159636082_0;0.20;0.00;tripinfo_3296;666.00;3296;0;482.92;1.19;0.00;614.98;DEFAULT_VEHTYPE;;5;591.00
3051.00;231483313#0_0;57.30;8.19;1930.00;0.72;-23084263#2_0;5.10;0.00;tripinfo_2674;1121.00;2674;1;2700.78;1.09;0.00;826.11;DEFAULT_VEHTYPE;;16;669.00
3052.00;-240549301_0;21.57;5.20;1696.00;0.20;8382299#1_0;5.10;0.00;tripinfo_2340;1356.00;2340;0;1524.77;0.77;0.00;1116.90;DEFAULT_VEHTYPE;;12;1055.00
3052.00;302657565#0_0;212.13;8.69;2796.00;0.52;-220267105#2_0;5.10;0.00;tripinfo_3859;256.00;3859;0;1898.54;1.18;0.00;71.37;DEFAULT_VEHTYPE;;1;11.00
3053.00;-8385415#3_0;276.25;7.56;1706.00;1.96;239757763_0;5.10;0.00;tripinfo_2357;1347.00;2357;0;1093.55;1.13;0.00;1223.45;DEFAULT_VEHTYPE;;5;1147.00
3055.00;-47999871_0;169.19;8.85;1574.00;0.76;4690591#0_0;5.10;0.00;tripinfo_2167;1481.00;2167;1;4576.92;1.08;0.00;1066.67;DEFAULT_VEHTYPE;;17;859.00
3056.00;-220267105#4_0;40.01;7.17;2712.00;0.60;413722453#0_0;5.10;0.00;tripinfo_3745;344.00;3745;0;2355.65;0.91;0.00;60.32;DEFAULT_VEHTYPE;;3;11.00
3056.00;62020119#0_0;56.78;7.88;2725.00;0.12;1153265597#0_0;5.10;0.00;tripinfo_3779;331.00;3779;0;2284.82;1.01;0.00;55.99;DEFAULT_VEHTYPE;;2;6.00
3057.00;1098324353_0;0.20;7.63;2964.00;0.72;240549300#0_0;5.10;0.00;tripinfo_4099;93.00;4099;0;838.96;1.04;0.00;26.96;DEFAULT_VEHTYPE;;1;9.00
3058.00;14858642#1_1;62.44;13.34;1915.00;0.72;231475823#0_0;5.10;0.00;tripinfo_2649;1143.00;2649;0;2245.80;0.99;0.00;844.38;DEFAULT_VEHTYPE;;5;789.00
3059.00;-40598675#3_0;124.35;7.57;1683.00;0.52;-36786445#2_0;5.10;0.00;tripinfo_2334;1376.00;2334;1;2096.69;0.99;0.00;1120.13;DEFAULT_VEHTYPE;;9;1032.00
3059.00;14362916#0_0;76.16;6.60;2862.00;0.08;8382283#3_0;2.87;0.00;tripinfo_3961;197.00;3961;0;1170.82;0.83;0.00;25.45;DEFAULT_VEHTYPE;;1;1.00
3060.00;745498474_0;55.92;7.88;1843.00;0.88;-4318239#1_0;5.10;0.00;tripinfo_2546;1217.00;2546;0;966.37;1.00;0.00;1090.48;DEFAULT_VEHTYPE;;8;1055.00
3060.00;96016135_0;3.41;4.51;2543.00;0.16;13853661#0_0;5.10;0.00;tripinfo_3522;517.00;3522;1;2980.66;0.94;0.00;136.20;DEFAULT_VEHTYPE;;6;72.00
3064.00;496872852_0;139.31;7.40;1869.00;0.20;-4760584#1_0;5.10;0.00;tripinfo_2590;1195.00;2590;0;1193.74;1.04;0.00;1055.37;DEFAULT_VEHTYPE;;7;978.00
3064.00;40493501#1_0;53.93;7.43;2834.00;0.60;879483837_0;5.10;0.00;tripinfo_3920;230.00;3920;0;1462.64;1.03;0.00;37.37;DEFAULT_VEHTYPE;;1;8.00
3066.00;28208884#0_0;120.14;8.13;2790.00;0.92;1111110395_0;5.10;0.00;tripinfo_3864;276.00;3864;1;1779.66;0.98;0.00;55.41;DEFAULT_VEHTYPE;;2;27.00
3067.00;-240549301_0;21.57;7.24;2321.00;0.36;-8385415#3_0;5.10;0.00;tripinfo_3212;746.00;3212;0;315.60;1.02;0.00;708.23;DEFAULT_VEHTYPE;;4;647.00
3069.00;31520175#0_0;50.30;8.49;1686.00;0.56;162611854#0_0;5.10;0.00;tripinfo_2327;1383.00;2327;1;3002.16;1.10;0.00;1075.39;DEFAULT_VEHTYPE;;18;909.00
3069.00;654207127#3_0;12.67;2.96;2321.00;0.52;693295225_0;5.10;0.00;tripinfo_3209;748.00;3209;1;5589.88;1.08;0.00;201.33;DEFAULT_VEHTYPE;;7;62.00
3071.00;-803266531#0_0;16.68;8.37;3052.00;0.68;239757763_0;5.10;0.00;tripinfo_4231;19.00;4231;0;132.05;1.07;0.00;3.32;DEFAULT_VEHTYPE;;0;0.00
3072.00;23179512#1_0;91.48;7.80;2831.00;125.16;40493384#3_0;5.10;0.00;tripinfo_3747;241.00;3747;0;1447.48;1.01;0.00;66.20;DEFAULT_VEHTYPE;;3;36.00
3073.00;244422544#0_0;113.72;7.92;2543.00;4.68;13853658_0;5.10;0.00;tripinfo_3506;530.00;3506;1;3738.73;1.08;0.00;127.74;DEFAULT_VEHTYPE;;4;31.00
3074.00;31519076#1_0;56.60;5.11;2982.00;0.76;40493501#2_0;5.10;0.00;tripinfo_4117;92.00;4117;0;440.93;0.93;0.00;14.05;DEFAULT_VEHTYPE;;0;0.00
3076.00;-220267107#0_0;75.53;5.69;2818.00;0.48;175976586#4_0;5.10;0.00;tripinfo_3891;258.00;3891;0;1429.43;0.75;0.00;29.26;DEFAULT_VEHTYPE;;0;0.00
3080.00;-8140197#2_0;78.81;7.43;2818.00;2.96;403882372_0;0.20;0.00;tripinfo_3907;262.00;3907;0;3136.87;1.00;0.00;20.47;DEFAULT_VEHTYPE;;1;1.00
3080.00;616545123_0;47.80;5.43;2949.00;0.20;4730616#0_0;5.10;0.00;tripinfo_4090;131.00;4090;0;692.60;0.98;0.00;31.23;DEFAULT_VEHTYPE;;1;15.00
3082.00;13430690#0_0;40.51;5.21;2801.00;0.64;-70724346#1_0;5.10;0.00;tripinfo_3888;281.00;3888;0;1966.60;1.06;0.00;46.60;DEFAULT_VEHTYPE;;0;0.00
3084.00;-4726710#0_0;36.14;6.03;2673.00;0.68;150275986#5_0;5.10;0.00;tripinfo_3706;411.00;3706;1;2755.82;1.10;0.00;89.59;DEFAULT_VEHTYPE;;2;18.00
3084.00;627916937_0;74.40;7.13;2874.00;0.40;150275991#1_0;5.10;0.00;tripinfo_3980;210.00;3980;0;1291.65;0.87;0.00;24.26;DEFAULT_VEHTYPE;;0;0.00
3085.00;183370113#4_0;75.12;5.98;2563.00;0.96;510702678#1_0;5.10;0.00;tripinfo_3532;522.00;3532;0;2189.86;0.81;0.00;265.87;DEFAULT_VEHTYPE;;3;219.00
3085.00;-628755544#4_0;48.80;7.86;2726.00;0.16;-628762074#2_0;5.10;0.00;tripinfo_3772;359.00;3772;1;2051.16;1.04;0.00;120.95;DEFAULT_VEHTYPE;;6;46.00
3085.00;524150338#0_0;31.11;7.16;2740.00;0.00;-121794825#3_0;4.66;0.00;tripinfo_3800;345.00;3800;0;1667.80;0.89;0.00;63.90;DEFAULT_VEHTYPE;;2;7.00
3085.00;-47426244#0_0;31.36;7.91;2808.00;0.96;628757206#0_0;5.10;0.00;tripinfo_3882;277.00;3882;0;1839.22;1.03;0.00;62.05;DEFAULT_VEHTYPE;;4;16.00
3085.00;31431544#3_0;43.92;8.29;2932.00;0.32;8384886#0_0;5.10;0.00;tripinfo_4069;153.00;4069;0;1186.65;1.11;0.00;23.02;DEFAULT_VEHTYPE;;0;0.00
3087.00;96016144#0_0;173.56;7.92;2627.00;0.92;4422176_0;5.10;0.00;tripinfo_3639;460.00;3639;1;3405.70;1.06;0.00;108.06;DEFAULT_VEHTYPE;;4;16.00
3088.00;14858642#0_1;0.20;14.49;2489.00;0.84;150275985#0_0;5.10;0.00;tripinfo_3453;599.00;3453;0;3949.87;1.13;0.00;297.73;DEFAULT_VEHTYPE;;4;219.00
3089.00;-31445160#0_0;113.73;5.69;2252.00;0.96;220267105#2_0;5.10;0.00;tripinfo_3107;837.00;3107;0;1904.94;0.81;0.00;552.31;DEFAULT_VEHTYPE;;4;498.00
3095.00;-524150333#1_0;117.00;7.26;2800.00;0.80;31411842#0_0;5.10;0.00;tripinfo_3885;295.00;3885;0;1646.27;0.92;0.00;66.98;DEFAULT_VEHTYPE;;2;36.00
3095.00;62020115#0_0;118.19;8.02;2850.00;0.32;47426241#0_0;5.10;0.00;tripinfo_3944;245.00;3944;0;1848.59;0.98;0.00;45.50;DEFAULT_VEHTYPE;;2;14.00
3096.00;175206104_0;94.46;8.19;2125.00;0.64;-4318239#1_0;5.10;0.00;tripinfo_2938;971.00;2938;0;812.19;1.05;0.00;877.17;DEFAULT_VEHTYPE;;5;838.00
3096.00;-36786445#2_0;6.32;9.02;2826.00;0.72;32200291_0;5.10;0.00;tripinfo_3899;270.00;3899;1;1695.93;1.12;0.00;87.57;DEFAULT_VEHTYPE;;5;29.00
3097.00;-654207120_0;0.20;2.84;2846.00;0.68;-4318228#2_0;5.10;0.00;tripinfo_3931;251.00;3931;0;1547.06;1.12;0.00;53.25;DEFAULT_VEHTYPE;;0;0.00
3098.00;-23084263#0_0;84.85;6.84;1862.00;0.48;-8382391#1_0;5.10;0.00;tripinfo_2566;1236.00;2566;0;735.39;0.91;0.00;1137.81;DEFAULT_VEHTYPE;;8;1097.00
3101.00;14626329#0_0;132.89;8.24;2420.00;520.44;939752206_0;5.10;0.00;tripinfo_2623;681.00;2623;0;637.13;1.09;0.00;602.94;DEFAULT_VEHTYPE;;4;582.00
3101.00;-4318237#2_0;108.82;7.49;2908.00;0.16;781742860#6_0;5.10;0.00;tripinfo_4022;193.00;4022;0;1137.18;1.05;0.00;63.18;DEFAULT_VEHTYPE;;1;34.00
3101.00;-524150311#0_1;13.37;7.77;3070.00;0.44;8140188#0_0;5.10;0.00;tripinfo_4248;31.00;4248;0;195.12;0.98;0.00;5.38;DEFAULT_VEHTYPE;;0;0.00
3102.00;-40598675#2_0;91.86;7.16;2081.00;0.20;8382444_0;5.10;0.00;tripinfo_2865;1021.00;2865;0;1890.61;0.90;0.00;766.88;DEFAULT_VEHTYPE;;4;682.00
3102.00;31449010#0_0;24.81;7.59;2983.00;0.48;231945290#5_0;5.10;0.00;tripinfo_4141;119.00;4141;0;887.40;1.01;0.00;11.78;DEFAULT_VEHTYPE;;0;0.00
3103.00;124862958#0_0;40.20;6.47;2831.00;0.76;4730627#0_0;5.10;0.00;tripinfo_3917;272.00;3917;0;1507.34;0.91;0.00;50.42;DEFAULT_VEHTYPE;;2;13.00
3104.00;-31519076#0_0;19.30;5.35;2943.00;0.76;4730637#0_0;5.10;0.00;tripinfo_4067;161.00;4067;0;1040.30;1.17;0.00;39.08;DEFAULT_VEHTYPE;;0;0.00
3110.00;8382283#0_0;41.94;8.01;2654.00;0.60;-36786443#2_0;5.10;0.00;tripinfo_3670;456.00;3670;0;1681.51;0.97;0.00;247.09;DEFAULT_VEHTYPE;;4;209.00
3111.00;496872852_0;139.31;8.72;1983.00;0.08;-4318239#1_0;5.10;0.00;tripinfo_2736;1128.00;2736;0;1058.18;1.08;0.00;1012.87;DEFAULT_VEHTYPE;;3;972.00
3111.00;-40598675#2_0;91.86;7.16;2111.00;0.80;28275167_0;5.10;0.00;tripinfo_2910;1000.00;2910;0;1937.32;0.94;0.00;744.79;DEFAULT_VEHTYPE;;6;650.00
3112.00;240549300#2_0;108.42;7.61;1782.00;0.12;13764245#0_0;5.10;0.00;tripinfo_2454;1330.00;2454;0;1086.80;0.93;0.00;1194.22;DEFAULT_VEHTYPE;;8;1136.00
3112.00;628762074#0_0;45.23;8.46;2938.00;0.84;8382402#0_0;5.10;0.00;tripinfo_4078;174.00;4078;0;1328.90;1.04;0.00;22.95;DEFAULT_VEHTYPE;;1;2.00
3114.00;14471542#3_0;62.11;6.83;2607.00;0.88;1153265597#0_0;5.10;0.00;tripinfo_3596;507.00;3596;1;3053.38;0.92;0.00;108.58;DEFAULT_VEHTYPE;;6;45.00
3115.00;198077804#0_1;126.29;11.70;1793.00;0.60;31449010#1_0;5.10;0.00;tripinfo_2470;1322.00;2470;0;1941.56;0.91;0.00;1072.33;DEFAULT_VEHTYPE;;8;1005.00
3115.00;-220267105#0_0;21.27;8.56;2943.00;0.60;-1037986847_0;0.20;0.00;tripinfo_4070;172.00;4070;0;1298.68;1.15;0.00;36.02;DEFAULT_VEHTYPE;;1;13.00
3119.00;-220267247#2_0;3.57;7.76;2882.00;0.48;-1037986847_0;0.20;0.00;tripinfo_3991;237.00;3991;0;1831.69;1.08;0.00;32.08;DEFAULT_VEHTYPE;;2;8.00
3120.00;175206107#0_0;104.76;8.55;1503.00;0.32;8384926#0_0;5.10;0.00;tripinfo_2069;1617.00;2069;0;1215.65;1.05;0.00;1479.66;DEFAULT_VEHTYPE;;10;1407.00
3120.00;628782530_0;3.16;3.61;2458.00;0.48;897211373#0_0;0.20;0.00;tripinfo_3391;662.00;3391;0;2543.99;1.03;0.00;431.26;DEFAULT_VEHTYPE;;7;362.00
3120.00;-150275984#1_0;27.99;7.39;3113.00;0.00;-150275984#2_0;5.10;0.00;tripinfo_4300;7.00;4300;0;39.53;1.03;0.00;1.80;DEFAULT_VEHTYPE;;0;0.00
3122.00;-220267107#0_0;75.53;7.19;2705.00;0.96;7682863#0_0;5.10;0.00;tripinfo_3732;417.00;3732;0;1639.36;0.97;0.00;214.26;DEFAULT_VEHTYPE;;1;183.00
3122.00;4726681#3_0;87.29;8.08;3051.00;0.72;4726684#0_0;5.10;0.00;tripinfo_4224;71.00;4224;0;531.38;1.01;0.00;7.19;DEFAULT_VEHTYPE;;0;0.00
3124.00;-220267107#0_0;75.53;8.78;3021.00;0.68;290174551#1_0;5.10;0.00;tripinfo_4181;103.00;4181;0;730.00;1.13;0.00;24.78;DEFAULT_VEHTYPE;;0;0.00
3126.00;70724347#0_0;4.20;6.88;2756.00;0.12;36786444#0_0;5.10;0.00;tripinfo_3804;370.00;3804;1;1172.00;1.02;0.00;231.72;DEFAULT_VEHTYPE;;4;200.00
3129.00;121794826_0;64.15;2.42;2744.00;0.72;265117578_0;5.10;0.00;tripinfo_3799;385.00;3799;0;2090.13;0.97;0.00;59.20;DEFAULT_VEHTYPE;;0;0.00
3130.00;62020115#0_0;118.19;8.39;3002.00;0.08;-290172305#0_0;5.10;0.00;tripinfo_4161;128.00;4161;0;1115.02;1.06;0.00;26.16;DEFAULT_VEHTYPE;;1;10.00
3131.00;-23084263#0_0;84.85;5.55;1900.00;0.36;-40493501#1_0;5.10;0.00;tripinfo_2637;1231.00;2637;0;1660.30;0.74;0.00;960.74;DEFAULT_VEHTYPE;;7;871.00
3132.00;1156101769#0_0;182.11;7.22;2896.00;0.84;-47426239_0;5.10;0.00;tripinfo_4003;236.00;4003;0;1393.89;0.88;0.00;47.66;DEFAULT_VEHTYPE;;3;12.00
3132.00;14362919#0_0;60.49;7.17;3021.00;0.32;8382429#0_0;5.10;0.00;tripinfo_4194;111.00;4194;0;784.91;0.97;0.00;12.65;DEFAULT_VEHTYPE;;0;0.00
3133.00;628757206#0_0;103.93;7.04;2445.00;0.64;31427257#4_0;5.10;0.00;tripinfo_3388;688.00;3388;1;4773.62;0.98;0.00;147.72;DEFAULT_VEHTYPE;;5;55.00
3133.00;8382447#0_0;9.38;7.05;2546.00;6.04;13853658_0;5.10;0.00;tripinfo_3518;587.00;3518;1;3831.00;0.97;0.00;126.97;DEFAULT_VEHTYPE;;5;38.00
3135.00;8382444_0;205.41;7.73;2898.00;0.88;-523287556_0;5.10;0.00;tripinfo_3996;237.00;3996;0;1736.06;0.97;0.00;22.07;DEFAULT_VEHTYPE;;0;0.00
3135.00;-654207127#4_0;25.65;1.57;2926.00;0.16;-8382302#0_0;5.10;0.00;tripinfo_4047;209.00;4047;0;748.85;0.92;0.00;43.30;DEFAULT_VEHTYPE;;0;0.00
3139.00;4422177_0;124.80;13.86;2817.00;6.00;450925440_0;5.10;0.00;tripinfo_3900;322.00;3900;1;2095.33;1.00;0.00;95.45;DEFAULT_VEHTYPE;;5;40.00
3141.00;-327412184_0;118.77;7.65;2975.00;0.56;13853655#1_0;5.10;0.00;tripinfo_4127;166.00;4127;0;1126.33;1.04;0.00;29.38;DEFAULT_VEHTYPE;;1;12.00
3142.00;4441061_0;65.15;12.21;2396.00;0.80;-1263793723_0;5.10;0.00;tripinfo_3310;746.00;3310;0;2200.01;0.91;0.00;524.09;DEFAULT_VEHTYPE;;11;436.00
3142.00;47426244#1_0;25.56;7.48;2608.00;0.56;-9387033#3_0;5.10;0.00;tripinfo_3602;534.00;3602;1;4909.96;1.00;0.00;95.57;DEFAULT_VEHTYPE;;3;18.00
3142.00;8382429#0_0;148.89;6.73;3006.00;0.84;150275991#1_0;5.10;0.00;tripinfo_4153;136.00;4153;0;933.29;0.93;0.00;14.10;DEFAULT_VEHTYPE;;0;0.00
3147.00;8152037#0_0;56.32;7.23;2497.00;3.36;403882373_0;5.10;0.00;tripinfo_3462;650.00;3462;1;4257.33;0.92;0.00;112.76;DEFAULT_VEHTYPE;;3;33.00
3147.00;-654207120_0;0.20;1.97;2826.00;0.92;-450925440_0;5.10;0.00;tripinfo_3914;321.00;3914;0;1559.07;1.00;0.00;98.14;DEFAULT_VEHTYPE;;4;27.00
3147.00;117055115_0;0.20;7.57;3010.00;0.12;-1024105863_0;5.10;0.00;tripinfo_4154;137.00;4154;0;1003.29;1.02;0.00;17.52;DEFAULT_VEHTYPE;;1;1.00
3149.00;399914534#0_0;72.38;6.36;1823.00;0.40;-121794827_0;5.10;0.00;tripinfo_2505;1326.00;2505;1;2641.14;0.87;0.00;902.22;DEFAULT_VEHTYPE;;7;765.00
3149.00;-150275985#2_0;56.92;9.04;2577.00;0.68;14858868_0;5.10;0.00;tripinfo_3556;572.00;3556;1;5069.48;1.11;0.00;161.65;DEFAULT_VEHTYPE;;5;51.00
3149.00;62020115#0_0;118.19;8.99;3014.00;0.00;40598675#0_0;5.10;0.00;tripinfo_4175;135.00;4175;0;1222.80;1.08;0.00;28.02;DEFAULT_VEHTYPE;;1;10.00
3151.00;23084282_0;174.64;6.22;1457.00;2.60;654207127#5_0;5.10;0.00;tripinfo_1995;1694.00;1995;0;2427.67;0.83;0.00;1321.59;DEFAULT_VEHTYPE;;12;1222.00
3151.00;496872852_0;139.31;9.46;2060.00;0.52;183251547_0;5.10;0.00;tripinfo_2859;1091.00;2859;0;3034.69;1.18;0.00;794.54;DEFAULT_VEHTYPE;;3;724.00
3151.00;5450860#0_0;75.98;7.50;2996.00;0.76;4726684#0_0;5.10;0.00;tripinfo_4142;155.00;4142;0;1044.88;0.97;0.00;19.24;DEFAULT_VEHTYPE;;0;0.00
3155.00;410939627_0;0.20;12.59;3078.00;0.84;-4726710#1_0;5.10;0.00;tripinfo_4253;77.00;4253;0;479.76;0.97;0.00;10.60;DEFAULT_VEHTYPE;;0;0.00
3156.00;13548014_0;191.33;14.76;1905.00;0.56;62020321_0;5.10;0.00;tripinfo_2627;1251.00;2627;0;3986.26;1.07;0.00;979.35;DEFAULT_VEHTYPE;;19;795.00
3158.00;-8382447#4_0;92.93;7.58;3011.00;0.76;-220267107#0_0;5.10;0.00;tripinfo_4167;147.00;4167;0;1065.14;1.05;0.00;25.05;DEFAULT_VEHTYPE;;1;2.00
3160.00;1066431524#0_0;184.93;11.12;2840.00;0.92;400961625#0_0;5.10;0.00;tripinfo_3939;320.00;3939;0;3517.03;0.88;0.00;29.50;DEFAULT_VEHTYPE;;1;5.00
3160.00;-244422544#1_0;1.43;8.81;2898.00;0.44;-524150311#1_0;5.10;0.00;tripinfo_3998;262.00;3998;1;1826.14;1.08;0.00;58.25;DEFAULT_VEHTYPE;;3;28.00
3160.00;-31512978#1_0;13.39;6.88;3062.00;0.80;14108346_0;0.20;0.00;tripinfo_4235;98.00;4235;0;737.43;1.04;0.00;14.97;DEFAULT_VEHTYPE;;0;0.00
3162.00;19846527#2_0;54.32;6.75;2816.00;0.12;654207120_0;0.20;0.00;tripinfo_3904;346.00;3904;0;1759.95;0.94;0.00;82.53;DEFAULT_VEHTYPE;;4;25.00
3162.00;36786443#0_0;160.05;6.84;3019.00;3.92;8384905#0_0;5.10;0.00;tripinfo_4164;143.00;4164;0;976.58;0.97;0.00;19.66;DEFAULT_VEHTYPE;;0;0.00
3163.00;-43963512#1_0;53.88;7.08;1943.00;0.52;-231940830#3_0;5.10;0.00;tripinfo_2684;1220.00;2684;1;2663.51;0.88;0.00;873.08;DEFAULT_VEHTYPE;;8;756.00
3164.00;290174549#0_0;117.86;6.44;2809.00;0.08;-654207122_0;0.20;0.00;tripinfo_3886;355.00;3886;0;1640.08;0.90;0.00;82.79;DEFAULT_VEHTYPE;;4;23.00
3164.00;-8382391#1_0;96.15;0.00;1568.00;0.52;117055114_0;5.10;0.00;tripinfo_2159;1596.00;2159;0;1679.07;1.10;0.00;1328.42;DEFAULT_VEHTYPE;teleport;13;1203.00
3165.00;31449018_0;172.85;8.33;3110.00;0.92;-31519076#0_0;5.10;0.00;tripinfo_4314;55.00;4314;0;386.69;1.10;0.00;6.49;DEFAULT_VEHTYPE;;0;0.00
3167.00;14471542#12_0;7.40;7.36;2419.00;0.24;-523287556_0;5.10;0.00;tripinfo_3358;748.00;3358;0;4136.87;0.89;0.00;363.69;DEFAULT_VEHTYPE;;4;316.00
3167.00;5450860#0_0;75.98;7.74;2704.00;0.92;258274083#0_0;5.10;0.00;tripinfo_3739;463.00;3739;1;1576.25;0.98;0.00;261.09;DEFAULT_VEHTYPE;;1;233.00
3167.00;28208884#0_0;120.14;6.93;2759.00;0.68;145550723_0;5.10;0.00;tripinfo_3806;408.00;3806;0;1999.39;0.94;0.00;99.24;DEFAULT_VEHTYPE;;5;37.00
3167.00;-654207120_0;0.20;2.21;2764.00;0.16;-36786444#2_0;5.10;0.00;tripinfo_3822;403.00;3822;0;2280.58;0.99;0.00;90.98;DEFAULT_VEHTYPE;;5;18.00
3169.00;-524150320#2_1;49.62;7.74;3000.00;0.36;-8382281#2_0;5.10;0.00;tripinfo_4162;169.00;4162;0;1177.65;1.03;0.00;28.52;DEFAULT_VEHTYPE;;1;7.00
3170.00;-121794825#0_0;0.20;2.90;2865.00;0.12;-524150338#1_0;5.10;0.00;tripinfo_3954;305.00;3954;0;1703.25;1.05;0.00;77.30;DEFAULT_VEHTYPE;;3;26.00
3171.00;5450860#0_0;75.98;6.95;2670.00;0.52;-220267105#1_0;5.10;0.00;tripinfo_3684;501.00;3684;1;2037.85;0.96;0.00;237.28;DEFAULT_VEHTYPE;;2;201.00
3171.00;-4312572#1_0;195.83;6.17;2860.00;0.56;-220267106#1_0;5.10;0.00;tripinfo_3952;311.00;3952;0;1929.37;0.88;0.00;44.36;DEFAULT_VEHTYPE;;1;9.00
3171.00;220267105#2_0;81.19;8.49;2863.00;0.20;231483332#0_0;5.10;0.00;tripinfo_3965;308.00;3965;0;2076.09;1.07;0.00;73.55;DEFAULT_VEHTYPE;;3;31.00
3172.00;-14858868_0;74.65;10.16;3073.00;0.04;627916936#1_0;5.10;0.00;tripinfo_4243;99.00;4243;0;759.11;1.25;0.00;22.92;DEFAULT_VEHTYPE;;1;9.00
3173.00;220267106#0_0;195.54;7.98;2786.00;0.88;-7682866#1_0;5.10;0.00;tripinfo_3846;387.00;3846;0;1965.23;0.98;0.00;146.16;DEFAULT_VEHTYPE;;1;107.00
3176.00;-220267105#4_0;40.01;6.61;2625.00;0.80;-36786443#2_0;5.10;0.00;tripinfo_3635;551.00;3635;0;2119.32;0.92;0.00;274.10;DEFAULT_VEHTYPE;;4;232.00
3177.00;119180342#0_1;10.02;6.52;2805.00;0.44;145550723_0;5.10;0.00;tripinfo_3873;372.00;3873;0;1951.67;0.96;0.00;86.91;DEFAULT_VEHTYPE;;3;25.00
3179.00;31431101#3_0;53.33;7.37;2983.00;0.40;-121794825#3_0;4.66;0.00;tripinfo_4130;196.00;4130;0;959.63;1.01;0.00;32.98;DEFAULT_VEHTYPE;;0;0.00
3181.00;1263954923_0;0.20;0.00;1817.00;0.76;1263793722#0_0;5.10;0.00;tripinfo_2517;1364.00;2517;0;1125.00;1.01;0.00;1215.31;DEFAULT_VEHTYPE;teleport;15;1080.00
3183.00;-628755543_0;50.70;7.00;2633.00;0.28;-1083809476#2_0;5.10;0.00;tripinfo_3651;550.00;3651;0;1982.79;0.95;0.00;305.87;DEFAULT_VEHTYPE;;2;271.00
3184.00;1307687510_0;39.99;5.05;2721.00;0.80;162611854#0_0;5.10;0.00;tripinfo_3760;463.00;3760;0;1712.12;1.02;0.00;263.25;DEFAULT_VEHTYPE;;2;219.00
3185.00;121794827_0;64.57;1.56;2817.00;0.52;-30324793_0;5.10;0.00;tripinfo_3884;368.00;3884;0;1502.46;0.99;0.00;97.62;DEFAULT_VEHTYPE;;5;30.00
3186.00;13654337_0;138.86;13.18;1105.00;0.04;-47027743#2_0;5.10;0.00;tripinfo_1518;2081.00;1518;0;1724.78;1.00;0.00;1867.76;DEFAULT_VEHTYPE;;14;1741.00
3188.00;62020115#0_0;118.19;7.42;2011.00;0.52;31449245_0;5.10;0.00;tripinfo_2784;1177.00;2784;0;2442.97;1.00;0.00;915.22;DEFAULT_VEHTYPE;;5;817.00
3188.00;220267105#2_0;81.19;8.46;2980.00;0.84;-23084263#2_0;5.10;0.00;tripinfo_4128;208.00;4128;0;1543.24;1.12;0.00;39.77;DEFAULT_VEHTYPE;;1;9.00
3188.00;8152036#0_0;11.51;9.85;3074.00;0.64;4730637#0_0;5.10;0.00;tripinfo_4263;114.00;4263;0;941.99;1.19;0.00;13.58;DEFAULT_VEHTYPE;;0;0.00
3192.00;121794824_0;75.93;1.80;2819.00;3.84;770622525_0;5.10;0.00;tripinfo_3903;373.00;3903;0;1713.80;0.90;0.00;81.69;DEFAULT_VEHTYPE;;3;10.00
3192.00;-8382429#1_0;150.81;7.88;3060.00;0.08;830745951_0;5.10;0.00;tripinfo_4236;132.00;4236;0;931.11;0.96;0.00;14.45;DEFAULT_VEHTYPE;;0;0.00
3200.00;47426244#0_0;31.62;9.54;2972.00;0.56;-36786445#2_0;5.10;0.00;tripinfo_4102;228.00;4102;0;1750.19;1.18;0.00;48.22;DEFAULT_VEHTYPE;;0;0.00
3202.00;31427257#7_0;26.83;14.13;3065.00;0.20;4730623_0;5.10;0.00;tripinfo_4240;137.00;4240;1;1197.45;1.10;0.00;17.76;DEFAULT_VEHTYPE;;0;0.00
3204.00;145550725#0_0;75.05;1.65;2730.00;0.40;523287555_0;5.10;0.00;tripinfo_3780;474.00;3780;0;2297.35;0.89;0.00;90.81;DEFAULT_VEHTYPE;;1;13.00
3207.00;13853655#2_0;92.58;8.10;2715.00;0.72;121794822#6_0;5.10;0.00;tripinfo_3749;492.00;3749;0;2669.12;1.03;0.00;125.83;DEFAULT_VEHTYPE;;5;56.00
3207.00;4690640#0_0;334.20;14.28;3121.00;0.96;5451917#0_0;5.10;0.00;tripinfo_4332;86.00;4332;0;1058.71;1.09;0.00;10.56;DEFAULT_VEHTYPE;;0;0.00
3211.00;654207127#5_0;19.07;2.59;2443.00;0.08;183370113#0_0;0.42;0.00;tripinfo_3386;768.00;3386;1;5540.59;0.95;0.00;164.89;DEFAULT_VEHTYPE;;4;53.00
3211.00;136174723_0;113.70;6.88;2904.00;0.40;-121794824_0;5.10;0.00;tripinfo_4030;307.00;4030;0;1382.21;0.92;0.00;68.84;DEFAULT_VEHTYPE;;3;12.00
3211.00;628755546#0_0;1.60;5.16;3076.00;0.92;-4726711#1_0;5.10;0.00;tripinfo_4264;135.00;4264;1;969.81;0.98;0.00;14.46;DEFAULT_VEHTYPE;;0;0.00
3213.00;31427215#0_1;105.00;13.02;3002.00;0.72;-4730648#2_0;5.10;0.00;tripinfo_4149;211.00;4149;0;2114.61;0.99;0.00;35.13;DEFAULT_VEHTYPE;;1;9.00
3214.00;628781006#2_0;12.27;5.56;1110.00;0.80;30215395#0_0;5.10;0.00;tripinfo_1535;2104.00;1535;0;2109.68;0.94;0.00;1885.22;DEFAULT_VEHTYPE;;17;1714.00
3214.00;-231475826#2_0;97.43;6.60;1114.00;0.92;198077805#0_0;5.10;0.00;tripinfo_1539;2100.00;1539;0;1380.36;0.92;0.00;1971.86;DEFAULT_VEHTYPE;;18;1872.00
3214.00;-121794825#0_0;0.20;2.74;2867.00;0.00;628782530_0;3.16;0.00;tripinfo_3975;347.00;3975;0;1691.55;0.98;0.00;106.76;DEFAULT_VEHTYPE;;3;56.00
3215.00;119180342#0_1;10.02;6.48;2887.00;0.92;14858642#1_0;5.10;0.00;tripinfo_3989;328.00;3989;0;3679.53;1.13;0.00;92.48;DEFAULT_VEHTYPE;;2;42.00
3216.00;628781006#2_0;12.27;7.59;1534.00;128.72;159636082_0;0.20;0.00;tripinfo_1924;1682.00;1924;0;481.64;1.02;0.00;1623.79;DEFAULT_VEHTYPE;;10;1569.00
3217.00;135302385#0_0;7.17;6.91;1624.00;0.64;4426076#0_0;5.10;0.00;tripinfo_2238;1593.00;2238;0;1762.46;1.03;0.00;1420.59;DEFAULT_VEHTYPE;;15;1280.00
3217.00;606127855_0;0.20;4.49;2957.00;0.84;31431544#4_0;5.10;0.00;tripinfo_4103;260.00;4103;0;1800.87;0.97;0.00;29.12;DEFAULT_VEHTYPE;;0;0.00
3218.00;132148873_0;276.78;9.48;3066.00;0.60;220267105#3_0;5.10;0.00;tripinfo_4245;152.00;4245;0;1196.70;1.19;0.00;29.86;DEFAULT_VEHTYPE;;0;0.00
3219.00;1083809476#0_0;72.33;7.87;2062.00;0.56;628781006#6_0;0.20;0.00;tripinfo_2852;1157.00;2852;0;1049.54;1.02;0.00;1066.21;DEFAULT_VEHTYPE;;8;996.00
3220.00;28208884#0_0;120.14;7.58;2932.00;1.40;-40493501#3_0;5.10;0.00;tripinfo_4055;288.00;4055;0;1277.15;0.93;0.00;121.32;DEFAULT_VEHTYPE;;2;91.00
3223.00;-8139943#1_0;37.86;8.10;3029.00;0.52;70724346#0_0;5.10;0.00;tripinfo_4184;194.00;4184;0;1504.96;1.06;0.00;22.07;DEFAULT_VEHTYPE;;0;0.00
3225.00;393494867_0;123.28;12.99;3061.00;0.32;180020059#0_0;5.10;0.00;tripinfo_4244;164.00;4244;0;1515.99;0.98;0.00;14.74;DEFAULT_VEHTYPE;;0;0.00
3225.00;-27807643#2_0;6.60;7.02;3150.00;0.88;8152035#2_0;5.10;0.00;tripinfo_4371;75.00;4371;0;305.67;0.98;0.00;36.62;DEFAULT_VEHTYPE;;2;20.00
3227.00;62020117#0_0;50.80;8.32;3023.00;0.92;1162841664#0_0;5.10;0.00;tripinfo_4189;204.00;4189;0;1500.06;1.00;0.00;23.26;DEFAULT_VEHTYPE;;0;0.00
3232.00;4730637#2_0;39.04;8.94;2764.00;0.64;8152033#0_0;5.10;0.00;tripinfo_3838;468.00;3838;1;3442.24;1.14;0.00;111.92;DEFAULT_VEHTYPE;;4;35.00
3235.00;-434361017#1_0;49.79;7.48;2884.00;0.36;1307684785#1_0;5.10;0.00;tripinfo_3987;351.00;3987;0;2267.60;0.96;0.00;63.38;DEFAULT_VEHTYPE;;2;12.00
3237.00;772942669_0;110.92;6.02;3075.00;0.32;47461591#0_0;0.41;0.00;tripinfo_4269;162.00;4269;0;1200.43;1.10;0.00;25.09;DEFAULT_VEHTYPE;;1;3.00
3241.00;8384918#0_0;137.19;7.68;2824.00;0.44;-47895849#0_0;5.10;0.00;tripinfo_3898;417.00;3898;1;2549.95;0.99;0.00;58.19;DEFAULT_VEHTYPE;;2;6.00
3242.00;150275986#2_0;39.71;7.35;3128.00;3.56;-220267105#1_0;5.10;0.00;tripinfo_4327;114.00;4327;0;554.39;0.91;0.00;38.61;DEFAULT_VEHTYPE;;1;24.00
3243.00;-524150342_0;0.20;5.69;2691.00;0.52;5451917#0_0;5.10;0.00;tripinfo_3734;552.00;3734;1;3757.51;1.04;0.00;137.12;DEFAULT_VEHTYPE;;5;58.00
3243.00;95742119#1_0;3.64;6.75;2957.00;0.16;4422176_0;5.10;0.00;tripinfo_4097;286.00;4097;0;3257.99;0.93;0.00;29.96;DEFAULT_VEHTYPE;;1;5.00
3244.00;-150275972_0;101.07;6.55;3138.00;3.88;-8382282#1_0;5.10;0.00;tripinfo_4346;106.00;4346;0;678.26;0.92;0.00;15.67;DEFAULT_VEHTYPE;;0;0.00
3247.00;-31411680#2_0;76.34;7.56;3172.00;0.16;627916936#0_0;5.10;0.00;tripinfo_4397;75.00;4397;0;486.06;0.98;0.00;13.33;DEFAULT_VEHTYPE;;0;0.00
3249.00;5451844#0_0;38.91;7.03;2996.00;0.96;4730637#1_0;5.10;0.00;tripinfo_4132;253.00;4132;0;1542.56;0.87;0.00;31.79;DEFAULT_VEHTYPE;;0;0.00
3250.00;399914536#0_0;56.06;7.43;2974.00;4.04;856293284_0;5.10;0.00;tripinfo_4118;276.00;4118;0;2518.54;1.04;0.00;30.69;DEFAULT_VEHTYPE;;0;0.00
3255.00;945224009_0;20.88;8.54;1805.00;0.32;400062408_0;5.10;0.00;tripinfo_2494;1450.00;2494;0;1551.13;1.09;0.00;1272.60;DEFAULT_VEHTYPE;;7;1195.00
3256.00;8382283#3_0;2.87;4.86;3178.00;0.52;8382299#0_0;5.10;0.00;tripinfo_4409;78.00;4409;0;484.59;1.11;0.00;24.00;DEFAULT_VEHTYPE;;1;6.00
3257.00;15089551_0;44.47;6.77;1880.00;0.00;524150311#1_0;5.10;0.00;tripinfo_2600;1377.00;2600;1;3219.71;0.86;0.00;923.62;DEFAULT_VEHTYPE;;10;818.00
3258.00;759157551#0_0;10.48;4.03;2928.00;0.32;290174551#1_0;5.10;0.00;tripinfo_4044;330.00;4044;0;2015.89;0.94;0.00;65.73;DEFAULT_VEHTYPE;;2;5.00
3259.00;8382328#0_0;261.65;7.75;3109.00;8.20;95742119#1_0;3.64;0.00;tripinfo_4290;150.00;4290;0;1015.81;0.95;0.00;20.01;DEFAULT_VEHTYPE;;0;0.00
3261.00;137241321_0;0.20;6.77;1914.00;0.00;290174549#0_0;5.10;0.00;tripinfo_2650;1347.00;2650;0;1223.29;1.04;0.00;1240.35;DEFAULT_VEHTYPE;;23;1097.00
3261.00;220267105#2_0;81.19;6.81;2996.00;0.20;62020114#0_0;5.10;0.00;tripinfo_4140;265.00;4140;0;1798.29;0.94;0.00;38.54;DEFAULT_VEHTYPE;;1;8.00
3262.00;939752205#2_0;9.40;6.79;1484.00;0.20;14471542#5_0;1.52;0.00;tripinfo_2040;1778.00;2040;0;2051.29;0.88;0.00;1552.69;DEFAULT_VEHTYPE;;10;1484.00
3265.00;14118784#1_0;30.19;6.64;3158.00;0.64;4730637#2_0;5.10;0.00;tripinfo_4363;107.00;4363;0;691.98;0.87;0.00;10.47;DEFAULT_VEHTYPE;;0;0.00
3266.00;-628755543_0;50.70;7.98;2689.00;0.76;109993439_0;5.10;0.00;tripinfo_3717;577.00;3717;1;4375.36;1.00;0.00;100.02;DEFAULT_VEHTYPE;;5;12.00
3267.00;410939626_0;0.20;12.19;3184.00;0.60;-433333438#1_0;5.10;0.00;tripinfo_4420;83.00;4420;0;471.05;0.95;0.00;43.02;DEFAULT_VEHTYPE;;2;30.00
3268.00;-13853658_0;42.27;5.88;3231.00;0.96;653443701_0;5.10;0.00;tripinfo_4482;37.00;4482;0;245.79;1.21;0.00;7.36;DEFAULT_VEHTYPE;;0;0.00
3270.00;239757763_0;104.39;8.44;2546.00;0.96;31449010#0_0;5.10;0.00;tripinfo_3507;724.00;3507;0;1425.32;1.05;0.00;565.32;DEFAULT_VEHTYPE;;7;499.00
3274.00;40493384#2_0;20.12;6.17;3143.00;0.72;5450858#0_0;5.10;0.00;tripinfo_4349;131.00;4349;0;819.92;0.87;0.00;16.79;DEFAULT_VEHTYPE;;0;0.00
3275.00;183370113#2_0;41.05;6.43;2893.00;0.64;8382347#2_0;5.10;0.00;tripinfo_4013;382.00;4013;0;2397.07;0.90;0.00;58.54;DEFAULT_VEHTYPE;;0;0.00
3277.00;-31431101#5_0;17.82;7.75;3076.00;0.16;-305670610_0;4.18;0.00;tripinfo_4272;201.00;4272;0;1220.05;0.94;0.00;45.14;DEFAULT_VEHTYPE;;3;18.00
3281.00;-1037986847_0;0.20;9.06;3153.00;0.28;258274083#0_0;5.10;0.00;tripinfo_4351;128.00;4351;0;746.69;1.09;0.00;44.35;DEFAULT_VEHTYPE;;1;29.00
3285.00;31431544#4_0;16.75;7.56;3009.00;0.96;162611854#0_0;5.10;0.00;tripinfo_4157;276.00;4157;0;2042.07;1.01;0.00;41.47;DEFAULT_VEHTYPE;;2;7.00
3286.00;150275986#5_0;48.71;7.32;3201.00;0.80;31431544#4_0;5.10;0.00;tripinfo_4435;85.00;4435;0;556.25;0.92;0.00;11.03;DEFAULT_VEHTYPE;;1;1.00
3286.00;-8382302#0_0;78.80;7.01;3209.00;6.88;829968897_0;5.10;0.00;tripinfo_4446;77.00;4446;0;473.82;0.89;0.00;13.30;DEFAULT_VEHTYPE;;0;0.00
3288.00;13853658_0;42.30;5.73;2802.00;0.28;8382307#2_0;5.10;0.00;tripinfo_3876;486.00;3876;0;2713.19;1.03;0.00;165.10;DEFAULT_VEHTYPE;;7;98.00
3290.00;-150275988#4_0;21.58;8.58;2708.00;0.20;124862960_0;0.20;0.00;tripinfo_3740;582.00;3740;1;5207.87;1.04;0.00;144.39;DEFAULT_VEHTYPE;;6;44.00
3290.00;4730624_0;197.36;8.74;3237.00;0.32;4730647#3_0;5.10;0.00;tripinfo_4494;53.00;4494;0;430.70;1.14;0.00;6.46;DEFAULT_VEHTYPE;;0;0.00
3292.00;-654207127#3_0;12.67;1.83;2398.00;0.88;31427257#3_0;5.10;0.00;tripinfo_3321;894.00;3321;1;6440.78;0.87;0.00;155.67;DEFAULT_VEHTYPE;;6;31.00
3292.00;-36786445#2_0;5.68;7.74;3000.00;0.64;1153265597#0_0;5.10;0.00;tripinfo_4163;292.00;4163;1;1890.47;0.96;0.00;56.38;DEFAULT_VEHTYPE;;3;23.00
3293.00;-1263793722#2_0;152.83;8.72;1632.00;0.00;-524150311#0_0;5.10;0.00;tripinfo_2250;1661.00;2250;1;3688.23;1.09;0.00;1258.58;DEFAULT_VEHTYPE;;10;1118.00
3293.00;4730637#2_0;39.04;7.43;3013.00;0.16;-220267106#1_0;5.10;0.00;tripinfo_4172;280.00;4172;0;1788.22;0.97;0.00;57.99;DEFAULT_VEHTYPE;;0;0.00
3294.00;-8382393#2_0;77.88;7.93;3098.00;0.12;47426244#0_0;5.10;0.00;tripinfo_4279;196.00;4279;0;1237.87;1.05;0.00;54.13;DEFAULT_VEHTYPE;;2;11.00
3295.00;720012595#0_0;96.25;8.46;3073.00;0.80;137238867#0_0;5.10;0.00;tripinfo_4260;222.00;4260;0;1348.04;1.04;0.00;62.58;DEFAULT_VEHTYPE;;2;33.00
3299.00;4731082#1_0;175.06;9.22;3047.00;0.44;8250527#1_0;5.10;0.00;tripinfo_4223;252.00;4223;0;2136.68;1.18;0.00;41.92;DEFAULT_VEHTYPE;;1;13.00
3301.00;8152037#0_0;56.32;7.79;2934.00;0.28;8382307#2_0;5.10;0.00;tripinfo_4051;367.00;4051;0;2223.20;0.99;0.00;96.31;DEFAULT_VEHTYPE;;5;50.00
3305.00;8382299#0_0;95.74;7.31;2706.00;0.56;14858868_0;5.10;0.00;tripinfo_3752;599.00;3752;1;4867.86;0.89;0.00;113.41;DEFAULT_VEHTYPE;;4;50.00
3307.00;8152056_0;117.45;4.68;2909.00;0.36;654207127#2_0;5.10;0.00;tripinfo_4037;398.00;4037;0;2055.72;1.04;0.00;100.52;DEFAULT_VEHTYPE;;4;26.00
3308.00;-220267247#2_0;3.57;7.91;2837.00;6.12;70724347#0_0;4.20;0.00;tripinfo_3929;471.00;3929;0;1575.78;1.09;0.00;296.02;DEFAULT_VEHTYPE;;2;265.00
3309.00;8250533#0_0;168.62;7.60;3172.00;0.12;-8382393#2_0;5.10;0.00;tripinfo_4379;137.00;4379;0;998.74;1.01;0.00;16.38;DEFAULT_VEHTYPE;;0;0.00
3309.00;1193930026_0;12.88;8.34;3247.00;0.80;4730654_0;5.10;0.00;tripinfo_4485;62.00;4485;0;451.37;1.01;0.00;7.42;DEFAULT_VEHTYPE;;0;0.00
3313.00;-220267105#4_0;40.01;7.29;2660.00;0.32;653443701_0;5.10;0.00;tripinfo_3669;653.00;3669;1;5558.64;0.93;0.00;114.77;DEFAULT_VEHTYPE;;5;48.00
3316.00;393494867_0;123.28;13.73;3102.00;0.48;150276002_0;5.10;0.00;tripinfo_4291;214.00;4291;0;1970.52;1.07;0.00;18.75;DEFAULT_VEHTYPE;;0;0.00
3318.00;198077805#2_0;33.47;12.62;2944.00;0.80;47027857#0_0;3.95;0.00;tripinfo_4085;374.00;4085;0;4040.71;0.99;0.00;56.88;DEFAULT_VEHTYPE;;2;12.00
3318.00;14471542#2_0;80.55;8.24;3080.00;0.36;-14362916#1_0;5.10;0.00;tripinfo_4262;238.00;4262;1;1536.75;1.08;0.00;64.09;DEFAULT_VEHTYPE;;2;35.00
3319.00;137848161_0;149.87;7.72;3008.00;0.72;-62020321_0;5.10;0.00;tripinfo_4174;311.00;4174;0;2536.17;0.98;0.00;40.41;DEFAULT_VEHTYPE;;1;3.00
3320.00;121794824_0;75.93;2.86;3109.00;0.72;150275986#4_0;0.20;0.00;tripinfo_4299;211.00;4299;0;881.76;1.06;0.00;56.74;DEFAULT_VEHTYPE;;1;5.00
3321.00;4731082#0_0;100.78;5.87;3110.00;0.28;-150275986#3_0;5.10;0.00;tripinfo_4301;211.00;4301;0;1307.12;0.81;0.00;29.98;DEFAULT_VEHTYPE;;1;6.00
3322.00;-524150333#1_0;117.00;8.17;3082.00;6.08;-628757206#2_0;5.10;0.00;tripinfo_4261;240.00;4261;0;1182.68;1.05;0.00;103.57;DEFAULT_VEHTYPE;;4;66.00
3323.00;524151750#0_0;119.20;8.61;2688.00;0.28;14471542#1_0;0.97;0.00;tripinfo_3726;635.00;3726;1;4991.44;1.05;0.00;108.17;DEFAULT_VEHTYPE;;4;19.00
3323.00;220267247#0_0;18.06;9.68;3197.00;0.96;150275986#5_0;5.10;0.00;tripinfo_4432;126.00;4432;0;945.54;1.18;0.00;28.37;DEFAULT_VEHTYPE;;1;12.00
3326.00;4690640#0_0;334.20;12.70;2824.00;0.28;87286857_0;5.10;0.00;tripinfo_3901;502.00;3901;1;3085.88;0.97;0.00;163.38;DEFAULT_VEHTYPE;;6;111.00
3326.00;-36786445#2_0;5.16;9.96;3146.00;0.56;1308361365_0;5.10;0.00;tripinfo_4352;180.00;4352;1;1335.75;1.32;0.00;56.99;DEFAULT_VEHTYPE;;1;12.00
3326.00;-47426244#2_0;60.41;6.50;3190.00;0.40;-31428170#1_0;5.10;0.00;tripinfo_4405;136.00;4405;0;887.64;0.88;0.00;14.02;DEFAULT_VEHTYPE;;0;0.00
3326.00;8385415#0_0;0.20;0.09;1542.00;0.68;693295225_0;5.10;0.00;tripinfo_2131;1784.00;2131;0;3054.79;0.99;0.00;1549.40;DEFAULT_VEHTYPE;teleport;8;1486.00
3327.00;1267194155#0_0;38.61;5.30;1574.00;0.28;653443701_0;5.10;0.00;tripinfo_2176;1753.00;2176;0;2662.66;0.92;0.00;1529.01;DEFAULT_VEHTYPE;;8;1463.00
3327.00;-47999871_0;169.19;8.00;3139.00;0.52;8385415#1_0;5.10;0.00;tripinfo_4359;188.00;4359;0;1235.87;0.97;0.00;35.80;DEFAULT_VEHTYPE;;2;9.00
3328.00;14471542#8_0;50.73;5.77;2842.00;0.48;87286857_0;5.10;0.00;tripinfo_3941;486.00;3941;1;2469.32;0.78;0.00;103.06;DEFAULT_VEHTYPE;;3;42.00
3328.00;654207122_0;0.20;2.81;2948.00;0.04;13853655#1_0;5.10;0.00;tripinfo_4068;380.00;4068;0;2500.23;1.09;0.00;58.41;DEFAULT_VEHTYPE;;1;1.00
3329.00;-291949061#2_0;192.70;4.77;2467.00;0.76;33301688#0_0;5.10;0.00;tripinfo_3417;862.00;3417;1;2331.09;0.95;0.00;553.25;DEFAULT_VEHTYPE;;6;491.00
3329.00;-4730648#1_0;92.32;9.29;3303.00;0.76;4730648#2_0;5.10;0.00;tripinfo_4567;26.00;4567;0;184.07;1.14;0.00;5.07;DEFAULT_VEHTYPE;;0;0.00
3330.00;433333438#0_0;23.51;8.22;2466.00;0.08;628781006#1_0;5.10;0.00;tripinfo_3411;864.00;3411;0;2348.20;1.12;0.00;566.58;DEFAULT_VEHTYPE;;6;521.00
3333.00;4726681#1_0;87.55;7.47;3209.00;0.28;13853661#0_0;5.10;0.00;tripinfo_4451;124.00;4451;0;897.36;1.05;0.00;17.13;DEFAULT_VEHTYPE;;1;1.00
3334.00;-524150326_0;47.72;9.95;3156.00;0.44;65583365#1_0;5.10;0.00;tripinfo_4373;178.00;4373;0;1174.16;1.20;0.00;58.91;DEFAULT_VEHTYPE;;3;35.00
3334.00;5450860#1_0;86.19;6.51;3240.00;0.92;31411842#0_0;5.10;0.00;tripinfo_4489;94.00;4489;0;555.49;0.93;0.00;12.38;DEFAULT_VEHTYPE;;0;0.00
3336.00;-8139943#1_0;37.86;8.16;3186.00;0.56;40598675#0_0;5.10;0.00;tripinfo_4402;150.00;4402;0;1173.12;1.09;0.00;20.62;DEFAULT_VEHTYPE;;1;2.00
3337.00;399914535_0;49.54;6.17;2611.00;174.40;159636082_0;0.20;0.00;tripinfo_3380;726.00;3380;0;475.55;0.76;0.00;647.71;DEFAULT_VEHTYPE;;4;630.00
3339.00;150275986#2_0;39.71;8.76;3293.00;0.04;132148870#2_0;5.10;0.00;tripinfo_4568;46.00;4568;0;264.97;1.07;0.00;13.84;DEFAULT_VEHTYPE;;1;1.00
3342.00;-781650841_0;71.98;11.69;3153.00;0.48;62020116#0_0;5.10;0.00;tripinfo_4366;189.00;4366;0;1320.90;0.92;0.00;58.79;DEFAULT_VEHTYPE;;2;42.00
3344.00;-31431101#2_0;34.56;7.30;3163.00;0.92;8384905#0_0;5.10;0.00;tripinfo_4389;181.00;4389;0;1128.75;0.89;0.00;25.46;DEFAULT_VEHTYPE;;1;3.00
3346.00;4318237#0_0;111.66;8.12;3081.00;0.20;19846527#0_0;5.10;0.00;tripinfo_4265;265.00;4265;0;1717.01;1.01;0.00;59.52;DEFAULT_VEHTYPE;;2;21.00
3347.00;121794824_0;75.93;2.85;2573.00;0.76;14473580_0;5.10;0.00;tripinfo_3567;774.00;3567;1;6258.51;1.10;0.00;218.96;DEFAULT_VEHTYPE;;6;90.00
3350.00;960773148#1_0;0.20;3.22;3043.00;0.60;231940830#0_0;5.10;0.00;tripinfo_4220;307.00;4220;0;2045.28;1.17;0.00;49.48;DEFAULT_VEHTYPE;;1;9.00
3352.00;-507534348#1_0;37.11;7.03;3152.00;0.28;-4730648#4_0;5.10;0.00;tripinfo_4376;200.00;4376;0;1651.97;0.90;0.00;38.61;DEFAULT_VEHTYPE;;1;17.00
3352.00;496872852_0;139.31;8.16;3262.00;0.40;40598675#0_0;5.10;0.00;tripinfo_4505;90.00;4505;0;375.03;1.03;0.00;45.16;DEFAULT_VEHTYPE;;1;36.00
3354.00;137848161_0;149.87;8.95;3112.00;0.80;240549300#2_0;5.10;0.00;tripinfo_4310;242.00;4310;0;1756.62;1.09;0.00;46.91;DEFAULT_VEHTYPE;;1;2.00
3356.00;-14858868_0;74.65;9.14;2983.00;0.32;150275973#0_0;5.10;0.00;tripinfo_4119;373.00;4119;0;2703.80;1.12;0.00;78.55;DEFAULT_VEHTYPE;;2;9.00
3361.00;8382443_0;166.79;6.05;3110.00;0.12;-524150311#0_0;5.10;0.00;tripinfo_4304;251.00;4304;0;1516.83;0.86;0.00;36.48;DEFAULT_VEHTYPE;;1;7.00
3362.00;13764247#0_0;152.62;8.53;918.00;0.68;8382365#1_0;5.10;0.00;tripinfo_1256;2444.00;1256;0;1594.91;1.10;0.00;2179.80;DEFAULT_VEHTYPE;;18;2037.00
3362.00;145550725#0_0;75.05;2.29;3265.00;0.12;654207127#5_0;5.10;0.00;tripinfo_4529;97.00;4529;0;227.57;1.08;0.00;20.93;DEFAULT_VEHTYPE;;0;0.00
3364.00;628755546#0_0;6.60;7.91;3301.00;0.80;400961625#0_0;5.10;0.00;tripinfo_4560;63.00;4560;1;465.46;1.05;0.00;21.92;DEFAULT_VEHTYPE;;1;9.00
3364.00;62020115#0_0;118.19;7.62;3336.00;0.28;62020116#0_0;5.10;0.00;tripinfo_4626;28.00;4626;0;190.56;0.95;0.00;5.58;DEFAULT_VEHTYPE;;0;0.00
3366.00;220267106#0_0;195.54;7.57;2631.00;0.68;31427257#3_0;5.10;0.00;tripinfo_3631;735.00;3631;1;6319.30;0.96;0.00;147.64;DEFAULT_VEHTYPE;;8;52.00
3366.00;220137286#1_0;0.20;8.15;2780.00;0.24;4730638_0;5.10;0.00;tripinfo_3858;586.00;3858;1;4227.32;1.03;0.00;87.00;DEFAULT_VEHTYPE;;3;18.00
3368.00;-36786445#2_0;0.23;7.20;3161.00;0.08;-8382443_0;5.10;0.00;tripinfo_4386;207.00;4386;1;1306.74;1.01;0.00;51.54;DEFAULT_VEHTYPE;;2;15.00
3371.00;-654207127#1_0;72.74;2.22;2465.00;0.32;1156329248_0;5.10;0.00;tripinfo_3419;906.00;3419;1;5799.61;0.85;0.00;171.72;DEFAULT_VEHTYPE;;6;42.00
3371.00;40493501#0_0;24.50;8.39;3234.00;3.12;606127855_0;0.20;0.00;tripinfo_4479;137.00;4479;0;780.95;1.06;0.00;36.50;DEFAULT_VEHTYPE;;1;13.00
3373.00;14471542#6_0;10.27;9.19;2865.00;0.56;8382279#0_0;5.10;0.00;tripinfo_3977;508.00;3977;0;3114.65;1.15;0.00;182.19;DEFAULT_VEHTYPE;;6;69.00
3374.00;-654207120_0;0.20;2.39;2596.00;0.96;400961625#0_0;5.10;0.00;tripinfo_3582;778.00;3582;1;5577.24;0.98;0.00;224.99;DEFAULT_VEHTYPE;;8;121.00
3375.00;13853661#0_0;123.78;9.37;2951.00;0.36;47027857#0_0;3.95;0.00;tripinfo_4087;424.00;4087;1;2763.37;1.13;0.00;136.89;DEFAULT_VEHTYPE;;5;48.00
3375.00;-47999870_0;46.74;7.68;3316.00;0.44;-31431101#2_0;5.10;0.00;tripinfo_4598;59.00;4598;0;432.12;1.04;0.00;8.29;DEFAULT_VEHTYPE;;0;0.00
3383.00;5451917#0_0;6.91;7.98;2914.00;0.76;-36786443#2_0;5.10;0.00;tripinfo_4042;469.00;4042;0;1166.96;1.06;0.00;350.39;DEFAULT_VEHTYPE;;2;320.00
3387.00;87286857_0;7.00;6.20;3129.00;0.72;8152056_0;5.10;0.00;tripinfo_4324;258.00;4324;0;1760.57;0.97;0.00;28.11;DEFAULT_VEHTYPE;;0;0.00
3388.00;8382447#0_0;9.38;7.56;2877.00;0.72;33301663#0_0;5.10;0.00;tripinfo_3974;511.00;3974;1;3353.02;0.96;0.00;88.02;DEFAULT_VEHTYPE;;3;21.00
3389.00;8152038_0;88.34;4.87;2615.00;0.56;1066438511#0_0;5.10;0.00;tripinfo_3627;774.00;3627;1;3030.03;0.88;0.00;327.70;DEFAULT_VEHTYPE;;1;270.00
3395.00;4726681#3_0;87.29;6.81;3202.00;0.36;4730638_0;5.10;0.00;tripinfo_4437;193.00;4437;0;1240.35;1.16;0.00;60.09;DEFAULT_VEHTYPE;;2;11.00
3395.00;14471542#9_0;68.00;8.44;3288.00;0.20;-4726710#1_0;5.10;0.00;tripinfo_4540;107.00;4540;0;799.07;1.13;0.00;11.15;DEFAULT_VEHTYPE;;0;0.00
3396.00;135302385#0_0;7.17;7.09;2787.00;0.76;-47027743#2_0;5.10;0.00;tripinfo_3867;609.00;3867;0;1654.38;0.96;0.00;404.42;DEFAULT_VEHTYPE;;3;372.00
3396.00;290174549#0_0;117.86;7.87;3330.00;0.88;135300821#0_0;5.10;0.00;tripinfo_4596;66.00;4596;0;415.68;1.08;0.00;24.41;DEFAULT_VEHTYPE;;1;10.00
3398.00;-121794822#1_0;62.78;2.72;2668.00;0.60;13853658_0;5.10;0.00;tripinfo_3695;730.00;3695;1;5798.92;1.03;0.00;165.28;DEFAULT_VEHTYPE;;4;37.00
3398.00;150275986#3_0;11.62;7.70;3008.00;0.28;33301688#0_0;5.10;0.00;tripinfo_4176;390.00;4176;0;2311.05;0.97;0.00;103.61;DEFAULT_VEHTYPE;;4;57.00
3399.00;960773149_0;34.69;2.12;1821.00;0.96;591680761#0_0;5.10;0.00;tripinfo_2507;1578.00;2507;0;3210.58;0.97;0.00;1174.48;DEFAULT_VEHTYPE;;17;1005.00
3399.00;-31411842#1_0;77.09;5.15;3188.00;0.20;1308361545#0_0;5.10;0.00;tripinfo_4415;211.00;4415;0;1469.32;1.03;0.00;32.53;DEFAULT_VEHTYPE;;1;4.00
3400.00;-36786445#2_0;44.78;6.50;3172.00;0.88;400062406#0_0;5.10;0.00;tripinfo_4396;228.00;4396;0;1454.92;0.92;0.00;34.12;DEFAULT_VEHTYPE;;1;11.00
3403.00;606127856_0;1.51;2.22;2979.00;0.92;8382302#1_0;5.10;0.00;tripinfo_4114;424.00;4114;1;2407.83;0.78;0.00;46.34;DEFAULT_VEHTYPE;;0;0.00
3405.00;393494867_0;123.28;13.81;1580.00;0.04;40151775_0;5.10;0.00;tripinfo_2193;1825.00;2193;0;2380.92;1.03;0.00;1583.49;DEFAULT_VEHTYPE;;12;1516.00
3405.00;960773149_0;34.69;1.63;2739.00;0.28;963479927#0_0;5.10;0.00;tripinfo_3776;666.00;3776;1;5259.44;0.99;0.00;169.41;DEFAULT_VEHTYPE;;6;89.00
3405.00;-27807643#2_0;6.60;6.66;2744.00;0.52;8140193#0_0;5.10;0.00;tripinfo_3809;661.00;3809;1;2760.41;0.96;0.00;317.60;DEFAULT_VEHTYPE;;3;262.00
3405.00;4730616#2_0;5.29;8.20;3112.00;0.60;-628762074#2_0;5.10;0.00;tripinfo_4320;293.00;4320;0;1865.26;0.99;0.00;57.57;DEFAULT_VEHTYPE;;4;18.00
3405.00;32200291_0;88.16;7.56;3235.00;0.52;-17671153_0;4.41;0.00;tripinfo_4484;170.00;4484;0;1187.16;0.94;0.00;17.10;DEFAULT_VEHTYPE;;0;0.00
3406.00;-654207127#1_0;72.74;2.09;2628.00;0.84;47027857#0_0;3.95;0.00;tripinfo_3628;778.00;3628;1;5642.92;1.12;0.00;240.47;DEFAULT_VEHTYPE;;7;109.00
3408.00;4731082#1_0;175.06;7.64;3236.00;0.72;-523287556_0;5.10;0.00;tripinfo_4474;172.00;4474;0;1423.47;0.93;0.00;23.08;DEFAULT_VEHTYPE;;1;1.00
3408.00;606502609_0;0.20;5.55;3265.00;4.12;772942669_0;5.10;0.00;tripinfo_4504;143.00;4504;0;906.20;1.02;0.00;24.33;DEFAULT_VEHTYPE;;0;0.00
3410.00;4730624_0;197.36;4.91;2911.00;0.88;4690639#0_0;5.10;0.00;tripinfo_4021;499.00;4021;0;1369.30;0.93;0.00;320.28;DEFAULT_VEHTYPE;;2;270.00
3410.00;4441062_0;62.39;12.68;3278.00;2.24;14108392_0;0.20;0.00;tripinfo_4533;132.00;4533;0;1304.19;1.00;0.00;32.62;DEFAULT_VEHTYPE;;1;13.00
3415.00;-240549301_0;21.57;8.50;1613.00;0.84;13853661#0_0;5.10;0.00;tripinfo_2228;1802.00;2228;0;3190.19;1.10;0.00;1557.17;DEFAULT_VEHTYPE;;9;1476.00
3416.00;220267247#3_0;87.46;6.87;3232.00;0.04;8382281#0_0;5.10;0.00;tripinfo_4468;184.00;4468;0;981.14;0.83;0.00;40.92;DEFAULT_VEHTYPE;;1;20.00
3416.00;121794822#3_0;11.26;2.11;3247.00;0.20;-150275984#0_0;5.10;0.00;tripinfo_4490;169.00;4490;0;846.93;1.00;0.00;30.57;DEFAULT_VEHTYPE;;0;0.00
3417.00;-13853658_0;42.27;4.41;3352.00;0.04;31512978#2_0;0.20;0.00;tripinfo_4643;65.00;4643;0;493.97;0.90;0.00;9.01;DEFAULT_VEHTYPE;;0;0.00
3418.00;-524150306#1_0;174.71;6.73;3149.00;12.64;1037986847_0;0.20;0.00;tripinfo_4338;269.00;4338;0;1701.79;0.90;0.00;39.44;DEFAULT_VEHTYPE;;1;11.00
3421.00;14626331_0;76.58;6.99;3049.00;0.08;8382430#0_0;5.10;0.00;tripinfo_4211;372.00;4211;0;2395.20;0.88;0.00;43.84;DEFAULT_VEHTYPE;;1;5.00
3422.00;96016135_0;3.41;4.94;2961.00;0.60;653443701_0;5.10;0.00;tripinfo_4095;461.00;4095;1;3012.80;0.97;0.00;104.92;DEFAULT_VEHTYPE;;3;35.00
3423.00;8382299#1_0;43.14;8.13;3292.00;0.88;8382279#0_0;5.10;0.00;tripinfo_4546;131.00;4546;0;834.72;1.01;0.00;30.58;DEFAULT_VEHTYPE;;1;12.00
3424.00;14362919#0_0;60.49;7.44;3184.00;0.88;121794822#3_0;5.10;0.00;tripinfo_4421;240.00;4421;0;1179.82;0.95;0.00;52.56;DEFAULT_VEHTYPE;;2;11.00
3426.00;628755546#0_0;5.79;6.96;3284.00;0.16;47895849#1_0;5.10;0.00;tripinfo_4547;142.00;4547;1;798.90;0.92;0.00;37.60;DEFAULT_VEHTYPE;;1;19.00
3427.00;8382359_0;50.83;4.70;3192.00;0.32;-1066438511#1_0;5.10;0.00;tripinfo_4419;235.00;4419;0;1398.18;0.96;0.00;26.66;DEFAULT_VEHTYPE;;0;0.00
3430.00;155472436#0_0;108.36;7.18;3074.00;0.96;-30324793_0;5.10;0.00;tripinfo_4257;356.00;4257;0;2105.23;0.89;0.00;68.93;DEFAULT_VEHTYPE;;1;31.00
3431.00;8382281#0_0;201.24;8.38;3280.00;0.40;654207127#2_0;5.10;0.00;tripinfo_4530;151.00;4530;0;566.18;1.02;0.00;30.84;DEFAULT_VEHTYPE;;0;0.00
3432.00;4730634#0_0;128.10;8.38;3035.00;0.64;-220267247#5_0;5.10;0.00;tripinfo_4213;397.00;4213;0;2975.99;1.14;0.00;81.63;DEFAULT_VEHTYPE;;2;27.00
3435.00;496872852_0;139.31;7.62;2231.00;0.80;1066431524#0_0;5.10;0.00;tripinfo_3085;1204.00;3085;0;757.20;1.06;0.00;995.12;DEFAULT_VEHTYPE;;4;958.00
3436.00;13654337_1;138.86;14.32;2503.00;0.72;4730649_0;5.10;0.00;tripinfo_3449;933.00;3449;0;1994.34;1.06;0.00;762.24;DEFAULT_VEHTYPE;;9;690.00
3436.00;-654207120_0;0.20;3.00;2750.00;0.40;897211373#1_0;5.10;0.00;tripinfo_3805;686.00;3805;1;5946.83;1.21;0.00;216.46;DEFAULT_VEHTYPE;;7;45.00
3437.00;14118784#0_0;104.44;8.59;2937.00;0.08;4730619_0;5.10;0.00;tripinfo_4061;500.00;4061;1;3124.56;1.12;0.00;169.90;DEFAULT_VEHTYPE;;6;58.00
3444.00;11294375#3_0;55.61;9.47;3271.00;0.92;654207120_0;0.20;0.00;tripinfo_4539;173.00;4539;0;1086.62;1.21;0.00;37.59;DEFAULT_VEHTYPE;;1;4.00
3444.00;-70724349_0;125.96;8.39;3367.00;0.28;-31431101#4_0;5.10;0.00;tripinfo_4676;77.00;4676;0;558.80;1.04;0.00;10.08;DEFAULT_VEHTYPE;;0;0.00
3445.00;433333438#0_0;23.51;7.52;2934.00;5.04;1153265597#0_0;5.10;0.00;tripinfo_4043;511.00;4043;1;2951.33;1.02;0.00;167.92;DEFAULT_VEHTYPE;;7;90.00
3446.00;62020321_1;201.46;14.41;3149.00;0.00;-8382444_0;5.10;0.00;tripinfo_4350;297.00;4350;0;2662.56;1.13;0.00;48.76;DEFAULT_VEHTYPE;;1;16.00
3449.00;14471542#6_0;10.27;6.35;3138.00;0.24;4730631#1_0;5.10;0.00;tripinfo_4333;311.00;4333;1;1708.62;0.82;0.00;49.47;DEFAULT_VEHTYPE;;1;11.00
3454.00;121794822#8_0;8.86;2.65;2711.00;0.92;606502608_0;0.20;0.00;tripinfo_3764;743.00;3764;1;5703.47;0.96;0.00;127.45;DEFAULT_VEHTYPE;;3;31.00
3454.00;14471542#5_0;1.52;7.40;2787.00;0.40;654207127#0_0;5.10;0.00;tripinfo_3855;667.00;3855;1;3317.14;0.91;0.00;145.26;DEFAULT_VEHTYPE;;6;41.00
3454.00;-8382305_0;175.58;6.73;2851.00;0.08;4726710#1_0;5.10;0.00;tripinfo_3936;603.00;3936;1;5056.38;0.94;0.00;67.69;DEFAULT_VEHTYPE;;1;1.00
3455.00;14471542#1_0;0.97;6.75;2950.00;0.04;220267105#2_0;5.10;0.00;tripinfo_4093;505.00;4093;1;2867.69;0.92;0.00;130.38;DEFAULT_VEHTYPE;;7;63.00
3458.00;-8140197#2_0;78.81;8.55;1064.00;0.80;-239923867#1_0;5.10;0.00;tripinfo_1460;2394.00;1460;0;1446.36;1.10;0.00;2259.05;DEFAULT_VEHTYPE;;20;2117.00
3458.00;8152035#0_0;51.53;8.15;3400.00;0.96;5451918#0_0;5.10;0.00;tripinfo_4707;58.00;4707;0;404.87;1.12;0.00;14.16;DEFAULT_VEHTYPE;;1;5.00
3459.00;231483313#0_0;57.30;6.47;3005.00;0.28;897211373#1_0;5.10;0.00;tripinfo_4151;454.00;4151;1;2425.06;0.86;0.00;79.68;DEFAULT_VEHTYPE;;3;5.00
3459.00;4726694#0_0;116.71;4.52;3103.00;1.52;-628757206#2_0;5.10;0.00;tripinfo_4284;356.00;4284;0;1867.87;0.91;0.00;97.53;DEFAULT_VEHTYPE;;4;55.00
3459.00;180020059#2_0;43.70;8.42;3276.00;0.32;8152033#1_0;5.10;0.00;tripinfo_4544;183.00;4544;0;1497.33;1.15;0.00;21.75;DEFAULT_VEHTYPE;;0;0.00
3461.00;-239758251_0;164.34;8.78;2158.00;0.72;4730651_0;5.10;0.00;tripinfo_2974;1303.00;2974;0;2764.68;1.14;0.00;1073.76;DEFAULT_VEHTYPE;;6;1001.00
3461.00;4730649_0;249.98;6.81;3120.00;0.64;-36786445#2_0;5.10;0.00;tripinfo_4313;341.00;4313;0;1883.20;0.91;0.00;86.26;DEFAULT_VEHTYPE;;3;46.00
3462.00;36786443#0_0;160.05;9.30;2754.00;0.84;400586988#0_0;0.20;0.00;tripinfo_3803;708.00;3803;1;5432.11;1.13;0.00;174.45;DEFAULT_VEHTYPE;;5;33.00
3464.00;-8382358_0;40.16;7.57;3193.00;0.68;40493652_0;0.20;0.00;tripinfo_4431;271.00;4431;0;3205.48;1.06;0.00;37.29;DEFAULT_VEHTYPE;;1;2.00
3465.00;-23084263#0_0;84.85;8.05;2683.00;0.20;13764245#0_0;5.10;0.00;tripinfo_3715;782.00;3715;0;835.39;1.02;0.00;623.84;DEFAULT_VEHTYPE;;4;601.00
3470.00;33301560#0_0;24.54;6.39;2995.00;2.60;-510702678#1_0;5.10;0.00;tripinfo_4145;475.00;4145;0;849.94;0.93;0.00;363.51;DEFAULT_VEHTYPE;;3;339.00
3470.00;-40493652_0;0.20;7.00;3354.00;4.88;4730634#0_0;5.10;0.00;tripinfo_4646;116.00;4646;0;583.02;0.95;0.00;61.36;DEFAULT_VEHTYPE;;2;46.00
3472.00;4726685#0_0;126.32;6.83;3122.00;0.48;-524150342_0;0.20;0.00;tripinfo_4316;350.00;4316;0;1913.45;0.94;0.00;100.21;DEFAULT_VEHTYPE;;3;58.00
3476.00;430855719_0;134.98;5.32;1892.00;0.56;-832629331#1_0;5.10;0.00;tripinfo_2602;1584.00;2602;1;1907.51;0.92;0.00;1338.11;DEFAULT_VEHTYPE;;13;1232.00
3477.00;-87286857_0;7.61;7.98;3301.00;0.92;4318237#0_0;5.10;0.00;tripinfo_4564;176.00;4564;0;1229.13;1.01;0.00;29.86;DEFAULT_VEHTYPE;;1;10.00
3479.00;654207127#3_0;12.67;2.02;3036.00;2.80;1156337042_0;5.10;0.00;tripinfo_4210;443.00;4210;0;1601.10;0.94;0.00;156.50;DEFAULT_VEHTYPE;;1;90.00
3479.00;14362919#0_0;60.49;6.98;3288.00;0.48;-220267106#1_0;5.10;0.00;tripinfo_4541;191.00;4541;0;1299.62;0.94;0.00;24.06;DEFAULT_VEHTYPE;;1;3.00
3481.00;145550725#0_0;75.05;2.27;2806.00;0.92;-47895849#4_0;5.10;0.00;tripinfo_3889;675.00;3889;1;5197.07;1.01;0.00;103.07;DEFAULT_VEHTYPE;;2;8.00
3483.00;4318239#0_0;189.40;6.69;3298.00;0.72;-220267247#1_0;5.10;0.00;tripinfo_4574;185.00;4574;0;1237.96;0.96;0.00;28.24;DEFAULT_VEHTYPE;;1;5.00
3484.00;400586988#1_0;0.20;6.57;3403.00;8.32;14108392_0;0.20;0.00;tripinfo_4694;81.00;4694;0;680.65;0.98;0.00;25.58;DEFAULT_VEHTYPE;;1;7.00
3485.00;-524150342_1;0.20;5.75;3125.00;0.88;-145550725#1_0;5.10;0.00;tripinfo_4321;360.00;4321;0;1684.81;1.08;0.00;113.58;DEFAULT_VEHTYPE;;3;19.00
3487.00;-654207127#5_0;19.07;2.76;3058.00;0.92;1111106315_0;5.10;0.00;tripinfo_4239;429.00;4239;0;2484.78;1.09;0.00;103.70;DEFAULT_VEHTYPE;;6;31.00
3490.00;302657565#0_0;212.13;7.40;3149.00;0.20;400961599#0_0;5.10;0.00;tripinfo_4365;341.00;4365;0;3818.52;1.01;0.00;37.75;DEFAULT_VEHTYPE;;0;0.00
3491.00;159636084#0_0;3.68;5.40;1787.00;0.64;47895849#4_0;5.10;0.00;tripinfo_2463;1704.00;2463;1;2629.69;0.97;0.00;1413.91;DEFAULT_VEHTYPE;;14;1295.00
3491.00;137241321_0;0.20;8.02;2206.00;0.56;4726679#0_0;5.10;0.00;tripinfo_3052;1285.00;3052;0;1490.39;1.08;0.00;1122.86;DEFAULT_VEHTYPE;;14;980.00
3492.00;628782531_0;12.55;7.75;3213.00;0.76;132148870#3_0;5.10;0.00;tripinfo_4442;279.00;4442;0;1909.74;1.02;0.00;52.75;DEFAULT_VEHTYPE;;1;3.00
3492.00;-132148870#1_0;101.50;8.77;3373.00;0.08;220267107#1_0;5.10;0.00;tripinfo_4661;119.00;4661;0;885.57;1.07;0.00;18.12;DEFAULT_VEHTYPE;;1;1.00
3494.00;-524150306#1_0;174.71;8.02;3154.00;0.16;-523287556_0;5.10;0.00;tripinfo_4372;340.00;4372;0;2250.48;0.99;0.00;65.29;DEFAULT_VEHTYPE;;2;28.00
3496.00;-14858868_0;74.65;8.55;2994.00;0.00;654207120_0;0.20;0.00;tripinfo_4150;502.00;4150;1;3092.38;1.08;0.00;124.71;DEFAULT_VEHTYPE;;7;64.00
3506.00;720012595#0_0;96.25;7.02;3220.00;3.84;628781006#7_0;5.10;0.00;tripinfo_4453;286.00;4453;0;1633.64;0.91;0.00;56.01;DEFAULT_VEHTYPE;;2;10.00
3506.00;-150275972_0;101.07;9.34;3416.00;0.00;8382279#1_0;5.10;0.00;tripinfo_4725;90.00;4725;0;647.47;1.18;0.00;22.10;DEFAULT_VEHTYPE;;1;3.00
3508.00;159636083#2_0;0.20;9.00;2620.00;0.60;8382365#1_0;5.10;0.00;tripinfo_3620;888.00;3620;0;1071.93;1.14;0.00;578.53;DEFAULT_VEHTYPE;;4;541.00
3508.00;220267105#3_0;29.12;6.46;2865.00;0.24;14108346_0;0.20;0.00;tripinfo_3958;643.00;3958;1;5493.73;0.89;0.00;92.52;DEFAULT_VEHTYPE;;3;28.00
3510.00;1198625656_0;56.87;8.24;2851.00;0.80;4726717_0;5.10;0.00;tripinfo_3935;659.00;3935;1;4716.30;1.11;0.00;191.36;DEFAULT_VEHTYPE;;4;64.00
3511.00;14471542#3_0;62.11;7.81;3067.00;0.12;-8140188#2_0;5.10;0.00;tripinfo_4254;444.00;4254;1;2842.85;1.05;0.00;115.98;DEFAULT_VEHTYPE;;8;52.00
3511.00;119180322_0;109.44;7.13;3111.00;0.04;150275984#1_0;5.10;0.00;tripinfo_4293;400.00;4293;1;2378.84;0.93;0.00;79.20;DEFAULT_VEHTYPE;;3;31.00
3512.00;1174387992_1;3.66;5.95;2508.00;0.76;30215395#0_0;5.10;0.00;tripinfo_3467;1004.00;3467;0;2910.31;1.00;0.00;758.31;DEFAULT_VEHTYPE;;8;691.00
3513.00;13853655#2_0;92.58;9.02;3415.00;0.52;-31519076#1_0;5.10;0.00;tripinfo_4734;98.00;4734;0;642.80;1.10;0.00;11.74;DEFAULT_VEHTYPE;;0;0.00
3515.00;781742860#4_0;32.44;8.41;2341.00;2.48;8382410#1_0;5.10;0.00;tripinfo_3241;1174.00;3241;0;1155.33;1.02;0.00;1036.34;DEFAULT_VEHTYPE;;8;964.00
3515.00;4730634#0_0;128.10;9.03;3153.00;0.72;220267107#1_0;5.10;0.00;tripinfo_4374;362.00;4374;0;2512.96;1.15;0.00;98.65;DEFAULT_VEHTYPE;;2;32.00
3518.00;403882372_0;0.20;7.84;1979.00;0.00;8382365#0_0;5.10;0.00;tripinfo_2725;1539.00;2725;0;3107.47;1.03;0.00;1209.25;DEFAULT_VEHTYPE;;18;1019.00
3520.00;47027743#0_0;82.97;8.49;2256.00;0.84;-96018881#4_0;5.10;0.00;tripinfo_3128;1264.00;3128;0;1352.67;1.04;0.00;1115.93;DEFAULT_VEHTYPE;;10;1033.00
3521.00;555922918#0_0;213.94;7.75;1833.00;0.56;4426075#0_0;5.10;0.00;tripinfo_2527;1688.00;2527;0;1482.67;1.04;0.00;1516.85;DEFAULT_VEHTYPE;;16;1387.00
3521.00;150275986#5_0;48.71;9.36;3395.00;0.64;8140188#6_0;5.10;0.00;tripinfo_4713;126.00;4713;0;929.63;1.19;0.00;30.83;DEFAULT_VEHTYPE;;1;9.00
3522.00;174272153_0;35.17;6.65;2113.00;0.72;135302385#0_0;5.10;0.00;tripinfo_2924;1409.00;2924;0;785.17;1.00;0.00;1342.99;DEFAULT_VEHTYPE;;14;1218.00
3522.00;95742114_0;11.51;7.55;3116.00;0.32;4726717_0;5.10;0.00;tripinfo_4319;406.00;4319;0;4939.29;1.06;0.00;46.58;DEFAULT_VEHTYPE;;0;0.00
3526.00;-524150311#1_1;52.20;6.35;3471.00;3.40;-220267105#3_0;5.10;0.00;tripinfo_4805;55.00;4805;0;361.29;0.92;0.00;6.73;DEFAULT_VEHTYPE;;0;0.00
3526.00;-27882418#1_0;24.82;7.50;3485.00;0.76;-4318242#1_0;5.10;0.00;tripinfo_4817;41.00;4817;0;285.17;0.96;0.00;4.60;DEFAULT_VEHTYPE;;0;0.00
3530.00;-4318228#2_0;265.98;7.23;2606.00;108.04;1263954924_0;0.20;0.00;tripinfo_3443;924.00;3443;0;1442.50;1.00;0.00;606.60;DEFAULT_VEHTYPE;;4;586.00
3530.00;32200291_0;88.16;8.20;3297.00;0.44;523287555_0;5.10;0.00;tripinfo_4573;233.00;4573;0;1739.71;1.03;0.00;28.85;DEFAULT_VEHTYPE;;1;2.00
3531.00;31427215#0_1;105.00;15.52;3164.00;0.76;19846527#2_0;5.10;0.00;tripinfo_4392;367.00;4392;1;2116.54;1.14;0.00;151.93;DEFAULT_VEHTYPE;;4;91.00
3531.00;510492456#0_0;178.50;6.49;3257.00;0.36;8140188#0_0;5.10;0.00;tripinfo_4512;274.00;4512;0;1530.31;0.86;0.00;60.02;DEFAULT_VEHTYPE;;4;26.00
3531.00;47426244#0_0;31.62;6.97;3319.00;0.24;23084263#0_0;5.10;0.00;tripinfo_4608;212.00;4608;0;1338.83;0.90;0.00;31.20;DEFAULT_VEHTYPE;;1;3.00
3534.00;183370113#4_0;75.12;7.80;1871.00;0.64;-13764247#1_0;5.10;0.00;tripinfo_2588;1663.00;2588;0;2667.49;1.04;0.00;1315.69;DEFAULT_VEHTYPE;;6;1277.00
3535.00;4731082#1_0;175.06;7.17;2779.00;0.12;14471542#12_0;5.10;0.00;tripinfo_3854;756.00;3854;0;2744.41;0.97;0.00;424.60;DEFAULT_VEHTYPE;;2;398.00
3536.00;14471542#12_0;7.40;7.26;3415.00;0.68;36801004#1_0;5.10;0.00;tripinfo_4731;121.00;4731;0;1026.53;1.02;0.00;24.46;DEFAULT_VEHTYPE;;1;3.00
3537.00;400062404_0;3.59;4.20;3269.00;0.20;-47027406_0;5.10;0.00;tripinfo_4515;268.00;4515;0;1980.36;1.02;0.00;29.44;DEFAULT_VEHTYPE;;0;0.00
3538.00;403882372_0;0.20;8.23;3371.00;0.12;400062406#0_0;5.10;0.00;tripinfo_4654;167.00;4654;0;1150.49;1.02;0.00;21.35;DEFAULT_VEHTYPE;;0;0.00
3539.00;-121794822#1_0;62.78;2.61;3237.00;0.48;8382402#2_0;5.10;0.00;tripinfo_4491;302.00;4491;0;1598.15;1.01;0.00;65.46;DEFAULT_VEHTYPE;;2;13.00
3540.00;65583365#0_0;70.26;7.77;3114.00;0.96;30215395#0_0;5.10;0.00;tripinfo_4307;426.00;4307;1;3066.97;1.01;0.00;45.73;DEFAULT_VEHTYPE;;0;0.00
3547.00;-643081314#1_0;6.54;5.10;1634.00;0.80;720012595#0_0;5.10;0.00;tripinfo_2260;1913.00;2260;1;4171.56;0.94;0.00;1471.57;DEFAULT_VEHTYPE;;18;1338.00
3547.00;-507534348#1_0;37.11;6.75;2621.00;0.76;13654454_0;5.10;0.00;tripinfo_3617;926.00;3617;0;2951.76;0.86;0.00;586.88;DEFAULT_VEHTYPE;;5;540.00
3548.00;31445160#1_0;115.52;8.19;2185.00;2.52;-27882429#2_0;5.10;0.00;tripinfo_3009;1363.00;3009;0;1421.44;1.00;0.00;814.24;DEFAULT_VEHTYPE;;3;779.00
3548.00;-231940830#3_0;170.11;7.84;3015.00;0.32;14858868_0;5.10;0.00;tripinfo_4169;533.00;4169;1;3632.79;1.03;0.00;113.55;DEFAULT_VEHTYPE;;3;35.00
3549.00;839709054_0;336.41;10.46;3410.00;0.24;653443701_0;5.10;0.00;tripinfo_4733;139.00;4733;0;736.32;0.77;0.00;60.56;DEFAULT_VEHTYPE;;2;45.00
3553.00;183370113#0_0;0.42;8.58;3102.00;0.56;-654207127#8_0;5.10;0.00;tripinfo_4302;451.00;4302;1;2787.87;1.07;0.00;123.92;DEFAULT_VEHTYPE;;6;55.00
3556.00;1162841664#0_0;40.14;8.26;3359.00;2.72;8140199_0;5.10;0.00;tripinfo_4649;197.00;4649;0;1590.87;1.09;0.00;20.61;DEFAULT_VEHTYPE;;0;0.00
3558.00;-654207120_0;0.20;3.20;3007.00;0.44;-36786443#2_0;5.10;0.00;tripinfo_4148;551.00;4148;0;2269.87;1.19;0.00;291.32;DEFAULT_VEHTYPE;;4;235.00
3559.00;8152037#0_0;56.32;7.86;2897.00;0.00;-9387033#3_0;5.10;0.00;tripinfo_4000;662.00;4000;1;4063.63;0.95;0.00;154.53;DEFAULT_VEHTYPE;;4;88.00
3561.00;65583365#0_0;70.26;7.49;3432.00;0.72;-36786443#2_0;5.10;0.00;tripinfo_4749;129.00;4749;0;929.89;0.99;0.00;14.57;DEFAULT_VEHTYPE;;0;0.00
3562.00;1156329248_0;37.41;9.36;3386.00;0.16;31448937#1_0;5.10;0.00;tripinfo_4697;176.00;4697;1;1331.62;1.16;0.00;24.32;DEFAULT_VEHTYPE;;1;1.00
3563.00;14362916#0_0;76.16;6.40;3394.00;0.24;31411680#0_0;5.10;0.00;tripinfo_4708;169.00;4708;0;1084.89;0.91;0.00;24.82;DEFAULT_VEHTYPE;;1;3.00
3568.00;14471542#12_0;7.40;9.73;2962.00;0.28;654207127#0_0;5.10;0.00;tripinfo_4101;606.00;4101;1;3535.91;1.17;0.00;179.06;DEFAULT_VEHTYPE;;9;65.00
3569.00;654207127#2_0;89.07;2.59;3332.00;0.12;8382302#0_0;5.10;0.00;tripinfo_4604;237.00;4604;0;776.73;0.95;0.00;54.46;DEFAULT_VEHTYPE;;1;4.00
3570.00;939752207_2;96.28;12.65;2916.00;0.08;8382328#0_0;5.10;0.00;tripinfo_4036;654.00;4036;0;1800.25;0.93;0.00;460.34;DEFAULT_VEHTYPE;;4;424.00
3570.00;62017785#0_1;60.44;10.90;3227.00;0.68;31427257#3_0;5.10;0.00;tripinfo_4456;343.00;4456;0;3565.86;0.81;0.00;25.46;DEFAULT_VEHTYPE;;0;0.00
3571.00;745498474_0;55.92;5.70;2101.00;0.64;-17073048#1_0;5.10;0.00;tripinfo_2913;1470.00;2913;1;1561.36;0.81;0.00;1235.18;DEFAULT_VEHTYPE;;10;1144.00
3571.00;654207127#5_0;19.07;2.12;2765.00;0.76;-47895849#0_0;5.10;0.00;tripinfo_3817;806.00;3817;1;5845.88;0.92;0.00;152.62;DEFAULT_VEHTYPE;;6;52.00
3573.00;28275167_0;44.02;7.50;3150.00;0.80;856297346_0;5.10;0.00;tripinfo_4360;423.00;4360;1;3104.22;1.06;0.00;60.32;DEFAULT_VEHTYPE;;2;7.00
3578.00;-290174549#3_0;12.74;8.47;3338.00;0.52;8382307#0_0;5.10;0.00;tripinfo_4609;240.00;4609;0;1533.61;1.23;0.00;88.94;DEFAULT_VEHTYPE;;4;38.00
3583.00;198077804#0_1;126.29;13.07;3283.00;0.00;47027406_0;5.10;0.00;tripinfo_4550;300.00;4550;0;1684.94;0.96;0.00;94.78;DEFAULT_VEHTYPE;;4;44.00
3584.00;265113917#0_0;48.01;6.06;3033.00;0.20;220267107#0_0;5.10;0.00;tripinfo_4190;551.00;4190;0;866.65;0.85;0.00;427.87;DEFAULT_VEHTYPE;;3;400.00
3585.00;720012594#0_0;74.40;8.55;3158.00;0.92;40493652_0;0.20;0.00;tripinfo_4364;427.00;4364;1;2590.98;1.15;0.00;179.44;DEFAULT_VEHTYPE;;5;41.00
3589.00;14626330#0_0;44.68;12.48;3294.00;0.08;-220267105#3_0;5.10;0.00;tripinfo_4561;295.00;4561;0;1575.94;0.99;0.00;112.86;DEFAULT_VEHTYPE;;5;59.00
3590.00;-31512978#1_0;13.39;7.56;3302.00;0.40;691307157_0;5.10;0.00;tripinfo_4580;288.00;4580;1;1688.52;1.00;0.00;68.49;DEFAULT_VEHTYPE;;3;22.00
3591.00;8384893#2_0;70.23;6.53;3483.00;0.24;-628755543_0;5.10;0.00;tripinfo_4833;108.00;4833;0;494.97;0.89;0.00;38.93;DEFAULT_VEHTYPE;;1;26.00
3593.00;62020113#0_1;64.44;12.17;3180.00;0.92;1153265597#0_0;5.10;0.00;tripinfo_4414;413.00;4414;0;2405.60;0.93;0.00;130.48;DEFAULT_VEHTYPE;;4;87.00
3593.00;628755546#0_0;1.57;4.97;3552.00;0.96;183370113#4_0;5.10;0.00;tripinfo_4907;41.00;4907;1;175.46;0.97;0.00;18.78;DEFAULT_VEHTYPE;;1;13.00
3594.00;-327412184_0;118.77;6.37;2158.00;0.32;4441063_0;5.10;0.00;tripinfo_2994;1436.00;2994;0;3082.25;0.80;0.00;1100.01;DEFAULT_VEHTYPE;;12;967.00
3594.00;62020115#0_0;118.19;7.75;3215.00;0.04;693295225_0;5.10;0.00;tripinfo_4443;379.00;4443;0;4209.08;1.08;0.00;86.26;DEFAULT_VEHTYPE;;2;15.00
3594.00;-434361017#1_0;49.79;7.97;3481.00;0.68;8152033#0_0;5.10;0.00;tripinfo_4806;113.00;4806;0;683.36;1.03;0.00;29.15;DEFAULT_VEHTYPE;;2;13.00
-1.00;;-1.00;-1.00;526.00;0.36;145550723_0;5.10;0.00;tripinfo_712;3074.00;712;0;2465.93;0.98;0.00;2676.57;DEFAULT_VEHTYPE;;27;2473.00
-1.00;;-1.00;-1.00;778.00;0.04;62020114#0_0;5.10;0.00;tripinfo_1068;2822.00;1068;0;1954.48;0.94;0.00;2639.03;DEFAULT_VEHTYPE;end;24;2451.00
-1.00;;-1.00;-1.00;1624.00;825.16;159636083#0_0;5.10;0.00;tripinfo_1097;1976.00;1097;0;399.77;1.26;0.00;1940.04;DEFAULT_VEHTYPE;end;14;1840.00
-1.00;;-1.00;-1.00;898.00;0.88;-47426244#1_0;5.10;0.00;tripinfo_1221;2702.00;1221;0;1812.78;0.94;0.00;2467.58;DEFAULT_VEHTYPE;end;22;2316.00
-1.00;;-1.00;-1.00;924.00;0.44;4426076#0_0;5.10;0.00;tripinfo_1273;2676.00;1273;0;1179.84;1.07;0.00;2547.47;DEFAULT_VEHTYPE;end;20;2394.00
-1.00;;-1.00;-1.00;932.00;0.48;4730648#2_0;5.10;0.00;tripinfo_1291;2668.00;1291;0;1003.48;1.00;0.00;2551.22;DEFAULT_VEHTYPE;end;19;2421.00
-1.00;;-1.00;-1.00;979.00;0.88;31431101#3_0;5.10;0.00;tripinfo_1346;2621.00;1346;1;1518.25;0.94;0.00;2425.00;DEFAULT_VEHTYPE;end;18;2305.00
-1.00;;-1.00;-1.00;1006.00;18.80;1037986847_0;0.20;0.00;tripinfo_1360;2594.00;1360;1;1682.87;0.85;0.00;2354.36;DEFAULT_VEHTYPE;end;20;2235.00
-1.00;;-1.00;-1.00;1065.00;0.28;628782529#4_0;5.10;0.00;tripinfo_1451;2535.00;1451;0;760.76;1.14;0.00;2463.34;DEFAULT_VEHTYPE;end;21;2333.00
-1.00;;-1.00;-1.00;1084.00;0.56;-220267106#1_0;5.10;0.00;tripinfo_1502;2516.00;1502;0;2524.61;0.97;0.00;2239.51;DEFAULT_VEHTYPE;end;23;2053.00
-1.00;;-1.00;-1.00;1111.00;0.88;-628762073#5_0;5.10;0.00;tripinfo_1521;2489.00;1521;1;1716.99;1.08;0.00;2295.26;DEFAULT_VEHTYPE;end;20;2175.00
-1.00;;-1.00;-1.00;1110.00;0.44;-220267247#5_0;5.10;0.00;tripinfo_1523;2490.00;1523;0;1920.60;0.97;0.00;2256.46;DEFAULT_VEHTYPE;end;30;2096.00
-1.00;;-1.00;-1.00;1251.00;0.88;8384928_0;5.10;0.00;tripinfo_1721;2349.00;1721;1;912.37;1.23;0.00;2258.42;DEFAULT_VEHTYPE;end;17;2158.00
-1.00;;-1.00;-1.00;1249.00;0.68;4426075#0_0;5.10;0.00;tripinfo_1731;2351.00;1731;0;1064.36;1.07;0.00;2199.54;DEFAULT_VEHTYPE;end;20;2065.00
-1.00;;-1.00;-1.00;1262.00;0.48;-27882418#1_0;5.10;0.00;tripinfo_1741;2338.00;1741;0;1373.52;1.14;0.00;2198.22;DEFAULT_VEHTYPE;end;23;2018.00
-1.00;;-1.00;-1.00;1262.00;0.28;-803266531#0_0;5.10;0.00;tripinfo_1751;2338.00;1751;0;954.65;0.89;0.00;2201.70;DEFAULT_VEHTYPE;end;20;2048.00
-1.00;;-1.00;-1.00;1278.00;0.92;-803266531#0_0;5.10;0.00;tripinfo_1764;2322.00;1764;0;1005.80;0.97;0.00;2190.51;DEFAULT_VEHTYPE;end;19;2023.00
-1.00;;-1.00;-1.00;1313.00;0.52;4730637#4_0;5.10;0.00;tripinfo_1809;2287.00;1809;0;1559.77;1.17;0.00;2122.44;DEFAULT_VEHTYPE;end;10;2042.00
-1.00;;-1.00;-1.00;1311.00;0.48;628782529#4_0;5.10;0.00;tripinfo_1816;2289.00;1816;0;1559.48;1.01;0.00;2152.83;DEFAULT_VEHTYPE;end;18;2013.00
-1.00;;-1.00;-1.00;1386.00;0.64;-290172304_0;5.10;0.00;tripinfo_1913;2214.00;1913;0;787.57;1.02;0.00;2123.99;DEFAULT_VEHTYPE;end;18;1990.00
-1.00;;-1.00;-1.00;1399.00;0.12;34065519_0;5.10;0.00;tripinfo_1929;2201.00;1929;0;1127.48;1.02;0.00;2062.85;DEFAULT_VEHTYPE;end;11;1987.00
-1.00;;-1.00;-1.00;1419.00;6.56;-17073048#1_0;5.10;0.00;tripinfo_1952;2181.00;1952;1;1395.07;0.97;0.00;2003.63;DEFAULT_VEHTYPE;end;12;1918.00
-1.00;;-1.00;-1.00;2332.00;919.52;628781006#3_0;5.10;0.00;tripinfo_1959;1268.00;1959;0;378.38;0.91;0.00;1216.85;DEFAULT_VEHTYPE;end;7;1178.00
-1.00;;-1.00;-1.00;1437.00;0.88;13764245#0_0;5.10;0.00;tripinfo_1971;2163.00;1971;0;594.49;0.90;0.00;2086.32;DEFAULT_VEHTYPE;end;13;1981.00
-1.00;;-1.00;-1.00;1437.00;0.40;-150275988#5_0;5.10;0.00;tripinfo_1980;2163.00;1980;0;2039.83;1.19;0.00;1954.63;DEFAULT_VEHTYPE;;14;1817.00
-1.00;;-1.00;-1.00;1467.00;0.52;47426244#0_0;5.10;0.00;tripinfo_2009;2133.00;2009;0;1486.44;1.02;0.00;1957.01;DEFAULT_VEHTYPE;end;16;1870.00
-1.00;;-1.00;-1.00;1487.00;0.24;8384930#0_0;5.10;0.00;tripinfo_2058;2113.00;2058;0;399.97;0.94;0.00;2037.88;DEFAULT_VEHTYPE;end;13;1965.00
-1.00;;-1.00;-1.00;1505.00;0.28;-1167764376_0;5.10;0.00;tripinfo_2076;2095.00;2076;0;1370.15;1.27;0.00;1999.45;DEFAULT_VEHTYPE;end;10;1938.00
-1.00;;-1.00;-1.00;1520.00;0.88;832488060#1_0;5.10;0.00;tripinfo_2096;2080.00;2096;1;3763.70;0.92;0.00;1683.67;DEFAULT_VEHTYPE;end;24;1507.00
-1.00;;-1.00;-1.00;1516.00;0.84;175976586#6_0;5.10;0.00;tripinfo_2103;2084.00;2103;0;1090.59;0.99;0.00;1954.27;DEFAULT_VEHTYPE;end;15;1876.00
-1.00;;-1.00;-1.00;1528.00;0.36;1066431525_0;5.10;0.00;tripinfo_2112;2072.00;2112;0;467.02;0.96;0.00;2014.61;DEFAULT_VEHTYPE;end;10;1959.00
-1.00;;-1.00;-1.00;2369.00;825.56;174272149_0;5.10;0.00;tripinfo_2127;1231.00;2127;0;1010.67;0.98;0.00;1154.49;DEFAULT_VEHTYPE;end;5;1115.00
-1.00;;-1.00;-1.00;1549.00;3.80;4392761#3_0;5.10;0.00;tripinfo_2135;2051.00;2135;1;4299.40;1.04;0.00;1676.82;DEFAULT_VEHTYPE;end;24;1450.00
-1.00;;-1.00;-1.00;1554.00;0.08;4730620_0;5.10;0.00;tripinfo_2136;2046.00;2136;1;3749.31;0.94;0.00;1649.77;DEFAULT_VEHTYPE;end;20;1460.00
-1.00;;-1.00;-1.00;1564.00;0.16;13764245#0_0;5.10;0.00;tripinfo_2147;2036.00;2147;0;586.99;1.08;0.00;1972.17;DEFAULT_VEHTYPE;end;12;1868.00
-1.00;;-1.00;-1.00;1553.00;0.12;7682863#0_0;5.10;0.00;tripinfo_2154;2047.00;2154;0;272.14;1.11;0.00;1991.71;DEFAULT_VEHTYPE;end;13;1914.00
-1.00;;-1.00;-1.00;1561.00;0.20;27882429#0_0;5.10;0.00;tripinfo_2165;2039.00;2165;0;1318.94;1.07;0.00;1922.73;DEFAULT_VEHTYPE;end;23;1755.00
-1.00;;-1.00;-1.00;1579.00;0.60;239757763_0;5.10;0.00;tripinfo_2170;2021.00;2170;0;673.82;1.07;0.00;1943.81;DEFAULT_VEHTYPE;end;15;1843.00
-1.00;;-1.00;-1.00;1581.00;0.16;27882418#0_0;5.10;0.00;tripinfo_2172;2019.00;2172;0;796.62;0.97;0.00;1920.42;DEFAULT_VEHTYPE;end;9;1874.00
-1.00;;-1.00;-1.00;1600.00;0.08;47999871_0;5.10;0.00;tripinfo_2211;2000.00;2211;0;1514.61;0.85;0.00;1785.02;DEFAULT_VEHTYPE;end;11;1702.00
-1.00;;-1.00;-1.00;1606.00;0.88;687383599#0_0;5.10;0.00;tripinfo_2221;1994.00;2221;0;2363.54;0.96;0.00;1774.17;DEFAULT_VEHTYPE;;14;1660.00
-1.00;;-1.00;-1.00;1635.00;1.88;-220267105#3_0;5.10;0.00;tripinfo_2246;1965.00;2246;1;2686.62;0.83;0.00;1578.90;DEFAULT_VEHTYPE;end;11;1478.00
-1.00;;-1.00;-1.00;1632.00;0.36;31427257#6_0;5.10;0.00;tripinfo_2262;1968.00;2262;1;4209.46;0.96;0.00;1568.04;DEFAULT_VEHTYPE;end;18;1416.00
-1.00;;-1.00;-1.00;1645.00;0.88;150275986#2_0;5.10;0.00;tripinfo_2271;1955.00;2271;0;1979.90;1.03;0.00;1754.35;DEFAULT_VEHTYPE;end;18;1630.00
-1.00;;-1.00;-1.00;1646.00;0.56;249386315_0;5.10;0.00;tripinfo_2277;1954.00;2277;1;4486.56;1.16;0.00;1600.62;DEFAULT_VEHTYPE;end;19;1373.00
-1.00;;-1.00;-1.00;1655.00;0.88;4726718_0;5.10;0.00;tripinfo_2296;1945.00;2296;0;2390.93;1.32;0.00;1811.40;DEFAULT_VEHTYPE;end;18;1698.00
-1.00;;-1.00;-1.00;1660.00;0.12;-4726710#0_0;5.10;0.00;tripinfo_2304;1940.00;2304;1;3875.44;1.01;0.00;1558.43;DEFAULT_VEHTYPE;end;19;1387.00
-1.00;;-1.00;-1.00;1672.00;3.20;31431101#3_0;5.10;0.00;tripinfo_2315;1928.00;2315;1;1353.31;0.97;0.00;1758.68;DEFAULT_VEHTYPE;end;9;1680.00
-1.00;;-1.00;-1.00;1689.00;0.28;4730609_0;5.10;0.00;tripinfo_2326;1911.00;2326;0;869.39;0.78;0.00;1814.84;DEFAULT_VEHTYPE;end;12;1770.00
-1.00;;-1.00;-1.00;1696.00;0.04;31518448#0_0;5.10;0.00;tripinfo_2343;1904.00;2343;1;948.49;1.05;0.00;1793.84;DEFAULT_VEHTYPE;end;10;1696.00
-1.00;;-1.00;-1.00;1704.00;7.84;-121794822#7_0;5.10;0.00;tripinfo_2353;1896.00;2353;0;2343.39;1.16;0.00;1638.99;DEFAULT_VEHTYPE;end;28;1382.00
-1.00;;-1.00;-1.00;1701.00;0.52;-4318228#2_0;5.10;0.00;tripinfo_2359;1899.00;2359;0;2513.84;1.11;0.00;1494.38;DEFAULT_VEHTYPE;end;8;1391.00
-1.00;;-1.00;-1.00;1714.00;0.00;-121794825#3_0;4.66;0.00;tripinfo_2375;1886.00;2375;0;1994.41;0.82;0.00;1531.63;DEFAULT_VEHTYPE;;15;1402.00
-1.00;;-1.00;-1.00;1721.00;0.68;62020113#0_0;5.10;0.00;tripinfo_2381;1879.00;2381;0;1525.93;1.00;0.00;1760.25;DEFAULT_VEHTYPE;end;21;1615.00
-1.00;;-1.00;-1.00;1734.00;0.12;150275985#0_0;5.10;0.00;tripinfo_2404;1866.00;2404;0;2663.72;1.13;0.00;1650.88;DEFAULT_VEHTYPE;end;26;1429.00
-1.00;;-1.00;-1.00;1739.00;0.64;4426076#0_0;5.10;0.00;tripinfo_2413;1861.00;2413;0;913.24;1.02;0.00;1752.10;DEFAULT_VEHTYPE;end;20;1595.00
-1.00;;-1.00;-1.00;1751.00;0.32;-121794822#9_0;5.10;0.00;tripinfo_2419;1849.00;2419;1;2978.20;1.08;0.00;1470.43;DEFAULT_VEHTYPE;end;12;1335.00
-1.00;;-1.00;-1.00;1759.00;0.60;150275985#0_0;5.10;0.00;tripinfo_2420;1841.00;2420;0;2291.55;0.93;0.00;1606.64;DEFAULT_VEHTYPE;end;26;1406.00
-1.00;;-1.00;-1.00;1761.00;0.40;239757874#3_0;5.10;0.00;tripinfo_2430;1839.00;2430;0;475.59;0.88;0.00;1771.92;DEFAULT_VEHTYPE;end;18;1713.00
-1.00;;-1.00;-1.00;1768.00;0.96;174272152_0;5.10;0.00;tripinfo_2432;1832.00;2432;0;224.25;0.95;0.00;1804.87;DEFAULT_VEHTYPE;end;16;1745.00
-1.00;;-1.00;-1.00;1774.00;2.04;174272152_0;5.10;0.00;tripinfo_2443;1826.00;2443;0;208.91;0.88;0.00;1756.89;DEFAULT_VEHTYPE;end;16;1679.00
-1.00;;-1.00;-1.00;1771.00;0.16;174272152_0;5.10;0.00;tripinfo_2447;1829.00;2447;0;128.24;0.97;0.00;1814.03;DEFAULT_VEHTYPE;end;18;1737.00
-1.00;;-1.00;-1.00;1775.00;0.72;-628762074#2_0;5.10;0.00;tripinfo_2449;1825.00;2449;1;1439.94;1.15;0.00;1673.41;DEFAULT_VEHTYPE;end;10;1549.00
-1.00;;-1.00;-1.00;1784.00;0.00;-8382445#1_0;5.10;0.00;tripinfo_2450;1816.00;2450;0;1236.43;1.17;0.00;1687.67;DEFAULT_VEHTYPE;end;15;1584.00
-1.00;;-1.00;-1.00;1776.00;0.80;-433333438#1_0;5.10;0.00;tripinfo_2460;1824.00;2460;1;3467.68;0.96;0.00;1480.48;DEFAULT_VEHTYPE;end;19;1346.00
-1.00;;-1.00;-1.00;1785.00;0.04;290172305#0_0;5.10;0.00;tripinfo_2468;1815.00;2468;0;796.16;1.23;0.00;1739.51;DEFAULT_VEHTYPE;end;9;1699.00
-1.00;;-1.00;-1.00;1788.00;2.00;-150275984#4_0;5.10;0.00;tripinfo_2475;1812.00;2475;0;2372.66;1.12;0.00;1608.97;DEFAULT_VEHTYPE;end;24;1403.00
-1.00;;-1.00;-1.00;1789.00;0.28;40493652_0;0.20;0.00;tripinfo_2476;1811.00;2476;1;3679.67;0.98;0.00;1465.61;DEFAULT_VEHTYPE;end;19;1303.00
-1.00;;-1.00;-1.00;1799.00;0.08;1153265597#0_0;5.10;0.00;tripinfo_2486;1801.00;2486;1;2395.81;0.91;0.00;1321.01;DEFAULT_VEHTYPE;end;9;1244.00
-1.00;;-1.00;-1.00;1800.00;0.36;14471542#1_0;0.97;0.00;tripinfo_2487;1800.00;2487;1;4643.41;0.82;0.00;1262.68;DEFAULT_VEHTYPE;end;17;1119.00
-1.00;;-1.00;-1.00;1804.00;0.56;220267247#0_0;5.10;0.00;tripinfo_2502;1796.00;2502;0;1921.23;0.94;0.00;1586.44;DEFAULT_VEHTYPE;end;21;1422.00
-1.00;;-1.00;-1.00;1827.00;0.36;1167764376_0;5.10;0.00;tripinfo_2512;1773.00;2512;0;387.67;0.91;0.00;1719.50;DEFAULT_VEHTYPE;end;14;1655.00
-1.00;;-1.00;-1.00;1822.00;0.32;555922918#0_0;5.10;0.00;tripinfo_2519;1778.00;2519;0;648.70;1.04;0.00;1702.78;DEFAULT_VEHTYPE;end;14;1629.00
-1.00;;-1.00;-1.00;1819.00;0.16;1263955158#0_0;5.10;0.00;tripinfo_2522;1781.00;2522;0;1280.00;1.12;0.00;1684.50;DEFAULT_VEHTYPE;end;15;1592.00
-1.00;;-1.00;-1.00;1828.00;0.44;150275985#0_0;5.10;0.00;tripinfo_2523;1772.00;2523;0;1957.49;0.75;0.00;1504.34;DEFAULT_VEHTYPE;end;17;1361.00
-1.00;;-1.00;-1.00;1828.00;0.40;-13764247#1_0;5.10;0.00;tripinfo_2530;1772.00;2530;0;887.60;1.18;0.00;1690.61;DEFAULT_VEHTYPE;end;10;1619.00
-1.00;;-1.00;-1.00;1840.00;0.68;400062404_0;3.59;0.00;tripinfo_2531;1760.00;2531;0;1181.11;0.81;0.00;1568.71;DEFAULT_VEHTYPE;end;10;1477.00
-1.00;;-1.00;-1.00;1841.00;0.96;31427257#6_0;5.10;0.00;tripinfo_2532;1759.00;2532;1;4056.00;0.91;0.00;1358.81;DEFAULT_VEHTYPE;end;18;1185.00
-1.00;;-1.00;-1.00;1838.00;1.48;829968897_0;5.10;0.00;tripinfo_2541;1762.00;2541;0;1836.17;1.06;0.00;1586.84;DEFAULT_VEHTYPE;;20;1419.00
-1.00;;-1.00;-1.00;1837.00;0.76;-1230294701_0;5.10;0.00;tripinfo_2542;1763.00;2542;1;1877.68;1.05;0.00;1547.81;DEFAULT_VEHTYPE;;16;1407.00
-1.00;;-1.00;-1.00;1852.00;0.36;396926516#0_0;4.69;0.00;tripinfo_2562;1748.00;2562;0;801.63;0.92;0.00;1641.36;DEFAULT_VEHTYPE;end;14;1565.00
-1.00;;-1.00;-1.00;1852.00;0.76;36801004#2_0;5.10;0.00;tripinfo_2567;1748.00;2567;0;2577.32;1.11;0.00;1553.50;DEFAULT_VEHTYPE;end;15;1430.00
-1.00;;-1.00;-1.00;1878.00;0.24;-8139943#1_0;5.10;0.00;tripinfo_2583;1722.00;2583;0;1642.71;0.81;0.00;1552.94;DEFAULT_VEHTYPE;end;19;1434.00
-1.00;;-1.00;-1.00;1865.00;0.80;14626329#0_0;5.10;0.00;tripinfo_2585;1735.00;2585;0;1815.63;1.01;0.00;1592.62;DEFAULT_VEHTYPE;end;20;1424.00
-1.00;;-1.00;-1.00;1880.00;0.36;7682866#2_0;5.10;0.00;tripinfo_2587;1720.00;2587;0;213.43;0.96;0.00;1692.10;DEFAULT_VEHTYPE;end;13;1626.00
-1.00;;-1.00;-1.00;1889.00;0.88;150275985#0_0;5.10;0.00;tripinfo_2596;1711.00;2596;0;1287.21;0.94;0.00;1545.05;DEFAULT_VEHTYPE;end;10;1488.00
-1.00;;-1.00;-1.00;1877.00;0.16;290174551#0_0;5.10;0.00;tripinfo_2597;1723.00;2597;0;1436.63;1.01;0.00;1550.20;DEFAULT_VEHTYPE;end;13;1443.00
-1.00;;-1.00;-1.00;1897.00;0.08;410939626_0;0.20;0.00;tripinfo_2611;1703.00;2611;1;3435.09;0.76;0.00;1288.15;DEFAULT_VEHTYPE;end;16;1131.00
-1.00;;-1.00;-1.00;1894.00;0.48;14473580_0;5.10;0.00;tripinfo_2616;1706.00;2616;1;4127.90;0.85;0.00;1275.61;DEFAULT_VEHTYPE;end;19;1113.00
-1.00;;-1.00;-1.00;1896.00;0.28;-150275986#4_0;0.20;0.00;tripinfo_2626;1704.00;2626;0;2546.97;0.89;0.00;1353.17;DEFAULT_VEHTYPE;end;19;1187.00
-1.00;;-1.00;-1.00;1904.00;1.96;290172673#0_0;5.10;0.00;tripinfo_2632;1696.00;2632;1;2310.63;0.87;0.00;1374.68;DEFAULT_VEHTYPE;end;13;1247.00
-1.00;;-1.00;-1.00;1910.00;0.80;628782529#6_0;5.10;0.00;tripinfo_2635;1690.00;2635;0;333.89;1.00;0.00;1648.88;DEFAULT_VEHTYPE;end;13;1561.00
-1.00;;-1.00;-1.00;1917.00;0.92;220267105#1_0;5.10;0.00;tripinfo_2639;1683.00;2639;1;2459.78;1.07;0.00;1409.13;DEFAULT_VEHTYPE;end;10;1297.00
-1.00;;-1.00;-1.00;1920.00;0.76;175976586#0_0;5.10;0.00;tripinfo_2642;1680.00;2642;0;1529.36;1.07;0.00;1534.20;DEFAULT_VEHTYPE;end;18;1368.00
-1.00;;-1.00;-1.00;1917.00;0.24;-239757874#3_0;5.10;0.00;tripinfo_2658;1683.00;2658;0;478.83;0.98;0.00;1623.23;DEFAULT_VEHTYPE;end;13;1564.00
-1.00;;-1.00;-1.00;1937.00;0.36;-150275986#3_0;5.10;0.00;tripinfo_2662;1663.00;2662;0;1342.20;1.05;0.00;1344.34;DEFAULT_VEHTYPE;;9;1263.00
-1.00;;-1.00;-1.00;1943.00;0.60;-155472436#1_0;5.10;0.00;tripinfo_2670;1657.00;2670;0;1432.73;0.98;0.00;1538.20;DEFAULT_VEHTYPE;end;23;1355.00
-1.00;;-1.00;-1.00;1946.00;5.16;95742119#1_0;3.64;0.00;tripinfo_2672;1654.00;2672;0;1064.50;0.98;0.00;1572.85;DEFAULT_VEHTYPE;end;26;1380.00
-1.00;;-1.00;-1.00;1941.00;0.12;31459223#0_0;5.10;0.00;tripinfo_2679;1659.00;2679;1;1947.97;0.80;0.00;1367.57;DEFAULT_VEHTYPE;end;12;1263.00
-1.00;;-1.00;-1.00;1938.00;0.80;8382358_0;5.10;0.00;tripinfo_2685;1662.00;2685;0;568.12;1.08;0.00;1597.51;DEFAULT_VEHTYPE;end;17;1535.00
-1.00;;-1.00;-1.00;1956.00;0.32;4730648#0_0;5.10;0.00;tripinfo_2694;1644.00;2694;0;823.60;1.00;0.00;1543.04;DEFAULT_VEHTYPE;end;16;1433.00
-1.00;;-1.00;-1.00;1953.00;0.44;8382307#0_0;5.10;0.00;tripinfo_2698;1647.00;2698;1;1815.61;0.88;0.00;1398.18;DEFAULT_VEHTYPE;end;8;1319.00
-1.00;;-1.00;-1.00;1956.00;0.00;4426075#0_0;5.10;0.00;tripinfo_2700;1644.00;2700;0;960.23;1.06;0.00;1533.44;DEFAULT_VEHTYPE;end;15;1420.00
-1.00;;-1.00;-1.00;1958.00;0.12;1263954924_0;0.20;0.00;tripinfo_2704;1642.00;2704;0;399.70;1.03;0.00;1599.27;DEFAULT_VEHTYPE;;10;1539.00
-1.00;;-1.00;-1.00;1955.00;0.40;-290172305#0_0;5.10;0.00;tripinfo_2705;1645.00;2705;0;600.80;0.92;0.00;1564.56;DEFAULT_VEHTYPE;end;8;1512.00
-1.00;;-1.00;-1.00;1967.00;0.20;-62020321_0;5.10;0.00;tripinfo_2715;1633.00;2715;0;1665.82;0.93;0.00;1498.02;DEFAULT_VEHTYPE;end;20;1354.00
-1.00;;-1.00;-1.00;1972.00;0.88;40598675#0_0;5.10;0.00;tripinfo_2721;1628.00;2721;0;446.28;1.08;0.00;1577.44;DEFAULT_VEHTYPE;end;13;1509.00
-1.00;;-1.00;-1.00;1982.00;0.12;-4730648#2_0;5.10;0.00;tripinfo_2729;1618.00;2729;0;668.32;1.00;0.00;1536.60;DEFAULT_VEHTYPE;end;14;1427.00
-1.00;;-1.00;-1.00;1981.00;0.68;1263793723_0;5.10;0.00;tripinfo_2731;1619.00;2731;0;1354.62;1.04;0.00;1506.69;DEFAULT_VEHTYPE;end;7;1452.00
-1.00;;-1.00;-1.00;1984.00;0.36;-781650841_0;5.10;0.00;tripinfo_2737;1616.00;2737;0;536.91;1.14;0.00;1566.24;DEFAULT_VEHTYPE;end;12;1500.00
-1.00;;-1.00;-1.00;1986.00;0.20;31427257#6_0;5.10;0.00;tripinfo_2740;1614.00;2740;1;4011.00;1.10;0.00;1287.53;DEFAULT_VEHTYPE;end;16;1079.00
-1.00;;-1.00;-1.00;1983.00;0.48;162611854#0_0;5.10;0.00;tripinfo_2741;1617.00;2741;0;2208.37;1.00;0.00;1436.80;DEFAULT_VEHTYPE;end;21;1257.00
-1.00;;-1.00;-1.00;1979.00;0.16;220267107#1_0;5.10;0.00;tripinfo_2747;1621.00;2747;1;2324.44;1.04;0.00;1354.41;DEFAULT_VEHTYPE;end;12;1216.00
-1.00;;-1.00;-1.00;1994.00;0.20;-62020321_0;5.10;0.00;tripinfo_2765;1606.00;2765;0;1678.80;0.85;0.00;1442.71;DEFAULT_VEHTYPE;end;15;1309.00
-1.00;;-1.00;-1.00;2013.00;0.60;963479927#0_0;5.10;0.00;tripinfo_2770;1587.00;2770;1;3271.78;0.94;0.00;1171.08;DEFAULT_VEHTYPE;end;17;1005.00
-1.00;;-1.00;-1.00;2013.00;0.88;-150275988#5_0;5.10;0.00;tripinfo_2771;1587.00;2771;0;1946.43;1.00;0.00;1387.62;DEFAULT_VEHTYPE;end;11;1267.00
-1.00;;-1.00;-1.00;1999.00;0.72;175976586#0_0;5.10;0.00;tripinfo_2774;1601.00;2774;0;1432.71;1.03;0.00;1462.40;DEFAULT_VEHTYPE;end;22;1233.00
-1.00;;-1.00;-1.00;2005.00;0.00;745498474_0;5.10;0.00;tripinfo_2775;1595.00;2775;0;190.89;0.97;0.00;1570.27;DEFAULT_VEHTYPE;end;8;1536.00
-1.00;;-1.00;-1.00;2013.00;0.96;1167764376_0;5.10;0.00;tripinfo_2782;1587.00;2782;0;358.24;0.88;0.00;1536.00;DEFAULT_VEHTYPE;end;9;1507.00
-1.00;;-1.00;-1.00;2013.00;0.36;606502608_0;0.20;0.00;tripinfo_2787;1587.00;2787;1;3528.78;1.05;0.00;1266.55;DEFAULT_VEHTYPE;end;17;1091.00
-1.00;;-1.00;-1.00;2028.00;0.64;62020113#0_0;5.10;0.00;tripinfo_2788;1572.00;2788;0;1281.73;1.14;0.00;1489.42;DEFAULT_VEHTYPE;end;21;1279.00
-1.00;;-1.00;-1.00;2024.00;0.20;879483837_0;5.10;0.00;tripinfo_2790;1576.00;2790;1;3733.59;1.09;0.00;1286.68;DEFAULT_VEHTYPE;end;17;1096.00
-1.00;;-1.00;-1.00;2017.00;0.48;-40493652_0;0.20;0.00;tripinfo_2791;1583.00;2791;1;3659.19;0.95;0.00;1117.44;DEFAULT_VEHTYPE;end;15;970.00
-1.00;;-1.00;-1.00;2021.00;1.44;-290174549#3_0;5.10;0.00;tripinfo_2798;1579.00;2798;0;1204.99;0.97;0.00;1466.75;DEFAULT_VEHTYPE;;15;1345.00
-1.00;;-1.00;-1.00;2039.00;0.24;36801002#0_0;5.10;0.00;tripinfo_2808;1561.00;2808;1;3275.33;0.98;0.00;1262.19;DEFAULT_VEHTYPE;end;19;1084.00
-1.00;;-1.00;-1.00;2031.00;0.80;8382444_0;5.10;0.00;tripinfo_2810;1569.00;2810;1;1653.40;1.05;0.00;1377.46;DEFAULT_VEHTYPE;end;7;1293.00
-1.00;;-1.00;-1.00;2040.00;0.08;523287555_0;5.10;0.00;tripinfo_2811;1560.00;2811;0;1626.34;1.25;0.00;1446.32;DEFAULT_VEHTYPE;end;19;1224.00
-1.00;;-1.00;-1.00;2031.00;0.48;-781742860#0_0;5.10;0.00;tripinfo_2816;1569.00;2816;0;711.12;1.25;0.00;1499.46;DEFAULT_VEHTYPE;end;11;1420.00
-1.00;;-1.00;-1.00;2036.00;0.32;4426075#0_0;5.10;0.00;tripinfo_2819;1564.00;2819;0;629.13;0.98;0.00;1485.42;DEFAULT_VEHTYPE;end;16;1362.00
-1.00;;-1.00;-1.00;2050.00;0.16;40493384#3_0;5.10;0.00;tripinfo_2822;1550.00;2822;0;587.82;1.15;0.00;1487.47;DEFAULT_VEHTYPE;end;13;1372.00
-1.00;;-1.00;-1.00;2041.00;0.00;-145550725#1_0;5.10;0.00;tripinfo_2825;1559.00;2825;1;1925.26;0.89;0.00;1224.84;DEFAULT_VEHTYPE;end;11;1114.00
-1.00;;-1.00;-1.00;2048.00;0.24;-290172304_0;5.10;0.00;tripinfo_2833;1552.00;2833;0;502.30;1.10;0.00;1496.09;DEFAULT_VEHTYPE;end;7;1457.00
-1.00;;-1.00;-1.00;2061.00;0.08;220137286#2_0;5.10;0.00;tripinfo_2836;1539.00;2836;1;3162.82;1.08;0.00;1258.85;DEFAULT_VEHTYPE;end;15;1103.00
-1.00;;-1.00;-1.00;2053.00;0.20;400586988#2_0;5.10;0.00;tripinfo_2840;1547.00;2840;0;2211.02;0.95;0.00;1272.52;DEFAULT_VEHTYPE;end;16;1122.00
-1.00;;-1.00;-1.00;2054.00;0.76;4441061_0;5.10;0.00;tripinfo_2842;1546.00;2842;1;3473.56;1.03;0.00;1282.48;DEFAULT_VEHTYPE;end;10;1171.00
-1.00;;-1.00;-1.00;2059.00;2.16;40151778_0;5.10;0.00;tripinfo_2847;1541.00;2847;0;654.49;1.17;0.00;1472.35;DEFAULT_VEHTYPE;end;8;1411.00
-1.00;;-1.00;-1.00;2069.00;1.84;4726786#1_0;5.10;0.00;tripinfo_2853;1531.00;2853;0;1346.77;1.14;0.00;1426.99;DEFAULT_VEHTYPE;end;18;1301.00
-1.00;;-1.00;-1.00;2067.00;0.68;31459223#0_0;5.10;0.00;tripinfo_2856;1533.00;2856;1;1428.11;1.04;0.00;1365.52;DEFAULT_VEHTYPE;end;9;1275.00
-1.00;;-1.00;-1.00;2058.00;0.24;897211373#1_0;5.10;0.00;tripinfo_2858;1542.00;2858;1;3370.73;1.09;0.00;1277.85;DEFAULT_VEHTYPE;end;16;1081.00
-1.00;;-1.00;-1.00;2068.00;0.76;-240549301_0;5.10;0.00;tripinfo_2867;1532.00;2867;0;572.04;0.73;0.00;1419.27;DEFAULT_VEHTYPE;end;8;1382.00
-1.00;;-1.00;-1.00;2075.00;0.04;1156337042_0;5.10;0.00;tripinfo_2868;1525.00;2868;1;1640.34;1.07;0.00;1343.54;DEFAULT_VEHTYPE;end;12;1215.00
-1.00;;-1.00;-1.00;2068.00;0.60;-1230294701_0;5.10;0.00;tripinfo_2870;1532.00;2870;1;884.17;0.95;0.00;1415.41;DEFAULT_VEHTYPE;end;9;1336.00
-1.00;;-1.00;-1.00;2079.00;0.88;47999872_0;5.10;0.00;tripinfo_2871;1521.00;2871;1;1411.86;0.98;0.00;1345.13;DEFAULT_VEHTYPE;end;6;1276.00
-1.00;;-1.00;-1.00;2077.00;0.56;150276002_0;5.10;0.00;tripinfo_2877;1523.00;2877;0;1737.68;0.90;0.00;1282.12;DEFAULT_VEHTYPE;;10;1208.00
-1.00;;-1.00;-1.00;2090.00;0.68;4730619_0;5.10;0.00;tripinfo_2881;1510.00;2881;1;3169.21;0.91;0.00;1089.25;DEFAULT_VEHTYPE;end;18;943.00
-1.00;;-1.00;-1.00;2089.00;0.96;8382410#1_0;5.10;0.00;tripinfo_2882;1511.00;2882;1;1328.11;1.07;0.00;1359.99;DEFAULT_VEHTYPE;end;7;1279.00
-1.00;;-1.00;-1.00;2098.00;0.80;13764389_0;0.51;0.00;tripinfo_2885;1502.00;2885;0;636.58;0.85;0.00;1446.22;DEFAULT_VEHTYPE;end;21;1240.00
-1.00;;-1.00;-1.00;2093.00;0.20;8382391#0_0;5.10;0.00;tripinfo_2890;1507.00;2890;0;415.23;1.10;0.00;1303.98;DEFAULT_VEHTYPE;end;7;1268.00
-1.00;;-1.00;-1.00;2087.00;0.04;135302385#0_0;5.10;0.00;tripinfo_2893;1513.00;2893;0;754.29;0.90;0.00;1443.30;DEFAULT_VEHTYPE;end;14;1308.00
-1.00;;-1.00;-1.00;2087.00;0.32;4426074#0_0;5.10;0.00;tripinfo_2894;1513.00;2894;0;789.39;1.09;0.00;1424.66;DEFAULT_VEHTYPE;end;13;1313.00
-1.00;;-1.00;-1.00;2086.00;0.60;-17670100#4_0;5.10;0.00;tripinfo_2895;1514.00;2895;1;1255.61;1.06;0.00;1345.59;DEFAULT_VEHTYPE;end;8;1271.00
-1.00;;-1.00;-1.00;2095.00;0.16;-32200291_0;5.10;0.00;tripinfo_2897;1505.00;2897;1;1352.12;0.88;0.00;1319.14;DEFAULT_VEHTYPE;end;6;1251.00
-1.00;;-1.00;-1.00;2103.00;0.72;1106583870_0;5.10;0.00;tripinfo_2899;1497.00;2899;1;1399.26;1.15;0.00;1349.34;DEFAULT_VEHTYPE;end;7;1274.00
-1.00;;-1.00;-1.00;2104.00;0.00;591680761#0_0;5.10;0.00;tripinfo_2900;1496.00;2900;0;1736.13;0.94;0.00;1278.37;DEFAULT_VEHTYPE;end;15;1126.00
-1.00;;-1.00;-1.00;2091.00;0.28;616545124_0;5.10;0.00;tripinfo_2901;1509.00;2901;1;2966.55;0.99;0.00;1245.79;DEFAULT_VEHTYPE;end;8;1149.00
-1.00;;-1.00;-1.00;2933.00;827.68;1053478470_0;5.10;0.00;tripinfo_2906;667.00;2906;0;126.23;0.92;0.00;649.49;DEFAULT_VEHTYPE;end;5;610.00
-1.00;;-1.00;-1.00;2108.00;0.96;23084263#0_0;5.10;0.00;tripinfo_2907;1492.00;2907;0;695.53;0.89;0.00;1423.11;DEFAULT_VEHTYPE;end;21;1228.00
-1.00;;-1.00;-1.00;2106.00;0.08;1307687510_0;5.10;0.00;tripinfo_2911;1494.00;2911;0;1546.65;0.89;0.00;1280.80;DEFAULT_VEHTYPE;end;6;1209.00
-1.00;;-1.00;-1.00;2106.00;0.04;450925440_0;5.10;0.00;tripinfo_2918;1494.00;2918;1;1164.51;1.04;0.00;1357.81;DEFAULT_VEHTYPE;end;7;1285.00
-1.00;;-1.00;-1.00;2119.00;0.88;-47895849#0_0;5.10;0.00;tripinfo_2921;1481.00;2921;1;3139.81;0.95;0.00;1186.41;DEFAULT_VEHTYPE;end;17;1027.00
-1.00;;-1.00;-1.00;2132.00;0.96;-523287556_0;5.10;0.00;tripinfo_2932;1468.00;2932;0;1515.07;1.15;0.00;1355.90;DEFAULT_VEHTYPE;end;13;1187.00
-1.00;;-1.00;-1.00;2133.00;0.80;27882418#0_0;5.10;0.00;tripinfo_2935;1467.00;2935;0;563.21;0.87;0.00;1387.08;DEFAULT_VEHTYPE;end;5;1353.00
-1.00;;-1.00;-1.00;2126.00;0.04;8382410#0_0;5.10;0.00;tripinfo_2943;1474.00;2943;0;1635.05;1.01;0.00;1277.99;DEFAULT_VEHTYPE;end;12;1170.00
-1.00;;-1.00;-1.00;2136.00;0.32;31428221#0_0;5.10;0.00;tripinfo_2944;1464.00;2944;0;1075.94;0.97;0.00;1357.69;DEFAULT_VEHTYPE;end;15;1211.00
-1.00;;-1.00;-1.00;3088.00;949.16;4730609_0;5.10;0.00;tripinfo_2947;512.00;2947;0;40.43;1.03;0.00;506.28;DEFAULT_VEHTYPE;end;1;503.00
-1.00;;-1.00;-1.00;2138.00;0.00;628782529#7_0;5.10;0.00;tripinfo_2950;1462.00;2950;0;295.40;1.19;0.00;1391.44;DEFAULT_VEHTYPE;end;9;1355.00
-1.00;;-1.00;-1.00;2136.00;0.12;1053478472#1_0;5.10;0.00;tripinfo_2954;1464.00;2954;0;473.09;1.19;0.00;1415.47;DEFAULT_VEHTYPE;end;15;1290.00
-1.00;;-1.00;-1.00;2133.00;0.40;27807643#0_0;5.10;0.00;tripinfo_2955;1467.00;2955;0;2470.24;1.04;0.00;1265.75;DEFAULT_VEHTYPE;end;13;1136.00
-1.00;;-1.00;-1.00;2131.00;0.68;4392761#0_0;5.10;0.00;tripinfo_2956;1469.00;2956;0;2052.45;0.76;0.00;1229.91;DEFAULT_VEHTYPE;end;6;1170.00
-1.00;;-1.00;-1.00;2150.00;0.08;654207127#0_0;5.10;0.00;tripinfo_2961;1450.00;2961;0;1900.89;0.99;0.00;1143.14;DEFAULT_VEHTYPE;end;9;1027.00
-1.00;;-1.00;-1.00;2154.00;0.20;4726718_0;5.10;0.00;tripinfo_2965;1446.00;2965;0;1658.89;0.91;0.00;1311.29;DEFAULT_VEHTYPE;end;5;1262.00
-1.00;;-1.00;-1.00;2149.00;0.76;1098324355_0;0.14;0.00;tripinfo_2967;1451.00;2967;0;1365.46;0.97;0.00;1334.57;DEFAULT_VEHTYPE;end;14;1194.00
-1.00;;-1.00;-1.00;2149.00;0.16;693295225_0;5.10;0.00;tripinfo_2972;1451.00;2972;0;2910.28;1.13;0.00;1259.14;DEFAULT_VEHTYPE;end;9;1170.00
-1.00;;-1.00;-1.00;2163.00;0.28;150275985#0_0;5.10;0.00;tripinfo_2976;1437.00;2976;0;1594.97;0.88;0.00;1246.54;DEFAULT_VEHTYPE;end;9;1140.00
-1.00;;-1.00;-1.00;2164.00;0.84;-40493652_0;0.20;0.00;tripinfo_2978;1436.00;2978;1;2945.65;1.06;0.00;1185.18;DEFAULT_VEHTYPE;end;17;1005.00
-1.00;;-1.00;-1.00;2318.00;157.68;628781006#2_0;5.10;0.00;tripinfo_2981;1282.00;2981;0;52.04;0.96;0.00;1274.49;DEFAULT_VEHTYPE;end;8;1243.00
-1.00;;-1.00;-1.00;2150.00;2.96;31389747_0;5.10;0.00;tripinfo_2982;1450.00;2982;0;1382.66;0.87;0.00;1311.72;DEFAULT_VEHTYPE;end;6;1269.00
-1.00;;-1.00;-1.00;2266.00;115.80;628781006#2_0;5.10;0.00;tripinfo_2985;1334.00;2985;0;59.54;1.05;0.00;1326.22;DEFAULT_VEHTYPE;end;9;1279.00
-1.00;;-1.00;-1.00;2157.00;0.64;4426076#0_0;5.10;0.00;tripinfo_2988;1443.00;2988;0;522.57;1.01;0.00;1379.77;DEFAULT_VEHTYPE;end;15;1276.00
-1.00;;-1.00;-1.00;2169.00;0.04;400062406#0_0;5.10;0.00;tripinfo_2993;1431.00;2993;0;1451.30;1.06;0.00;1257.36;DEFAULT_VEHTYPE;end;10;1149.00
-1.00;;-1.00;-1.00;2169.00;0.88;643082467_0;5.10;0.00;tripinfo_2996;1431.00;2996;1;1397.25;1.08;0.00;1273.18;DEFAULT_VEHTYPE;end;11;1192.00
-1.00;;-1.00;-1.00;2171.00;0.72;-4730648#4_0;5.10;0.00;tripinfo_2999;1429.00;2999;0;567.67;0.96;0.00;1356.64;DEFAULT_VEHTYPE;end;10;1289.00
-1.00;;-1.00;-1.00;2182.00;0.96;4426075#0_0;5.10;0.00;tripinfo_3007;1418.00;3007;0;414.36;1.07;0.00;1370.45;DEFAULT_VEHTYPE;end;14;1273.00
-1.00;;-1.00;-1.00;2175.00;0.24;4426075#0_0;5.10;0.00;tripinfo_3008;1425.00;3008;0;459.37;0.99;0.00;1368.06;DEFAULT_VEHTYPE;end;14;1270.00
-1.00;;-1.00;-1.00;2183.00;2.36;220267104#0_0;5.10;0.00;tripinfo_3012;1417.00;3012;0;1512.99;0.94;0.00;1221.38;DEFAULT_VEHTYPE;end;10;1116.00
-1.00;;-1.00;-1.00;2190.00;0.92;-4726710#0_0;5.10;0.00;tripinfo_3014;1410.00;3014;1;2487.92;1.08;0.00;1175.33;DEFAULT_VEHTYPE;end;13;1021.00
-1.00;;-1.00;-1.00;2182.00;0.04;291949061#0_0;5.10;0.00;tripinfo_3018;1418.00;3018;0;539.11;0.79;0.00;1319.53;DEFAULT_VEHTYPE;end;7;1271.00
-1.00;;-1.00;-1.00;2184.00;0.40;-220267247#2_0;3.57;0.00;tripinfo_3030;1416.00;3030;0;1782.61;1.10;0.00;1244.55;DEFAULT_VEHTYPE;end;9;1140.00
-1.00;;-1.00;-1.00;2192.00;0.68;524150311#0_0;5.10;0.00;tripinfo_3031;1408.00;3031;1;1908.04;1.03;0.00;1183.99;DEFAULT_VEHTYPE;end;7;1114.00
-1.00;;-1.00;-1.00;2203.00;0.96;510481273#1_0;5.10;0.00;tripinfo_3032;1397.00;3032;0;1063.59;0.84;0.00;1030.11;DEFAULT_VEHTYPE;end;9;967.00
-1.00;;-1.00;-1.00;2209.00;0.48;-240549301_0;5.10;0.00;tripinfo_3041;1391.00;3041;0;143.53;1.07;0.00;1358.42;DEFAULT_VEHTYPE;end;13;1298.00
-1.00;;-1.00;-1.00;2200.00;0.32;231475823#0_0;5.10;0.00;tripinfo_3044;1400.00;3044;0;761.48;1.08;0.00;1314.10;DEFAULT_VEHTYPE;end;13;1217.00
-1.00;;-1.00;-1.00;2216.00;0.28;-70724346#1_0;5.10;0.00;tripinfo_3051;1384.00;3051;0;1341.83;0.96;0.00;1215.54;DEFAULT_VEHTYPE;end;7;1121.00
-1.00;;-1.00;-1.00;2209.00;0.84;31449010#1_0;5.10;0.00;tripinfo_3053;1391.00;3053;0;1070.08;1.14;0.00;1277.18;DEFAULT_VEHTYPE;end;10;1190.00
-1.00;;-1.00;-1.00;2210.00;0.12;8384905#0_0;5.10;0.00;tripinfo_3054;1390.00;3054;1;1272.07;1.11;0.00;1249.96;DEFAULT_VEHTYPE;end;7;1181.00
-1.00;;-1.00;-1.00;2222.00;1.96;-31431101#1_0;5.10;0.00;tripinfo_3057;1378.00;3057;0;1209.76;1.03;0.00;1234.46;DEFAULT_VEHTYPE;end;7;1139.00
-1.00;;-1.00;-1.00;2226.00;0.92;879483837_0;5.10;0.00;tripinfo_3064;1374.00;3064;0;1550.07;1.03;0.00;1191.93;DEFAULT_VEHTYPE;end;10;1113.00
-1.00;;-1.00;-1.00;2227.00;0.76;-220267105#3_0;5.10;0.00;tripinfo_3067;1373.00;3067;0;1812.16;1.04;0.00;1176.96;DEFAULT_VEHTYPE;end;15;1082.00
-1.00;;-1.00;-1.00;2218.00;3.04;198077804#4_0;5.10;0.00;tripinfo_3068;1382.00;3068;0;443.05;0.95;0.00;1347.25;DEFAULT_VEHTYPE;end;19;1199.00
-1.00;;-1.00;-1.00;2242.00;22.88;159636083#2_0;0.20;0.00;tripinfo_3071;1358.00;3071;0;176.34;0.93;0.00;1333.91;DEFAULT_VEHTYPE;end;9;1262.00
-1.00;;-1.00;-1.00;2234.00;2.28;875773546_0;5.10;0.00;tripinfo_3076;1366.00;3076;0;771.37;0.98;0.00;1270.33;DEFAULT_VEHTYPE;end;8;1209.00
-1.00;;-1.00;-1.00;2234.00;0.68;1053478468#0_0;5.10;0.00;tripinfo_3081;1366.00;3081;0;942.47;1.03;0.00;1282.55;DEFAULT_VEHTYPE;end;10;1204.00
-1.00;;-1.00;-1.00;2231.00;0.96;40493384#0_0;5.10;0.00;tripinfo_3082;1369.00;3082;0;998.67;1.21;0.00;1268.56;DEFAULT_VEHTYPE;end;11;1154.00
-1.00;;-1.00;-1.00;2223.00;1.24;198077804#4_0;5.10;0.00;tripinfo_3083;1377.00;3083;0;292.14;1.05;0.00;1353.91;DEFAULT_VEHTYPE;end;8;1295.00
-1.00;;-1.00;-1.00;2224.00;0.36;23084263#0_0;5.10;0.00;tripinfo_3087;1376.00;3087;0;846.93;0.82;0.00;1286.16;DEFAULT_VEHTYPE;end;7;1221.00
-1.00;;-1.00;-1.00;2230.00;1.04;-27882429#2_0;5.10;0.00;tripinfo_3093;1370.00;3093;0;610.79;1.00;0.00;1295.00;DEFAULT_VEHTYPE;end;5;1257.00
-1.00;;-1.00;-1.00;2240.00;0.32;4730647#3_0;5.10;0.00;tripinfo_3094;1360.00;3094;0;1731.21;1.10;0.00;1203.39;DEFAULT_VEHTYPE;end;6;1129.00
-1.00;;-1.00;-1.00;2234.00;1.60;5450860#2_0;5.10;0.00;tripinfo_3095;1366.00;3095;0;878.58;1.00;0.00;1258.85;DEFAULT_VEHTYPE;end;11;1177.00
-1.00;;-1.00;-1.00;2247.00;0.16;-9387033#3_0;5.10;0.00;tripinfo_3097;1353.00;3097;0;2712.74;0.89;0.00;1127.12;DEFAULT_VEHTYPE;end;5;1068.00
-1.00;;-1.00;-1.00;2231.00;0.44;654207127#5_0;5.10;0.00;tripinfo_3098;1369.00;3098;1;1672.00;0.91;0.00;1129.08;DEFAULT_VEHTYPE;end;12;1026.00
-1.00;;-1.00;-1.00;2253.00;1.84;-13764389_0;0.72;0.00;tripinfo_3103;1347.00;3103;0;576.15;0.79;0.00;1291.75;DEFAULT_VEHTYPE;end;13;1173.00
-1.00;;-1.00;-1.00;2243.00;0.52;4426075#0_0;5.10;0.00;tripinfo_3109;1357.00;3109;0;346.43;1.04;0.00;1315.73;DEFAULT_VEHTYPE;end;10;1258.00
-1.00;;-1.00;-1.00;2247.00;0.80;198077804#4_0;5.10;0.00;tripinfo_3110;1353.00;3110;0;276.72;1.07;0.00;1331.99;DEFAULT_VEHTYPE;end;10;1289.00
-1.00;;-1.00;-1.00;2243.00;0.36;23084263#0_0;5.10;0.00;tripinfo_3112;1357.00;3112;0;630.50;1.14;0.00;1306.76;DEFAULT_VEHTYPE;end;18;1170.00
-1.00;;-1.00;-1.00;2248.00;0.76;4730633#0_0;5.10;0.00;tripinfo_3117;1352.00;3117;0;1707.44;0.89;0.00;1115.66;DEFAULT_VEHTYPE;end;11;1019.00
-1.00;;-1.00;-1.00;2265.00;0.04;8140188#11_0;5.10;0.00;tripinfo_3118;1335.00;3118;1;1395.46;0.98;0.00;1161.98;DEFAULT_VEHTYPE;end;7;1089.00
-1.00;;-1.00;-1.00;2260.00;3.60;13654453_0;5.10;0.00;tripinfo_3120;1340.00;3120;0;1672.42;1.08;0.00;1193.46;DEFAULT_VEHTYPE;end;14;1056.00
-1.00;;-1.00;-1.00;2254.00;0.88;410939627_0;0.20;0.00;tripinfo_3121;1346.00;3121;0;3752.82;1.04;0.00;1064.99;DEFAULT_VEHTYPE;end;10;1001.00
-1.00;;-1.00;-1.00;2258.00;4.72;1156337042_0;5.10;0.00;tripinfo_3124;1342.00;3124;0;911.58;0.98;0.00;1229.28;DEFAULT_VEHTYPE;end;8;1140.00
-1.00;;-1.00;-1.00;2271.00;0.12;31449010#0_0;5.10;0.00;tripinfo_3129;1329.00;3129;0;1396.90;1.09;0.00;1177.30;DEFAULT_VEHTYPE;end;8;1109.00
-1.00;;-1.00;-1.00;2270.00;0.96;-290174549#3_0;5.10;0.00;tripinfo_3132;1330.00;3132;0;601.90;0.88;0.00;1276.09;DEFAULT_VEHTYPE;end;12;1157.00
-1.00;;-1.00;-1.00;2278.00;1.52;47461591#1_0;5.10;0.00;tripinfo_3134;1322.00;3134;0;1451.20;1.10;0.00;1165.19;DEFAULT_VEHTYPE;end;15;1031.00
-1.00;;-1.00;-1.00;2268.00;0.80;37535329#1_0;5.10;0.00;tripinfo_3135;1332.00;3135;0;325.69;1.09;0.00;1295.20;DEFAULT_VEHTYPE;end;10;1224.00
-1.00;;-1.00;-1.00;2274.00;0.08;159636082_0;0.20;0.00;tripinfo_3136;1326.00;3136;0;679.38;0.85;0.00;1227.88;DEFAULT_VEHTYPE;end;9;1180.00
-1.00;;-1.00;-1.00;2260.00;0.64;628782529#6_0;5.10;0.00;tripinfo_3138;1340.00;3138;0;241.75;0.77;0.00;1301.32;DEFAULT_VEHTYPE;end;5;1269.00
-1.00;;-1.00;-1.00;2266.00;0.48;-8140188#2_0;5.10;0.00;tripinfo_3141;1334.00;3141;1;1804.80;1.11;0.00;1136.33;DEFAULT_VEHTYPE;end;13;1011.00
-1.00;;-1.00;-1.00;2281.00;0.76;-244422543#1_0;5.10;0.00;tripinfo_3142;1319.00;3142;0;1248.54;0.91;0.00;1151.71;DEFAULT_VEHTYPE;end;7;1080.00
-1.00;;-1.00;-1.00;2285.00;0.60;198077804#4_0;5.10;0.00;tripinfo_3145;1315.00;3145;0;269.22;0.78;0.00;1287.84;DEFAULT_VEHTYPE;end;9;1242.00
-1.00;;-1.00;-1.00;2271.00;0.16;1153265597#0_0;5.10;0.00;tripinfo_3147;1329.00;3147;1;2001.13;1.01;0.00;1090.21;DEFAULT_VEHTYPE;end;7;1006.00
-1.00;;-1.00;-1.00;2270.00;0.00;399914535_0;5.10;0.00;tripinfo_3150;1330.00;3150;0;1545.87;1.06;0.00;1189.63;DEFAULT_VEHTYPE;end;9;1116.00
-1.00;;-1.00;-1.00;2277.00;0.28;47446166_0;5.10;0.00;tripinfo_3151;1323.00;3151;1;753.58;0.91;0.00;1221.86;DEFAULT_VEHTYPE;end;7;1164.00
-1.00;;-1.00;-1.00;2280.00;0.96;37535329#0_0;0.20;0.00;tripinfo_3157;1320.00;3157;0;330.89;0.96;0.00;1277.60;DEFAULT_VEHTYPE;end;10;1194.00
-1.00;;-1.00;-1.00;2276.00;0.52;400062404_0;3.59;0.00;tripinfo_3159;1324.00;3159;0;988.79;0.86;0.00;1178.73;DEFAULT_VEHTYPE;end;9;1102.00
-1.00;;-1.00;-1.00;2285.00;0.80;13764245#0_0;5.10;0.00;tripinfo_3160;1315.00;3160;0;404.97;1.01;0.00;1225.51;DEFAULT_VEHTYPE;end;9;1179.00
-1.00;;-1.00;-1.00;2295.00;0.08;-4426076#2_0;5.10;0.00;tripinfo_3161;1305.00;3161;0;381.17;0.83;0.00;1247.48;DEFAULT_VEHTYPE;end;9;1194.00
-1.00;;-1.00;-1.00;2295.00;0.36;1153265597#0_0;5.10;0.00;tripinfo_3162;1305.00;3162;1;1894.71;1.08;0.00;1093.49;DEFAULT_VEHTYPE;end;10;993.00
-1.00;;-1.00;-1.00;2297.00;0.48;40493385#0_0;5.10;0.00;tripinfo_3166;1303.00;3166;0;329.20;0.92;0.00;1259.15;DEFAULT_VEHTYPE;end;9;1200.00
-1.00;;-1.00;-1.00;2297.00;0.32;-8382393#2_0;5.10;0.00;tripinfo_3169;1303.00;3169;0;289.48;1.08;0.00;1269.66;DEFAULT_VEHTYPE;end;5;1235.00
-1.00;;-1.00;-1.00;2287.00;0.44;-40493501#4_0;5.10;0.00;tripinfo_3173;1313.00;3173;0;785.95;0.97;0.00;1213.77;DEFAULT_VEHTYPE;;9;1106.00
-1.00;;-1.00;-1.00;2305.00;0.40;150275980#0_0;5.10;0.00;tripinfo_3180;1295.00;3180;0;1415.10;0.96;0.00;1116.01;DEFAULT_VEHTYPE;end;7;1039.00
-1.00;;-1.00;-1.00;2310.00;0.24;-4312633_0;5.10;0.00;tripinfo_3183;1290.00;3183;0;1412.97;0.90;0.00;1155.53;DEFAULT_VEHTYPE;end;13;1099.00
-1.00;;-1.00;-1.00;2313.00;0.76;150275991#1_0;5.10;0.00;tripinfo_3192;1287.00;3192;0;855.44;1.06;0.00;1188.83;DEFAULT_VEHTYPE;end;6;1099.00
-1.00;;-1.00;-1.00;2310.00;0.04;-47999870_0;5.10;0.00;tripinfo_3193;1290.00;3193;0;1543.21;0.94;0.00;1116.30;DEFAULT_VEHTYPE;end;13;1051.00
-1.00;;-1.00;-1.00;2584.00;273.32;159636084#1_0;5.10;0.00;tripinfo_3194;1016.00;3194;0;395.79;1.04;0.00;953.32;DEFAULT_VEHTYPE;end;5;927.00
-1.00;;-1.00;-1.00;2315.00;0.44;4426075#0_0;5.10;0.00;tripinfo_3198;1285.00;3198;0;316.42;1.05;0.00;1247.62;DEFAULT_VEHTYPE;end;9;1200.00
-1.00;;-1.00;-1.00;2312.00;0.72;7682864#0_0;5.10;0.00;tripinfo_3199;1288.00;3199;0;773.74;0.82;0.00;1174.02;DEFAULT_VEHTYPE;end;7;1089.00
-1.00;;-1.00;-1.00;2322.00;0.00;13764245#0_0;5.10;0.00;tripinfo_3200;1278.00;3200;0;348.44;0.92;0.00;1231.15;DEFAULT_VEHTYPE;end;6;1199.00
-1.00;;-1.00;-1.00;2319.00;0.28;625259600_0;5.10;0.00;tripinfo_3201;1281.00;3201;1;3537.85;0.97;0.00;989.84;DEFAULT_VEHTYPE;end;16;856.00
-1.00;;-1.00;-1.00;2311.00;0.56;856293281_0;5.10;0.00;tripinfo_3202;1289.00;3202;1;6765.51;1.03;0.00;634.67;DEFAULT_VEHTYPE;end;12;440.00
-1.00;;-1.00;-1.00;2319.00;0.84;628782530_0;3.16;0.00;tripinfo_3203;1281.00;3203;0;417.89;1.05;0.00;1250.85;DEFAULT_VEHTYPE;end;11;1150.00
-1.00;;-1.00;-1.00;2327.00;0.12;8382393#3_0;5.10;0.00;tripinfo_3204;1273.00;3204;0;290.62;1.04;0.00;1238.27;DEFAULT_VEHTYPE;end;7;1200.00
-1.00;;-1.00;-1.00;2312.00;0.96;8384907#0_0;5.10;0.00;tripinfo_3207;1288.00;3207;1;1583.16;1.00;0.00;1094.90;DEFAULT_VEHTYPE;end;9;1019.00
-1.00;;-1.00;-1.00;2313.00;0.24;62020114#0_0;5.10;0.00;tripinfo_3208;1287.00;3208;0;1431.58;1.05;0.00;1174.06;DEFAULT_VEHTYPE;end;12;1127.00
-1.00;;-1.00;-1.00;2328.00;0.64;625259600_0;5.10;0.00;tripinfo_3213;1272.00;3213;1;3530.35;1.18;0.00;1032.52;DEFAULT_VEHTYPE;end;15;852.00
-1.00;;-1.00;-1.00;2330.00;3.32;8382393#3_0;5.10;0.00;tripinfo_3219;1270.00;3219;0;283.12;1.15;0.00;1239.37;DEFAULT_VEHTYPE;end;8;1188.00
-1.00;;-1.00;-1.00;2323.00;0.60;150275985#0_0;5.10;0.00;tripinfo_3220;1277.00;3220;0;1743.30;0.85;0.00;1069.01;DEFAULT_VEHTYPE;end;8;1014.00
-1.00;;-1.00;-1.00;2326.00;0.88;4726694#2_0;5.10;0.00;tripinfo_3221;1274.00;3221;0;1343.60;1.12;0.00;1129.00;DEFAULT_VEHTYPE;end;14;1001.00
-1.00;;-1.00;-1.00;2325.00;0.16;62020119#0_0;5.10;0.00;tripinfo_3222;1275.00;3222;0;1314.90;1.03;0.00;1169.55;DEFAULT_VEHTYPE;end;14;1113.00
-1.00;;-1.00;-1.00;2335.00;0.00;62020114#0_0;5.10;0.00;tripinfo_3225;1265.00;3225;0;1595.39;0.92;0.00;1123.34;DEFAULT_VEHTYPE;end;8;1082.00
-1.00;;-1.00;-1.00;2553.00;223.28;174272154#0_0;5.10;0.00;tripinfo_3226;1047.00;3226;0;98.13;1.05;0.00;1036.23;DEFAULT_VEHTYPE;end;4;1003.00
-1.00;;-1.00;-1.00;2344.00;3.56;-150275986#3_0;5.10;0.00;tripinfo_3227;1256.00;3227;0;1177.49;1.21;0.00;1137.49;DEFAULT_VEHTYPE;end;4;1082.00
-1.00;;-1.00;-1.00;2333.00;0.68;-220267247#5_0;5.10;0.00;tripinfo_3231;1267.00;3231;0;1768.60;1.08;0.00;1088.22;DEFAULT_VEHTYPE;end;12;983.00
-1.00;;-1.00;-1.00;2347.00;0.20;-523287556_0;5.10;0.00;tripinfo_3240;1253.00;3240;0;1326.23;0.86;0.00;1118.75;DEFAULT_VEHTYPE;end;8;1075.00
-1.00;;-1.00;-1.00;2348.00;1.60;875759960_0;5.10;0.00;tripinfo_3245;1252.00;3245;0;212.57;0.99;0.00;1235.58;DEFAULT_VEHTYPE;end;11;1143.00
-1.00;;-1.00;-1.00;2351.00;0.16;14858868_0;5.10;0.00;tripinfo_3247;1249.00;3247;1;2541.89;1.03;0.00;1038.04;DEFAULT_VEHTYPE;end;14;884.00
-1.00;;-1.00;-1.00;2340.00;0.44;-9387033#3_0;5.10;0.00;tripinfo_3248;1260.00;3248;1;2602.30;0.95;0.00;1023.18;DEFAULT_VEHTYPE;end;15;879.00
-1.00;;-1.00;-1.00;2350.00;0.00;-31445160#0_0;5.10;0.00;tripinfo_3250;1250.00;3250;0;1126.78;1.07;0.00;1124.97;DEFAULT_VEHTYPE;end;9;1061.00
-1.00;;-1.00;-1.00;2357.00;0.56;175206104_0;5.10;0.00;tripinfo_3252;1243.00;3252;0;287.24;1.11;0.00;1210.33;DEFAULT_VEHTYPE;end;7;1159.00
-1.00;;-1.00;-1.00;2351.00;0.84;-31459223#1_0;5.10;0.00;tripinfo_3253;1249.00;3253;1;791.29;0.84;0.00;1134.18;DEFAULT_VEHTYPE;end;6;1078.00
-1.00;;-1.00;-1.00;2345.00;0.40;521008026_0;5.10;0.00;tripinfo_3255;1255.00;3255;0;296.39;0.94;0.00;1215.84;DEFAULT_VEHTYPE;end;8;1157.00
-1.00;;-1.00;-1.00;2362.00;0.64;13853659#0_0;5.10;0.00;tripinfo_3263;1238.00;3263;1;891.34;0.93;0.00;1116.66;DEFAULT_VEHTYPE;end;13;1038.00
-1.00;;-1.00;-1.00;2361.00;0.60;1263793723_0;5.10;0.00;tripinfo_3270;1239.00;3270;0;723.44;1.01;0.00;1156.03;DEFAULT_VEHTYPE;end;15;1039.00
-1.00;;-1.00;-1.00;2364.00;0.88;8152060#0_0;5.10;0.00;tripinfo_3271;1236.00;3271;0;1560.88;0.86;0.00;1001.44;DEFAULT_VEHTYPE;end;8;930.00
-1.00;;-1.00;-1.00;2374.00;0.16;8382391#0_0;5.10;0.00;tripinfo_3272;1226.00;3272;0;163.42;0.96;0.00;1203.57;DEFAULT_VEHTYPE;end;7;1151.00
-1.00;;-1.00;-1.00;2372.00;1.44;31520175#0_0;5.10;0.00;tripinfo_3273;1228.00;3273;0;1366.23;1.21;0.00;1087.79;DEFAULT_VEHTYPE;end;10;997.00
-1.00;;-1.00;-1.00;2372.00;0.00;395153043_0;0.20;0.00;tripinfo_3275;1228.00;3275;0;321.89;1.00;0.00;1188.29;DEFAULT_VEHTYPE;end;10;1110.00
-1.00;;-1.00;-1.00;2372.00;0.12;231475826#0_0;5.10;0.00;tripinfo_3279;1228.00;3279;0;554.94;0.91;0.00;1145.77;DEFAULT_VEHTYPE;end;9;1100.00
-1.00;;-1.00;-1.00;2372.00;0.40;759157551#0_0;5.10;0.00;tripinfo_3280;1228.00;3280;0;1926.44;1.03;0.00;1038.92;DEFAULT_VEHTYPE;end;6;962.00
-1.00;;-1.00;-1.00;2386.00;0.08;1080960154#0_0;5.10;0.00;tripinfo_3286;1214.00;3286;0;1176.39;0.88;0.00;1040.12;DEFAULT_VEHTYPE;end;9;972.00
-1.00;;-1.00;-1.00;2385.00;0.76;40598675#0_0;5.10;0.00;tripinfo_3292;1215.00;3292;0;374.87;0.92;0.00;1167.51;DEFAULT_VEHTYPE;end;9;1116.00
-1.00;;-1.00;-1.00;2383.00;0.04;-150275986#4_0;0.20;0.00;tripinfo_3293;1217.00;3293;0;1174.52;1.01;0.00;1076.19;DEFAULT_VEHTYPE;end;5;1034.00
-1.00;;-1.00;-1.00;2378.00;0.32;-8140196_0;5.10;0.00;tripinfo_3294;1222.00;3294;0;814.83;1.06;0.00;1150.15;DEFAULT_VEHTYPE;end;9;1097.00
-1.00;;-1.00;-1.00;2422.00;45.44;13654338_0;5.10;0.00;tripinfo_3298;1178.00;3298;0;370.77;0.88;0.00;1082.25;DEFAULT_VEHTYPE;end;7;1049.00
-1.00;;-1.00;-1.00;2391.00;0.00;653443701_0;5.10;0.00;tripinfo_3300;1209.00;3300;1;2548.81;1.03;0.00;858.75;DEFAULT_VEHTYPE;end;7;755.00
-1.00;;-1.00;-1.00;2390.00;0.56;693295225_0;5.10;0.00;tripinfo_3302;1210.00;3302;0;2259.38;1.05;0.00;1038.85;DEFAULT_VEHTYPE;end;13;886.00
-1.00;;-1.00;-1.00;2394.00;0.68;856297346_0;5.10;0.00;tripinfo_3306;1206.00;3306;0;1948.75;1.07;0.00;1061.07;DEFAULT_VEHTYPE;end;13;925.00
-1.00;;-1.00;-1.00;2384.00;0.96;31427257#5_0;5.10;0.00;tripinfo_3307;1216.00;3307;0;1774.03;0.82;0.00;1020.34;DEFAULT_VEHTYPE;end;4;964.00
-1.00;;-1.00;-1.00;2401.00;0.24;-220267247#0_0;5.10;0.00;tripinfo_3308;1199.00;3308;0;1646.66;1.03;0.00;841.55;DEFAULT_VEHTYPE;;6;795.00
-1.00;;-1.00;-1.00;2899.00;507.64;628781006#6_0;0.20;0.00;tripinfo_3313;701.00;3313;0;773.80;0.91;0.00;602.65;DEFAULT_VEHTYPE;end;4;555.00
-1.00;;-1.00;-1.00;2403.00;0.76;-1083809476#2_0;5.10;0.00;tripinfo_3317;1197.00;3317;0;619.81;0.91;0.00;1142.91;DEFAULT_VEHTYPE;end;9;1106.00
-1.00;;-1.00;-1.00;2394.00;0.04;40598675#0_0;5.10;0.00;tripinfo_3318;1206.00;3318;0;795.08;1.03;0.00;1097.66;DEFAULT_VEHTYPE;end;7;1063.00
-1.00;;-1.00;-1.00;2400.00;0.16;-150275984#3_0;5.10;0.00;tripinfo_3322;1200.00;3322;0;1314.58;1.14;0.00;1059.09;DEFAULT_VEHTYPE;end;7;968.00
-1.00;;-1.00;-1.00;2396.00;0.28;-480937385_0;5.10;0.00;tripinfo_3326;1204.00;3326;0;1264.94;1.15;0.00;1094.04;DEFAULT_VEHTYPE;end;8;1002.00
-1.00;;-1.00;-1.00;2406.00;0.56;693295225_0;5.10;0.00;tripinfo_3327;1194.00;3327;1;2577.20;1.02;0.00;981.34;DEFAULT_VEHTYPE;end;13;827.00
-1.00;;-1.00;-1.00;2409.00;0.84;654207120_0;0.20;0.00;tripinfo_3328;1191.00;3328;0;1558.43;1.06;0.00;980.91;DEFAULT_VEHTYPE;end;10;877.00
-1.00;;-1.00;-1.00;2412.00;0.12;510702675#0_0;5.10;0.00;tripinfo_3329;1188.00;3329;0;282.27;0.80;0.00;1144.48;DEFAULT_VEHTYPE;end;10;1076.00
-1.00;;-1.00;-1.00;2410.00;0.80;628762073#0_0;5.10;0.00;tripinfo_3335;1190.00;3335;1;1130.14;1.12;0.00;1067.36;DEFAULT_VEHTYPE;end;8;999.00
-1.00;;-1.00;-1.00;2415.00;0.08;220267107#0_0;5.10;0.00;tripinfo_3336;1185.00;3336;0;1266.25;0.96;0.00;1024.54;DEFAULT_VEHTYPE;end;7;954.00
-1.00;;-1.00;-1.00;2407.00;0.36;198077805#0_0;5.10;0.00;tripinfo_3337;1193.00;3337;0;911.14;1.09;0.00;1130.75;DEFAULT_VEHTYPE;end;11;1082.00
-1.00;;-1.00;-1.00;2412.00;0.64;150275991#1_0;5.10;0.00;tripinfo_3338;1188.00;3338;1;639.73;0.87;0.00;1098.29;DEFAULT_VEHTYPE;end;7;1046.00
-1.00;;-1.00;-1.00;2420.00;0.92;62020112#1_0;5.10;0.00;tripinfo_3339;1180.00;3339;0;1065.99;1.17;0.00;1113.46;DEFAULT_VEHTYPE;end;13;1049.00
-1.00;;-1.00;-1.00;2411.00;0.76;180020059#2_0;5.10;0.00;tripinfo_3342;1189.00;3342;0;1311.10;1.02;0.00;1033.10;DEFAULT_VEHTYPE;;7;961.00
-1.00;;-1.00;-1.00;2412.00;0.32;23084263#0_0;5.10;0.00;tripinfo_3344;1188.00;3344;0;735.59;1.12;0.00;1072.43;DEFAULT_VEHTYPE;end;7;1044.00
-1.00;;-1.00;-1.00;2417.00;0.16;198077805#2_0;5.10;0.00;tripinfo_3347;1183.00;3347;0;694.08;1.10;0.00;1136.24;DEFAULT_VEHTYPE;end;16;1073.00
-1.00;;-1.00;-1.00;2432.00;0.84;-27807643#2_0;5.10;0.00;tripinfo_3353;1168.00;3353;0;2057.00;1.15;0.00;1029.04;DEFAULT_VEHTYPE;end;12;879.00
-1.00;;-1.00;-1.00;2419.00;0.12;31427257#3_0;5.10;0.00;tripinfo_3354;1181.00;3354;1;3310.08;0.97;0.00;895.97;DEFAULT_VEHTYPE;end;12;761.00
-1.00;;-1.00;-1.00;2418.00;0.68;231475826#0_0;5.10;0.00;tripinfo_3356;1182.00;3356;0;398.92;0.95;0.00;1122.38;DEFAULT_VEHTYPE;end;6;1098.00
-1.00;;-1.00;-1.00;2426.00;0.96;410939627_0;0.20;0.00;tripinfo_3357;1174.00;3357;0;2233.43;0.99;0.00;999.34;DEFAULT_VEHTYPE;end;11;867.00
-1.00;;-1.00;-1.00;2437.00;0.52;-23084282_0;5.10;0.00;tripinfo_3359;1163.00;3359;0;549.72;1.09;0.00;1100.81;DEFAULT_VEHTYPE;end;8;1069.00
-1.00;;-1.00;-1.00;2433.00;0.08;175206107#0_0;5.10;0.00;tripinfo_3361;1167.00;3361;0;159.89;0.91;0.00;1144.28;DEFAULT_VEHTYPE;end;7;1098.00
-1.00;;-1.00;-1.00;2434.00;8.64;856293281_0;5.10;0.00;tripinfo_3363;1166.00;3363;0;2000.65;0.84;0.00;994.46;DEFAULT_VEHTYPE;end;4;943.00
-1.00;;-1.00;-1.00;2445.00;1.32;198077805#2_0;5.10;0.00;tripinfo_3369;1155.00;3369;0;948.16;1.02;0.00;1086.62;DEFAULT_VEHTYPE;end;8;1052.00
-1.00;;-1.00;-1.00;2450.00;0.68;5450857#0_0;5.10;0.00;tripinfo_3381;1150.00;3381;0;746.22;1.01;0.00;1059.36;DEFAULT_VEHTYPE;end;9;987.00
-1.00;;-1.00;-1.00;2453.00;0.52;-47426239_0;5.10;0.00;tripinfo_3384;1147.00;3384;0;1535.59;0.94;0.00;796.84;DEFAULT_VEHTYPE;end;6;750.00
-1.00;;-1.00;-1.00;2455.00;0.80;47027406_0;5.10;0.00;tripinfo_3385;1145.00;3385;0;1649.45;1.05;0.00;953.49;DEFAULT_VEHTYPE;end;7;897.00
-1.00;;-1.00;-1.00;2455.00;0.36;31448937#0_0;5.10;0.00;tripinfo_3387;1145.00;3387;0;1283.89;1.10;0.00;1003.25;DEFAULT_VEHTYPE;end;8;944.00
-1.00;;-1.00;-1.00;2456.00;0.04;30215395#0_0;5.10;0.00;tripinfo_3393;1144.00;3393;0;1111.60;1.04;0.00;1021.37;DEFAULT_VEHTYPE;end;13;895.00
-1.00;;-1.00;-1.00;2459.00;0.60;31449245_0;5.10;0.00;tripinfo_3395;1141.00;3395;0;787.74;1.05;0.00;1049.16;DEFAULT_VEHTYPE;end;6;985.00
-1.00;;-1.00;-1.00;2456.00;0.16;220267105#3_0;5.10;0.00;tripinfo_3397;1144.00;3397;0;1365.22;0.87;0.00;954.26;DEFAULT_VEHTYPE;end;10;878.00
-1.00;;-1.00;-1.00;2469.00;0.28;183370113#3_0;5.10;0.00;tripinfo_3401;1131.00;3401;1;2782.86;0.99;0.00;645.47;DEFAULT_VEHTYPE;end;12;532.00
-1.00;;-1.00;-1.00;2452.00;0.84;4690591#0_0;5.10;0.00;tripinfo_3403;1148.00;3403;1;2960.87;0.96;0.00;896.77;DEFAULT_VEHTYPE;end;11;787.00
-1.00;;-1.00;-1.00;2468.00;0.96;1267194155#0_0;5.10;0.00;tripinfo_3407;1132.00;3407;0;63.14;0.88;0.00;1122.37;DEFAULT_VEHTYPE;end;7;1097.00
-1.00;;-1.00;-1.00;2461.00;1.64;591680761#0_0;5.10;0.00;tripinfo_3413;1139.00;3413;0;1052.00;0.83;0.00;993.06;DEFAULT_VEHTYPE;end;11;886.00
-1.00;;-1.00;-1.00;2477.00;0.92;396926515_0;1.87;0.00;tripinfo_3414;1123.00;3414;0;841.73;0.90;0.00;1032.97;DEFAULT_VEHTYPE;end;9;957.00
-1.00;;-1.00;-1.00;2471.00;0.04;150275986#2_0;5.10;0.00;tripinfo_3418;1129.00;3418;0;1189.78;1.05;0.00;991.06;DEFAULT_VEHTYPE;end;9;921.00
-1.00;;-1.00;-1.00;2482.00;0.60;-150275984#2_0;5.10;0.00;tripinfo_3420;1118.00;3420;0;1504.53;0.91;0.00;941.12;DEFAULT_VEHTYPE;end;8;844.00
-1.00;;-1.00;-1.00;2474.00;0.88;7682866#0_0;5.10;0.00;tripinfo_3421;1126.00;3421;0;469.83;0.88;0.00;1060.55;DEFAULT_VEHTYPE;end;5;1036.00
-1.00;;-1.00;-1.00;2475.00;3.00;377719665_0;5.10;0.00;tripinfo_3425;1125.00;3425;1;395.05;0.97;0.00;1074.61;DEFAULT_VEHTYPE;end;8;1008.00
-1.00;;-1.00;-1.00;2483.00;0.28;-8139943#1_0;5.10;0.00;tripinfo_3426;1117.00;3426;0;1189.04;1.13;0.00;1028.86;DEFAULT_VEHTYPE;end;6;970.00
-1.00;;-1.00;-1.00;2487.00;1.84;-150275984#1_0;5.10;0.00;tripinfo_3428;1113.00;3428;0;1188.61;0.97;0.00;963.32;DEFAULT_VEHTYPE;end;10;892.00
-1.00;;-1.00;-1.00;2475.00;0.12;-96018881#4_0;5.10;0.00;tripinfo_3429;1125.00;3429;0;732.24;1.00;0.00;1039.80;DEFAULT_VEHTYPE;end;7;1008.00
-1.00;;-1.00;-1.00;2473.00;0.40;4426076#1_0;5.10;0.00;tripinfo_3430;1127.00;3430;0;224.86;0.98;0.00;1098.31;DEFAULT_VEHTYPE;end;7;1064.00
-1.00;;-1.00;-1.00;2486.00;0.68;4318237#0_0;5.10;0.00;tripinfo_3431;1114.00;3431;0;1107.80;1.21;0.00;1021.82;DEFAULT_VEHTYPE;end;11;930.00
-1.00;;-1.00;-1.00;2487.00;0.96;8382305_0;5.10;0.00;tripinfo_3432;1113.00;3432;0;1632.39;0.90;0.00;894.48;DEFAULT_VEHTYPE;end;6;824.00
-1.00;;-1.00;-1.00;2484.00;0.24;175976586#0_0;5.10;0.00;tripinfo_3433;1116.00;3433;0;984.37;0.91;0.00;984.97;DEFAULT_VEHTYPE;end;5;936.00
-1.00;;-1.00;-1.00;2492.00;0.80;36801002#0_0;5.10;0.00;tripinfo_3435;1108.00;3435;1;2894.84;0.95;0.00;849.08;DEFAULT_VEHTYPE;end;9;719.00
-1.00;;-1.00;-1.00;2479.00;0.92;8250527#1_0;5.10;0.00;tripinfo_3439;1121.00;3439;0;962.77;1.13;0.00;1016.66;DEFAULT_VEHTYPE;end;9;949.00
-1.00;;-1.00;-1.00;2496.00;0.48;231475826#0_0;5.10;0.00;tripinfo_3441;1104.00;3441;0;113.29;1.07;0.00;1090.92;DEFAULT_VEHTYPE;end;5;1071.00
-1.00;;-1.00;-1.00;2485.00;0.76;-290174549#0_0;5.10;0.00;tripinfo_3442;1115.00;3442;0;973.51;1.21;0.00;1045.00;DEFAULT_VEHTYPE;end;8;992.00
-1.00;;-1.00;-1.00;2496.00;0.60;150275986#2_0;5.10;0.00;tripinfo_3445;1104.00;3445;0;1194.20;0.99;0.00;957.52;DEFAULT_VEHTYPE;end;5;904.00
-1.00;;-1.00;-1.00;2500.00;0.88;-8382393#2_0;5.10;0.00;tripinfo_3446;1100.00;3446;0;274.40;1.15;0.00;1070.04;DEFAULT_VEHTYPE;end;4;1044.00
-1.00;;-1.00;-1.00;2799.00;299.16;1287393212#0_0;5.10;0.00;tripinfo_3447;801.00;3447;0;240.54;1.05;0.00;772.40;DEFAULT_VEHTYPE;end;8;700.00
-1.00;;-1.00;-1.00;2500.00;0.00;419709604#0_0;5.10;0.00;tripinfo_3450;1100.00;3450;0;590.08;0.94;0.00;1027.42;DEFAULT_VEHTYPE;end;6;983.00
-1.00;;-1.00;-1.00;2488.00;0.28;4730648#2_0;5.10;0.00;tripinfo_3451;1112.00;3451;0;1098.66;1.03;0.00;981.99;DEFAULT_VEHTYPE;end;9;898.00
-1.00;;-1.00;-1.00;2501.00;0.96;-1167764376_0;5.10;0.00;tripinfo_3457;1099.00;3457;0;114.22;0.95;0.00;1083.62;DEFAULT_VEHTYPE;end;6;1037.00
-1.00;;-1.00;-1.00;2499.00;0.52;119180342#0_0;5.10;0.00;tripinfo_3459;1101.00;3459;0;770.39;0.99;0.00;1044.20;DEFAULT_VEHTYPE;end;10;977.00
-1.00;;-1.00;-1.00;2510.00;0.80;-4730648#4_0;5.10;0.00;tripinfo_3460;1090.00;3460;0;956.69;0.90;0.00;960.34;DEFAULT_VEHTYPE;end;9;903.00
-1.00;;-1.00;-1.00;2507.00;0.92;4726681#3_0;5.10;0.00;tripinfo_3464;1093.00;3464;0;799.11;1.02;0.00;1001.66;DEFAULT_VEHTYPE;end;9;905.00
-1.00;;-1.00;-1.00;2501.00;0.20;231945290#6_0;5.10;0.00;tripinfo_3465;1099.00;3465;0;767.15;0.82;0.00;991.76;DEFAULT_VEHTYPE;end;12;880.00
-1.00;;-1.00;-1.00;2506.00;0.04;4730634#0_0;5.10;0.00;tripinfo_3468;1094.00;3468;1;2567.79;1.09;0.00;895.71;DEFAULT_VEHTYPE;end;11;757.00
-1.00;;-1.00;-1.00;2503.00;0.88;4690639#0_0;5.10;0.00;tripinfo_3471;1097.00;3471;0;932.40;1.06;0.00;947.98;DEFAULT_VEHTYPE;end;8;895.00
-1.00;;-1.00;-1.00;2506.00;0.72;4690591#0_0;5.10;0.00;tripinfo_3474;1094.00;3474;1;2891.70;0.95;0.00;851.14;DEFAULT_VEHTYPE;end;10;741.00
-1.00;;-1.00;-1.00;2524.00;10.00;510702678#1_0;5.10;0.00;tripinfo_3475;1076.00;3475;0;402.13;0.96;0.00;1024.24;DEFAULT_VEHTYPE;end;9;955.00
-1.00;;-1.00;-1.00;2503.00;0.28;-628755547#3_0;5.10;0.00;tripinfo_3476;1097.00;3476;1;1782.68;0.99;0.00;877.57;DEFAULT_VEHTYPE;end;8;816.00
-1.00;;-1.00;-1.00;2517.00;0.84;4726717_0;5.10;0.00;tripinfo_3478;1083.00;3478;0;2914.61;1.15;0.00;655.21;DEFAULT_VEHTYPE;end;9;549.00
-1.00;;-1.00;-1.00;2519.00;0.40;1091652283_0;5.10;0.00;tripinfo_3480;1081.00;3480;1;2929.73;1.01;0.00;847.92;DEFAULT_VEHTYPE;end;9;734.00
-1.00;;-1.00;-1.00;2510.00;0.96;4730654_0;5.10;0.00;tripinfo_3482;1090.00;3482;0;1142.06;0.90;0.00;922.70;DEFAULT_VEHTYPE;end;8;839.00
-1.00;;-1.00;-1.00;2520.00;0.24;-132148870#1_0;5.10;0.00;tripinfo_3483;1080.00;3483;0;1491.39;1.13;0.00;937.41;DEFAULT_VEHTYPE;end;10;831.00
-1.00;;-1.00;-1.00;2518.00;0.52;31512978#0_0;5.10;0.00;tripinfo_3484;1082.00;3484;1;3012.37;1.01;0.00;841.30;DEFAULT_VEHTYPE;end;9;713.00
-1.00;;-1.00;-1.00;2517.00;0.36;-155472436#1_0;5.10;0.00;tripinfo_3487;1083.00;3487;0;1204.72;1.01;0.00;984.11;DEFAULT_VEHTYPE;end;9;905.00
-1.00;;-1.00;-1.00;2532.00;0.64;400062404_0;3.59;0.00;tripinfo_3488;1068.00;3488;0;770.24;0.85;0.00;945.41;DEFAULT_VEHTYPE;end;10;880.00
-1.00;;-1.00;-1.00;2522.00;0.20;-33301560#1_0;5.10;0.00;tripinfo_3490;1078.00;3490;0;2156.78;0.95;0.00;875.35;DEFAULT_VEHTYPE;end;7;821.00
-1.00;;-1.00;-1.00;2516.00;0.48;4730620_0;5.10;0.00;tripinfo_3491;1084.00;3491;0;2875.23;0.97;0.00;831.90;DEFAULT_VEHTYPE;end;5;761.00
-1.00;;-1.00;-1.00;2519.00;0.04;950756091_0;5.10;0.00;tripinfo_3493;1081.00;3493;0;256.93;0.95;0.00;1047.53;DEFAULT_VEHTYPE;end;6;999.00
-1.00;;-1.00;-1.00;2533.00;0.16;524150311#1_0;5.10;0.00;tripinfo_3497;1067.00;3497;0;1551.09;1.06;0.00;889.15;DEFAULT_VEHTYPE;end;11;816.00
-1.00;;-1.00;-1.00;2520.00;0.72;231945290#5_0;5.10;0.00;tripinfo_3499;1080.00;3499;0;2209.60;1.00;0.00;881.59;DEFAULT_VEHTYPE;end;8;814.00
-1.00;;-1.00;-1.00;2532.00;3.56;-290172304_0;5.10;0.00;tripinfo_3502;1068.00;3502;0;568.09;0.98;0.00;765.74;DEFAULT_VEHTYPE;end;7;726.00
-1.00;;-1.00;-1.00;2543.00;0.40;198077805#0_0;5.10;0.00;tripinfo_3505;1057.00;3505;0;793.87;0.99;0.00;997.90;DEFAULT_VEHTYPE;end;7;921.00
-1.00;;-1.00;-1.00;2542.00;0.24;14626335#4_0;5.10;0.00;tripinfo_3508;1058.00;3508;0;714.71;1.03;0.00;997.66;DEFAULT_VEHTYPE;end;12;909.00
-1.00;;-1.00;-1.00;2544.00;0.80;159636085#0_0;5.10;0.00;tripinfo_3510;1056.00;3510;0;507.00;0.91;0.00;989.85;DEFAULT_VEHTYPE;end;8;940.00
-1.00;;-1.00;-1.00;2541.00;0.08;220267107#0_0;5.10;0.00;tripinfo_3511;1059.00;3511;0;1220.87;0.83;0.00;881.28;DEFAULT_VEHTYPE;end;8;809.00
-1.00;;-1.00;-1.00;2549.00;0.76;4730637#3_0;5.10;0.00;tripinfo_3517;1051.00;3517;0;858.54;0.89;0.00;933.82;DEFAULT_VEHTYPE;end;8;862.00
-1.00;;-1.00;-1.00;2545.00;0.60;-31519076#0_0;5.10;0.00;tripinfo_3520;1055.00;3520;0;774.07;1.22;0.00;967.05;DEFAULT_VEHTYPE;end;9;878.00
-1.00;;-1.00;-1.00;2547.00;0.88;-14362916#1_0;5.10;0.00;tripinfo_3521;1053.00;3521;1;2004.47;0.98;0.00;802.21;DEFAULT_VEHTYPE;end;6;732.00
-1.00;;-1.00;-1.00;2542.00;2.44;1156329248_0;5.10;0.00;tripinfo_3523;1058.00;3523;1;2712.55;0.83;0.00;787.36;DEFAULT_VEHTYPE;end;10;682.00
-1.00;;-1.00;-1.00;2556.00;0.00;31449018_0;5.10;0.00;tripinfo_3525;1044.00;3525;0;1100.36;0.98;0.00;907.71;DEFAULT_VEHTYPE;end;7;824.00
-1.00;;-1.00;-1.00;2790.00;239.76;40493385#0_0;5.10;0.00;tripinfo_3542;810.00;3542;0;293.90;0.84;0.00;767.13;DEFAULT_VEHTYPE;end;8;706.00
-1.00;;-1.00;-1.00;2560.00;0.04;4726679#0_0;5.10;0.00;tripinfo_3543;1040.00;3543;0;1738.54;0.85;0.00;777.03;DEFAULT_VEHTYPE;end;7;696.00
-1.00;;-1.00;-1.00;2571.00;0.88;31389747_0;5.10;0.00;tripinfo_3546;1029.00;3546;0;410.07;0.99;0.00;979.30;DEFAULT_VEHTYPE;end;10;914.00
-1.00;;-1.00;-1.00;2560.00;0.72;-524150338#1_0;5.10;0.00;tripinfo_3549;1040.00;3549;1;1411.38;0.90;0.00;850.45;DEFAULT_VEHTYPE;end;7;780.00
-1.00;;-1.00;-1.00;2574.00;0.00;8140198#0_0;5.10;0.00;tripinfo_3550;1026.00;3550;0;1375.02;0.94;0.00;895.70;DEFAULT_VEHTYPE;end;9;797.00
-1.00;;-1.00;-1.00;2570.00;0.28;8382365#0_0;5.10;0.00;tripinfo_3551;1030.00;3551;0;899.78;0.95;0.00;940.63;DEFAULT_VEHTYPE;end;9;857.00
-1.00;;-1.00;-1.00;2559.00;0.84;-8382393#2_0;5.10;0.00;tripinfo_3553;1041.00;3553;0;251.89;0.72;0.00;997.67;DEFAULT_VEHTYPE;end;6;966.00
-1.00;;-1.00;-1.00;2610.00;32.12;781742860#6_0;5.10;0.00;tripinfo_3554;990.00;3554;0;199.07;1.04;0.00;874.63;DEFAULT_VEHTYPE;end;5;829.00
-1.00;;-1.00;-1.00;2582.00;0.96;65583365#0_0;5.10;0.00;tripinfo_3557;1018.00;3557;0;683.90;0.88;0.00;923.14;DEFAULT_VEHTYPE;end;7;881.00
-1.00;;-1.00;-1.00;2801.00;231.20;37535329#0_0;0.20;0.00;tripinfo_3565;799.00;3565;0;249.79;1.11;0.00;770.88;DEFAULT_VEHTYPE;end;8;709.00
-1.00;;-1.00;-1.00;2583.00;0.60;-31519076#1_0;5.10;0.00;tripinfo_3570;1017.00;3570;0;795.07;0.98;0.00;900.53;DEFAULT_VEHTYPE;end;7;815.00
-1.00;;-1.00;-1.00;2581.00;0.72;-155472436#1_0;5.10;0.00;tripinfo_3574;1019.00;3574;0;1604.62;1.03;0.00;673.94;DEFAULT_VEHTYPE;end;6;626.00
-1.00;;-1.00;-1.00;2698.00;106.56;781742860#1_0;5.10;0.00;tripinfo_3577;902.00;3577;0;939.98;1.02;0.00;794.01;DEFAULT_VEHTYPE;end;5;761.00
-1.00;;-1.00;-1.00;2580.00;0.84;8384930#0_0;5.10;0.00;tripinfo_3578;1020.00;3578;0;1143.34;0.96;0.00;879.73;DEFAULT_VEHTYPE;end;10;813.00
-1.00;;-1.00;-1.00;2587.00;0.52;939752205#4_0;5.10;0.00;tripinfo_3584;1013.00;3584;0;828.31;0.98;0.00;910.47;DEFAULT_VEHTYPE;end;6;857.00
-1.00;;-1.00;-1.00;2601.00;0.80;265117578_0;5.10;0.00;tripinfo_3585;999.00;3585;0;560.14;1.04;0.00;933.13;DEFAULT_VEHTYPE;end;9;861.00
-1.00;;-1.00;-1.00;2606.00;0.48;31520175#0_0;5.10;0.00;tripinfo_3591;994.00;3591;0;956.70;1.05;0.00;883.08;DEFAULT_VEHTYPE;end;8;795.00
-1.00;;-1.00;-1.00;2590.00;0.76;14471542#11_0;5.10;0.00;tripinfo_3592;1010.00;3592;0;727.87;0.95;0.00;918.98;DEFAULT_VEHTYPE;end;8;854.00
-1.00;;-1.00;-1.00;2594.00;0.44;307372337#0_0;5.10;0.00;tripinfo_3598;1006.00;3598;0;615.14;0.99;0.00;929.78;DEFAULT_VEHTYPE;end;7;885.00
-1.00;;-1.00;-1.00;2718.00;118.84;174272154#0_0;5.10;0.00;tripinfo_3603;882.00;3603;0;83.14;0.95;0.00;872.20;DEFAULT_VEHTYPE;end;3;841.00
-1.00;;-1.00;-1.00;2612.00;0.12;9387033#0_0;5.10;0.00;tripinfo_3604;988.00;3604;0;2150.51;1.07;0.00;829.46;DEFAULT_VEHTYPE;end;7;721.00
-1.00;;-1.00;-1.00;2615.00;0.68;-121794824_0;5.10;0.00;tripinfo_3606;985.00;3606;0;1573.64;0.92;0.00;686.41;DEFAULT_VEHTYPE;end;4;624.00
-1.00;;-1.00;-1.00;2800.00;190.96;40493385#0_0;5.10;0.00;tripinfo_3607;800.00;3607;0;286.40;0.82;0.00;757.19;DEFAULT_VEHTYPE;end;7;702.00
-1.00;;-1.00;-1.00;2604.00;0.24;198077805#0_0;5.10;0.00;tripinfo_3608;996.00;3608;0;1193.77;1.01;0.00;688.36;DEFAULT_VEHTYPE;end;7;648.00
-1.00;;-1.00;-1.00;2609.00;3.52;4392761#3_0;5.10;0.00;tripinfo_3609;991.00;3609;1;2753.55;0.92;0.00;597.42;DEFAULT_VEHTYPE;end;7;508.00
-1.00;;-1.00;-1.00;2622.00;4.80;8140196_0;5.10;0.00;tripinfo_3610;978.00;3610;0;642.48;1.23;0.00;930.06;DEFAULT_VEHTYPE;end;8;828.00
-1.00;;-1.00;-1.00;2605.00;0.92;628781004#0_0;5.10;0.00;tripinfo_3614;995.00;3614;0;150.24;1.14;0.00;979.55;DEFAULT_VEHTYPE;end;9;938.00
-1.00;;-1.00;-1.00;2603.00;0.20;4392761#2_0;5.10;0.00;tripinfo_3615;997.00;3615;1;3117.56;0.88;0.00;714.93;DEFAULT_VEHTYPE;end;10;610.00
-1.00;;-1.00;-1.00;2615.00;0.48;62020114#0_0;5.10;0.00;tripinfo_3616;985.00;3616;0;2507.33;0.90;0.00;764.78;DEFAULT_VEHTYPE;end;6;708.00
-1.00;;-1.00;-1.00;2609.00;0.32;-1156329250_0;1.26;0.00;tripinfo_3619;991.00;3619;0;2313.11;0.94;0.00;804.50;DEFAULT_VEHTYPE;end;5;745.00
-1.00;;-1.00;-1.00;2688.00;77.88;-781742860#5_0;5.10;0.00;tripinfo_3621;912.00;3621;0;650.60;1.00;0.00;831.63;DEFAULT_VEHTYPE;end;6;759.00
-1.00;;-1.00;-1.00;2620.00;2.44;13654454_0;5.10;0.00;tripinfo_3623;980.00;3623;0;646.98;0.97;0.00;918.60;DEFAULT_VEHTYPE;end;7;842.00
-1.00;;-1.00;-1.00;2626.00;0.00;4726694#2_0;5.10;0.00;tripinfo_3625;974.00;3625;1;3554.07;1.05;0.00;531.18;DEFAULT_VEHTYPE;end;10;430.00
-1.00;;-1.00;-1.00;2618.00;0.28;220267247#2_0;3.57;0.00;tripinfo_3626;982.00;3626;0;2208.29;1.01;0.00;700.08;DEFAULT_VEHTYPE;end;5;649.00
-1.00;;-1.00;-1.00;2617.00;0.96;30215395#0_0;5.10;0.00;tripinfo_3632;983.00;3632;0;727.13;0.86;0.00;882.64;DEFAULT_VEHTYPE;end;6;822.00
-1.00;;-1.00;-1.00;2623.00;0.76;175206104_0;5.10;0.00;tripinfo_3642;977.00;3642;0;234.73;1.04;0.00;948.00;DEFAULT_VEHTYPE;end;6;898.00
-1.00;;-1.00;-1.00;2631.00;0.04;403882373_0;5.10;0.00;tripinfo_3643;969.00;3643;1;2394.91;1.26;0.00;697.14;DEFAULT_VEHTYPE;end;7;585.00
-1.00;;-1.00;-1.00;2642.00;1.60;15089643_0;5.10;0.00;tripinfo_3645;958.00;3645;0;537.92;1.07;0.00;895.68;DEFAULT_VEHTYPE;end;8;830.00
-1.00;;-1.00;-1.00;2643.00;0.16;180156396#0_0;5.10;0.00;tripinfo_3647;957.00;3647;0;219.44;1.00;0.00;929.64;DEFAULT_VEHTYPE;end;8;870.00
-1.00;;-1.00;-1.00;2631.00;0.44;47426237#0_0;5.10;0.00;tripinfo_3648;969.00;3648;0;796.25;1.05;0.00;875.89;DEFAULT_VEHTYPE;end;8;820.00
-1.00;;-1.00;-1.00;2642.00;0.84;-1263793723_0;5.10;0.00;tripinfo_3653;958.00;3653;0;305.28;1.17;0.00;924.89;DEFAULT_VEHTYPE;end;9;854.00
-1.00;;-1.00;-1.00;2649.00;0.12;879483837_0;5.10;0.00;tripinfo_3654;951.00;3654;0;572.17;0.95;0.00;881.50;DEFAULT_VEHTYPE;end;7;821.00
-1.00;;-1.00;-1.00;2642.00;0.96;399914536#0_0;5.10;0.00;tripinfo_3657;958.00;3657;0;412.27;0.98;0.00;906.40;DEFAULT_VEHTYPE;end;8;843.00
-1.00;;-1.00;-1.00;2647.00;3.24;19846527#1_0;5.10;0.00;tripinfo_3658;953.00;3658;1;761.89;0.90;0.00;662.87;DEFAULT_VEHTYPE;end;4;633.00
-1.00;;-1.00;-1.00;2642.00;0.52;31512978#0_0;5.10;0.00;tripinfo_3659;958.00;3659;0;820.98;0.81;0.00;847.06;DEFAULT_VEHTYPE;end;7;781.00
-1.00;;-1.00;-1.00;2918.00;274.80;1263954924_0;0.20;0.00;tripinfo_3660;682.00;3660;0;372.83;1.23;0.00;644.59;DEFAULT_VEHTYPE;end;4;617.00
-1.00;;-1.00;-1.00;2899.00;241.64;1263954923_0;0.20;0.00;tripinfo_3663;701.00;3663;0;274.60;0.92;0.00;660.63;DEFAULT_VEHTYPE;end;3;646.00
-1.00;;-1.00;-1.00;2653.00;0.92;8382402#2_0;5.10;0.00;tripinfo_3664;947.00;3664;0;265.35;0.94;0.00;912.21;DEFAULT_VEHTYPE;end;6;873.00
-1.00;;-1.00;-1.00;2650.00;0.76;-236306864#4_0;5.10;0.00;tripinfo_3667;950.00;3667;1;2184.14;1.00;0.00;776.57;DEFAULT_VEHTYPE;end;9;654.00
-1.00;;-1.00;-1.00;2658.00;0.88;16233734#0_0;5.10;0.00;tripinfo_3671;942.00;3671;0;1376.01;0.88;0.00;762.71;DEFAULT_VEHTYPE;end;5;725.00
-1.00;;-1.00;-1.00;2648.00;0.16;399914536#0_0;5.10;0.00;tripinfo_3672;952.00;3672;0;404.76;0.86;0.00;894.26;DEFAULT_VEHTYPE;end;7;834.00
-1.00;;-1.00;-1.00;2657.00;0.12;7682864#2_0;5.10;0.00;tripinfo_3679;943.00;3679;0;182.71;0.91;0.00;917.42;DEFAULT_VEHTYPE;end;8;853.00
-1.00;;-1.00;-1.00;2714.00;63.40;1287393211#0_0;5.10;0.00;tripinfo_3680;886.00;3680;0;255.45;1.05;0.00;855.81;DEFAULT_VEHTYPE;end;7;797.00
-1.00;;-1.00;-1.00;2664.00;0.68;523287555_0;5.10;0.00;tripinfo_3681;936.00;3681;0;1399.14;0.90;0.00;795.82;DEFAULT_VEHTYPE;end;10;689.00
-1.00;;-1.00;-1.00;2667.00;0.96;124862960_0;0.20;0.00;tripinfo_3682;933.00;3682;1;2653.94;1.04;0.00;729.10;DEFAULT_VEHTYPE;end;12;622.00
-1.00;;-1.00;-1.00;2676.00;4.08;40151778_0;5.10;0.00;tripinfo_3686;924.00;3686;0;506.87;0.92;0.00;856.71;DEFAULT_VEHTYPE;end;5;816.00
-1.00;;-1.00;-1.00;2672.00;0.04;510492454#0_0;5.10;0.00;tripinfo_3693;928.00;3693;1;2744.69;0.94;0.00;645.97;DEFAULT_VEHTYPE;end;9;562.00
-1.00;;-1.00;-1.00;2679.00;0.32;1168195444#0_0;5.10;0.00;tripinfo_3694;921.00;3694;0;35.85;1.07;0.00;915.97;DEFAULT_VEHTYPE;end;9;866.00
-1.00;;-1.00;-1.00;2668.00;0.28;524150320#0_0;5.10;0.00;tripinfo_3701;932.00;3701;0;705.73;0.93;0.00;839.42;DEFAULT_VEHTYPE;end;4;809.00
-1.00;;-1.00;-1.00;2671.00;0.12;1263793722#0_0;5.10;0.00;tripinfo_3704;929.00;3704;0;387.92;1.12;0.00;886.26;DEFAULT_VEHTYPE;end;7;822.00
-1.00;;-1.00;-1.00;2672.00;0.96;175206107#0_0;5.10;0.00;tripinfo_3707;928.00;3707;0;122.39;0.81;0.00;908.27;DEFAULT_VEHTYPE;end;6;867.00
-1.00;;-1.00;-1.00;2680.00;0.24;-145550725#1_0;5.10;0.00;tripinfo_3708;920.00;3708;0;1609.85;0.88;0.00;627.04;DEFAULT_VEHTYPE;end;6;542.00
-1.00;;-1.00;-1.00;2675.00;0.52;-1080960154#1_0;5.10;0.00;tripinfo_3709;925.00;3709;0;900.50;0.95;0.00;781.75;DEFAULT_VEHTYPE;end;5;729.00
-1.00;;-1.00;-1.00;2683.00;0.48;-13764247#1_0;5.10;0.00;tripinfo_3716;917.00;3716;0;221.60;1.02;0.00;849.82;DEFAULT_VEHTYPE;end;7;822.00
-1.00;;-1.00;-1.00;2685.00;4.32;-145550725#1_0;5.10;0.00;tripinfo_3719;915.00;3719;0;1807.13;0.93;0.00;612.20;DEFAULT_VEHTYPE;end;4;530.00
-1.00;;-1.00;-1.00;2782.00;92.16;1287393211#0_0;5.10;0.00;tripinfo_3722;818.00;3722;0;301.72;1.13;0.00;700.50;DEFAULT_VEHTYPE;end;7;636.00
-1.00;;-1.00;-1.00;2692.00;0.00;-121794825#3_0;4.66;0.00;tripinfo_3725;908.00;3725;0;1537.05;1.10;0.00;694.30;DEFAULT_VEHTYPE;end;9;620.00
-1.00;;-1.00;-1.00;2691.00;0.56;-31411842#1_0;5.10;0.00;tripinfo_3727;909.00;3727;0;953.36;1.10;0.00;785.18;DEFAULT_VEHTYPE;end;6;712.00
-1.00;;-1.00;-1.00;2698.00;0.12;62020111_0;5.10;0.00;tripinfo_3729;902.00;3729;0;1443.62;1.07;0.00;793.95;DEFAULT_VEHTYPE;end;6;736.00
-1.00;;-1.00;-1.00;2694.00;0.64;37535329#2_0;5.10;0.00;tripinfo_3738;906.00;3738;0;258.44;1.10;0.00;876.71;DEFAULT_VEHTYPE;end;7;823.00
-1.00;;-1.00;-1.00;2704.00;0.76;654207120_0;0.20;0.00;tripinfo_3742;896.00;3742;0;1729.54;0.99;0.00;649.66;DEFAULT_VEHTYPE;end;4;586.00
-1.00;;-1.00;-1.00;2713.00;0.04;781742860#1_0;5.10;0.00;tripinfo_3743;887.00;3743;0;355.09;1.16;0.00;849.31;DEFAULT_VEHTYPE;end;6;795.00
-1.00;;-1.00;-1.00;2702.00;0.32;-220267247#5_0;5.10;0.00;tripinfo_3744;898.00;3744;0;1776.10;1.12;0.00;725.12;DEFAULT_VEHTYPE;end;10;604.00
-1.00;;-1.00;-1.00;2703.00;0.44;23084263#1_0;5.10;0.00;tripinfo_3748;897.00;3748;0;1530.38;0.95;0.00;687.06;DEFAULT_VEHTYPE;end;6;641.00
-1.00;;-1.00;-1.00;2712.00;0.28;23084263#0_0;5.10;0.00;tripinfo_3751;888.00;3751;0;468.21;0.94;0.00;839.77;DEFAULT_VEHTYPE;end;7;749.00
-1.00;;-1.00;-1.00;2719.00;0.12;-781742860#0_0;5.10;0.00;tripinfo_3754;881.00;3754;0;687.03;0.82;0.00;739.23;DEFAULT_VEHTYPE;end;6;705.00
-1.00;;-1.00;-1.00;2718.00;0.96;31427257#6_0;5.10;0.00;tripinfo_3757;882.00;3757;0;813.78;0.97;0.00;793.29;DEFAULT_VEHTYPE;end;7;730.00
-1.00;;-1.00;-1.00;2726.00;1.36;396102064_0;0.20;0.00;tripinfo_3762;874.00;3762;0;1640.80;0.97;0.00;695.67;DEFAULT_VEHTYPE;end;8;636.00
-1.00;;-1.00;-1.00;2717.00;3.64;180156396#3_0;4.89;0.00;tripinfo_3763;883.00;3763;0;92.43;0.98;0.00;870.73;DEFAULT_VEHTYPE;end;7;815.00
-1.00;;-1.00;-1.00;2724.00;0.20;14471542#3_0;5.10;0.00;tripinfo_3765;876.00;3765;0;906.34;0.96;0.00;763.80;DEFAULT_VEHTYPE;end;6;708.00
-1.00;;-1.00;-1.00;2724.00;0.48;-829968896#1_0;0.20;0.00;tripinfo_3766;876.00;3766;0;1499.29;1.00;0.00;728.84;DEFAULT_VEHTYPE;end;5;670.00
-1.00;;-1.00;-1.00;2725.00;0.04;628782531_0;5.10;0.00;tripinfo_3768;875.00;3768;0;1006.48;0.94;0.00;794.85;DEFAULT_VEHTYPE;end;5;766.00
-1.00;;-1.00;-1.00;2718.00;0.44;1263793722#0_0;5.10;0.00;tripinfo_3773;882.00;3773;0;365.42;0.98;0.00;835.79;DEFAULT_VEHTYPE;end;6;777.00
-1.00;;-1.00;-1.00;2719.00;0.72;62020116#0_0;5.10;0.00;tripinfo_3774;881.00;3774;0;2172.16;1.12;0.00;739.91;DEFAULT_VEHTYPE;end;4;687.00
-1.00;;-1.00;-1.00;2729.00;0.68;150275973#0_0;5.10;0.00;tripinfo_3781;871.00;3781;0;1048.32;0.96;0.00;738.02;DEFAULT_VEHTYPE;end;7;702.00
-1.00;;-1.00;-1.00;2741.00;0.96;40598675#0_0;5.10;0.00;tripinfo_3782;859.00;3782;0;288.20;0.96;0.00;822.12;DEFAULT_VEHTYPE;end;4;800.00
-1.00;;-1.00;-1.00;2732.00;3.24;231483339#0_0;5.10;0.00;tripinfo_3783;868.00;3783;0;1270.67;1.00;0.00;708.63;DEFAULT_VEHTYPE;end;6;636.00
-1.00;;-1.00;-1.00;2729.00;0.08;198077804#0_0;5.10;0.00;tripinfo_3786;871.00;3786;0;793.59;0.98;0.00;743.32;DEFAULT_VEHTYPE;end;4;724.00
-1.00;;-1.00;-1.00;2737.00;0.92;5450860#1_0;5.10;0.00;tripinfo_3789;863.00;3789;0;745.64;0.95;0.00;767.52;DEFAULT_VEHTYPE;end;5;730.00
-1.00;;-1.00;-1.00;2734.00;0.20;-524150326_0;5.10;0.00;tripinfo_3790;866.00;3790;1;1248.81;1.29;0.00;748.25;DEFAULT_VEHTYPE;end;4;693.00
-1.00;;-1.00;-1.00;2735.00;0.48;4690639#0_0;5.10;0.00;tripinfo_3791;865.00;3791;0;676.62;1.00;0.00;782.91;DEFAULT_VEHTYPE;end;8;719.00
-1.00;;-1.00;-1.00;2741.00;0.32;-36786443#2_0;5.10;0.00;tripinfo_3794;859.00;3794;1;1321.52;1.29;0.00;734.29;DEFAULT_VEHTYPE;end;7;645.00
-1.00;;-1.00;-1.00;2739.00;0.60;-1167764376_0;5.10;0.00;tripinfo_3795;861.00;3795;0;76.72;1.00;0.00;850.80;DEFAULT_VEHTYPE;end;6;813.00
-1.00;;-1.00;-1.00;3216.00;466.88;628781006#2_0;5.10;0.00;tripinfo_3796;384.00;3796;0;57.53;0.93;0.00;363.56;DEFAULT_VEHTYPE;end;2;359.00
-1.00;;-1.00;-1.00;2740.00;0.28;8382285_0;5.10;0.00;tripinfo_3801;860.00;3801;0;1105.55;0.90;0.00;660.69;DEFAULT_VEHTYPE;end;3;632.00
-1.00;;-1.00;-1.00;2758.00;0.24;31427257#4_0;5.10;0.00;tripinfo_3808;842.00;3808;0;899.79;0.97;0.00;747.89;DEFAULT_VEHTYPE;end;6;702.00
-1.00;;-1.00;-1.00;2749.00;0.08;-13764247#1_0;5.10;0.00;tripinfo_3811;851.00;3811;0;206.60;1.11;0.00;787.00;DEFAULT_VEHTYPE;end;7;760.00
-1.00;;-1.00;-1.00;2749.00;0.64;-220267105#3_0;5.10;0.00;tripinfo_3813;851.00;3813;0;1242.13;0.96;0.00;647.55;DEFAULT_VEHTYPE;end;4;617.00
-1.00;;-1.00;-1.00;2752.00;0.92;1091652283_0;5.10;0.00;tripinfo_3814;848.00;3814;1;2793.96;1.07;0.00;636.86;DEFAULT_VEHTYPE;end;7;565.00
-1.00;;-1.00;-1.00;2761.00;0.48;-150276003#2_0;5.10;0.00;tripinfo_3816;839.00;3816;0;697.41;0.89;0.00;707.82;DEFAULT_VEHTYPE;end;4;685.00
-1.00;;-1.00;-1.00;2758.00;0.04;150275984#5_0;5.10;0.00;tripinfo_3818;842.00;3818;0;839.54;1.02;0.00;742.26;DEFAULT_VEHTYPE;end;9;705.00
-1.00;;-1.00;-1.00;2760.00;0.72;198077804#0_0;5.10;0.00;tripinfo_3824;840.00;3824;0;1269.33;0.99;0.00;690.51;DEFAULT_VEHTYPE;end;6;631.00
-1.00;;-1.00;-1.00;2771.00;0.00;8382391#0_0;5.10;0.00;tripinfo_3825;829.00;3825;1;1430.80;1.13;0.00;662.86;DEFAULT_VEHTYPE;end;4;604.00
-1.00;;-1.00;-1.00;2975.00;215.56;1053478470_0;5.10;0.00;tripinfo_3827;625.00;3827;0;88.73;0.97;0.00;612.99;DEFAULT_VEHTYPE;end;4;573.00
-1.00;;-1.00;-1.00;2759.00;0.40;239889169#0_0;5.10;0.00;tripinfo_3830;841.00;3830;0;1317.77;1.02;0.00;673.18;DEFAULT_VEHTYPE;end;6;614.00
-1.00;;-1.00;-1.00;2763.00;0.96;31431101#3_0;5.10;0.00;tripinfo_3832;837.00;3832;0;837.08;0.88;0.00;719.80;DEFAULT_VEHTYPE;end;5;696.00
-1.00;;-1.00;-1.00;2780.00;0.52;175976586#0_0;5.10;0.00;tripinfo_3834;820.00;3834;0;1447.93;1.09;0.00;687.89;DEFAULT_VEHTYPE;end;9;613.00
-1.00;;-1.00;-1.00;2778.00;2.80;4726681#1_0;5.10;0.00;tripinfo_3835;822.00;3835;0;674.01;0.92;0.00;732.45;DEFAULT_VEHTYPE;end;4;701.00
-1.00;;-1.00;-1.00;2785.00;0.20;-523287556_0;5.10;0.00;tripinfo_3840;815.00;3840;0;1287.92;1.02;0.00;704.32;DEFAULT_VEHTYPE;end;7;592.00
-1.00;;-1.00;-1.00;2768.00;0.32;109993439_0;5.10;0.00;tripinfo_3844;832.00;3844;0;519.81;1.03;0.00;773.05;DEFAULT_VEHTYPE;end;7;717.00
-1.00;;-1.00;-1.00;2770.00;0.16;96016144#0_0;5.10;0.00;tripinfo_3847;830.00;3847;0;2151.07;0.95;0.00;628.02;DEFAULT_VEHTYPE;end;7;551.00
-1.00;;-1.00;-1.00;2789.00;0.44;960773149_0;5.10;0.00;tripinfo_3848;811.00;3848;0;1457.87;1.10;0.00;602.37;DEFAULT_VEHTYPE;end;5;528.00
-1.00;;-1.00;-1.00;2785.00;1.56;17671153_0;4.69;0.00;tripinfo_3852;815.00;3852;0;314.07;1.20;0.00;603.96;DEFAULT_VEHTYPE;end;3;589.00
-1.00;;-1.00;-1.00;2780.00;0.84;450186403_0;5.10;0.00;tripinfo_3853;820.00;3853;0;1178.21;0.99;0.00;663.69;DEFAULT_VEHTYPE;end;7;612.00
-1.00;;-1.00;-1.00;2781.00;1.68;-119180342#1_0;5.10;0.00;tripinfo_3856;819.00;3856;0;798.82;0.74;0.00;744.44;DEFAULT_VEHTYPE;end;10;663.00
-1.00;;-1.00;-1.00;2782.00;0.36;628782530_0;3.16;0.00;tripinfo_3862;818.00;3862;0;1043.50;1.00;0.00;691.39;DEFAULT_VEHTYPE;end;8;631.00
-1.00;;-1.00;-1.00;2789.00;0.64;-121794824_0;5.10;0.00;tripinfo_3863;811.00;3863;0;1382.39;0.96;0.00;581.68;DEFAULT_VEHTYPE;end;5;508.00
-1.00;;-1.00;-1.00;2786.00;0.20;145550723_0;5.10;0.00;tripinfo_3865;814.00;3865;0;1385.40;1.00;0.00;596.04;DEFAULT_VEHTYPE;end;7;525.00
-1.00;;-1.00;-1.00;2802.00;0.48;47446166_0;5.10;0.00;tripinfo_3866;798.00;3866;0;458.34;0.91;0.00;735.86;DEFAULT_VEHTYPE;end;5;694.00
-1.00;;-1.00;-1.00;2804.00;0.04;-7682866#1_0;5.10;0.00;tripinfo_3868;796.00;3868;1;456.18;0.76;0.00;723.20;DEFAULT_VEHTYPE;end;8;667.00
-1.00;;-1.00;-1.00;2792.00;0.88;62020113#0_0;5.10;0.00;tripinfo_3871;808.00;3871;0;1888.14;0.95;0.00;663.50;DEFAULT_VEHTYPE;end;5;613.00
-1.00;;-1.00;-1.00;2807.00;0.00;47999872_0;5.10;0.00;tripinfo_3875;793.00;3875;0;1321.52;0.84;0.00;602.02;DEFAULT_VEHTYPE;end;5;556.00
-1.00;;-1.00;-1.00;2805.00;3.84;150275991#0_0;5.10;0.00;tripinfo_3878;795.00;3878;0;307.72;0.93;0.00;696.58;DEFAULT_VEHTYPE;end;3;680.00
-1.00;;-1.00;-1.00;2796.00;0.12;1264281862_0;5.10;0.00;tripinfo_3879;804.00;3879;0;916.31;0.95;0.00;339.43;DEFAULT_VEHTYPE;end;2;327.00
-1.00;;-1.00;-1.00;2802.00;0.68;7682866#2_0;5.10;0.00;tripinfo_3881;798.00;3881;0;152.04;1.04;0.00;755.67;DEFAULT_VEHTYPE;end;4;738.00
-1.00;;-1.00;-1.00;2817.00;0.36;8382391#0_0;5.10;0.00;tripinfo_3887;783.00;3887;0;514.80;0.86;0.00;383.12;DEFAULT_VEHTYPE;end;1;378.00
-1.00;;-1.00;-1.00;2808.00;0.76;62020114#0_0;5.10;0.00;tripinfo_3892;792.00;3892;0;1386.76;0.87;0.00;602.88;DEFAULT_VEHTYPE;end;6;544.00
-1.00;;-1.00;-1.00;2811.00;0.04;13853658_0;5.10;0.00;tripinfo_3893;789.00;3893;1;2648.83;0.94;0.00;546.95;DEFAULT_VEHTYPE;end;5;486.00
-1.00;;-1.00;-1.00;2820.00;0.60;31520176#0_0;5.10;0.00;tripinfo_3895;780.00;3895;0;920.26;1.05;0.00;667.38;DEFAULT_VEHTYPE;end;7;612.00
-1.00;;-1.00;-1.00;2810.00;0.88;-291949061#2_0;5.10;0.00;tripinfo_3896;790.00;3896;0;935.14;0.92;0.00;650.41;DEFAULT_VEHTYPE;end;4;613.00
-1.00;;-1.00;-1.00;2821.00;0.56;1263793722#0_0;5.10;0.00;tripinfo_3902;779.00;3902;0;312.91;0.85;0.00;733.19;DEFAULT_VEHTYPE;end;6;702.00
-1.00;;-1.00;-1.00;2815.00;0.24;31449007_0;5.10;0.00;tripinfo_3908;785.00;3908;0;529.31;1.09;0.00;725.60;DEFAULT_VEHTYPE;end;6;676.00
-1.00;;-1.00;-1.00;2819.00;0.52;-8250533#1_0;5.10;0.00;tripinfo_3909;781.00;3909;0;945.77;0.87;0.00;649.12;DEFAULT_VEHTYPE;end;6;616.00
-1.00;;-1.00;-1.00;2817.00;0.80;8140198#0_0;5.10;0.00;tripinfo_3910;783.00;3910;0;1322.51;0.93;0.00;656.36;DEFAULT_VEHTYPE;end;7;557.00
-1.00;;-1.00;-1.00;2825.00;0.08;4730623_0;5.10;0.00;tripinfo_3911;775.00;3911;0;910.82;0.99;0.00;639.84;DEFAULT_VEHTYPE;end;8;591.00
-1.00;;-1.00;-1.00;2834.00;0.36;395153043_0;0.20;0.00;tripinfo_3912;766.00;3912;0;225.80;0.99;0.00;737.41;DEFAULT_VEHTYPE;end;8;680.00
-1.00;;-1.00;-1.00;2836.00;1.64;14118783_0;5.10;0.00;tripinfo_3913;764.00;3913;0;425.12;0.92;0.00;707.12;DEFAULT_VEHTYPE;end;5;676.00
-1.00;;-1.00;-1.00;2827.00;0.20;-14118784#2_0;5.10;0.00;tripinfo_3915;773.00;3915;0;241.78;1.01;0.00;742.35;DEFAULT_VEHTYPE;end;6;681.00
-1.00;;-1.00;-1.00;2830.00;0.04;1053478472#1_0;5.10;0.00;tripinfo_3918;770.00;3918;0;152.30;1.16;0.00;753.27;DEFAULT_VEHTYPE;end;6;717.00
-1.00;;-1.00;-1.00;2840.00;0.32;47426241#0_0;5.10;0.00;tripinfo_3919;760.00;3919;0;683.29;1.03;0.00;677.86;DEFAULT_VEHTYPE;end;6;631.00
-1.00;;-1.00;-1.00;2824.00;0.88;1098324355_0;0.14;0.00;tripinfo_3921;776.00;3921;0;1150.61;0.93;0.00;671.75;DEFAULT_VEHTYPE;end;8;575.00
-1.00;;-1.00;-1.00;2837.00;0.72;8152038_0;5.10;0.00;tripinfo_3924;763.00;3924;0;606.35;0.81;0.00;569.00;DEFAULT_VEHTYPE;end;5;537.00
-1.00;;-1.00;-1.00;2834.00;0.00;-8382443_0;5.10;0.00;tripinfo_3925;766.00;3925;0;741.27;0.93;0.00;514.70;DEFAULT_VEHTYPE;end;2;496.00
-1.00;;-1.00;-1.00;2837.00;0.56;14471542#2_0;5.10;0.00;tripinfo_3927;763.00;3927;0;916.73;0.99;0.00;653.00;DEFAULT_VEHTYPE;end;5;617.00
-1.00;;-1.00;-1.00;2841.00;0.84;16233734#0_0;5.10;0.00;tripinfo_3928;759.00;3928;0;931.04;0.91;0.00;635.02;DEFAULT_VEHTYPE;end;7;597.00
-1.00;;-1.00;-1.00;2832.00;0.40;-62020321_0;5.10;0.00;tripinfo_3930;768.00;3930;0;1211.34;1.14;0.00;689.63;DEFAULT_VEHTYPE;end;7;580.00
-1.00;;-1.00;-1.00;2839.00;0.96;-244422543#1_0;5.10;0.00;tripinfo_3932;761.00;3932;0;811.41;1.11;0.00;672.46;DEFAULT_VEHTYPE;end;5;628.00
-1.00;;-1.00;-1.00;2846.00;0.24;628757206#0_0;5.10;0.00;tripinfo_3933;754.00;3933;1;1395.73;1.13;0.00;505.66;DEFAULT_VEHTYPE;end;5;476.00
-1.00;;-1.00;-1.00;2846.00;0.52;-832629331#1_0;5.10;0.00;tripinfo_3934;754.00;3934;0;115.98;0.81;0.00;735.73;DEFAULT_VEHTYPE;end;4;719.00
-1.00;;-1.00;-1.00;2847.00;0.64;1091652430_0;5.10;0.00;tripinfo_3938;753.00;3938;0;1600.14;1.10;0.00;645.10;DEFAULT_VEHTYPE;end;6;586.00
-1.00;;-1.00;-1.00;2851.00;0.20;510702678#1_0;5.10;0.00;tripinfo_3940;749.00;3940;0;400.26;1.03;0.00;701.53;DEFAULT_VEHTYPE;end;5;652.00
-1.00;;-1.00;-1.00;2851.00;0.04;231475826#0_0;5.10;0.00;tripinfo_3943;749.00;3943;0;91.34;1.12;0.00;738.22;DEFAULT_VEHTYPE;end;3;726.00
-1.00;;-1.00;-1.00;2843.00;0.60;5450860#3_0;5.10;0.00;tripinfo_3945;757.00;3945;0;654.88;1.11;0.00;684.83;DEFAULT_VEHTYPE;end;4;658.00
-1.00;;-1.00;-1.00;2851.00;0.88;14471542#2_0;5.10;0.00;tripinfo_3946;749.00;3946;0;909.23;0.92;0.00;631.84;DEFAULT_VEHTYPE;end;4;597.00
-1.00;;-1.00;-1.00;2852.00;0.44;31518959#0_0;5.10;0.00;tripinfo_3948;748.00;3948;0;988.54;1.08;0.00;633.18;DEFAULT_VEHTYPE;end;4;590.00
-1.00;;-1.00;-1.00;2852.00;0.72;4726718_0;5.10;0.00;tripinfo_3949;748.00;3949;0;1390.93;0.94;0.00;640.73;DEFAULT_VEHTYPE;end;3;604.00
-1.00;;-1.00;-1.00;2845.00;0.00;180020059#2_0;5.10;0.00;tripinfo_3950;755.00;3950;0;909.83;1.06;0.00;639.49;DEFAULT_VEHTYPE;end;6;595.00
-1.00;;-1.00;-1.00;2861.00;0.84;180160758#0_0;5.10;0.00;tripinfo_3953;739.00;3953;0;71.24;0.96;0.00;729.09;DEFAULT_VEHTYPE;end;7;684.00
-1.00;;-1.00;-1.00;2852.00;0.40;231475823#0_0;5.10;0.00;tripinfo_3955;748.00;3955;0;415.31;1.00;0.00;697.03;DEFAULT_VEHTYPE;end;8;642.00
-1.00;;-1.00;-1.00;2872.00;2.96;8382393#0_0;5.10;0.00;tripinfo_3957;728.00;3957;0;272.09;0.92;0.00;690.35;DEFAULT_VEHTYPE;end;4;656.00
-1.00;;-1.00;-1.00;2856.00;0.52;403882373_0;5.10;0.00;tripinfo_3959;744.00;3959;0;1536.08;0.89;0.00;617.57;DEFAULT_VEHTYPE;end;5;571.00
-1.00;;-1.00;-1.00;2858.00;0.36;31412878_0;5.10;0.00;tripinfo_3962;742.00;3962;0;386.39;0.91;0.00;679.54;DEFAULT_VEHTYPE;end;4;647.00
-1.00;;-1.00;-1.00;2919.00;53.64;159636082_0;0.20;0.00;tripinfo_3963;681.00;3963;0;22.27;0.95;0.00;676.93;DEFAULT_VEHTYPE;end;4;667.00
-1.00;;-1.00;-1.00;2863.00;0.92;829968897_0;5.10;0.00;tripinfo_3964;737.00;3964;0;1083.20;0.85;0.00;581.45;DEFAULT_VEHTYPE;end;6;541.00
-1.00;;-1.00;-1.00;2869.00;0.48;4426076#0_0;5.10;0.00;tripinfo_3966;731.00;3966;0;250.15;0.92;0.00;697.02;DEFAULT_VEHTYPE;end;7;664.00
-1.00;;-1.00;-1.00;2864.00;0.76;40493501#3_0;5.10;0.00;tripinfo_3967;736.00;3967;0;312.78;1.00;0.00;697.29;DEFAULT_VEHTYPE;end;6;654.00
-1.00;;-1.00;-1.00;2872.00;0.04;4730619_0;5.10;0.00;tripinfo_3968;728.00;3968;1;2310.66;1.09;0.00;548.42;DEFAULT_VEHTYPE;end;6;480.00
-1.00;;-1.00;-1.00;2876.00;0.32;-13853659#0_0;5.10;0.00;tripinfo_3969;724.00;3969;0;1087.77;0.99;0.00;481.24;DEFAULT_VEHTYPE;end;4;460.00
-1.00;;-1.00;-1.00;2871.00;0.88;4690591#0_0;5.10;0.00;tripinfo_3971;729.00;3971;0;1799.41;0.95;0.00;591.33;DEFAULT_VEHTYPE;end;4;544.00
-1.00;;-1.00;-1.00;2867.00;0.16;-9387033#3_0;5.10;0.00;tripinfo_3972;733.00;3972;0;3484.71;1.16;0.00;510.95;DEFAULT_VEHTYPE;end;5;406.00
-1.00;;-1.00;-1.00;2872.00;0.44;4426074#0_0;5.10;0.00;tripinfo_3973;728.00;3973;0;489.29;1.16;0.00;676.32;DEFAULT_VEHTYPE;end;7;623.00
-1.00;;-1.00;-1.00;2865.00;0.28;47999871_0;5.10;0.00;tripinfo_3976;735.00;3976;0;1009.06;0.86;0.00;593.02;DEFAULT_VEHTYPE;end;6;559.00
-1.00;;-1.00;-1.00;2885.00;0.12;231945290#4_0;5.10;0.00;tripinfo_3979;715.00;3979;1;1237.07;0.98;0.00;548.02;DEFAULT_VEHTYPE;end;7;494.00
-1.00;;-1.00;-1.00;2884.00;0.68;-8384914_0;5.10;0.00;tripinfo_3981;716.00;3981;0;441.07;0.95;0.00;658.14;DEFAULT_VEHTYPE;end;7;617.00
-1.00;;-1.00;-1.00;2872.00;0.96;856293282_0;0.20;0.00;tripinfo_3982;728.00;3982;0;814.60;1.18;0.00;658.73;DEFAULT_VEHTYPE;end;5;626.00
-1.00;;-1.00;-1.00;2880.00;0.24;14471542#3_0;5.10;0.00;tripinfo_3983;720.00;3983;0;811.78;0.95;0.00;618.35;DEFAULT_VEHTYPE;end;4;587.00
-1.00;;-1.00;-1.00;2878.00;0.52;150275985#0_0;5.10;0.00;tripinfo_3984;722.00;3984;0;1384.95;1.05;0.00;460.22;DEFAULT_VEHTYPE;end;3;429.00
-1.00;;-1.00;-1.00;2880.00;0.80;4726718_0;5.10;0.00;tripinfo_3985;720.00;3985;0;716.31;1.13;0.00;673.46;DEFAULT_VEHTYPE;end;7;604.00
-1.00;;-1.00;-1.00;2876.00;0.08;400961625#0_0;5.10;0.00;tripinfo_3986;724.00;3986;1;3233.89;1.01;0.00;471.86;DEFAULT_VEHTYPE;end;6;412.00
-1.00;;-1.00;-1.00;2882.00;0.64;4730638_0;5.10;0.00;tripinfo_3988;718.00;3988;0;926.56;0.99;0.00;593.03;DEFAULT_VEHTYPE;end;6;552.00
-1.00;;-1.00;-1.00;2889.00;0.76;450925440_0;5.10;0.00;tripinfo_3992;711.00;3992;1;619.52;0.78;0.00;613.04;DEFAULT_VEHTYPE;end;4;582.00
-1.00;;-1.00;-1.00;2882.00;0.04;40598675#0_0;5.10;0.00;tripinfo_3993;718.00;3993;0;272.57;0.88;0.00;679.82;DEFAULT_VEHTYPE;end;4;660.00
-1.00;;-1.00;-1.00;2879.00;0.32;-4760584#1_0;5.10;0.00;tripinfo_3994;721.00;3994;0;312.74;1.05;0.00;683.89;DEFAULT_VEHTYPE;end;6;645.00
-1.00;;-1.00;-1.00;2901.00;3.72;-523287556_0;5.10;0.00;tripinfo_3999;699.00;3999;0;1242.91;1.06;0.00;595.37;DEFAULT_VEHTYPE;end;6;518.00
-1.00;;-1.00;-1.00;2894.00;0.28;150275984#2_0;5.10;0.00;tripinfo_4001;706.00;4001;0;895.44;1.11;0.00;607.46;DEFAULT_VEHTYPE;end;6;552.00
-1.00;;-1.00;-1.00;2893.00;5.56;399914534#0_0;5.10;0.00;tripinfo_4002;707.00;4002;0;1038.97;0.90;0.00;553.16;DEFAULT_VEHTYPE;end;6;508.00
-1.00;;-1.00;-1.00;2902.00;0.12;14118785#0_0;5.10;0.00;tripinfo_4004;698.00;4004;0;258.30;1.02;0.00;666.50;DEFAULT_VEHTYPE;end;4;637.00
-1.00;;-1.00;-1.00;2891.00;0.68;19846377#0_0;5.10;0.00;tripinfo_4006;709.00;4006;0;727.20;1.16;0.00;632.87;DEFAULT_VEHTYPE;end;4;602.00
-1.00;;-1.00;-1.00;2893.00;0.96;-29023870#1_0;5.10;0.00;tripinfo_4007;707.00;4007;0;84.70;1.01;0.00;694.74;DEFAULT_VEHTYPE;end;5;672.00
-1.00;;-1.00;-1.00;2900.00;0.24;4730647#3_0;5.10;0.00;tripinfo_4008;700.00;4008;0;662.10;0.98;0.00;617.47;DEFAULT_VEHTYPE;end;5;575.00
-1.00;;-1.00;-1.00;2897.00;0.52;31445160#0_0;5.10;0.00;tripinfo_4009;703.00;4009;0;465.13;1.03;0.00;647.45;DEFAULT_VEHTYPE;end;3;620.00
-1.00;;-1.00;-1.00;2905.00;0.08;-1083809476#2_0;5.10;0.00;tripinfo_4011;695.00;4011;0;1039.03;0.76;0.00;532.53;DEFAULT_VEHTYPE;end;6;487.00
-1.00;;-1.00;-1.00;2897.00;0.92;1264281862_0;5.10;0.00;tripinfo_4014;703.00;4014;0;1374.05;1.09;0.00;542.72;DEFAULT_VEHTYPE;end;4;465.00
-1.00;;-1.00;-1.00;2899.00;0.20;13853659#1_0;5.10;0.00;tripinfo_4015;701.00;4015;0;424.04;0.89;0.00;640.96;DEFAULT_VEHTYPE;end;6;603.00
-1.00;;-1.00;-1.00;2904.00;0.48;972497141_0;0.69;0.00;tripinfo_4016;696.00;4016;0;975.78;1.17;0.00;594.36;DEFAULT_VEHTYPE;end;4;559.00
-1.00;;-1.00;-1.00;2899.00;0.60;-290174549#3_0;5.10;0.00;tripinfo_4020;701.00;4020;0;394.56;0.91;0.00;665.33;DEFAULT_VEHTYPE;end;8;571.00
-1.00;;-1.00;-1.00;2907.00;0.44;33301560#0_0;5.10;0.00;tripinfo_4023;693.00;4023;0;1234.71;1.02;0.00;533.19;DEFAULT_VEHTYPE;end;5;488.00
-1.00;;-1.00;-1.00;2905.00;0.72;1066431524#0_0;5.10;0.00;tripinfo_4024;695.00;4024;0;478.45;0.93;0.00;656.35;DEFAULT_VEHTYPE;end;9;589.00
-1.00;;-1.00;-1.00;2903.00;0.00;62020114#0_0;5.10;0.00;tripinfo_4025;697.00;4025;0;1194.12;1.08;0.00;603.51;DEFAULT_VEHTYPE;end;6;530.00
-1.00;;-1.00;-1.00;2921.00;10.56;198077804#0_0;5.10;0.00;tripinfo_4027;679.00;4027;0;1037.02;0.95;0.00;553.14;DEFAULT_VEHTYPE;end;4;522.00
-1.00;;-1.00;-1.00;2915.00;0.84;-524150326_0;5.10;0.00;tripinfo_4028;685.00;4028;1;1049.73;0.93;0.00;547.96;DEFAULT_VEHTYPE;end;5;514.00
-1.00;;-1.00;-1.00;2917.00;0.12;8384905#0_0;5.10;0.00;tripinfo_4029;683.00;4029;1;747.10;1.03;0.00;593.60;DEFAULT_VEHTYPE;end;4;557.00
-1.00;;-1.00;-1.00;2906.00;3.68;-150275984#0_0;5.10;0.00;tripinfo_4031;694.00;4031;0;794.32;1.09;0.00;604.79;DEFAULT_VEHTYPE;end;5;555.00
-1.00;;-1.00;-1.00;2919.00;6.96;121794826_0;5.10;0.00;tripinfo_4032;681.00;4032;0;1272.01;1.12;0.00;506.40;DEFAULT_VEHTYPE;end;6;420.00
-1.00;;-1.00;-1.00;2915.00;0.24;34065519_0;5.10;0.00;tripinfo_4033;685.00;4033;0;561.21;1.05;0.00;609.59;DEFAULT_VEHTYPE;end;6;567.00
-1.00;;-1.00;-1.00;2914.00;0.80;150276003#2_0;5.10;0.00;tripinfo_4035;686.00;4035;0;785.22;0.97;0.00;586.21;DEFAULT_VEHTYPE;end;4;543.00
-1.00;;-1.00;-1.00;2919.00;0.20;231945290#6_0;5.10;0.00;tripinfo_4040;681.00;4040;0;1271.51;1.05;0.00;522.27;DEFAULT_VEHTYPE;end;4;466.00
-1.00;;-1.00;-1.00;2927.00;0.48;654207127#2_0;5.10;0.00;tripinfo_4041;673.00;4041;0;1767.79;0.93;0.00;382.76;DEFAULT_VEHTYPE;end;3;309.00
-1.00;;-1.00;-1.00;2931.00;0.60;-47426244#1_0;5.10;0.00;tripinfo_4045;669.00;4045;0;1200.55;0.89;0.00;505.40;DEFAULT_VEHTYPE;end;3;469.00
-1.00;;-1.00;-1.00;2919.00;0.88;-31431101#5_0;5.10;0.00;tripinfo_4046;681.00;4046;0;743.96;1.11;0.00;599.22;DEFAULT_VEHTYPE;end;6;560.00
-1.00;;-1.00;-1.00;2925.00;0.44;4730648#2_0;5.10;0.00;tripinfo_4048;675.00;4048;0;886.34;1.10;0.00;496.25;DEFAULT_VEHTYPE;end;4;472.00
-1.00;;-1.00;-1.00;2922.00;0.72;-239758251_0;5.10;0.00;tripinfo_4049;678.00;4049;0;561.59;0.83;0.00;576.91;DEFAULT_VEHTYPE;end;6;518.00
-1.00;;-1.00;-1.00;2927.00;0.00;4726685#1_0;5.10;0.00;tripinfo_4050;673.00;4050;0;983.95;0.96;0.00;521.77;DEFAULT_VEHTYPE;end;4;471.00
-1.00;;-1.00;-1.00;2925.00;0.56;4760584#0_0;5.10;0.00;tripinfo_4052;675.00;4052;0;350.66;0.91;0.00;626.64;DEFAULT_VEHTYPE;end;6;584.00
-1.00;;-1.00;-1.00;2932.00;0.84;-875772621#1_0;5.10;0.00;tripinfo_4053;668.00;4053;0;1289.23;0.90;0.00;440.94;DEFAULT_VEHTYPE;end;3;416.00
-1.00;;-1.00;-1.00;2931.00;0.12;8140198#0_0;5.10;0.00;tripinfo_4054;669.00;4054;0;1359.54;0.93;0.00;490.79;DEFAULT_VEHTYPE;end;5;443.00
-1.00;;-1.00;-1.00;2938.00;0.68;4726717_0;5.10;0.00;tripinfo_4056;662.00;4056;1;2914.19;0.87;0.00;244.11;DEFAULT_VEHTYPE;end;3;117.00
-1.00;;-1.00;-1.00;2923.00;0.96;4441059#1_0;5.10;0.00;tripinfo_4057;677.00;4057;0;3453.97;0.85;0.00;368.51;DEFAULT_VEHTYPE;end;3;328.00
-1.00;;-1.00;-1.00;2941.00;0.80;14118785#0_0;5.10;0.00;tripinfo_4060;659.00;4060;0;250.80;0.94;0.00;625.83;DEFAULT_VEHTYPE;end;4;598.00
-1.00;;-1.00;-1.00;2932.00;0.64;654207127#0_0;5.10;0.00;tripinfo_4063;668.00;4063;0;1353.72;0.95;0.00;414.66;DEFAULT_VEHTYPE;end;3;346.00
-1.00;;-1.00;-1.00;2935.00;0.92;-8139943#1_0;5.10;0.00;tripinfo_4064;665.00;4064;0;1210.71;1.12;0.00;574.40;DEFAULT_VEHTYPE;end;4;535.00
-1.00;;-1.00;-1.00;2931.00;0.20;-239757874#1_0;5.10;0.00;tripinfo_4065;669.00;4065;0;392.02;0.88;0.00;442.15;DEFAULT_VEHTYPE;end;3;425.00
-1.00;;-1.00;-1.00;2940.00;0.48;4730631#1_0;5.10;0.00;tripinfo_4066;660.00;4066;0;734.24;0.90;0.00;559.77;DEFAULT_VEHTYPE;end;6;520.00
-1.00;;-1.00;-1.00;2935.00;0.88;258274083#0_0;5.10;0.00;tripinfo_4071;665.00;4071;0;547.19;0.85;0.00;586.77;DEFAULT_VEHTYPE;end;4;563.00
-1.00;;-1.00;-1.00;2935.00;0.16;897211373#1_0;5.10;0.00;tripinfo_4072;665.00;4072;1;4362.46;0.87;0.00;271.25;DEFAULT_VEHTYPE;end;6;210.00
-1.00;;-1.00;-1.00;2950.00;0.44;13764245#0_0;5.10;0.00;tripinfo_4073;650.00;4073;0;299.12;1.28;0.00;620.79;DEFAULT_VEHTYPE;end;3;601.00
-1.00;;-1.00;-1.00;2944.00;0.72;552794577#0_0;5.10;0.00;tripinfo_4074;656.00;4074;1;1144.29;0.90;0.00;500.87;DEFAULT_VEHTYPE;end;5;462.00
-1.00;;-1.00;-1.00;2937.00;0.00;33301560#0_0;5.10;0.00;tripinfo_4075;663.00;4075;0;161.83;1.11;0.00;644.04;DEFAULT_VEHTYPE;end;4;618.00
-1.00;;-1.00;-1.00;2944.00;0.28;14626335#4_0;5.10;0.00;tripinfo_4076;656.00;4076;0;620.04;1.05;0.00;602.97;DEFAULT_VEHTYPE;end;7;562.00
-1.00;;-1.00;-1.00;2949.00;0.56;17670100#2_0;5.10;0.00;tripinfo_4077;651.00;4077;0;276.10;0.96;0.00;614.60;DEFAULT_VEHTYPE;end;4;582.00
-1.00;;-1.00;-1.00;2940.00;0.12;231475823#0_0;5.10;0.00;tripinfo_4079;660.00;4079;0;231.62;1.05;0.00;632.19;DEFAULT_VEHTYPE;end;2;622.00
-1.00;;-1.00;-1.00;2943.00;0.40;33301560#0_0;5.10;0.00;tripinfo_4080;657.00;4080;0;154.33;1.00;0.00;636.88;DEFAULT_VEHTYPE;end;4;610.00
-1.00;;-1.00;-1.00;2956.00;0.68;419709604#0_0;5.10;0.00;tripinfo_4081;644.00;4081;0;213.44;1.11;0.00;612.25;DEFAULT_VEHTYPE;end;4;583.00
-1.00;;-1.00;-1.00;2957.00;0.96;47027743#0_0;5.10;0.00;tripinfo_4082;643.00;4082;0;592.62;1.05;0.00;574.06;DEFAULT_VEHTYPE;end;5;538.00
-1.00;;-1.00;-1.00;3237.00;282.24;1168195444#0_0;5.10;0.00;tripinfo_4083;363.00;4083;0;4.60;1.05;0.00;361.47;DEFAULT_VEHTYPE;end;2;351.00
-1.00;;-1.00;-1.00;2957.00;0.52;-327412184_0;5.10;0.00;tripinfo_4084;643.00;4084;0;417.97;0.96;0.00;588.75;DEFAULT_VEHTYPE;end;6;553.00
-1.00;;-1.00;-1.00;2952.00;1.08;628755546#0_0;5.10;0.00;tripinfo_4086;648.00;4086;1;1967.04;1.05;0.00;499.47;DEFAULT_VEHTYPE;end;5;423.00
-1.00;;-1.00;-1.00;2962.00;0.92;628755546#0_0;5.10;0.00;tripinfo_4089;638.00;4089;1;5044.34;0.86;0.00;89.55;DEFAULT_VEHTYPE;end;3;24.00
-1.00;;-1.00;-1.00;2950.00;0.48;4690639#0_0;5.10;0.00;tripinfo_4091;650.00;4091;0;544.55;1.14;0.00;591.63;DEFAULT_VEHTYPE;end;3;570.00
-1.00;;-1.00;-1.00;2955.00;0.76;693295225_0;5.10;0.00;tripinfo_4092;645.00;4092;0;1912.01;1.10;0.00;513.65;DEFAULT_VEHTYPE;end;4;457.00
-1.00;;-1.00;-1.00;2963.00;0.88;290174551#0_0;5.10;0.00;tripinfo_4096;637.00;4096;0;667.17;0.98;0.00;554.13;DEFAULT_VEHTYPE;end;4;525.00
-1.00;;-1.00;-1.00;2956.00;0.12;654207120_0;0.20;0.00;tripinfo_4104;644.00;4104;0;1221.95;0.98;0.00;459.31;DEFAULT_VEHTYPE;end;6;401.00
-1.00;;-1.00;-1.00;2959.00;0.40;175976586#0_0;5.10;0.00;tripinfo_4105;641.00;4105;0;1083.13;0.85;0.00;495.30;DEFAULT_VEHTYPE;end;4;429.00
-1.00;;-1.00;-1.00;2972.00;3.68;-40493652_0;0.20;0.00;tripinfo_4106;628.00;4106;1;2474.90;1.11;0.00;442.92;DEFAULT_VEHTYPE;end;8;325.00
-1.00;;-1.00;-1.00;2966.00;0.96;109993439_0;5.10;0.00;tripinfo_4107;634.00;4107;0;410.25;1.01;0.00;586.85;DEFAULT_VEHTYPE;end;4;558.00
-1.00;;-1.00;-1.00;2978.00;0.24;-7682866#3_0;5.10;0.00;tripinfo_4108;622.00;4108;1;459.69;1.04;0.00;567.70;DEFAULT_VEHTYPE;end;4;541.00
-1.00;;-1.00;-1.00;2966.00;0.52;4730618_0;5.10;0.00;tripinfo_4109;634.00;4109;1;4294.40;1.02;0.00;277.90;DEFAULT_VEHTYPE;end;4;198.00
-1.00;;-1.00;-1.00;2972.00;0.80;4726718_0;5.10;0.00;tripinfo_4110;628.00;4110;0;678.80;1.05;0.00;580.56;DEFAULT_VEHTYPE;end;5;539.00
-1.00;;-1.00;-1.00;2971.00;0.08;4422176_0;5.10;0.00;tripinfo_4111;629.00;4111;1;3571.15;0.89;0.00;315.00;DEFAULT_VEHTYPE;end;5;248.00
-1.00;;-1.00;-1.00;2966.00;0.36;-433333438#1_0;5.10;0.00;tripinfo_4112;634.00;4112;1;2199.88;1.09;0.00;464.84;DEFAULT_VEHTYPE;end;8;396.00
-1.00;;-1.00;-1.00;2978.00;0.64;150276003#0_0;5.10;0.00;tripinfo_4113;622.00;4113;0;429.95;1.04;0.00;570.24;DEFAULT_VEHTYPE;end;4;528.00
-1.00;;-1.00;-1.00;2970.00;1.48;-150275986#3_0;5.10;0.00;tripinfo_4116;630.00;4116;0;1047.04;1.08;0.00;512.26;DEFAULT_VEHTYPE;end;3;466.00
-1.00;;-1.00;-1.00;2976.00;0.88;4426076#0_0;5.10;0.00;tripinfo_4121;624.00;4121;0;498.79;0.96;0.00;324.20;DEFAULT_VEHTYPE;end;2;313.00
-1.00;;-1.00;-1.00;3108.00;135.72;40598677#0_0;5.10;0.00;tripinfo_4124;492.00;4124;0;147.78;0.89;0.00;470.50;DEFAULT_VEHTYPE;end;3;455.00
-1.00;;-1.00;-1.00;2985.00;0.00;693295225_0;5.10;0.00;tripinfo_4125;615.00;4125;1;2627.35;1.19;0.00;353.06;DEFAULT_VEHTYPE;end;6;242.00
-1.00;;-1.00;-1.00;2980.00;0.12;4318228#0_0;5.10;0.00;tripinfo_4129;620.00;4129;0;992.52;0.73;0.00;453.89;DEFAULT_VEHTYPE;end;4;410.00
-1.00;;-1.00;-1.00;2975.00;0.68;31427257#8_0;5.10;0.00;tripinfo_4131;625.00;4131;0;548.81;1.01;0.00;566.66;DEFAULT_VEHTYPE;end;3;549.00
-1.00;;-1.00;-1.00;3001.00;5.24;-510702678#1_0;5.10;0.00;tripinfo_4133;599.00;4133;0;377.06;0.88;0.00;546.29;DEFAULT_VEHTYPE;end;5;511.00
-1.00;;-1.00;-1.00;2991.00;0.52;40493384#2_0;5.10;0.00;tripinfo_4134;609.00;4134;0;867.44;1.20;0.00;521.05;DEFAULT_VEHTYPE;end;5;483.00
-1.00;;-1.00;-1.00;2979.00;0.80;31427257#6_0;5.10;0.00;tripinfo_4135;621.00;4135;0;631.96;0.97;0.00;554.67;DEFAULT_VEHTYPE;end;3;533.00
-1.00;;-1.00;-1.00;2992.00;0.08;-17670100#4_0;5.10;0.00;tripinfo_4136;608.00;4136;0;175.34;0.99;0.00;585.66;DEFAULT_VEHTYPE;end;4;553.00
-1.00;;-1.00;-1.00;2992.00;0.36;5451918#0_0;5.10;0.00;tripinfo_4137;608.00;4137;1;2475.71;0.92;0.00;385.53;DEFAULT_VEHTYPE;end;6;300.00
-1.00;;-1.00;-1.00;2993.00;0.64;62020114#0_0;5.10;0.00;tripinfo_4138;607.00;4138;0;1179.12;1.00;0.00;507.67;DEFAULT_VEHTYPE;end;5;440.00
-1.00;;-1.00;-1.00;2995.00;0.92;307372337#0_0;5.10;0.00;tripinfo_4139;605.00;4139;0;545.74;1.16;0.00;445.07;DEFAULT_VEHTYPE;end;3;431.00
-1.00;;-1.00;-1.00;2995.00;0.04;-327412184_0;5.10;0.00;tripinfo_4143;605.00;4143;0;369.48;0.96;0.00;556.96;DEFAULT_VEHTYPE;end;5;530.00
-1.00;;-1.00;-1.00;2995.00;0.32;8404828#1_0;5.10;0.00;tripinfo_4144;605.00;4144;0;340.70;1.06;0.00;578.01;DEFAULT_VEHTYPE;end;5;541.00
-1.00;;-1.00;-1.00;3001.00;0.88;-507534348#1_0;5.10;0.00;tripinfo_4146;599.00;4146;1;2059.33;0.77;0.00;205.52;DEFAULT_VEHTYPE;end;4;121.00
-1.00;;-1.00;-1.00;2994.00;0.16;591680761#1_0;5.10;0.00;tripinfo_4147;606.00;4147;1;3996.38;0.87;0.00;93.38;DEFAULT_VEHTYPE;end;2;23.00
-1.00;;-1.00;-1.00;3002.00;0.56;13764245#0_0;5.10;0.00;tripinfo_4152;598.00;4152;0;291.62;1.04;0.00;563.07;DEFAULT_VEHTYPE;end;2;552.00
-1.00;;-1.00;-1.00;2993.00;0.40;8382421#0_0;5.10;0.00;tripinfo_4155;607.00;4155;0;319.82;0.88;0.00;561.97;DEFAULT_VEHTYPE;end;4;534.00
-1.00;;-1.00;-1.00;3012.00;0.24;450186403_0;5.10;0.00;tripinfo_4158;588.00;4158;0;1314.48;0.90;0.00;409.26;DEFAULT_VEHTYPE;end;4;372.00
-1.00;;-1.00;-1.00;3085.00;76.52;939752206_0;5.10;0.00;tripinfo_4159;515.00;4159;0;57.70;0.90;0.00;506.27;DEFAULT_VEHTYPE;end;2;501.00
-1.00;;-1.00;-1.00;3003.00;0.80;27807643#0_0;5.10;0.00;tripinfo_4160;597.00;4160;1;3804.55;0.86;0.00;242.10;DEFAULT_VEHTYPE;end;3;191.00
-1.00;;-1.00;-1.00;3527.00;523.20;-7682863#1_0;5.10;0.00;tripinfo_4165;73.00;4165;0;4.27;0.87;0.00;71.41;DEFAULT_VEHTYPE;end;1;64.00
-1.00;;-1.00;-1.00;3004.00;0.48;-36786443#2_0;5.10;0.00;tripinfo_4166;596.00;4166;1;1092.98;0.87;0.00;442.90;DEFAULT_VEHTYPE;end;7;408.00
-1.00;;-1.00;-1.00;3006.00;0.04;14471542#2_0;5.10;0.00;tripinfo_4168;594.00;4168;1;3922.02;0.86;0.00;109.40;DEFAULT_VEHTYPE;end;4;36.00
-1.00;;-1.00;-1.00;3020.00;0.60;-8384930#1_0;5.10;0.00;tripinfo_4170;580.00;4170;0;439.00;0.98;0.00;524.59;DEFAULT_VEHTYPE;end;4;491.00
-1.00;;-1.00;-1.00;3020.00;0.88;450186403_0;5.10;0.00;tripinfo_4171;580.00;4171;1;980.27;0.99;0.00;447.61;DEFAULT_VEHTYPE;end;4;401.00
-1.00;;-1.00;-1.00;3028.00;11.44;960773149_0;5.10;0.00;tripinfo_4173;572.00;4173;0;1201.80;1.06;0.00;358.14;DEFAULT_VEHTYPE;end;3;303.00
-1.00;;-1.00;-1.00;3008.00;0.56;-47027743#2_0;5.10;0.00;tripinfo_4177;592.00;4177;0;354.01;0.73;0.00;532.93;DEFAULT_VEHTYPE;end;5;509.00
-1.00;;-1.00;-1.00;3023.00;0.84;155433040#0_0;5.10;0.00;tripinfo_4178;577.00;4178;0;836.15;1.05;0.00;479.22;DEFAULT_VEHTYPE;end;3;459.00
-1.00;;-1.00;-1.00;3012.00;0.12;33301688#0_0;5.10;0.00;tripinfo_4179;588.00;4179;1;1386.23;1.02;0.00;423.14;DEFAULT_VEHTYPE;end;5;361.00
-1.00;;-1.00;-1.00;3013.00;0.40;-33301560#1_0;5.10;0.00;tripinfo_4180;587.00;4180;0;154.05;0.86;0.00;563.27;DEFAULT_VEHTYPE;end;4;522.00
-1.00;;-1.00;-1.00;3025.00;0.96;403882372_0;0.20;0.00;tripinfo_4182;575.00;4182;0;2225.98;1.02;0.00;413.93;DEFAULT_VEHTYPE;end;6;365.00
-1.00;;-1.00;-1.00;3208.00;194.24;1263954923_0;0.20;0.00;tripinfo_4183;392.00;4183;0;29.90;0.92;0.00;387.12;DEFAULT_VEHTYPE;end;4;377.00
-1.00;;-1.00;-1.00;3023.00;0.80;-1167764376_0;5.10;0.00;tripinfo_4185;577.00;4185;0;61.18;0.89;0.00;567.78;DEFAULT_VEHTYPE;end;3;549.00
-1.00;;-1.00;-1.00;3034.00;0.08;856293283_0;5.10;0.00;tripinfo_4186;566.00;4186;0;2161.65;1.02;0.00;411.60;DEFAULT_VEHTYPE;end;4;364.00
-1.00;;-1.00;-1.00;3036.00;4.64;-47999871_0;5.10;0.00;tripinfo_4188;564.00;4188;0;579.53;1.14;0.00;501.51;DEFAULT_VEHTYPE;end;4;473.00
-1.00;;-1.00;-1.00;3022.00;0.48;4690639#0_0;5.10;0.00;tripinfo_4191;578.00;4191;0;494.80;1.09;0.00;522.34;DEFAULT_VEHTYPE;end;3;502.00
-1.00;;-1.00;-1.00;3034.00;0.76;291949061#0_0;5.10;0.00;tripinfo_4192;566.00;4192;0;405.93;0.98;0.00;503.33;DEFAULT_VEHTYPE;end;2;482.00
-1.00;;-1.00;-1.00;3034.00;0.04;8140197#0_0;5.10;0.00;tripinfo_4193;566.00;4193;0;814.20;1.32;0.00;490.86;DEFAULT_VEHTYPE;end;5;435.00
-1.00;;-1.00;-1.00;3023.00;0.60;1307684786#0_0;5.10;0.00;tripinfo_4195;577.00;4195;0;574.34;1.04;0.00;509.64;DEFAULT_VEHTYPE;end;4;470.00
-1.00;;-1.00;-1.00;3030.00;2.88;856293282_0;0.20;0.00;tripinfo_4196;570.00;4196;0;712.35;1.07;0.00;504.95;DEFAULT_VEHTYPE;end;3;484.00
-1.00;;-1.00;-1.00;3028.00;0.16;31518959#0_0;5.10;0.00;tripinfo_4197;572.00;4197;0;1312.29;0.94;0.00;397.98;DEFAULT_VEHTYPE;end;3;371.00
-1.00;;-1.00;-1.00;3040.00;0.44;198077805#0_0;5.10;0.00;tripinfo_4198;560.00;4198;0;771.27;1.00;0.00;502.67;DEFAULT_VEHTYPE;end;6;464.00
-1.00;;-1.00;-1.00;3027.00;0.72;-1167764376_0;5.10;0.00;tripinfo_4199;573.00;4199;0;53.68;0.93;0.00;565.11;DEFAULT_VEHTYPE;end;3;545.00
-1.00;;-1.00;-1.00;3039.00;0.00;-4726710#1_0;5.10;0.00;tripinfo_4200;561.00;4200;1;1994.83;0.99;0.00;271.43;DEFAULT_VEHTYPE;end;4;218.00
-1.00;;-1.00;-1.00;3040.00;2.28;14471542#1_0;0.97;0.00;tripinfo_4201;560.00;4201;0;818.11;0.91;0.00;452.72;DEFAULT_VEHTYPE;end;4;426.00
-1.00;;-1.00;-1.00;3028.00;0.56;-150275986#3_0;5.10;0.00;tripinfo_4202;572.00;4202;0;983.26;0.89;0.00;437.54;DEFAULT_VEHTYPE;end;3;400.00
-1.00;;-1.00;-1.00;3035.00;0.40;47027857#0_0;3.95;0.00;tripinfo_4205;565.00;4205;1;2243.96;0.88;0.00;347.14;DEFAULT_VEHTYPE;end;6;285.00
-1.00;;-1.00;-1.00;3104.00;75.68;939752206_0;5.10;0.00;tripinfo_4206;496.00;4206;0;12.38;1.05;0.00;493.58;DEFAULT_VEHTYPE;end;2;487.00
-1.00;;-1.00;-1.00;3035.00;0.96;231475823#0_0;5.10;0.00;tripinfo_4207;565.00;4207;0;97.03;1.08;0.00;514.76;DEFAULT_VEHTYPE;end;2;508.00
-1.00;;-1.00;-1.00;3045.00;0.24;150276003#2_0;5.10;0.00;tripinfo_4208;555.00;4208;0;732.71;1.04;0.00;468.54;DEFAULT_VEHTYPE;end;3;439.00
-1.00;;-1.00;-1.00;3048.00;0.52;7682866#0_0;5.10;0.00;tripinfo_4209;552.00;4209;0;443.22;1.10;0.00;502.31;DEFAULT_VEHTYPE;end;3;487.00
-1.00;;-1.00;-1.00;3041.00;0.92;8382410#1_0;5.10;0.00;tripinfo_4214;559.00;4214;0;565.82;1.13;0.00;497.40;DEFAULT_VEHTYPE;end;5;466.00
-1.00;;-1.00;-1.00;3038.00;0.20;-150276003#2_0;5.10;0.00;tripinfo_4215;562.00;4215;1;533.72;0.85;0.00;484.69;DEFAULT_VEHTYPE;end;3;455.00
-1.00;;-1.00;-1.00;3053.00;0.48;30215395#0_0;5.10;0.00;tripinfo_4216;547.00;4216;0;477.80;0.84;0.00;480.11;DEFAULT_VEHTYPE;end;3;456.00
-1.00;;-1.00;-1.00;3037.00;0.76;745498474_0;5.10;0.00;tripinfo_4217;563.00;4217;0;435.18;0.88;0.00;502.38;DEFAULT_VEHTYPE;end;3;483.00
-1.00;;-1.00;-1.00;3050.00;0.32;4726787#1_0;5.10;0.00;tripinfo_4219;550.00;4219;0;1329.70;0.88;0.00;393.57;DEFAULT_VEHTYPE;end;4;358.00
-1.00;;-1.00;-1.00;3066.00;21.88;781742860#6_0;5.10;0.00;tripinfo_4221;534.00;4221;0;63.10;1.20;0.00;526.69;DEFAULT_VEHTYPE;end;4;492.00
-1.00;;-1.00;-1.00;3045.00;0.16;150275973#0_0;5.10;0.00;tripinfo_4222;555.00;4222;0;885.94;1.15;0.00;461.03;DEFAULT_VEHTYPE;end;4;415.00
-1.00;;-1.00;-1.00;3058.00;0.00;4730644_0;5.10;0.00;tripinfo_4225;542.00;4225;0;1076.12;1.08;0.00;408.61;DEFAULT_VEHTYPE;end;3;371.00
-1.00;;-1.00;-1.00;3063.00;2.28;4730627#0_0;5.10;0.00;tripinfo_4226;537.00;4226;1;508.89;0.94;0.00;470.93;DEFAULT_VEHTYPE;end;4;437.00
-1.00;;-1.00;-1.00;3048.00;0.56;625259600_0;5.10;0.00;tripinfo_4227;552.00;4227;0;2173.24;1.05;0.00;399.01;DEFAULT_VEHTYPE;end;4;349.00
-1.00;;-1.00;-1.00;3060.00;0.84;240549300#0_0;5.10;0.00;tripinfo_4228;540.00;4228;0;308.76;0.89;0.00;505.81;DEFAULT_VEHTYPE;end;4;444.00
-1.00;;-1.00;-1.00;3057.00;0.12;36786444#0_0;5.10;0.00;tripinfo_4229;543.00;4229;1;1050.35;0.95;0.00;408.85;DEFAULT_VEHTYPE;end;4;372.00
-1.00;;-1.00;-1.00;3063.00;0.96;-220267107#1_0;5.10;0.00;tripinfo_4232;537.00;4232;0;885.64;0.97;0.00;424.98;DEFAULT_VEHTYPE;end;3;393.00
-1.00;;-1.00;-1.00;3050.00;0.24;23179512#0_0;5.10;0.00;tripinfo_4233;550.00;4233;1;3597.62;0.99;0.00;128.72;DEFAULT_VEHTYPE;end;4;24.00
-1.00;;-1.00;-1.00;3051.00;0.52;150275991#1_0;5.10;0.00;tripinfo_4234;549.00;4234;0;160.81;0.87;0.00;525.35;DEFAULT_VEHTYPE;end;3;501.00
-1.00;;-1.00;-1.00;3070.00;0.64;-31445160#2_0;5.10;0.00;tripinfo_4238;530.00;4238;0;207.40;1.07;0.00;505.15;DEFAULT_VEHTYPE;end;4;484.00
-1.00;;-1.00;-1.00;3072.00;0.48;-7682866#1_0;5.10;0.00;tripinfo_4241;528.00;4241;0;326.52;1.04;0.00;489.23;DEFAULT_VEHTYPE;end;3;472.00
-1.00;;-1.00;-1.00;3056.00;0.76;8382354#0_0;5.10;0.00;tripinfo_4242;544.00;4242;0;421.22;1.10;0.00;496.97;DEFAULT_VEHTYPE;end;5;463.00
-1.00;;-1.00;-1.00;3069.00;0.88;37535329#2_0;5.10;0.00;tripinfo_4246;531.00;4246;0;27.61;1.04;0.00;527.38;DEFAULT_VEHTYPE;end;3;525.00
-1.00;;-1.00;-1.00;3067.00;0.16;13548014_0;5.10;0.00;tripinfo_4247;533.00;4247;0;744.72;1.05;0.00;480.96;DEFAULT_VEHTYPE;end;4;449.00
-1.00;;-1.00;-1.00;3068.00;0.72;136174723_0;5.10;0.00;tripinfo_4249;532.00;4249;1;754.75;1.07;0.00;445.02;DEFAULT_VEHTYPE;end;3;421.00
-1.00;;-1.00;-1.00;3067.00;0.00;220267247#0_0;5.10;0.00;tripinfo_4250;533.00;4250;0;1079.07;0.88;0.00;383.65;DEFAULT_VEHTYPE;end;4;353.00
-1.00;;-1.00;-1.00;3062.00;0.28;23179512#1_0;5.10;0.00;tripinfo_4251;538.00;4251;0;1116.03;1.17;0.00;442.98;DEFAULT_VEHTYPE;end;4;396.00
-1.00;;-1.00;-1.00;3065.00;0.56;-327412184_0;5.10;0.00;tripinfo_4252;535.00;4252;0;328.94;0.91;0.00;490.16;DEFAULT_VEHTYPE;end;4;468.00
-1.00;;-1.00;-1.00;3078.00;0.40;1153265597#0_0;5.10;0.00;tripinfo_4255;522.00;4255;0;1308.07;0.74;0.00;307.07;DEFAULT_VEHTYPE;end;3;264.00
-1.00;;-1.00;-1.00;3065.00;0.68;-523287556_0;5.10;0.00;tripinfo_4256;535.00;4256;0;1205.41;0.94;0.00;422.12;DEFAULT_VEHTYPE;end;4;353.00
-1.00;;-1.00;-1.00;3173.00;90.24;628782529#4_0;5.10;0.00;tripinfo_4258;427.00;4258;0;22.32;0.97;0.00;423.23;DEFAULT_VEHTYPE;end;3;393.00
-1.00;;-1.00;-1.00;3070.00;0.52;13548014_0;5.10;0.00;tripinfo_4259;530.00;4259;0;737.22;0.96;0.00;473.68;DEFAULT_VEHTYPE;end;4;443.00
-1.00;;-1.00;-1.00;3081.00;0.48;-96016135_0;2.24;0.00;tripinfo_4266;519.00;4266;1;3524.62;1.00;0.00;244.81;DEFAULT_VEHTYPE;end;4;201.00
-1.00;;-1.00;-1.00;3091.00;0.76;29023870#0_0;5.10;0.00;tripinfo_4267;509.00;4267;0;244.06;0.95;0.00;479.29;DEFAULT_VEHTYPE;end;2;473.00
-1.00;;-1.00;-1.00;3077.00;0.04;4726684#0_0;5.10;0.00;tripinfo_4268;523.00;4268;0;270.88;0.87;0.00;484.54;DEFAULT_VEHTYPE;end;3;471.00
-1.00;;-1.00;-1.00;3090.00;2.60;231475823#0_0;5.10;0.00;tripinfo_4270;510.00;4270;0;91.10;0.94;0.00;497.33;DEFAULT_VEHTYPE;end;3;476.00
-1.00;;-1.00;-1.00;3081.00;0.88;633077911_0;0.20;0.00;tripinfo_4271;519.00;4271;0;53.42;0.90;0.00;510.37;DEFAULT_VEHTYPE;end;3;500.00
-1.00;;-1.00;-1.00;3084.00;0.44;-121794825#3_0;4.66;0.00;tripinfo_4273;516.00;4273;0;1161.56;1.04;0.00;332.16;DEFAULT_VEHTYPE;end;2;289.00
-1.00;;-1.00;-1.00;3094.00;0.72;231475823#0_0;5.10;0.00;tripinfo_4274;506.00;4274;0;82.98;0.84;0.00;493.09;DEFAULT_VEHTYPE;end;3;472.00
-1.00;;-1.00;-1.00;3096.00;0.00;-832629331#1_0;5.10;0.00;tripinfo_4275;504.00;4275;0;25.97;1.05;0.00;500.02;DEFAULT_VEHTYPE;end;3;477.00
-1.00;;-1.00;-1.00;3094.00;0.28;1298817713_0;5.10;0.00;tripinfo_4276;506.00;4276;0;1029.48;1.04;0.00;343.44;DEFAULT_VEHTYPE;end;2;324.00
-1.00;;-1.00;-1.00;3098.00;0.56;4730623_0;5.10;0.00;tripinfo_4277;502.00;4277;1;756.50;0.99;0.00;384.93;DEFAULT_VEHTYPE;end;2;354.00
-1.00;;-1.00;-1.00;3098.00;0.84;109993439_0;5.10;0.00;tripinfo_4278;502.00;4278;1;3058.59;1.07;0.00;270.65;DEFAULT_VEHTYPE;end;5;192.00
-1.00;;-1.00;-1.00;3095.00;0.40;-47027406_0;5.10;0.00;tripinfo_4280;505.00;4280;0;853.18;1.06;0.00;407.55;DEFAULT_VEHTYPE;end;3;380.00
-1.00;;-1.00;-1.00;3094.00;0.96;691307157_0;5.10;0.00;tripinfo_4282;506.00;4282;0;1517.91;0.90;0.00;293.03;DEFAULT_VEHTYPE;end;4;252.00
-1.00;;-1.00;-1.00;3108.00;4.24;-8382429#1_0;5.10;0.00;tripinfo_4283;492.00;4283;0;493.07;1.06;0.00;435.17;DEFAULT_VEHTYPE;end;3;398.00
-1.00;;-1.00;-1.00;3095.00;0.80;62020111_0;5.10;0.00;tripinfo_4285;505.00;4285;0;1125.31;1.02;0.00;413.99;DEFAULT_VEHTYPE;end;4;367.00
-1.00;;-1.00;-1.00;3087.00;0.08;231475823#0_0;5.10;0.00;tripinfo_4286;513.00;4286;0;98.91;1.14;0.00;501.36;DEFAULT_VEHTYPE;end;3;482.00
-1.00;;-1.00;-1.00;3108.00;14.36;960773147_0;5.10;0.00;tripinfo_4287;492.00;4287;0;1050.37;1.19;0.00;380.57;DEFAULT_VEHTYPE;end;3;341.00
-1.00;;-1.00;-1.00;3094.00;0.64;400961599#0_0;5.10;0.00;tripinfo_4288;506.00;4288;1;2665.92;1.05;0.00;286.81;DEFAULT_VEHTYPE;end;5;227.00
-1.00;;-1.00;-1.00;3095.00;0.92;-400062405_0;5.10;0.00;tripinfo_4289;505.00;4289;0;383.27;0.83;0.00;438.61;DEFAULT_VEHTYPE;end;4;402.00
-1.00;;-1.00;-1.00;3099.00;0.76;-240549301_0;5.10;0.00;tripinfo_4292;501.00;4292;0;22.95;0.94;0.00;491.73;DEFAULT_VEHTYPE;end;2;484.00
-1.00;;-1.00;-1.00;3097.00;3.32;400961599#0_0;5.10;0.00;tripinfo_4294;503.00;4294;0;1091.15;0.92;0.00;388.02;DEFAULT_VEHTYPE;end;3;354.00
-1.00;;-1.00;-1.00;3106.00;0.88;231483332#0_0;5.10;0.00;tripinfo_4296;494.00;4296;1;1153.17;1.01;0.00;355.18;DEFAULT_VEHTYPE;end;6;322.00
-1.00;;-1.00;-1.00;3098.00;0.16;1156329250_0;1.26;0.00;tripinfo_4297;502.00;4297;0;874.57;0.98;0.00;420.08;DEFAULT_VEHTYPE;end;4;390.00
-1.00;;-1.00;-1.00;3106.00;0.44;1066438511#0_0;5.10;0.00;tripinfo_4298;494.00;4298;0;1057.67;1.10;0.00;377.71;DEFAULT_VEHTYPE;end;2;351.00
-1.00;;-1.00;-1.00;3107.00;0.84;8152060#1_0;5.10;0.00;tripinfo_4303;493.00;4303;0;168.78;0.91;0.00;469.64;DEFAULT_VEHTYPE;end;4;436.00
-1.00;;-1.00;-1.00;3111.00;0.40;13764245#0_0;5.10;0.00;tripinfo_4305;489.00;4305;0;284.12;0.93;0.00;451.15;DEFAULT_VEHTYPE;end;2;437.00
-1.00;;-1.00;-1.00;3121.00;0.24;1263793722#0_0;5.10;0.00;tripinfo_4308;479.00;4308;0;351.13;0.99;0.00;304.09;DEFAULT_VEHTYPE;end;1;301.00
-1.00;;-1.00;-1.00;3109.00;0.52;137241321_0;0.20;0.00;tripinfo_4309;491.00;4309;0;114.19;1.19;0.00;477.90;DEFAULT_VEHTYPE;end;4;454.00
-1.00;;-1.00;-1.00;3106.00;0.08;40493501#2_0;5.10;0.00;tripinfo_4311;494.00;4311;0;153.88;1.06;0.00;475.65;DEFAULT_VEHTYPE;end;4;447.00
-1.00;;-1.00;-1.00;3117.00;0.36;14471542#5_0;1.52;0.00;tripinfo_4312;483.00;4312;0;597.18;0.90;0.00;404.12;DEFAULT_VEHTYPE;end;3;374.00
-1.00;;-1.00;-1.00;3124.00;0.20;829968896#1_0;0.20;0.00;tripinfo_4315;476.00;4315;0;1046.70;1.05;0.00;355.03;DEFAULT_VEHTYPE;end;4;308.00
-1.00;;-1.00;-1.00;3117.00;0.76;8382302#1_0;5.10;0.00;tripinfo_4317;483.00;4317;0;1432.86;1.06;0.00;318.46;DEFAULT_VEHTYPE;end;4;265.00
-1.00;;-1.00;-1.00;3110.00;0.04;290174549#0_0;5.10;0.00;tripinfo_4318;490.00;4318;0;555.09;1.16;0.00;448.42;DEFAULT_VEHTYPE;end;4;405.00
-1.00;;-1.00;-1.00;3127.00;0.16;29023870#0_0;5.10;0.00;tripinfo_4322;473.00;4322;0;8.19;1.03;0.00;471.05;DEFAULT_VEHTYPE;end;3;465.00
-1.00;;-1.00;-1.00;3127.00;0.44;745660413#2_0;0.20;0.00;tripinfo_4323;473.00;4323;0;59.72;1.11;0.00;465.54;DEFAULT_VEHTYPE;end;4;429.00
-1.00;;-1.00;-1.00;3127.00;0.00;8140193#0_0;5.10;0.00;tripinfo_4325;473.00;4325;0;437.32;1.01;0.00;420.05;DEFAULT_VEHTYPE;end;2;400.00
-1.00;;-1.00;-1.00;3133.00;0.28;4726694#2_0;5.10;0.00;tripinfo_4326;467.00;4326;0;1437.39;0.91;0.00;258.76;DEFAULT_VEHTYPE;end;3;218.00
-1.00;;-1.00;-1.00;3130.00;0.84;8382347#0_0;5.10;0.00;tripinfo_4328;470.00;4328;0;720.65;0.98;0.00;380.44;DEFAULT_VEHTYPE;end;2;350.00
-1.00;;-1.00;-1.00;3121.00;0.12;-121794825#3_0;4.66;0.00;tripinfo_4329;479.00;4329;0;1078.97;0.93;0.00;284.15;DEFAULT_VEHTYPE;end;2;228.00
-1.00;;-1.00;-1.00;3122.00;0.40;450925440_0;5.10;0.00;tripinfo_4330;478.00;4330;1;833.67;0.87;0.00;361.56;DEFAULT_VEHTYPE;end;2;336.00
-1.00;;-1.00;-1.00;3132.00;0.68;-150275984#0_0;5.10;0.00;tripinfo_4331;468.00;4331;0;1084.50;1.11;0.00;349.49;DEFAULT_VEHTYPE;end;3;301.00
-1.00;;-1.00;-1.00;3137.00;0.52;4426075#0_0;5.10;0.00;tripinfo_4334;463.00;4334;0;255.66;0.86;0.00;425.95;DEFAULT_VEHTYPE;end;4;407.00
-1.00;;-1.00;-1.00;3133.00;0.80;856297346_0;5.10;0.00;tripinfo_4335;467.00;4335;0;1473.10;0.86;0.00;342.26;DEFAULT_VEHTYPE;end;4;304.00
-1.00;;-1.00;-1.00;3141.00;0.08;4730647#2_0;5.10;0.00;tripinfo_4336;459.00;4336;1;980.15;0.99;0.00;325.42;DEFAULT_VEHTYPE;end;2;294.00
-1.00;;-1.00;-1.00;3137.00;0.36;510702675#0_0;5.10;0.00;tripinfo_4337;463.00;4337;0;450.36;1.18;0.00;416.23;DEFAULT_VEHTYPE;end;4;395.00
-1.00;;-1.00;-1.00;3134.00;0.92;-4726711#1_0;5.10;0.00;tripinfo_4339;466.00;4339;0;230.45;0.84;0.00;431.36;DEFAULT_VEHTYPE;end;2;419.00
-1.00;;-1.00;-1.00;3142.00;0.20;450925440_0;5.10;0.00;tripinfo_4340;458.00;4340;1;442.16;1.03;0.00;404.94;DEFAULT_VEHTYPE;end;2;384.00
-1.00;;-1.00;-1.00;3133.00;0.48;5450858#0_0;5.10;0.00;tripinfo_4341;467.00;4341;0;761.65;0.80;0.00;350.58;DEFAULT_VEHTYPE;end;2;331.00
-1.00;;-1.00;-1.00;3129.00;0.76;4726679#0_0;5.10;0.00;tripinfo_4342;471.00;4342;0;545.24;0.93;0.00;398.66;DEFAULT_VEHTYPE;end;2;381.00
-1.00;;-1.00;-1.00;3135.00;1.04;1156329248_0;5.10;0.00;tripinfo_4343;465.00;4343;0;976.58;1.06;0.00;378.31;DEFAULT_VEHTYPE;end;5;334.00
-1.00;;-1.00;-1.00;3128.00;0.32;4726679#1_0;5.10;0.00;tripinfo_4344;472.00;4344;0;727.71;1.07;0.00;397.76;DEFAULT_VEHTYPE;end;3;364.00
-1.00;;-1.00;-1.00;3144.00;0.60;-4760584#1_0;5.10;0.00;tripinfo_4345;456.00;4345;0;20.42;1.02;0.00;452.60;DEFAULT_VEHTYPE;end;3;428.00
-1.00;;-1.00;-1.00;3142.00;0.16;-433333438#1_0;5.10;0.00;tripinfo_4347;458.00;4347;0;1693.18;1.02;0.00;335.47;DEFAULT_VEHTYPE;end;4;285.00
-1.00;;-1.00;-1.00;3141.00;0.44;8382307#0_0;5.10;0.00;tripinfo_4348;459.00;4348;0;1894.03;0.90;0.00;224.67;DEFAULT_VEHTYPE;end;4;173.00
-1.00;;-1.00;-1.00;3138.00;0.84;13853658_0;5.10;0.00;tripinfo_4353;462.00;4353;1;2886.10;0.99;0.00;132.95;DEFAULT_VEHTYPE;end;7;24.00
-1.00;;-1.00;-1.00;3155.00;0.12;47027857#0_0;3.95;0.00;tripinfo_4354;445.00;4354;0;4385.89;0.99;0.00;86.76;DEFAULT_VEHTYPE;;1;27.00
-1.00;;-1.00;-1.00;3136.00;0.40;4726710#1_0;5.10;0.00;tripinfo_4355;464.00;4355;0;696.18;0.97;0.00;364.58;DEFAULT_VEHTYPE;end;2;343.00
-1.00;;-1.00;-1.00;3156.00;0.68;36801004#0_0;5.10;0.00;tripinfo_4356;444.00;4356;1;3882.42;1.01;0.00;145.61;DEFAULT_VEHTYPE;end;3;103.00
-1.00;;-1.00;-1.00;3144.00;0.96;-150276003#2_0;5.10;0.00;tripinfo_4357;456.00;4357;0;394.64;0.97;0.00;405.94;DEFAULT_VEHTYPE;end;2;389.00
-1.00;;-1.00;-1.00;3148.00;0.24;625259600_0;5.10;0.00;tripinfo_4358;452.00;4358;0;2968.63;0.95;0.00;222.45;DEFAULT_VEHTYPE;end;2;167.00
-1.00;;-1.00;-1.00;3154.00;0.08;879483837_0;5.10;0.00;tripinfo_4361;446.00;4361;0;315.34;0.99;0.00;410.58;DEFAULT_VEHTYPE;end;3;388.00
-1.00;;-1.00;-1.00;3155.00;0.36;510702675#0_0;5.10;0.00;tripinfo_4362;445.00;4362;0;442.86;0.99;0.00;390.04;DEFAULT_VEHTYPE;end;4;366.00
-1.00;;-1.00;-1.00;3162.00;0.76;-96018881#4_0;5.10;0.00;tripinfo_4367;438.00;4367;0;177.27;0.93;0.00;306.27;DEFAULT_VEHTYPE;end;1;301.00
-1.00;;-1.00;-1.00;3148.00;0.04;616545123_0;5.10;0.00;tripinfo_4368;452.00;4368;1;2511.54;0.93;0.00;213.02;DEFAULT_VEHTYPE;end;5;160.00
-1.00;;-1.00;-1.00;3156.00;0.32;-4726710#1_0;5.10;0.00;tripinfo_4369;444.00;4369;0;3201.65;0.96;0.00;171.38;DEFAULT_VEHTYPE;end;2;118.00
-1.00;;-1.00;-1.00;3152.00;0.60;4726718_0;5.10;0.00;tripinfo_4370;448.00;4370;0;1368.43;0.86;0.00;332.04;DEFAULT_VEHTYPE;end;2;305.00
-1.00;;-1.00;-1.00;3160.00;0.00;40493418_0;5.10;0.00;tripinfo_4375;440.00;4375;0;621.81;1.02;0.00;365.74;DEFAULT_VEHTYPE;end;2;344.00
-1.00;;-1.00;-1.00;3161.00;0.56;14626335#0_0;5.10;0.00;tripinfo_4377;439.00;4377;0;524.45;1.04;0.00;400.16;DEFAULT_VEHTYPE;end;5;325.00
-1.00;;-1.00;-1.00;3171.00;0.84;-220267105#3_0;5.10;0.00;tripinfo_4378;429.00;4378;0;1398.26;0.98;0.00;255.93;DEFAULT_VEHTYPE;end;2;213.00
-1.00;;-1.00;-1.00;3167.00;0.68;239923867#0_0;5.10;0.00;tripinfo_4381;433.00;4381;1;1146.77;1.09;0.00;305.57;DEFAULT_VEHTYPE;end;3;272.00
-1.00;;-1.00;-1.00;3158.00;0.96;616545123_0;5.10;0.00;tripinfo_4382;442.00;4382;1;2761.55;1.12;0.00;151.65;DEFAULT_VEHTYPE;end;4;48.00
-1.00;;-1.00;-1.00;3163.00;0.24;14118785#1_0;5.10;0.00;tripinfo_4383;437.00;4383;0;121.77;0.97;0.00;420.96;DEFAULT_VEHTYPE;end;3;399.00
-1.00;;-1.00;-1.00;3174.00;0.52;627916937_0;5.10;0.00;tripinfo_4384;426.00;4384;0;949.45;1.11;0.00;315.98;DEFAULT_VEHTYPE;end;2;275.00
-1.00;;-1.00;-1.00;3165.00;0.80;40493384#2_0;5.10;0.00;tripinfo_4385;435.00;4385;0;180.60;1.00;0.00;412.29;DEFAULT_VEHTYPE;end;3;398.00
-1.00;;-1.00;-1.00;3171.00;0.36;-4318237#2_0;5.10;0.00;tripinfo_4387;429.00;4387;0;773.72;1.07;0.00;353.26;DEFAULT_VEHTYPE;end;4;280.00
-1.00;;-1.00;-1.00;3177.00;0.64;-121794822#7_0;5.10;0.00;tripinfo_4388;423.00;4388;0;2039.01;0.85;0.00;77.95;DEFAULT_VEHTYPE;end;2;20.00
-1.00;;-1.00;-1.00;3181.00;0.20;4730619_0;5.10;0.00;tripinfo_4390;419.00;4390;0;2106.75;1.15;0.00;268.99;DEFAULT_VEHTYPE;end;3;204.00
-1.00;;-1.00;-1.00;3168.00;0.48;4726679#0_0;5.10;0.00;tripinfo_4391;432.00;4391;0;1305.12;0.93;0.00;234.68;DEFAULT_VEHTYPE;end;4;193.00
-1.00;;-1.00;-1.00;3180.00;0.04;162611854#0_0;5.10;0.00;tripinfo_4393;420.00;4393;0;782.64;1.05;0.00;352.07;DEFAULT_VEHTYPE;end;4;287.00
-1.00;;-1.00;-1.00;3168.00;0.32;1263793722#0_0;5.10;0.00;tripinfo_4394;432.00;4394;0;188.06;1.08;0.00;410.05;DEFAULT_VEHTYPE;end;2;403.00
-1.00;;-1.00;-1.00;3168.00;0.60;-150275988#5_0;5.10;0.00;tripinfo_4395;432.00;4395;0;1424.69;1.10;0.00;284.72;DEFAULT_VEHTYPE;end;4;196.00
-1.00;;-1.00;-1.00;3184.00;0.44;11294375#2_0;5.10;0.00;tripinfo_4398;416.00;4398;0;1066.52;0.99;0.00;303.46;DEFAULT_VEHTYPE;end;4;259.00
-1.00;;-1.00;-1.00;3505.00;328.72;628781006#6_0;0.20;0.00;tripinfo_4399;95.00;4399;0;0.00;1.00;0.00;94.00;DEFAULT_VEHTYPE;end;1;94.00
-1.00;;-1.00;-1.00;3173.00;0.00;829968896#1_0;0.20;0.00;tripinfo_4400;427.00;4400;0;1367.49;0.85;0.00;252.83;DEFAULT_VEHTYPE;end;3;210.00
-1.00;;-1.00;-1.00;3179.00;0.28;150276003#0_0;5.10;0.00;tripinfo_4401;421.00;4401;0;372.52;0.89;0.00;339.86;DEFAULT_VEHTYPE;end;2;321.00
-1.00;;-1.00;-1.00;3187.00;0.84;7682863#0_0;5.10;0.00;tripinfo_4403;413.00;4403;0;312.83;0.98;0.00;373.49;DEFAULT_VEHTYPE;end;2;362.00
-1.00;;-1.00;-1.00;3178.00;0.12;772942669_0;5.10;0.00;tripinfo_4404;422.00;4404;0;666.99;0.91;0.00;320.75;DEFAULT_VEHTYPE;end;4;283.00
-1.00;;-1.00;-1.00;3177.00;0.68;-31411680#2_0;5.10;0.00;tripinfo_4406;423.00;4406;0;1153.24;1.03;0.00;282.49;DEFAULT_VEHTYPE;end;2;259.00
-1.00;;-1.00;-1.00;3177.00;0.96;8384893#2_0;5.10;0.00;tripinfo_4407;423.00;4407;0;562.10;1.12;0.00;361.44;DEFAULT_VEHTYPE;end;3;338.00
-1.00;;-1.00;-1.00;3572.00;379.24;37535329#2_0;5.10;0.00;tripinfo_4408;28.00;4408;0;5.76;0.93;0.00;26.02;DEFAULT_VEHTYPE;end;2;23.00
-1.00;;-1.00;-1.00;3187.00;0.80;8140196_0;5.10;0.00;tripinfo_4410;413.00;4410;0;744.04;1.16;0.00;334.79;DEFAULT_VEHTYPE;end;4;297.00
-1.00;;-1.00;-1.00;3187.00;0.08;-480937385_0;5.10;0.00;tripinfo_4411;413.00;4411;0;942.57;1.19;0.00;318.85;DEFAULT_VEHTYPE;end;2;296.00
-1.00;;-1.00;-1.00;3177.00;0.36;32200291_0;5.10;0.00;tripinfo_4412;423.00;4412;1;2581.30;1.00;0.00;109.85;DEFAULT_VEHTYPE;end;6;57.00
-1.00;;-1.00;-1.00;3179.00;0.64;-433333438#1_0;5.10;0.00;tripinfo_4413;421.00;4413;0;3224.46;0.91;0.00;161.86;DEFAULT_VEHTYPE;end;2;142.00
-1.00;;-1.00;-1.00;3188.00;0.48;832488061_0;5.10;0.00;tripinfo_4416;412.00;4416;0;1858.32;0.84;0.00;215.04;DEFAULT_VEHTYPE;end;2;178.00
-1.00;;-1.00;-1.00;3190.00;2.76;8382354#0_0;5.10;0.00;tripinfo_4417;410.00;4417;0;361.22;0.92;0.00;361.76;DEFAULT_VEHTYPE;end;2;343.00
-1.00;;-1.00;-1.00;3201.00;0.04;4726681#1_0;5.10;0.00;tripinfo_4418;399.00;4418;0;485.61;1.10;0.00;344.78;DEFAULT_VEHTYPE;end;2;329.00
-1.00;;-1.00;-1.00;3199.00;0.16;4726710#1_0;5.10;0.00;tripinfo_4422;401.00;4422;1;2609.35;1.06;0.00;104.96;DEFAULT_VEHTYPE;end;2;14.00
-1.00;;-1.00;-1.00;3186.00;0.44;19846377#0_0;5.10;0.00;tripinfo_4423;414.00;4423;0;45.99;0.94;0.00;407.12;DEFAULT_VEHTYPE;end;3;393.00
-1.00;;-1.00;-1.00;3196.00;1.72;31431343#0_0;5.10;0.00;tripinfo_4424;404.00;4424;1;1300.91;1.19;0.00;270.06;DEFAULT_VEHTYPE;end;5;231.00
-1.00;;-1.00;-1.00;3195.00;0.00;1053478472#1_0;5.10;0.00;tripinfo_4425;405.00;4425;0;122.29;0.99;0.00;389.12;DEFAULT_VEHTYPE;end;3;376.00
-1.00;;-1.00;-1.00;3199.00;0.28;960773148#1_0;0.20;0.00;tripinfo_4426;401.00;4426;0;956.40;1.15;0.00;296.10;DEFAULT_VEHTYPE;end;2;270.00
-1.00;;-1.00;-1.00;3206.00;0.56;14471542#6_0;5.10;0.00;tripinfo_4427;394.00;4427;0;526.84;0.98;0.00;331.02;DEFAULT_VEHTYPE;end;2;318.00
-1.00;;-1.00;-1.00;3209.00;0.12;150275985#0_0;5.10;0.00;tripinfo_4429;391.00;4429;0;1057.17;1.09;0.00;272.98;DEFAULT_VEHTYPE;end;4;228.00
-1.00;;-1.00;-1.00;3497.00;298.40;1263954923_0;0.20;0.00;tripinfo_4430;103.00;4430;0;4.81;1.10;0.00;101.47;DEFAULT_VEHTYPE;end;1;99.00
-1.00;;-1.00;-1.00;3199.00;0.24;258274083#0_0;5.10;0.00;tripinfo_4433;401.00;4433;0;487.18;0.96;0.00;339.07;DEFAULT_VEHTYPE;end;2;317.00
-1.00;;-1.00;-1.00;3203.00;0.52;625259600_0;5.10;0.00;tripinfo_4434;397.00;4434;1;2950.61;0.93;0.00;86.14;DEFAULT_VEHTYPE;end;3;35.00
-1.00;;-1.00;-1.00;3199.00;4.08;31431343#0_0;5.10;0.00;tripinfo_4436;401.00;4436;1;2363.94;1.05;0.00;125.11;DEFAULT_VEHTYPE;end;6;73.00
-1.00;;-1.00;-1.00;3204.00;0.64;-832487280_0;5.10;0.00;tripinfo_4438;396.00;4438;0;3882.22;0.88;0.00;43.18;DEFAULT_VEHTYPE;end;1;6.00
-1.00;;-1.00;-1.00;3211.00;0.92;960773148#0_0;5.10;0.00;tripinfo_4439;389.00;4439;0;895.63;1.17;0.00;286.47;DEFAULT_VEHTYPE;end;4;230.00
-1.00;;-1.00;-1.00;3482.00;267.20;308337938_0;0.20;0.00;tripinfo_4440;118.00;4440;0;9.88;1.10;0.00;115.92;DEFAULT_VEHTYPE;end;2;103.00
-1.00;;-1.00;-1.00;3199.00;0.48;8382283#0_0;5.10;0.00;tripinfo_4441;401.00;4441;0;533.91;1.21;0.00;346.82;DEFAULT_VEHTYPE;end;3;322.00
-1.00;;-1.00;-1.00;3212.00;0.32;1111110395_0;5.10;0.00;tripinfo_4444;388.00;4444;0;632.38;0.98;0.00;308.65;DEFAULT_VEHTYPE;end;2;294.00
-1.00;;-1.00;-1.00;3203.00;0.60;654207127#0_0;5.10;0.00;tripinfo_4445;397.00;4445;0;1697.08;0.88;0.00;78.55;DEFAULT_VEHTYPE;end;2;9.00
-1.00;;-1.00;-1.00;3206.00;1.16;628755544#2_0;5.10;0.00;tripinfo_4447;394.00;4447;1;1935.27;1.08;0.00;248.72;DEFAULT_VEHTYPE;end;5;188.00
-1.00;;-1.00;-1.00;3213.00;0.44;-40598675#3_0;5.10;0.00;tripinfo_4448;387.00;4448;0;280.54;0.94;0.00;349.13;DEFAULT_VEHTYPE;end;3;332.00
-1.00;;-1.00;-1.00;3223.00;0.72;47027857#0_0;3.95;0.00;tripinfo_4449;377.00;4449;1;2311.16;0.86;0.00;65.61;DEFAULT_VEHTYPE;end;1;19.00
-1.00;;-1.00;-1.00;3220.00;0.00;-1267194155#2_0;5.10;0.00;tripinfo_4450;380.00;4450;0;68.36;1.08;0.00;370.61;DEFAULT_VEHTYPE;end;3;357.00
-1.00;;-1.00;-1.00;3225.00;0.56;413722450_0;5.10;0.00;tripinfo_4452;375.00;4452;0;898.94;0.94;0.00;281.97;DEFAULT_VEHTYPE;end;4;214.00
-1.00;;-1.00;-1.00;3212.00;0.12;-13764247#1_0;5.10;0.00;tripinfo_4454;388.00;4454;0;147.42;0.95;0.00;368.29;DEFAULT_VEHTYPE;end;2;359.00
-1.00;;-1.00;-1.00;3218.00;0.40;-220267247#5_0;5.10;0.00;tripinfo_4455;382.00;4455;0;1666.19;1.13;0.00;218.17;DEFAULT_VEHTYPE;end;5;154.00
-1.00;;-1.00;-1.00;3217.00;0.96;-433333438#1_0;5.10;0.00;tripinfo_4457;383.00;4457;1;2087.36;1.02;0.00;211.31;DEFAULT_VEHTYPE;end;7;150.00
-1.00;;-1.00;-1.00;3227.00;0.24;4730636#0_0;5.10;0.00;tripinfo_4458;373.00;4458;0;4020.68;1.02;0.00;57.99;DEFAULT_VEHTYPE;end;2;6.00
-1.00;;-1.00;-1.00;3225.00;0.52;4690639#0_0;5.10;0.00;tripinfo_4459;375.00;4459;0;389.78;0.82;0.00;317.03;DEFAULT_VEHTYPE;end;2;306.00
-1.00;;-1.00;-1.00;3220.00;0.80;150275985#0_0;5.10;0.00;tripinfo_4460;380.00;4460;0;1153.05;0.97;0.00;235.76;DEFAULT_VEHTYPE;end;3;210.00
-1.00;;-1.00;-1.00;3230.00;0.36;1098324353_0;0.20;0.00;tripinfo_4462;370.00;4462;0;1030.87;0.98;0.00;278.27;DEFAULT_VEHTYPE;end;5;207.00
-1.00;;-1.00;-1.00;3227.00;0.64;7682866#0_0;5.10;0.00;tripinfo_4463;373.00;4463;0;712.18;0.98;0.00;284.22;DEFAULT_VEHTYPE;end;2;249.00
-1.00;;-1.00;-1.00;3219.00;0.92;4730647#2_0;5.10;0.00;tripinfo_4464;381.00;4464;0;346.24;0.85;0.00;330.87;DEFAULT_VEHTYPE;end;2;317.00
-1.00;;-1.00;-1.00;3222.00;0.20;-119180342#1_0;5.10;0.00;tripinfo_4465;378.00;4465;0;637.66;0.97;0.00;329.07;DEFAULT_VEHTYPE;end;4;291.00
-1.00;;-1.00;-1.00;3231.00;0.48;4426074#0_0;5.10;0.00;tripinfo_4466;369.00;4466;0;330.00;0.85;0.00;321.34;DEFAULT_VEHTYPE;end;3;290.00
-1.00;;-1.00;-1.00;3219.00;0.76;30215395#0_0;5.10;0.00;tripinfo_4467;381.00;4467;0;410.30;1.09;0.00;336.87;DEFAULT_VEHTYPE;end;4;308.00
-1.00;;-1.00;-1.00;3225.00;0.32;4726679#2_0;5.10;0.00;tripinfo_4469;375.00;4469;0;610.41;0.87;0.00;301.03;DEFAULT_VEHTYPE;end;2;280.00
-1.00;;-1.00;-1.00;3232.00;0.60;-4726710#1_0;5.10;0.00;tripinfo_4470;368.00;4470;0;772.81;0.89;0.00;240.97;DEFAULT_VEHTYPE;end;2;217.00
-1.00;;-1.00;-1.00;3229.00;0.16;-34065519_0;5.10;0.00;tripinfo_4472;371.00;4472;0;410.95;0.94;0.00;302.39;DEFAULT_VEHTYPE;end;2;277.00
-1.00;;-1.00;-1.00;3227.00;0.44;395073288#0_0;5.10;0.00;tripinfo_4473;373.00;4473;0;478.24;0.80;0.00;312.17;DEFAULT_VEHTYPE;end;4;293.00
-1.00;;-1.00;-1.00;3242.00;0.28;62020116#0_0;5.10;0.00;tripinfo_4476;358.00;4476;0;856.54;0.95;0.00;291.86;DEFAULT_VEHTYPE;end;5;226.00
-1.00;;-1.00;-1.00;3229.00;0.56;1174387992_0;3.66;0.00;tripinfo_4477;371.00;4477;0;800.01;1.05;0.00;315.00;DEFAULT_VEHTYPE;end;3;250.00
-1.00;;-1.00;-1.00;3242.00;0.84;628755544#2_0;5.10;0.00;tripinfo_4478;358.00;4478;0;1809.10;1.14;0.00;233.82;DEFAULT_VEHTYPE;end;5;170.00
-1.00;;-1.00;-1.00;3238.00;1.40;-628755544#1_0;5.10;0.00;tripinfo_4480;362.00;4480;1;2062.29;1.09;0.00;202.84;DEFAULT_VEHTYPE;end;4;124.00
-1.00;;-1.00;-1.00;3233.00;1.68;-220267247#1_0;5.10;0.00;tripinfo_4481;367.00;4481;0;898.47;0.95;0.00;252.50;DEFAULT_VEHTYPE;end;2;228.00
-1.00;;-1.00;-1.00;3240.00;0.24;1080960154#0_0;5.10;0.00;tripinfo_4483;360.00;4483;0;556.57;0.92;0.00;275.20;DEFAULT_VEHTYPE;end;2;253.00
-1.00;;-1.00;-1.00;3237.00;0.08;30215395#0_0;5.10;0.00;tripinfo_4486;363.00;4486;0;656.88;1.03;0.00;305.23;DEFAULT_VEHTYPE;end;1;293.00
-1.00;;-1.00;-1.00;3245.00;0.36;-13764247#1_0;5.10;0.00;tripinfo_4487;355.00;4487;0;139.92;0.96;0.00;336.51;DEFAULT_VEHTYPE;end;2;326.00
-1.00;;-1.00;-1.00;3246.00;0.64;879483837_0;5.10;0.00;tripinfo_4488;354.00;4488;0;661.06;1.21;0.00;311.60;DEFAULT_VEHTYPE;end;1;297.00
-1.00;;-1.00;-1.00;3250.00;0.04;14858643#0_0;5.10;0.00;tripinfo_4493;350.00;4493;1;2427.26;1.09;0.00;106.29;DEFAULT_VEHTYPE;end;1;5.00
-1.00;;-1.00;-1.00;3239.00;0.16;4730633#0_0;5.10;0.00;tripinfo_4497;361.00;4497;0;845.66;1.13;0.00;260.39;DEFAULT_VEHTYPE;end;3;233.00
-1.00;;-1.00;-1.00;3258.00;0.44;610739513#1_0;5.10;0.00;tripinfo_4498;342.00;4498;0;130.09;1.07;0.00;326.37;DEFAULT_VEHTYPE;end;3;308.00
-1.00;;-1.00;-1.00;3252.00;0.72;31449007_0;5.10;0.00;tripinfo_4499;348.00;4499;0;263.86;0.94;0.00;313.28;DEFAULT_VEHTYPE;end;2;296.00
-1.00;;-1.00;-1.00;3243.00;0.00;31448937#1_0;5.10;0.00;tripinfo_4500;357.00;4500;0;510.81;0.76;0.00;274.64;DEFAULT_VEHTYPE;end;2;255.00
-1.00;;-1.00;-1.00;3250.00;0.28;109993439_0;5.10;0.00;tripinfo_4501;350.00;4501;0;247.98;0.97;0.00;321.15;DEFAULT_VEHTYPE;end;2;309.00
-1.00;;-1.00;-1.00;3246.00;0.56;180020059#0_0;5.10;0.00;tripinfo_4502;354.00;4502;0;1204.97;1.06;0.00;216.42;DEFAULT_VEHTYPE;end;3;181.00
-1.00;;-1.00;-1.00;3253.00;0.84;-265113917#1_0;5.10;0.00;tripinfo_4503;347.00;4503;0;134.94;1.03;0.00;329.53;DEFAULT_VEHTYPE;end;4;312.00
-1.00;;-1.00;-1.00;3254.00;0.68;-4730648#1_0;5.10;0.00;tripinfo_4506;346.00;4506;0;152.13;1.13;0.00;328.61;DEFAULT_VEHTYPE;end;3;313.00
-1.00;;-1.00;-1.00;3256.00;0.96;231945290#0_0;5.10;0.00;tripinfo_4507;344.00;4507;0;950.64;1.03;0.00;219.82;DEFAULT_VEHTYPE;end;3;189.00
-1.00;;-1.00;-1.00;3248.00;0.24;40493501#3_0;5.10;0.00;tripinfo_4508;352.00;4508;0;62.33;1.05;0.00;343.89;DEFAULT_VEHTYPE;end;2;329.00
-1.00;;-1.00;-1.00;3333.00;85.80;1267194155#0_0;5.10;0.00;tripinfo_4510;267.00;4510;0;10.01;0.99;0.00;264.79;DEFAULT_VEHTYPE;end;2;256.00
-1.00;;-1.00;-1.00;3250.00;0.08;654207127#0_0;5.10;0.00;tripinfo_4511;350.00;4511;0;1029.91;0.85;0.00;116.65;DEFAULT_VEHTYPE;end;5;53.00
-1.00;;-1.00;-1.00;3258.00;0.64;14473580_0;5.10;0.00;tripinfo_4513;342.00;4513;1;2776.19;0.98;0.00;114.81;DEFAULT_VEHTYPE;end;4;45.00
-1.00;;-1.00;-1.00;3266.00;0.92;36801001#2_0;5.10;0.00;tripinfo_4514;334.00;4514;0;2262.43;1.06;0.00;178.86;DEFAULT_VEHTYPE;end;1;129.00
-1.00;;-1.00;-1.00;3263.00;0.48;23084263#0_0;5.10;0.00;tripinfo_4516;337.00;4516;0;660.66;1.05;0.00;280.27;DEFAULT_VEHTYPE;end;3;258.00
-1.00;;-1.00;-1.00;3273.00;1.76;-4318237#2_0;5.10;0.00;tripinfo_4517;327.00;4517;0;818.05;1.11;0.00;237.68;DEFAULT_VEHTYPE;end;2;218.00
-1.00;;-1.00;-1.00;3275.00;4.04;290174549#1_0;5.10;0.00;tripinfo_4518;325.00;4518;0;279.59;0.97;0.00;302.11;DEFAULT_VEHTYPE;end;3;239.00
-1.00;;-1.00;-1.00;3257.00;0.32;510702678#1_0;5.10;0.00;tripinfo_4519;343.00;4519;0;189.38;0.90;0.00;316.66;DEFAULT_VEHTYPE;end;3;301.00
-1.00;;-1.00;-1.00;3268.00;0.60;-27807643#2_0;5.10;0.00;tripinfo_4520;332.00;4520;1;2043.30;0.89;0.00;139.26;DEFAULT_VEHTYPE;end;3;100.00
-1.00;;-1.00;-1.00;3260.00;0.88;8382358_0;5.10;0.00;tripinfo_4521;340.00;4521;0;322.98;1.19;0.00;306.04;DEFAULT_VEHTYPE;end;2;287.00
-1.00;;-1.00;-1.00;3265.00;0.16;1066431525_0;5.10;0.00;tripinfo_4522;335.00;4522;0;50.11;1.06;0.00;328.34;DEFAULT_VEHTYPE;end;2;314.00
-1.00;;-1.00;-1.00;3274.00;0.44;-239758251_0;5.10;0.00;tripinfo_4523;326.00;4523;0;377.61;1.11;0.00;283.33;DEFAULT_VEHTYPE;end;2;269.00
-1.00;;-1.00;-1.00;3259.00;0.72;47999872_0;5.10;0.00;tripinfo_4524;341.00;4524;0;1191.90;1.06;0.00;204.86;DEFAULT_VEHTYPE;end;2;182.00
-1.00;;-1.00;-1.00;3273.00;0.00;183370113#3_0;5.10;0.00;tripinfo_4525;327.00;4525;1;2115.80;1.06;0.00;96.99;DEFAULT_VEHTYPE;end;4;48.00
-1.00;;-1.00;-1.00;3317.00;52.28;745660413#2_0;0.20;0.00;tripinfo_4526;283.00;4526;0;14.72;1.10;0.00;280.39;DEFAULT_VEHTYPE;end;3;261.00
-1.00;;-1.00;-1.00;3265.00;0.56;-4312633_0;5.10;0.00;tripinfo_4527;335.00;4527;0;1071.39;0.97;0.00;201.59;DEFAULT_VEHTYPE;end;3;178.00
-1.00;;-1.00;-1.00;3263.00;0.84;31427257#3_0;5.10;0.00;tripinfo_4528;337.00;4528;0;2786.81;0.76;0.00;71.14;DEFAULT_VEHTYPE;end;2;46.00
-1.00;;-1.00;-1.00;3283.00;0.68;-36786443#2_0;5.10;0.00;tripinfo_4531;317.00;4531;1;1051.12;0.80;0.00;158.42;DEFAULT_VEHTYPE;end;4;121.00
-1.00;;-1.00;-1.00;3271.00;0.96;643082467_0;5.10;0.00;tripinfo_4532;329.00;4532;0;596.98;1.08;0.00;261.46;DEFAULT_VEHTYPE;end;3;237.00
-1.00;;-1.00;-1.00;3272.00;0.52;231475826#0_0;5.10;0.00;tripinfo_4534;328.00;4534;0;83.84;0.91;0.00;315.94;DEFAULT_VEHTYPE;end;2;309.00
-1.00;;-1.00;-1.00;3269.00;0.08;396102064_0;0.20;0.00;tripinfo_4536;331.00;4536;0;942.15;1.22;0.00;273.18;DEFAULT_VEHTYPE;end;4;231.00
-1.00;;-1.00;-1.00;3280.00;0.36;4730631#1_0;5.10;0.00;tripinfo_4537;320.00;4537;0;1791.20;0.94;0.00;87.86;DEFAULT_VEHTYPE;end;3;47.00
-1.00;;-1.00;-1.00;3276.00;0.64;625259600_0;5.10;0.00;tripinfo_4538;324.00;4538;1;2964.97;1.09;0.00;108.06;DEFAULT_VEHTYPE;end;5;63.00
-1.00;;-1.00;-1.00;3277.00;0.76;17671153_0;4.69;0.00;tripinfo_4542;323.00;4542;0;202.62;1.00;0.00;297.03;DEFAULT_VEHTYPE;end;3;284.00
-1.00;;-1.00;-1.00;3287.00;0.04;180022161#0_0;5.10;0.00;tripinfo_4543;313.00;4543;0;1874.80;1.09;0.00;155.29;DEFAULT_VEHTYPE;end;3;86.00
-1.00;;-1.00;-1.00;3279.00;0.60;-237344387_0;5.10;0.00;tripinfo_4545;321.00;4545;1;352.21;1.10;0.00;270.52;DEFAULT_VEHTYPE;end;3;250.00
-1.00;;-1.00;-1.00;3294.00;0.72;963479927#0_0;5.10;0.00;tripinfo_4549;306.00;4549;1;1993.79;1.01;0.00;142.06;DEFAULT_VEHTYPE;end;5;73.00
-1.00;;-1.00;-1.00;3278.00;0.28;1053478472#1_0;5.10;0.00;tripinfo_4551;322.00;4551;0;106.42;0.91;0.00;306.98;DEFAULT_VEHTYPE;end;3;298.00
-1.00;;-1.00;-1.00;3282.00;0.56;-4726710#1_0;5.10;0.00;tripinfo_4552;318.00;4552;0;765.31;0.99;0.00;205.18;DEFAULT_VEHTYPE;end;2;180.00
-1.00;;-1.00;-1.00;3290.00;0.84;403882372_0;0.20;0.00;tripinfo_4553;310.00;4553;1;2234.02;0.93;0.00;110.68;DEFAULT_VEHTYPE;end;5;52.00
-1.00;;-1.00;-1.00;3280.00;0.12;-13764247#1_0;5.10;0.00;tripinfo_4554;320.00;4554;0;132.42;0.89;0.00;301.18;DEFAULT_VEHTYPE;end;2;289.00
-1.00;;-1.00;-1.00;3293.00;0.40;14471542#11_0;5.10;0.00;tripinfo_4555;307.00;4555;0;199.52;1.01;0.00;284.01;DEFAULT_VEHTYPE;end;3;267.00
-1.00;;-1.00;-1.00;3289.00;0.68;137241321_0;0.20;0.00;tripinfo_4556;311.00;4556;0;298.20;1.02;0.00;274.81;DEFAULT_VEHTYPE;end;4;253.00
-1.00;;-1.00;-1.00;3299.00;0.96;183370113#3_0;5.10;0.00;tripinfo_4557;301.00;4557;1;2000.27;0.82;0.00;93.56;DEFAULT_VEHTYPE;end;3;52.00
-1.00;;-1.00;-1.00;3290.00;0.24;693295225_0;5.10;0.00;tripinfo_4558;310.00;4558;1;1938.15;0.94;0.00;79.83;DEFAULT_VEHTYPE;end;2;24.00
-1.00;;-1.00;-1.00;3288.00;0.52;4426075#0_0;5.10;0.00;tripinfo_4559;312.00;4559;0;248.16;0.86;0.00;276.09;DEFAULT_VEHTYPE;;3;259.00
-1.00;;-1.00;-1.00;3286.00;0.36;1150906866_0;5.10;0.00;tripinfo_4562;314.00;4562;0;1096.18;0.94;0.00;165.34;DEFAULT_VEHTYPE;end;1;145.00
-1.00;;-1.00;-1.00;3306.00;0.20;628757206#0_0;5.10;0.00;tripinfo_4565;294.00;4565;0;919.41;0.88;0.00;167.30;DEFAULT_VEHTYPE;end;4;137.00
-1.00;;-1.00;-1.00;3308.00;0.48;8152035#0_0;5.10;0.00;tripinfo_4566;292.00;4566;0;1814.68;0.92;0.00;136.67;DEFAULT_VEHTYPE;end;3;94.00
-1.00;;-1.00;-1.00;3575.00;269.32;198077804#4_0;5.10;0.00;tripinfo_4569;25.00;4569;0;57.14;1.04;0.00;20.03;DEFAULT_VEHTYPE;end;1;1.00
-1.00;;-1.00;-1.00;3309.00;0.60;-4730648#1_0;5.10;0.00;tripinfo_4570;291.00;4570;0;137.13;0.79;0.00;268.21;DEFAULT_VEHTYPE;end;2;258.00
-1.00;;-1.00;-1.00;3294.00;0.88;136174723_0;5.10;0.00;tripinfo_4571;306.00;4571;0;2268.73;0.95;0.00;44.29;DEFAULT_VEHTYPE;end;1;6.00
-1.00;;-1.00;-1.00;3306.00;0.16;14473580_0;5.10;0.00;tripinfo_4572;294.00;4572;1;2257.58;0.85;0.00;65.41;DEFAULT_VEHTYPE;end;2;37.00
-1.00;;-1.00;-1.00;3314.00;0.00;377719664_0;5.10;0.00;tripinfo_4575;286.00;4575;0;80.39;1.02;0.00;275.57;DEFAULT_VEHTYPE;end;1;271.00
-1.00;;-1.00;-1.00;3311.00;0.56;4730634#0_0;5.10;0.00;tripinfo_4577;289.00;4577;1;1544.36;0.92;0.00;63.26;DEFAULT_VEHTYPE;end;1;28.00
-1.00;;-1.00;-1.00;3309.00;0.12;175976586#4_0;5.10;0.00;tripinfo_4579;291.00;4579;0;672.78;1.12;0.00;217.49;DEFAULT_VEHTYPE;end;2;205.00
-1.00;;-1.00;-1.00;3302.00;0.96;235542996#0_0;5.10;0.00;tripinfo_4582;298.00;4582;1;1891.78;1.01;0.00;144.54;DEFAULT_VEHTYPE;end;4;103.00
-1.00;;-1.00;-1.00;3304.00;0.52;-34065519_0;5.10;0.00;tripinfo_4584;296.00;4584;1;354.78;0.89;0.00;231.01;DEFAULT_VEHTYPE;end;3;207.00
-1.00;;-1.00;-1.00;3319.00;0.80;856293284_0;5.10;0.00;tripinfo_4585;281.00;4585;0;2296.32;1.01;0.00;113.25;DEFAULT_VEHTYPE;end;3;80.00
-1.00;;-1.00;-1.00;3314.00;0.08;-781650841_0;5.10;0.00;tripinfo_4586;286.00;4586;0;305.74;1.03;0.00;255.72;DEFAULT_VEHTYPE;end;2;238.00
-1.00;;-1.00;-1.00;3315.00;0.36;150275988#3_0;5.10;0.00;tripinfo_4587;285.00;4587;0;980.25;0.96;0.00;166.25;DEFAULT_VEHTYPE;end;3;138.00
-1.00;;-1.00;-1.00;3318.00;0.64;-47426239_0;5.10;0.00;tripinfo_4588;282.00;4588;0;1865.42;1.01;0.00;58.23;DEFAULT_VEHTYPE;end;4;21.00
-1.00;;-1.00;-1.00;3321.00;0.92;1308361545#0_0;5.10;0.00;tripinfo_4589;279.00;4589;0;254.46;1.03;0.00;247.46;DEFAULT_VEHTYPE;end;2;228.00
-1.00;;-1.00;-1.00;3321.00;0.20;856297346_0;5.10;0.00;tripinfo_4590;279.00;4590;1;2599.46;0.97;0.00;60.72;DEFAULT_VEHTYPE;end;3;13.00
-1.00;;-1.00;-1.00;3320.00;0.48;-121794822#9_0;5.10;0.00;tripinfo_4591;280.00;4591;0;1406.09;1.00;0.00;56.84;DEFAULT_VEHTYPE;end;2;6.00
-1.00;;-1.00;-1.00;3320.00;0.76;-121794824_0;5.10;0.00;tripinfo_4592;280.00;4592;0;934.39;1.10;0.00;128.05;DEFAULT_VEHTYPE;end;7;65.00
-1.00;;-1.00;-1.00;3324.00;0.04;231475823#0_0;5.10;0.00;tripinfo_4593;276.00;4593;0;74.32;0.88;0.00;264.84;DEFAULT_VEHTYPE;end;2;251.00
-1.00;;-1.00;-1.00;3320.00;0.32;4690639#0_0;5.10;0.00;tripinfo_4594;280.00;4594;0;230.78;0.86;0.00;246.58;DEFAULT_VEHTYPE;end;3;231.00
-1.00;;-1.00;-1.00;3314.00;0.60;175976586#0_0;5.10;0.00;tripinfo_4595;286.00;4595;0;761.80;1.05;0.00;197.52;DEFAULT_VEHTYPE;end;3;175.00
-1.00;;-1.00;-1.00;3330.00;0.00;31518959#0_0;5.10;0.00;tripinfo_4600;270.00;4600;0;1057.42;0.78;0.00;100.01;DEFAULT_VEHTYPE;end;2;76.00
-1.00;;-1.00;-1.00;3314.00;0.28;14471542#2_0;5.10;0.00;tripinfo_4601;286.00;4601;0;550.45;0.95;0.00;216.85;DEFAULT_VEHTYPE;end;3;194.00
-1.00;;-1.00;-1.00;3324.00;0.56;4426076#0_0;5.10;0.00;tripinfo_4602;276.00;4602;0;204.28;1.00;0.00;250.11;DEFAULT_VEHTYPE;end;2;240.00
-1.00;;-1.00;-1.00;3443.00;116.84;1089552776#1_0;5.10;0.00;tripinfo_4603;157.00;4603;0;116.81;1.11;0.00;143.03;DEFAULT_VEHTYPE;end;3;128.00
-1.00;;-1.00;-1.00;3336.00;0.40;960773149_0;5.10;0.00;tripinfo_4605;264.00;4605;0;935.73;1.02;0.00;101.39;DEFAULT_VEHTYPE;end;5;36.00
-1.00;;-1.00;-1.00;3598.00;263.96;37535329#2_0;5.10;0.00;tripinfo_4607;2.00;4607;0;1.84;1.24;0.00;0.82;DEFAULT_VEHTYPE;end;0;0.00
-1.00;;-1.00;-1.00;3334.00;0.80;162611854#0_0;5.10;0.00;tripinfo_4610;266.00;4610;0;635.85;0.92;0.00;199.99;DEFAULT_VEHTYPE;end;3;171.00
-1.00;;-1.00;-1.00;3324.00;0.08;-13764247#1_0;5.10;0.00;tripinfo_4611;276.00;4611;0;124.92;1.04;0.00;260.62;DEFAULT_VEHTYPE;end;2;251.00
-1.00;;-1.00;-1.00;3334.00;0.36;150275988#3_0;5.10;0.00;tripinfo_4612;266.00;4612;0;835.74;0.82;0.00;142.17;DEFAULT_VEHTYPE;end;3;117.00
-1.00;;-1.00;-1.00;3323.00;0.64;175206107#0_0;5.10;0.00;tripinfo_4613;277.00;4613;0;607.82;0.92;0.00;179.53;DEFAULT_VEHTYPE;end;2;160.00
-1.00;;-1.00;-1.00;3337.00;0.92;-628755544#4_0;5.10;0.00;tripinfo_4614;263.00;4614;0;1718.57;0.87;0.00;111.71;DEFAULT_VEHTYPE;end;2;81.00
-1.00;;-1.00;-1.00;3338.00;0.20;-33301560#1_0;5.10;0.00;tripinfo_4615;262.00;4615;0;45.93;1.04;0.00;255.69;DEFAULT_VEHTYPE;end;1;252.00
-1.00;;-1.00;-1.00;3325.00;0.48;830745951_0;5.10;0.00;tripinfo_4616;275.00;4616;0;662.89;0.97;0.00;192.09;DEFAULT_VEHTYPE;end;2;172.00
-1.00;;-1.00;-1.00;3336.00;0.76;62020321_0;5.10;0.00;tripinfo_4617;264.00;4617;0;656.19;0.91;0.00;210.82;DEFAULT_VEHTYPE;end;2;148.00
-1.00;;-1.00;-1.00;3336.00;0.04;4730631#1_0;5.10;0.00;tripinfo_4618;264.00;4618;0;529.04;1.07;0.00;202.43;DEFAULT_VEHTYPE;end;2;185.00
-1.00;;-1.00;-1.00;3328.00;0.32;14118783_0;5.10;0.00;tripinfo_4619;272.00;4619;0;287.57;0.85;0.00;229.89;DEFAULT_VEHTYPE;end;2;221.00
-1.00;;-1.00;-1.00;3448.00;120.60;1089552776#1_0;5.10;0.00;tripinfo_4620;152.00;4620;0;108.92;0.97;0.00;137.15;DEFAULT_VEHTYPE;end;3;124.00
-1.00;;-1.00;-1.00;3340.00;0.88;-96016135_0;2.24;0.00;tripinfo_4621;260.00;4621;0;1798.26;0.96;0.00;107.12;DEFAULT_VEHTYPE;end;3;74.00
-1.00;;-1.00;-1.00;3348.00;0.16;5451918#0_0;5.10;0.00;tripinfo_4622;252.00;4622;0;2847.97;1.14;0.00;70.68;DEFAULT_VEHTYPE;end;1;42.00
-1.00;;-1.00;-1.00;3341.00;0.44;-8382302#1_0;5.10;0.00;tripinfo_4623;259.00;4623;0;1856.56;1.18;0.00;68.56;DEFAULT_VEHTYPE;end;3;40.00
-1.00;;-1.00;-1.00;3342.00;0.72;150275985#0_0;5.10;0.00;tripinfo_4624;258.00;4624;0;1150.96;1.13;0.00;138.12;DEFAULT_VEHTYPE;end;4;102.00
-1.00;;-1.00;-1.00;3340.00;0.00;-47027743#2_0;5.10;0.00;tripinfo_4625;260.00;4625;0;73.67;1.07;0.00;250.72;DEFAULT_VEHTYPE;end;2;238.00
-1.00;;-1.00;-1.00;3342.00;0.56;32200291_0;5.10;0.00;tripinfo_4627;258.00;4627;0;556.37;0.83;0.00;175.51;DEFAULT_VEHTYPE;end;2;158.00
-1.00;;-1.00;-1.00;3351.00;0.84;8384914_0;5.10;0.00;tripinfo_4628;249.00;4628;0;267.08;0.96;0.00;214.45;DEFAULT_VEHTYPE;end;2;205.00
-1.00;;-1.00;-1.00;3335.00;0.12;-8382305_0;5.10;0.00;tripinfo_4629;265.00;4629;0;1254.96;1.02;0.00;120.22;DEFAULT_VEHTYPE;end;4;89.00
-1.00;;-1.00;-1.00;3344.00;0.40;-62020321_0;5.10;0.00;tripinfo_4630;256.00;4630;0;1188.61;1.07;0.00;173.83;DEFAULT_VEHTYPE;end;4;128.00
-1.00;;-1.00;-1.00;3341.00;5.68;628755546#0_0;5.10;0.00;tripinfo_4631;259.00;4631;1;1546.73;0.91;0.00;69.97;DEFAULT_VEHTYPE;end;3;26.00
-1.00;;-1.00;-1.00;3351.00;0.96;31431343#0_0;5.10;0.00;tripinfo_4632;249.00;4632;0;665.22;1.00;0.00;167.12;DEFAULT_VEHTYPE;end;1;153.00
-1.00;;-1.00;-1.00;3350.00;0.24;400961625#0_0;5.10;0.00;tripinfo_4633;250.00;4633;0;1856.47;0.88;0.00;95.72;DEFAULT_VEHTYPE;end;2;66.00
-1.00;;-1.00;-1.00;3338.00;0.52;-47895849#4_0;5.10;0.00;tripinfo_4634;262.00;4634;1;1496.26;0.95;0.00;34.05;DEFAULT_VEHTYPE;end;0;0.00
-1.00;;-1.00;-1.00;3339.00;0.80;231945290#3_0;5.10;0.00;tripinfo_4635;261.00;4635;0;207.69;0.98;0.00;239.32;DEFAULT_VEHTYPE;end;1;233.00
-1.00;;-1.00;-1.00;3342.00;0.08;-290174549#0_0;5.10;0.00;tripinfo_4636;258.00;4636;0;360.70;1.03;0.00;213.80;DEFAULT_VEHTYPE;end;2;203.00
-1.00;;-1.00;-1.00;3346.00;0.36;231475826#0_0;5.10;0.00;tripinfo_4637;254.00;4637;0;76.34;1.01;0.00;243.90;DEFAULT_VEHTYPE;end;1;240.00
-1.00;;-1.00;-1.00;3350.00;0.64;524150311#1_0;5.10;0.00;tripinfo_4638;250.00;4638;0;1014.52;0.94;0.00;118.61;DEFAULT_VEHTYPE;end;3;96.00
-1.00;;-1.00;-1.00;3359.00;0.92;400062406#0_0;5.10;0.00;tripinfo_4639;241.00;4639;0;1038.25;1.19;0.00;132.89;DEFAULT_VEHTYPE;end;2;105.00
-1.00;;-1.00;-1.00;3351.00;0.20;30215395#0_0;5.10;0.00;tripinfo_4640;249.00;4640;0;221.29;1.08;0.00;225.34;DEFAULT_VEHTYPE;end;2;205.00
-1.00;;-1.00;-1.00;3346.00;0.48;-628782530_0;2.93;0.00;tripinfo_4641;254.00;4641;0;331.14;1.14;0.00;231.01;DEFAULT_VEHTYPE;end;4;219.00
-1.00;;-1.00;-1.00;3357.00;0.32;4726679#0_0;5.10;0.00;tripinfo_4644;243.00;4644;1;1820.93;1.00;0.00;71.63;DEFAULT_VEHTYPE;end;4;26.00
-1.00;;-1.00;-1.00;3350.00;0.60;-220267247#2_0;3.57;0.00;tripinfo_4645;250.00;4645;0;837.00;0.91;0.00;138.02;DEFAULT_VEHTYPE;end;2;119.00
-1.00;;-1.00;-1.00;3352.00;0.16;175206104_0;5.10;0.00;tripinfo_4647;248.00;4647;0;196.00;0.94;0.00;221.58;DEFAULT_VEHTYPE;end;1;215.00
-1.00;;-1.00;-1.00;3349.00;0.44;13654454_0;5.10;0.00;tripinfo_4648;251.00;4648;0;493.27;0.95;0.00;206.74;DEFAULT_VEHTYPE;end;2;195.00
-1.00;;-1.00;-1.00;3367.00;0.00;258274083#0_0;5.10;0.00;tripinfo_4650;233.00;4650;1;725.32;1.08;0.00;149.11;DEFAULT_VEHTYPE;end;2;112.00
-1.00;;-1.00;-1.00;3357.00;0.28;510702675#0_0;5.10;0.00;tripinfo_4651;243.00;4651;0;379.06;0.90;0.00;191.24;DEFAULT_VEHTYPE;end;4;166.00
-1.00;;-1.00;-1.00;3361.00;0.40;31431544#3_0;5.10;0.00;tripinfo_4655;239.00;4655;0;438.28;0.98;0.00;184.22;DEFAULT_VEHTYPE;end;2;165.00
-1.00;;-1.00;-1.00;3366.00;0.68;175976586#4_0;5.10;0.00;tripinfo_4656;234.00;4656;0;804.42;1.02;0.00;138.75;DEFAULT_VEHTYPE;end;2;120.00
-1.00;;-1.00;-1.00;3361.00;0.96;-30324793_0;5.10;0.00;tripinfo_4657;239.00;4657;0;436.53;1.15;0.00;192.35;DEFAULT_VEHTYPE;end;3;173.00
-1.00;;-1.00;-1.00;3357.00;0.24;8140193#0_0;5.10;0.00;tripinfo_4658;243.00;4658;0;377.31;1.03;0.00;198.15;DEFAULT_VEHTYPE;end;2;181.00
-1.00;;-1.00;-1.00;3375.00;0.52;220267247#2_0;3.57;0.00;tripinfo_4659;225.00;4659;0;1581.67;0.94;0.00;28.73;DEFAULT_VEHTYPE;end;0;0.00
-1.00;;-1.00;-1.00;3368.00;0.36;-220267106#1_0;5.10;0.00;tripinfo_4662;232.00;4662;0;927.09;1.13;0.00;132.81;DEFAULT_VEHTYPE;end;2;102.00
-1.00;;-1.00;-1.00;3363.00;0.64;-220267108#2_0;5.10;0.00;tripinfo_4663;237.00;4663;1;1292.44;0.99;0.00;78.33;DEFAULT_VEHTYPE;end;4;48.00
-1.00;;-1.00;-1.00;3362.00;0.92;14118783_0;5.10;0.00;tripinfo_4664;238.00;4664;0;645.08;0.95;0.00;154.94;DEFAULT_VEHTYPE;end;3;127.00
-1.00;;-1.00;-1.00;3370.00;0.20;8152060#0_0;5.10;0.00;tripinfo_4665;230.00;4665;0;209.94;0.98;0.00;203.40;DEFAULT_VEHTYPE;end;1;198.00
-1.00;;-1.00;-1.00;3377.00;0.48;-507534348#1_0;5.10;0.00;tripinfo_4666;223.00;4666;1;1794.58;0.97;0.00;64.31;DEFAULT_VEHTYPE;end;3;27.00
-1.00;;-1.00;-1.00;3381.00;0.76;-480937385_0;5.10;0.00;tripinfo_4667;219.00;4667;0;681.69;1.00;0.00;138.85;DEFAULT_VEHTYPE;end;1;127.00
-1.00;;-1.00;-1.00;3381.00;0.04;34065519_0;5.10;0.00;tripinfo_4668;219.00;4668;0;277.93;0.97;0.00;172.12;DEFAULT_VEHTYPE;end;2;152.00
-1.00;;-1.00;-1.00;3373.00;0.32;879483837_0;5.10;0.00;tripinfo_4669;227.00;4669;0;232.83;1.05;0.00;203.10;DEFAULT_VEHTYPE;end;3;186.00
-1.00;;-1.00;-1.00;3382.00;3.60;220137286#2_0;5.10;0.00;tripinfo_4670;218.00;4670;1;1087.16;0.96;0.00;40.99;DEFAULT_VEHTYPE;end;2;10.00
-1.00;;-1.00;-1.00;3367.00;1.88;290174549#0_0;5.10;0.00;tripinfo_4671;233.00;4671;0;855.78;0.96;0.00;123.83;DEFAULT_VEHTYPE;end;2;102.00
-1.00;;-1.00;-1.00;3370.00;0.16;4730633#0_0;5.10;0.00;tripinfo_4672;230.00;4672;0;1358.12;0.93;0.00;51.94;DEFAULT_VEHTYPE;end;1;30.00
-1.00;;-1.00;-1.00;3366.00;0.44;-62020321_0;5.10;0.00;tripinfo_4673;234.00;4673;0;1181.11;0.99;0.00;146.04;DEFAULT_VEHTYPE;end;3;108.00
-1.00;;-1.00;-1.00;3386.00;0.72;-121794825#3_0;4.66;0.00;tripinfo_4674;214.00;4674;0;857.83;1.01;0.00;60.59;DEFAULT_VEHTYPE;end;3;12.00
-1.00;;-1.00;-1.00;3383.00;0.00;-47027406_0;5.10;0.00;tripinfo_4675;217.00;4675;0;583.18;0.95;0.00;142.13;DEFAULT_VEHTYPE;end;2;128.00
-1.00;;-1.00;-1.00;3375.00;0.56;124862960_0;0.20;0.00;tripinfo_4677;225.00;4677;0;1357.72;1.00;0.00;126.23;DEFAULT_VEHTYPE;end;3;82.00
-1.00;;-1.00;-1.00;3381.00;0.84;4726718_0;5.10;0.00;tripinfo_4678;219.00;4678;0;1338.42;0.89;0.00;109.35;DEFAULT_VEHTYPE;end;1;95.00
-1.00;;-1.00;-1.00;3389.00;0.12;-96018881#4_0;5.10;0.00;tripinfo_4679;211.00;4679;0;91.29;1.11;0.00;200.09;DEFAULT_VEHTYPE;end;2;191.00
-1.00;;-1.00;-1.00;3379.00;0.40;8382447#2_0;5.10;0.00;tripinfo_4680;221.00;4680;0;694.30;1.03;0.00;138.43;DEFAULT_VEHTYPE;end;2;119.00
-1.00;;-1.00;-1.00;3374.00;0.68;291949061#0_0;5.10;0.00;tripinfo_4681;226.00;4681;0;383.42;0.96;0.00;164.88;DEFAULT_VEHTYPE;end;1;155.00
-1.00;;-1.00;-1.00;3375.00;0.96;4730637#1_0;5.10;0.00;tripinfo_4682;225.00;4682;0;1058.03;1.08;0.00;105.62;DEFAULT_VEHTYPE;end;1;89.00
-1.00;;-1.00;-1.00;3379.00;6.24;231483339#0_0;5.10;0.00;tripinfo_4683;221.00;4683;0;1394.15;1.06;0.00;60.27;DEFAULT_VEHTYPE;end;1;29.00
-1.00;;-1.00;-1.00;3378.00;0.52;-62020321_0;5.10;0.00;tripinfo_4684;222.00;4684;0;967.03;0.87;0.00;139.85;DEFAULT_VEHTYPE;end;2;113.00
-1.00;;-1.00;-1.00;3388.00;0.80;4426076#0_0;5.10;0.00;tripinfo_4685;212.00;4685;0;196.78;1.10;0.00;189.36;DEFAULT_VEHTYPE;end;2;177.00
-1.00;;-1.00;-1.00;3384.00;0.08;1066438511#0_0;5.10;0.00;tripinfo_4686;216.00;4686;0;913.82;1.10;0.00;142.76;DEFAULT_VEHTYPE;end;2;109.00
-1.00;;-1.00;-1.00;3389.00;0.92;8382447#2_0;5.10;0.00;tripinfo_4689;211.00;4689;0;640.34;1.05;0.00;136.50;DEFAULT_VEHTYPE;end;2;124.00
-1.00;;-1.00;-1.00;3396.00;0.20;7682875_0;5.10;0.00;tripinfo_4690;204.00;4690;0;306.35;0.99;0.00;165.65;DEFAULT_VEHTYPE;end;3;147.00
-1.00;;-1.00;-1.00;3391.00;0.48;4730637#3_0;5.10;0.00;tripinfo_4691;209.00;4691;0;439.31;0.96;0.00;152.64;DEFAULT_VEHTYPE;end;2;133.00
-1.00;;-1.00;-1.00;3392.00;0.76;396926516#0_0;4.69;0.00;tripinfo_4692;208.00;4692;0;345.86;1.01;0.00;164.98;DEFAULT_VEHTYPE;end;2;153.00
-1.00;;-1.00;-1.00;3382.00;0.04;150276013#0_0;5.10;0.00;tripinfo_4693;218.00;4693;0;330.24;0.93;0.00;174.02;DEFAULT_VEHTYPE;end;3;158.00
-1.00;;-1.00;-1.00;3402.00;0.88;-13853658_0;5.10;0.00;tripinfo_4696;198.00;4696;0;1269.24;0.99;0.00;95.28;DEFAULT_VEHTYPE;end;3;56.00
-1.00;;-1.00;-1.00;3407.00;5.44;627916937_0;5.10;0.00;tripinfo_4698;193.00;4698;0;1370.24;1.03;0.00;27.81;DEFAULT_VEHTYPE;end;0;0.00
-1.00;;-1.00;-1.00;3396.00;0.72;8385415#1_0;5.10;0.00;tripinfo_4699;204.00;4699;0;734.68;1.17;0.00;117.06;DEFAULT_VEHTYPE;end;1;103.00
-1.00;;-1.00;-1.00;3386.00;0.00;-13764247#1_0;5.10;0.00;tripinfo_4700;214.00;4700;0;117.41;0.91;0.00;197.44;DEFAULT_VEHTYPE;end;2;186.00
-1.00;;-1.00;-1.00;3394.00;0.28;121794822#8_0;5.10;0.00;tripinfo_4701;206.00;4701;0;733.29;0.87;0.00;41.09;DEFAULT_VEHTYPE;end;1;1.00
-1.00;;-1.00;-1.00;3404.00;0.56;13654454_0;5.10;0.00;tripinfo_4702;196.00;4702;0;627.08;0.91;0.00;144.83;DEFAULT_VEHTYPE;end;4;112.00
-1.00;;-1.00;-1.00;3397.00;0.84;40598675#0_0;5.10;0.00;tripinfo_4703;203.00;4703;0;378.93;1.01;0.00;156.31;DEFAULT_VEHTYPE;end;1;148.00
-1.00;;-1.00;-1.00;3404.00;0.12;510702675#0_0;5.10;0.00;tripinfo_4704;196.00;4704;0;371.56;0.94;0.00;147.51;DEFAULT_VEHTYPE;end;4;119.00
-1.00;;-1.00;-1.00;3402.00;0.40;1198625658_0;5.10;0.00;tripinfo_4705;198.00;4705;0;1105.21;1.03;0.00;62.18;DEFAULT_VEHTYPE;end;3;24.00
-1.00;;-1.00;-1.00;3395.00;0.08;36786445#0_0;5.10;0.00;tripinfo_4711;205.00;4711;1;855.53;0.96;0.00;96.31;DEFAULT_VEHTYPE;end;3;78.00
-1.00;;-1.00;-1.00;3399.00;0.36;654207127#6_0;5.10;0.00;tripinfo_4712;201.00;4712;0;773.77;0.90;0.00;87.42;DEFAULT_VEHTYPE;end;2;62.00
-1.00;;-1.00;-1.00;3401.00;0.92;4730651_0;5.10;0.00;tripinfo_4714;199.00;4714;0;800.83;1.02;0.00;92.14;DEFAULT_VEHTYPE;end;2;75.00
-1.00;;-1.00;-1.00;3416.00;6.20;121794822#3_0;5.10;0.00;tripinfo_4715;184.00;4715;0;812.39;1.04;0.00;53.56;DEFAULT_VEHTYPE;end;3;20.00
-1.00;;-1.00;-1.00;3403.00;1.48;606127855_0;0.20;0.00;tripinfo_4716;197.00;4716;0;1181.76;0.97;0.00;47.41;DEFAULT_VEHTYPE;end;1;13.00
-1.00;;-1.00;-1.00;3407.00;1.76;95742119#1_0;3.64;0.00;tripinfo_4717;193.00;4717;0;70.40;1.11;0.00;184.42;DEFAULT_VEHTYPE;end;2;172.00
-1.00;;-1.00;-1.00;3404.00;0.04;-327412184_0;5.10;0.00;tripinfo_4718;196.00;4718;0;289.59;0.99;0.00;159.26;DEFAULT_VEHTYPE;end;3;143.00
-1.00;;-1.00;-1.00;3407.00;0.32;124862953_0;0.20;0.00;tripinfo_4719;193.00;4719;1;942.83;1.02;0.00;50.68;DEFAULT_VEHTYPE;end;2;6.00
-1.00;;-1.00;-1.00;3404.00;0.60;31431101#3_0;5.10;0.00;tripinfo_4720;196.00;4720;0;1338.37;0.92;0.00;20.09;DEFAULT_VEHTYPE;end;0;0.00
-1.00;;-1.00;-1.00;3413.00;0.88;40493384#0_0;5.10;0.00;tripinfo_4721;187.00;4721;0;168.39;0.88;0.00;163.01;DEFAULT_VEHTYPE;end;2;150.00
-1.00;;-1.00;-1.00;3540.00;140.16;945224009_0;5.10;0.00;tripinfo_4722;60.00;4722;0;22.45;1.01;0.00;56.33;DEFAULT_VEHTYPE;end;5;39.00
-1.00;;-1.00;-1.00;3414.00;4.44;1091652283_0;5.10;0.00;tripinfo_4723;186.00;4723;0;952.23;1.08;0.00;115.13;DEFAULT_VEHTYPE;end;5;83.00
-1.00;;-1.00;-1.00;3415.00;0.72;150275971_0;5.10;0.00;tripinfo_4724;185.00;4724;0;1164.72;0.87;0.00;21.74;DEFAULT_VEHTYPE;end;0;0.00
-1.00;;-1.00;-1.00;3418.00;0.28;40493384#2_0;5.10;0.00;tripinfo_4726;182.00;4726;0;126.87;0.99;0.00;165.68;DEFAULT_VEHTYPE;end;2;154.00
-1.00;;-1.00;-1.00;3419.00;0.56;-27882418#1_0;5.10;0.00;tripinfo_4727;181.00;4727;0;279.12;1.07;0.00;148.63;DEFAULT_VEHTYPE;end;1;141.00
-1.00;;-1.00;-1.00;3407.00;0.84;4726711#1_0;5.10;0.00;tripinfo_4728;193.00;4728;0;852.79;0.97;0.00;77.18;DEFAULT_VEHTYPE;end;1;55.00
-1.00;;-1.00;-1.00;3414.00;0.12;4730648#2_0;5.10;0.00;tripinfo_4729;186.00;4729;0;410.52;0.78;0.00;121.88;DEFAULT_VEHTYPE;end;2;106.00
-1.00;;-1.00;-1.00;3488.00;69.40;307372337#0_0;5.10;0.00;tripinfo_4730;112.00;4730;0;281.29;1.19;0.00;82.34;DEFAULT_VEHTYPE;end;3;64.00
-1.00;;-1.00;-1.00;3413.00;0.96;450925440_0;5.10;0.00;tripinfo_4732;187.00;4732;1;363.34;0.91;0.00;136.91;DEFAULT_VEHTYPE;end;3;117.00
-1.00;;-1.00;-1.00;3427.00;0.80;393494868_0;5.10;0.00;tripinfo_4735;173.00;4735;0;411.17;0.97;0.00;141.45;DEFAULT_VEHTYPE;end;2;123.00
-1.00;;-1.00;-1.00;3422.00;0.08;-150275984#2_0;5.10;0.00;tripinfo_4736;178.00;4736;0;920.01;1.03;0.00;30.07;DEFAULT_VEHTYPE;end;0;0.00
-1.00;;-1.00;-1.00;3414.00;0.64;4426076#0_0;5.10;0.00;tripinfo_4738;186.00;4738;0;189.28;0.92;0.00;159.85;DEFAULT_VEHTYPE;end;2;147.00
-1.00;;-1.00;-1.00;3466.00;40.92;-47446166_0;5.10;0.00;tripinfo_4739;134.00;4739;0;327.85;0.84;0.00;86.00;DEFAULT_VEHTYPE;end;1;77.00
-1.00;;-1.00;-1.00;3419.00;0.20;8152035#2_0;5.10;0.00;tripinfo_4740;181.00;4740;0;1591.02;0.87;0.00;37.98;DEFAULT_VEHTYPE;end;3;13.00
-1.00;;-1.00;-1.00;3417.00;1.48;8152036#0_0;5.10;0.00;tripinfo_4741;183.00;4741;0;1175.92;1.11;0.00;71.64;DEFAULT_VEHTYPE;end;3;33.00
-1.00;;-1.00;-1.00;3417.00;0.76;8382358_0;5.10;0.00;tripinfo_4742;183.00;4742;0;489.66;1.16;0.00;130.63;DEFAULT_VEHTYPE;end;3;103.00
-1.00;;-1.00;-1.00;3435.00;0.04;-9387033#3_0;5.10;0.00;tripinfo_4743;165.00;4743;1;1089.37;1.15;0.00;63.13;DEFAULT_VEHTYPE;end;3;39.00
-1.00;;-1.00;-1.00;3435.00;0.32;-31411680#2_0;5.10;0.00;tripinfo_4744;165.00;4744;0;1039.27;0.86;0.00;17.87;DEFAULT_VEHTYPE;end;0;0.00
-1.00;;-1.00;-1.00;3432.00;1.60;-220267107#1_0;5.10;0.00;tripinfo_4745;168.00;4745;0;1048.55;0.91;0.00;28.20;DEFAULT_VEHTYPE;end;1;11.00
-1.00;;-1.00;-1.00;3427.00;0.88;36801004#1_0;5.10;0.00;tripinfo_4746;173.00;4746;0;1630.89;0.99;0.00;52.26;DEFAULT_VEHTYPE;end;2;36.00
-1.00;;-1.00;-1.00;3426.00;7.16;-960773147_0;5.10;0.00;tripinfo_4747;174.00;4747;0;741.25;1.04;0.00;85.65;DEFAULT_VEHTYPE;end;2;61.00
-1.00;;-1.00;-1.00;3431.00;0.00;4730648#0_0;5.10;0.00;tripinfo_4750;169.00;4750;0;504.74;0.78;0.00;90.10;DEFAULT_VEHTYPE;end;2;73.00
-1.00;;-1.00;-1.00;3434.00;0.28;8404828#1_0;5.10;0.00;tripinfo_4751;166.00;4751;0;93.65;1.05;0.00;154.30;DEFAULT_VEHTYPE;end;1;148.00
-1.00;;-1.00;-1.00;3434.00;0.56;162611854#1_0;0.20;0.00;tripinfo_4752;166.00;4752;0;857.38;0.89;0.00;60.05;DEFAULT_VEHTYPE;end;1;43.00
-1.00;;-1.00;-1.00;3432.00;0.84;240549300#0_0;5.10;0.00;tripinfo_4753;168.00;4753;0;105.81;1.02;0.00;154.59;DEFAULT_VEHTYPE;end;2;145.00
-1.00;;-1.00;-1.00;3441.00;0.12;410939627_0;0.20;0.00;tripinfo_4754;159.00;4754;0;1601.04;1.06;0.00;48.48;DEFAULT_VEHTYPE;end;2;31.00
-1.00;;-1.00;-1.00;3434.00;0.40;121794822#6_0;5.10;0.00;tripinfo_4755;166.00;4755;0;556.58;0.89;0.00;33.64;DEFAULT_VEHTYPE;end;1;1.00
-1.00;;-1.00;-1.00;3438.00;2.68;-8140188#16_0;5.10;0.00;tripinfo_4756;162.00;4756;0;794.71;0.88;0.00;52.15;DEFAULT_VEHTYPE;end;2;29.00
-1.00;;-1.00;-1.00;3435.00;0.96;11294375#0_0;5.10;0.00;tripinfo_4757;165.00;4757;0;1052.20;1.00;0.00;36.69;DEFAULT_VEHTYPE;end;1;20.00
-1.00;;-1.00;-1.00;3585.00;148.24;308337938_0;0.20;0.00;tripinfo_4758;15.00;4758;0;2.38;0.94;0.00;13.70;DEFAULT_VEHTYPE;end;1;8.00
-1.00;;-1.00;-1.00;3438.00;0.80;-654207122_0;0.20;0.00;tripinfo_4760;162.00;4760;0;514.94;1.06;0.00;58.43;DEFAULT_VEHTYPE;end;3;27.00
-1.00;;-1.00;-1.00;3436.00;1.08;856297346_0;5.10;0.00;tripinfo_4761;164.00;4761;1;1454.68;1.13;0.00;56.56;DEFAULT_VEHTYPE;end;3;29.00
-1.00;;-1.00;-1.00;3448.00;0.36;-121794822#5_0;5.10;0.00;tripinfo_4762;152.00;4762;0;589.21;0.91;0.00;27.24;DEFAULT_VEHTYPE;end;0;0.00
-1.00;;-1.00;-1.00;3437.00;0.64;62020116#0_0;5.10;0.00;tripinfo_4763;163.00;4763;0;1006.98;0.97;0.00;67.85;DEFAULT_VEHTYPE;end;2;38.00
-1.00;;-1.00;-1.00;3449.00;0.20;31449245_0;5.10;0.00;tripinfo_4765;151.00;4765;0;1010.87;1.02;0.00;23.84;DEFAULT_VEHTYPE;end;1;5.00
-1.00;;-1.00;-1.00;3445.00;0.48;654207127#4_0;5.10;0.00;tripinfo_4766;155.00;4766;0;780.69;1.10;0.00;46.49;DEFAULT_VEHTYPE;end;2;16.00
-1.00;;-1.00;-1.00;3445.00;0.04;-47027857#1_0;4.00;0.00;tripinfo_4768;155.00;4768;1;952.92;0.94;0.00;49.05;DEFAULT_VEHTYPE;end;3;22.00
-1.00;;-1.00;-1.00;3439.00;0.32;830745951_0;5.10;0.00;tripinfo_4769;161.00;4769;0;985.94;1.05;0.00;47.54;DEFAULT_VEHTYPE;end;1;31.00
-1.00;;-1.00;-1.00;3450.00;0.60;13764245#0_0;5.10;0.00;tripinfo_4770;150.00;4770;0;269.11;0.87;0.00;111.75;DEFAULT_VEHTYPE;end;1;104.00
-1.00;;-1.00;-1.00;3445.00;0.88;693295225_0;5.10;0.00;tripinfo_4771;155.00;4771;0;1556.36;1.18;0.00;54.27;DEFAULT_VEHTYPE;end;1;10.00
-1.00;;-1.00;-1.00;3447.00;0.16;510702675#0_0;5.10;0.00;tripinfo_4772;153.00;4772;0;135.77;1.15;0.00;137.83;DEFAULT_VEHTYPE;end;2;129.00
-1.00;;-1.00;-1.00;3458.00;0.72;1162841664#0_0;5.10;0.00;tripinfo_4774;142.00;4774;0;418.92;1.00;0.00;90.14;DEFAULT_VEHTYPE;end;1;81.00
-1.00;;-1.00;-1.00;3441.00;0.00;40493501#0_0;5.10;0.00;tripinfo_4775;159.00;4775;0;66.71;1.01;0.00;150.04;DEFAULT_VEHTYPE;end;2;135.00
-1.00;;-1.00;-1.00;3441.00;0.56;-8382302#0_0;5.10;0.00;tripinfo_4777;159.00;4777;0;1021.83;0.91;0.00;23.54;DEFAULT_VEHTYPE;end;1;2.00
-1.00;;-1.00;-1.00;3448.00;0.84;-524150320#2_0;5.10;0.00;tripinfo_4778;152.00;4778;0;678.23;0.99;0.00;68.03;DEFAULT_VEHTYPE;end;1;58.00
-1.00;;-1.00;-1.00;3456.00;0.12;413722446_0;0.20;0.00;tripinfo_4779;144.00;4779;0;942.77;1.05;0.00;59.75;DEFAULT_VEHTYPE;end;2;33.00
-1.00;;-1.00;-1.00;3459.00;0.40;-96016135_0;2.24;0.00;tripinfo_4780;141.00;4780;1;849.46;0.97;0.00;59.91;DEFAULT_VEHTYPE;end;3;39.00
-1.00;;-1.00;-1.00;3449.00;0.68;-231940830#3_0;5.10;0.00;tripinfo_4781;151.00;4781;0;840.83;1.05;0.00;52.48;DEFAULT_VEHTYPE;end;1;25.00
-1.00;;-1.00;-1.00;3458.00;0.96;-4426076#2_0;5.10;0.00;tripinfo_4782;142.00;4782;0;282.78;1.11;0.00;109.51;DEFAULT_VEHTYPE;end;2;94.00
-1.00;;-1.00;-1.00;3452.00;1.24;231483313#0_0;5.10;0.00;tripinfo_4783;148.00;4783;0;521.23;0.93;0.00;68.17;DEFAULT_VEHTYPE;end;2;51.00
-1.00;;-1.00;-1.00;3448.00;0.52;1041085657#0_0;5.10;0.00;tripinfo_4784;152.00;4784;0;116.70;1.07;0.00;137.95;DEFAULT_VEHTYPE;end;2;131.00
-1.00;;-1.00;-1.00;3553.00;93.80;40493501#0_0;5.10;0.00;tripinfo_4785;47.00;4785;0;36.70;0.68;0.00;39.49;DEFAULT_VEHTYPE;end;2;30.00
-1.00;;-1.00;-1.00;3450.00;0.08;150275991#1_0;5.10;0.00;tripinfo_4786;150.00;4786;0;327.49;1.05;0.00;111.54;DEFAULT_VEHTYPE;end;1;103.00
-1.00;;-1.00;-1.00;3448.00;0.36;150275971_0;5.10;0.00;tripinfo_4787;152.00;4787;0;415.58;1.11;0.00;105.46;DEFAULT_VEHTYPE;end;2;87.00
-1.00;;-1.00;-1.00;3467.00;0.92;155433040#0_0;5.10;0.00;tripinfo_4789;133.00;4789;0;735.39;1.01;0.00;43.09;DEFAULT_VEHTYPE;end;1;32.00
-1.00;;-1.00;-1.00;3456.00;0.48;-781742860#0_0;5.10;0.00;tripinfo_4791;144.00;4791;0;211.83;1.21;0.00;121.46;DEFAULT_VEHTYPE;end;3;99.00
-1.00;;-1.00;-1.00;3455.00;0.76;-13853659#1_0;5.10;0.00;tripinfo_4792;145.00;4792;0;222.72;0.90;0.00;100.32;DEFAULT_VEHTYPE;end;2;86.00
-1.00;;-1.00;-1.00;3463.00;0.04;-220267104#1_0;5.10;0.00;tripinfo_4793;137.00;4793;0;285.76;1.01;0.00;101.88;DEFAULT_VEHTYPE;end;2;90.00
-1.00;;-1.00;-1.00;3464.00;0.32;-8140188#2_0;5.10;0.00;tripinfo_4794;136.00;4794;0;962.33;1.10;0.00;29.61;DEFAULT_VEHTYPE;end;1;14.00
-1.00;;-1.00;-1.00;3470.00;7.60;4726685#1_0;5.10;0.00;tripinfo_4795;130.00;4795;0;660.13;1.19;0.00;46.76;DEFAULT_VEHTYPE;end;2;20.00
-1.00;;-1.00;-1.00;3470.00;0.88;-29023870#1_0;5.10;0.00;tripinfo_4796;130.00;4796;0;16.84;0.94;0.00;126.13;DEFAULT_VEHTYPE;end;2;120.00
-1.00;;-1.00;-1.00;3457.00;0.16;7682864#0_0;5.10;0.00;tripinfo_4797;143.00;4797;0;566.60;1.00;0.00;73.03;DEFAULT_VEHTYPE;end;1;62.00
-1.00;;-1.00;-1.00;3459.00;0.44;-654207122_0;0.20;0.00;tripinfo_4798;141.00;4798;0;346.60;0.99;0.00;49.06;DEFAULT_VEHTYPE;end;4;15.00
-1.00;;-1.00;-1.00;3470.00;0.72;1308361545#0_0;5.10;0.00;tripinfo_4799;130.00;4799;0;187.92;0.96;0.00;104.71;DEFAULT_VEHTYPE;end;2;94.00
-1.00;;-1.00;-1.00;3472.00;0.00;31519076#1_0;5.10;0.00;tripinfo_4800;128.00;4800;0;888.59;1.03;0.00;13.82;DEFAULT_VEHTYPE;end;0;0.00
-1.00;;-1.00;-1.00;3472.00;0.28;-27807643#2_0;5.10;0.00;tripinfo_4801;128.00;4801;0;937.15;1.00;0.00;56.06;DEFAULT_VEHTYPE;end;3;36.00
-1.00;;-1.00;-1.00;3477.00;0.56;4690639#0_0;5.10;0.00;tripinfo_4802;123.00;4802;0;190.09;1.19;0.00;102.54;DEFAULT_VEHTYPE;end;1;97.00
-1.00;;-1.00;-1.00;3474.00;0.12;-8382283#2_0;5.10;0.00;tripinfo_4804;126.00;4804;0;628.51;0.96;0.00;29.33;DEFAULT_VEHTYPE;end;1;5.00
-1.00;;-1.00;-1.00;3480.00;0.96;-121794822#5_0;5.10;0.00;tripinfo_4807;120.00;4807;0;272.36;1.10;0.00;51.91;DEFAULT_VEHTYPE;end;2;30.00
-1.00;;-1.00;-1.00;3477.00;0.52;-96016135_0;2.24;0.00;tripinfo_4809;123.00;4809;0;812.20;1.14;0.00;55.93;DEFAULT_VEHTYPE;end;3;28.00
-1.00;;-1.00;-1.00;3478.00;0.80;4422177_0;5.10;0.00;tripinfo_4810;122.00;4810;1;1274.78;1.02;0.00;15.92;DEFAULT_VEHTYPE;end;0;0.00
-1.00;;-1.00;-1.00;3474.00;0.08;31518448#0_0;5.10;0.00;tripinfo_4811;126.00;4811;0;273.60;1.04;0.00;93.04;DEFAULT_VEHTYPE;end;2;81.00
-1.00;;-1.00;-1.00;3482.00;2.36;31445160#1_0;5.10;0.00;tripinfo_4812;118.00;4812;0;188.95;1.13;0.00;96.85;DEFAULT_VEHTYPE;end;2;70.00
-1.00;;-1.00;-1.00;3476.00;0.64;-8382429#1_0;5.10;0.00;tripinfo_4813;124.00;4813;0;189.49;0.85;0.00;96.14;DEFAULT_VEHTYPE;end;2;86.00
-1.00;;-1.00;-1.00;3468.00;0.92;62020117#0_0;5.10;0.00;tripinfo_4814;132.00;4814;0;912.17;0.83;0.00;48.30;DEFAULT_VEHTYPE;end;3;27.00
-1.00;;-1.00;-1.00;3467.00;0.20;95742119#1_0;3.64;0.00;tripinfo_4815;133.00;4815;0;11.40;0.99;0.00;130.62;DEFAULT_VEHTYPE;end;1;128.00
-1.00;;-1.00;-1.00;3484.00;0.48;239757874#3_0;5.10;0.00;tripinfo_4816;116.00;4816;0;514.73;1.02;0.00;43.37;DEFAULT_VEHTYPE;;1;33.00
-1.00;;-1.00;-1.00;3480.00;0.04;1156329250_0;1.26;0.00;tripinfo_4818;120.00;4818;0;957.09;1.20;0.00;22.45;DEFAULT_VEHTYPE;end;0;0.00
-1.00;;-1.00;-1.00;3477.00;0.60;95742114_0;5.10;0.00;tripinfo_4820;123.00;4820;0;370.80;1.11;0.00;96.74;DEFAULT_VEHTYPE;end;2;71.00
-1.00;;-1.00;-1.00;3489.00;0.88;220267105#1_0;5.10;0.00;tripinfo_4821;111.00;4821;0;532.37;1.10;0.00;51.51;DEFAULT_VEHTYPE;end;2;23.00
-1.00;;-1.00;-1.00;3475.00;0.16;-121794822#7_0;5.10;0.00;tripinfo_4822;125.00;4822;0;442.45;1.07;0.00;30.50;DEFAULT_VEHTYPE;end;2;5.00
-1.00;;-1.00;-1.00;3488.00;0.44;4726680_0;5.10;0.00;tripinfo_4823;112.00;4823;0;981.18;1.03;0.00;25.98;DEFAULT_VEHTYPE;end;1;14.00
-1.00;;-1.00;-1.00;3482.00;0.72;510481273#1_0;5.10;0.00;tripinfo_4824;118.00;4824;0;158.65;0.97;0.00;98.27;DEFAULT_VEHTYPE;end;3;80.00
-1.00;;-1.00;-1.00;3481.00;0.00;8152035#2_0;5.10;0.00;tripinfo_4825;119.00;4825;1;652.75;0.81;0.00;39.94;DEFAULT_VEHTYPE;end;2;21.00
-1.00;;-1.00;-1.00;3495.00;6.28;-31431101#1_0;5.10;0.00;tripinfo_4826;105.00;4826;0;69.10;1.02;0.00;95.89;DEFAULT_VEHTYPE;end;2;85.00
-1.00;;-1.00;-1.00;3482.00;0.56;4726718_0;5.10;0.00;tripinfo_4827;118.00;4827;0;358.75;1.10;0.00;93.57;DEFAULT_VEHTYPE;end;2;76.00
-1.00;;-1.00;-1.00;3496.00;0.84;879483837_0;5.10;0.00;tripinfo_4828;104.00;4828;0;96.43;1.07;0.00;95.66;DEFAULT_VEHTYPE;end;2;75.00
-1.00;;-1.00;-1.00;3487.00;0.40;23084263#0_0;5.10;0.00;tripinfo_4830;113.00;4830;0;183.73;0.88;0.00;86.43;DEFAULT_VEHTYPE;end;1;82.00
-1.00;;-1.00;-1.00;3485.00;0.68;4730631#1_0;5.10;0.00;tripinfo_4831;115.00;4831;0;638.00;0.89;0.00;23.02;DEFAULT_VEHTYPE;end;1;9.00
-1.00;;-1.00;-1.00;3492.00;0.96;137238867#2_0;5.10;0.00;tripinfo_4832;108.00;4832;0;132.35;0.98;0.00;95.14;DEFAULT_VEHTYPE;end;1;89.00
-1.00;;-1.00;-1.00;3501.00;0.52;40151779#0_0;5.10;0.00;tripinfo_4834;99.00;4834;0;307.84;0.92;0.00;57.95;DEFAULT_VEHTYPE;end;1;51.00
-1.00;;-1.00;-1.00;3493.00;0.80;745660413#2_0;0.20;0.00;tripinfo_4835;107.00;4835;0;0.00;0.90;0.00;106.00;DEFAULT_VEHTYPE;end;1;106.00
-1.00;;-1.00;-1.00;3495.00;0.08;8144186#0_0;5.10;0.00;tripinfo_4836;105.00;4836;0;160.91;1.00;0.00;76.95;DEFAULT_VEHTYPE;end;1;71.00
-1.00;;-1.00;-1.00;3484.00;0.36;8384907#0_0;5.10;0.00;tripinfo_4837;116.00;4837;0;666.06;0.96;0.00;31.17;DEFAULT_VEHTYPE;end;2;12.00
-1.00;;-1.00;-1.00;3501.00;0.64;-96016135_0;2.24;0.00;tripinfo_4838;99.00;4838;0;754.42;0.99;0.00;26.44;DEFAULT_VEHTYPE;end;2;10.00
-1.00;;-1.00;-1.00;3502.00;0.20;150275986#3_0;5.10;0.00;tripinfo_4840;98.00;4840;0;513.75;1.09;0.00;40.32;DEFAULT_VEHTYPE;end;2;28.00
-1.00;;-1.00;-1.00;3489.00;0.76;231945290#6_0;5.10;0.00;tripinfo_4842;111.00;4842;0;49.75;1.06;0.00;104.38;DEFAULT_VEHTYPE;end;1;101.00
-1.00;;-1.00;-1.00;3493.00;0.04;36801004#1_0;5.10;0.00;tripinfo_4843;107.00;4843;1;560.40;1.00;0.00;45.58;DEFAULT_VEHTYPE;end;2;25.00
-1.00;;-1.00;-1.00;3507.00;0.32;175206107#0_0;5.10;0.00;tripinfo_4844;93.00;4844;0;91.16;0.76;0.00;77.64;DEFAULT_VEHTYPE;end;1;74.00
-1.00;;-1.00;-1.00;3491.00;0.60;5450860#1_0;5.10;0.00;tripinfo_4845;109.00;4845;0;703.61;0.89;0.00;11.47;DEFAULT_VEHTYPE;end;0;0.00
-1.00;;-1.00;-1.00;3498.00;0.88;856293284_0;5.10;0.00;tripinfo_4846;102.00;4846;0;1316.37;1.09;0.00;14.29;DEFAULT_VEHTYPE;end;0;0.00
-1.00;;-1.00;-1.00;3491.00;0.16;4426075#0_0;5.10;0.00;tripinfo_4847;109.00;4847;0;228.94;1.07;0.00;82.20;DEFAULT_VEHTYPE;end;2;71.00
-1.00;;-1.00;-1.00;3497.00;0.44;-433333438#1_0;5.10;0.00;tripinfo_4848;103.00;4848;0;748.58;0.97;0.00;43.10;DEFAULT_VEHTYPE;;1;30.00
-1.00;;-1.00;-1.00;3501.00;0.72;396926518_0;5.10;0.00;tripinfo_4849;99.00;4849;0;543.75;0.78;0.00;12.62;DEFAULT_VEHTYPE;;0;0.00
-1.00;;-1.00;-1.00;3500.00;0.00;1156329248_0;5.10;0.00;tripinfo_4850;100.00;4850;1;544.45;1.10;0.00;11.52;DEFAULT_VEHTYPE;end;0;0.00
-1.00;;-1.00;-1.00;3508.00;0.28;591680761#0_0;5.10;0.00;tripinfo_4851;92.00;4851;0;96.56;1.09;0.00;81.56;DEFAULT_VEHTYPE;end;3;62.00
-1.00;;-1.00;-1.00;3504.00;0.56;-14362916#1_0;5.10;0.00;tripinfo_4852;96.00;4852;1;487.44;1.08;0.00;40.48;DEFAULT_VEHTYPE;end;1;30.00
-1.00;;-1.00;-1.00;3514.00;0.84;31512978#2_0;0.20;0.00;tripinfo_4853;86.00;4853;0;297.56;1.06;0.00;59.99;DEFAULT_VEHTYPE;end;3;40.00
-1.00;;-1.00;-1.00;3505.00;0.12;1162840696#0_0;5.10;0.00;tripinfo_4854;95.00;4854;0;702.99;1.01;0.00;10.36;DEFAULT_VEHTYPE;end;0;0.00
-1.00;;-1.00;-1.00;3512.00;0.40;410939626_0;0.20;0.00;tripinfo_4855;88.00;4855;0;406.09;0.82;0.00;49.58;DEFAULT_VEHTYPE;end;2;38.00
-1.00;;-1.00;-1.00;3502.00;0.68;-8382447#1_0;5.10;0.00;tripinfo_4856;98.00;4856;0;483.77;0.94;0.00;34.02;DEFAULT_VEHTYPE;end;2;20.00
-1.00;;-1.00;-1.00;3553.00;54.96;1089552776#1_0;5.10;0.00;tripinfo_4857;47.00;4857;0;229.62;0.92;0.00;15.03;DEFAULT_VEHTYPE;end;1;6.00
-1.00;;-1.00;-1.00;3509.00;0.24;419709604#0_0;5.10;0.00;tripinfo_4858;91.00;4858;0;26.38;0.88;0.00;86.40;DEFAULT_VEHTYPE;end;1;82.00
-1.00;;-1.00;-1.00;3509.00;0.52;-4726710#0_0;5.10;0.00;tripinfo_4859;91.00;4859;1;478.26;1.08;0.00;11.55;DEFAULT_VEHTYPE;end;0;0.00
-1.00;;-1.00;-1.00;3500.00;0.08;-628755547#3_0;5.10;0.00;tripinfo_4861;100.00;4861;0;719.91;1.03;0.00;13.71;DEFAULT_VEHTYPE;end;0;0.00
-1.00;;-1.00;-1.00;3518.00;0.36;-220267247#5_0;5.10;0.00;tripinfo_4862;82.00;4862;0;537.64;1.07;0.00;20.71;DEFAULT_VEHTYPE;end;2;8.00
-1.00;;-1.00;-1.00;3517.00;0.64;183370113#3_0;5.10;0.00;tripinfo_4863;83.00;4863;1;460.32;0.97;0.00;24.66;DEFAULT_VEHTYPE;end;1;9.00
-1.00;;-1.00;-1.00;3510.00;0.92;62020113#0_0;5.10;0.00;tripinfo_4864;90.00;4864;0;588.88;0.95;0.00;17.41;DEFAULT_VEHTYPE;;1;2.00
-1.00;;-1.00;-1.00;3521.00;0.20;150275991#1_0;5.10;0.00;tripinfo_4865;79.00;4865;0;98.28;1.08;0.00;67.04;DEFAULT_VEHTYPE;end;2;58.00
-1.00;;-1.00;-1.00;3519.00;0.48;-290172304_0;5.10;0.00;tripinfo_4866;81.00;4866;0;364.04;0.97;0.00;34.83;DEFAULT_VEHTYPE;end;1;27.00
-1.00;;-1.00;-1.00;3514.00;0.76;1153265597#0_0;5.10;0.00;tripinfo_4867;86.00;4867;0;606.55;0.97;0.00;10.27;DEFAULT_VEHTYPE;end;0;0.00
-1.00;;-1.00;-1.00;3513.00;0.04;31411842#0_0;5.10;0.00;tripinfo_4868;87.00;4868;0;531.42;0.97;0.00;10.47;DEFAULT_VEHTYPE;end;0;0.00
-1.00;;-1.00;-1.00;3521.00;8.32;121794822#8_0;5.10;0.00;tripinfo_4869;79.00;4869;0;167.46;1.07;0.00;21.58;DEFAULT_VEHTYPE;end;0;0.00
-1.00;;-1.00;-1.00;3509.00;0.60;4426075#0_0;5.10;0.00;tripinfo_4870;91.00;4870;0;221.44;1.01;0.00;63.77;DEFAULT_VEHTYPE;end;2;53.00
-1.00;;-1.00;-1.00;3525.00;0.88;-40493501#3_0;5.10;0.00;tripinfo_4871;75.00;4871;0;153.22;0.81;0.00;51.22;DEFAULT_VEHTYPE;end;1;45.00
-1.00;;-1.00;-1.00;3520.00;0.16;1153265597#0_0;5.10;0.00;tripinfo_4872;80.00;4872;0;570.06;0.98;0.00;8.79;DEFAULT_VEHTYPE;end;0;0.00
-1.00;;-1.00;-1.00;3520.00;0.44;31414790#0_0;5.10;0.00;tripinfo_4873;80.00;4873;0;555.62;1.05;0.00;11.56;DEFAULT_VEHTYPE;end;0;0.00
-1.00;;-1.00;-1.00;3516.00;0.72;290174549#0_0;5.10;0.00;tripinfo_4874;84.00;4874;0;220.90;1.04;0.00;60.48;DEFAULT_VEHTYPE;end;4;25.00
-1.00;;-1.00;-1.00;3512.00;0.28;-414404581#1_0;5.10;0.00;tripinfo_4876;88.00;4876;0;27.51;1.20;0.00;83.85;DEFAULT_VEHTYPE;end;2;74.00
-1.00;;-1.00;-1.00;3515.00;0.56;1174387992_0;3.66;0.00;tripinfo_4877;85.00;4877;0;738.51;0.91;0.00;14.44;DEFAULT_VEHTYPE;end;0;0.00
-1.00;;-1.00;-1.00;3522.00;0.84;4726681#2_0;5.10;0.00;tripinfo_4878;78.00;4878;0;346.87;0.94;0.00;32.24;DEFAULT_VEHTYPE;end;1;24.00
-1.00;;-1.00;-1.00;3518.00;0.12;150276003#2_0;5.10;0.00;tripinfo_4879;82.00;4879;0;576.97;1.05;0.00;14.66;DEFAULT_VEHTYPE;end;1;4.00
-1.00;;-1.00;-1.00;3527.00;1.40;150275984#4_0;5.10;0.00;tripinfo_4880;73.00;4880;0;331.07;1.04;0.00;33.63;DEFAULT_VEHTYPE;end;1;22.00
-1.00;;-1.00;-1.00;3523.00;0.96;150275988#5_0;5.10;0.00;tripinfo_4882;77.00;4882;0;490.86;0.88;0.00;8.62;DEFAULT_VEHTYPE;end;0;0.00
-1.00;;-1.00;-1.00;3577.00;60.24;37535329#1_0;5.10;0.00;tripinfo_4883;23.00;4883;0;1.48;0.83;0.00;21.79;DEFAULT_VEHTYPE;end;1;21.00
-1.00;;-1.00;-1.00;3519.00;0.52;-8382305_0;5.10;0.00;tripinfo_4884;81.00;4884;0;564.85;1.06;0.00;15.24;DEFAULT_VEHTYPE;end;1;4.00
-1.00;;-1.00;-1.00;3525.00;0.80;-36786443#2_0;5.10;0.00;tripinfo_4885;75.00;4885;0;456.22;0.83;0.00;8.24;DEFAULT_VEHTYPE;end;0;0.00
-1.00;;-1.00;-1.00;3523.00;0.08;31412878_0;5.10;0.00;tripinfo_4886;77.00;4886;0;256.35;0.93;0.00;32.73;DEFAULT_VEHTYPE;end;2;18.00
-1.00;;-1.00;-1.00;3529.00;0.36;4730649_0;5.10;0.00;tripinfo_4887;71.00;4887;0;369.72;1.05;0.00;27.34;DEFAULT_VEHTYPE;end;1;21.00
-1.00;;-1.00;-1.00;3531.00;0.64;150275971_0;5.10;0.00;tripinfo_4888;69.00;4888;0;317.11;0.76;0.00;16.70;DEFAULT_VEHTYPE;end;1;7.00
-1.00;;-1.00;-1.00;3531.00;0.92;610739513#1_0;5.10;0.00;tripinfo_4889;69.00;4889;0;506.05;0.93;0.00;8.92;DEFAULT_VEHTYPE;end;0;0.00
-1.00;;-1.00;-1.00;3538.00;0.20;17670100#2_0;5.10;0.00;tripinfo_4890;62.00;4890;0;281.15;0.98;0.00;25.95;DEFAULT_VEHTYPE;end;1;18.00
-1.00;;-1.00;-1.00;3526.00;0.48;-150275988#4_0;5.10;0.00;tripinfo_4891;74.00;4891;0;464.58;0.94;0.00;12.83;DEFAULT_VEHTYPE;end;0;0.00
-1.00;;-1.00;-1.00;3543.00;7.76;40493501#2_0;5.10;0.00;tripinfo_4892;57.00;4892;0;129.76;1.03;0.00;40.40;DEFAULT_VEHTYPE;end;1;34.00
-1.00;;-1.00;-1.00;3527.00;0.04;-290172304_0;5.10;0.00;tripinfo_4893;73.00;4893;0;484.45;0.93;0.00;8.87;DEFAULT_VEHTYPE;end;0;0.00
-1.00;;-1.00;-1.00;3540.00;0.60;-155472436#1_0;5.10;0.00;tripinfo_4895;60.00;4895;0;521.93;0.95;0.00;6.52;DEFAULT_VEHTYPE;end;0;0.00
-1.00;;-1.00;-1.00;3544.00;0.16;-150275986#4_0;0.20;0.00;tripinfo_4897;56.00;4897;0;424.81;1.06;0.00;6.63;DEFAULT_VEHTYPE;end;0;0.00
-1.00;;-1.00;-1.00;3528.00;0.44;-4318239#1_0;5.10;0.00;tripinfo_4898;72.00;4898;0;570.57;1.12;0.00;10.43;DEFAULT_VEHTYPE;end;0;0.00
-1.00;;-1.00;-1.00;3533.00;0.72;23084263#0_0;5.10;0.00;tripinfo_4899;67.00;4899;0;176.23;1.02;0.00;45.14;DEFAULT_VEHTYPE;end;1;38.00
-1.00;;-1.00;-1.00;3534.00;0.28;1153265597#0_0;5.10;0.00;tripinfo_4901;66.00;4901;0;488.86;1.04;0.00;8.60;DEFAULT_VEHTYPE;end;0;0.00
-1.00;;-1.00;-1.00;3536.00;0.56;95742114_0;5.10;0.00;tripinfo_4902;64.00;4902;0;340.79;1.06;0.00;38.42;DEFAULT_VEHTYPE;end;2;28.00
-1.00;;-1.00;-1.00;3545.00;0.84;220267104#0_0;5.10;0.00;tripinfo_4903;55.00;4903;0;356.96;1.08;0.00;13.47;DEFAULT_VEHTYPE;end;1;5.00
-1.00;;-1.00;-1.00;3537.00;4.12;-31431101#4_0;5.10;0.00;tripinfo_4904;63.00;4904;0;130.89;1.02;0.00;46.60;DEFAULT_VEHTYPE;end;3;28.00
-1.00;;-1.00;-1.00;3539.00;0.40;33301688#0_0;5.10;0.00;tripinfo_4905;61.00;4905;0;395.45;1.07;0.00;15.35;DEFAULT_VEHTYPE;end;1;2.00
-1.00;;-1.00;-1.00;3551.00;0.24;162611854#0_0;5.10;0.00;tripinfo_4908;49.00;4908;0;329.13;1.09;0.00;13.03;DEFAULT_VEHTYPE;end;1;4.00
-1.00;;-1.00;-1.00;3536.00;0.52;-31519076#2_0;5.10;0.00;tripinfo_4909;64.00;4909;0;283.83;1.00;0.00;13.09;DEFAULT_VEHTYPE;end;1;1.00
-1.00;;-1.00;-1.00;3555.00;0.80;9387033#0_0;5.10;0.00;tripinfo_4910;45.00;4910;0;284.77;1.24;0.00;18.01;DEFAULT_VEHTYPE;end;1;7.00
-1.00;;-1.00;-1.00;3545.00;0.08;628782530_0;3.16;0.00;tripinfo_4911;55.00;4911;0;73.97;0.95;0.00;47.60;DEFAULT_VEHTYPE;end;3;28.00
-1.00;;-1.00;-1.00;3553.00;0.36;625259600_0;5.10;0.00;tripinfo_4912;47.00;4912;0;503.13;0.88;0.00;4.90;DEFAULT_VEHTYPE;end;0;0.00
-1.00;;-1.00;-1.00;3544.00;0.64;654207127#5_0;5.10;0.00;tripinfo_4913;56.00;4913;0;74.80;1.09;0.00;33.02;DEFAULT_VEHTYPE;end;3;23.00
-1.00;;-1.00;-1.00;3549.00;0.92;15089551_0;5.10;0.00;tripinfo_4914;51.00;4914;0;273.28;1.17;0.00;21.80;DEFAULT_VEHTYPE;end;1;15.00
-1.00;;-1.00;-1.00;3545.00;0.20;-524150311#0_0;5.10;0.00;tripinfo_4915;55.00;4915;0;286.80;0.75;0.00;6.91;DEFAULT_VEHTYPE;end;0;0.00
-1.00;;-1.00;-1.00;3545.00;0.48;40598675#3_0;5.10;0.00;tripinfo_4916;55.00;4916;0;117.23;1.04;0.00;40.43;DEFAULT_VEHTYPE;end;1;36.00
-1.00;;-1.00;-1.00;3552.00;0.76;4730633#0_0;5.10;0.00;tripinfo_4917;48.00;4917;0;325.41;0.97;0.00;6.55;DEFAULT_VEHTYPE;end;0;0.00
-1.00;;-1.00;-1.00;3542.00;0.04;198077805#0_0;5.10;0.00;tripinfo_4918;58.00;4918;0;511.05;1.22;0.00;20.31;DEFAULT_VEHTYPE;end;1;6.00
-1.00;;-1.00;-1.00;3544.00;0.32;4312572#0_0;5.10;0.00;tripinfo_4919;56.00;4919;0;408.96;1.04;0.00;6.79;DEFAULT_VEHTYPE;end;0;0.00
-1.00;;-1.00;-1.00;3545.00;0.60;220267247#1_0;5.10;0.00;tripinfo_4920;55.00;4920;0;432.74;1.12;0.00;6.70;DEFAULT_VEHTYPE;end;0;0.00
-1.00;;-1.00;-1.00;3544.00;0.88;145550723_0;5.10;0.00;tripinfo_4921;56.00;4921;0;117.30;0.98;0.00;12.13;DEFAULT_VEHTYPE;end;0;0.00
-1.00;;-1.00;-1.00;3560.00;0.16;-30324793_0;5.10;0.00;tripinfo_4922;40.00;4922;0;277.63;1.16;0.00;10.21;DEFAULT_VEHTYPE;end;1;1.00
-1.00;;-1.00;-1.00;3562.00;0.72;175976586#0_0;5.10;0.00;tripinfo_4924;38.00;4924;0;288.88;1.05;0.00;4.08;DEFAULT_VEHTYPE;end;0;0.00
-1.00;;-1.00;-1.00;3565.00;0.00;-121794822#1_0;5.10;0.00;tripinfo_4925;35.00;4925;0;68.76;0.93;0.00;7.46;DEFAULT_VEHTYPE;end;0;0.00
-1.00;;-1.00;-1.00;3566.00;0.28;40493384#3_0;5.10;0.00;tripinfo_4926;34.00;4926;0;35.63;0.95;0.00;28.51;DEFAULT_VEHTYPE;end;2;20.00
-1.00;;-1.00;-1.00;3564.00;0.56;395153043_0;0.20;0.00;tripinfo_4927;36.00;4927;0;0.00;1.06;0.00;35.00;DEFAULT_VEHTYPE;end;1;35.00
-1.00;;-1.00;-1.00;3557.00;0.84;8152056_0;5.10;0.00;tripinfo_4928;43.00;4928;0;240.93;1.06;0.00;8.45;DEFAULT_VEHTYPE;end;0;0.00
-1.00;;-1.00;-1.00;3569.00;0.68;13654454_0;5.10;0.00;tripinfo_4931;31.00;4931;0;334.41;0.94;0.00;4.34;DEFAULT_VEHTYPE;end;0;0.00
-1.00;;-1.00;-1.00;3561.00;0.96;231475826#0_0;5.10;0.00;tripinfo_4932;39.00;4932;0;68.84;0.93;0.00;29.14;DEFAULT_VEHTYPE;end;1;25.00
-1.00;;-1.00;-1.00;3563.00;0.24;47027857#0_0;3.95;0.00;tripinfo_4933;37.00;4933;0;231.11;0.89;0.00;4.36;DEFAULT_VEHTYPE;end;0;0.00
-1.00;;-1.00;-1.00;3564.00;0.52;-17073048#1_0;5.10;0.00;tripinfo_4934;36.00;4934;0;99.22;1.08;0.00;23.70;DEFAULT_VEHTYPE;end;2;13.00
-1.00;;-1.00;-1.00;3565.00;0.80;135300821#0_0;5.10;0.00;tripinfo_4935;35.00;4935;0;182.81;0.86;0.00;18.06;DEFAULT_VEHTYPE;end;1;8.00
-1.00;;-1.00;-1.00;3596.00;23.08;1287393211#0_0;5.10;0.00;tripinfo_4936;4.00;4936;0;7.73;1.10;0.00;2.15;DEFAULT_VEHTYPE;end;0;0.00
-1.00;;-1.00;-1.00;3572.00;0.36;524150333#0_0;5.10;0.00;tripinfo_4937;28.00;4937;0;160.07;0.98;0.00;7.30;DEFAULT_VEHTYPE;end;1;1.00
-1.00;;-1.00;-1.00;3567.00;0.64;47426244#2_0;5.10;0.00;tripinfo_4938;33.00;4938;0;209.08;0.90;0.00;4.07;DEFAULT_VEHTYPE;end;0;0.00
-1.00;;-1.00;-1.00;3564.00;0.92;14626335#0_0;5.10;0.00;tripinfo_4939;36.00;4939;0;261.61;0.89;0.00;10.70;DEFAULT_VEHTYPE;end;1;4.00
-1.00;;-1.00;-1.00;3573.00;0.20;40493384#3_0;5.10;0.00;tripinfo_4940;27.00;4940;0;28.12;1.08;0.00;22.86;DEFAULT_VEHTYPE;end;2;12.00
-1.00;;-1.00;-1.00;3567.00;0.76;31431101#3_0;5.10;0.00;tripinfo_4942;33.00;4942;0;231.04;0.97;0.00;3.36;DEFAULT_VEHTYPE;end;0;0.00
-1.00;;-1.00;-1.00;3577.00;0.04;510492454#0_0;5.10;0.00;tripinfo_4943;23.00;4943;0;44.48;1.08;0.00;17.06;DEFAULT_VEHTYPE;end;1;13.00
-1.00;;-1.00;-1.00;3563.00;0.32;-36786444#2_0;5.10;0.00;tripinfo_4944;37.00;4944;0;233.00;1.06;0.00;8.96;DEFAULT_VEHTYPE;end;1;1.00
-1.00;;-1.00;-1.00;3567.00;0.60;8384893#0_0;5.10;0.00;tripinfo_4945;33.00;4945;0;241.82;1.08;0.00;5.00;DEFAULT_VEHTYPE;end;0;0.00
-1.00;;-1.00;-1.00;3577.00;0.16;-145550725#1_0;5.10;0.00;tripinfo_4947;23.00;4947;0;40.16;0.84;0.00;4.84;DEFAULT_VEHTYPE;end;0;0.00
-1.00;;-1.00;-1.00;3571.00;1.44;-4726711#0_0;5.10;0.00;tripinfo_4948;29.00;4948;0;192.57;1.04;0.00;5.05;DEFAULT_VEHTYPE;end;0;0.00
-1.00;;-1.00;-1.00;3576.00;0.72;-30324793_0;5.10;0.00;tripinfo_4949;24.00;4949;0;53.09;0.83;0.00;15.31;DEFAULT_VEHTYPE;end;1;12.00
-1.00;;-1.00;-1.00;3583.00;0.00;198077805#0_0;5.10;0.00;tripinfo_4950;17.00;4950;0;167.11;1.05;0.00;4.52;DEFAULT_VEHTYPE;end;0;0.00
-1.00;;-1.00;-1.00;3572.00;0.28;897325985#1_0;5.10;0.00;tripinfo_4951;28.00;4951;0;188.62;1.04;0.00;7.50;DEFAULT_VEHTYPE;end;0;0.00
-1.00;;-1.00;-1.00;3584.00;8.56;4730616#0_0;5.10;0.00;tripinfo_4952;16.00;4952;0;86.40;1.01;0.00;4.50;DEFAULT_VEHTYPE;end;0;0.00
-1.00;;-1.00;-1.00;3569.00;0.84;8152033#0_0;5.10;0.00;tripinfo_4953;31.00;4953;0;221.39;1.08;0.00;4.97;DEFAULT_VEHTYPE;end;0;0.00
-1.00;;-1.00;-1.00;3569.00;0.12;8140188#3_0;5.10;0.00;tripinfo_4954;31.00;4954;0;175.23;0.83;0.00;4.75;DEFAULT_VEHTYPE;end;0;0.00
-1.00;;-1.00;-1.00;3574.00;0.40;150275988#3_0;5.10;0.00;tripinfo_4955;26.00;4955;0;193.87;1.08;0.00;3.44;DEFAULT_VEHTYPE;end;0;0.00
-1.00;;-1.00;-1.00;3577.00;0.68;36801004#0_0;5.10;0.00;tripinfo_4956;23.00;4956;0;220.47;0.87;0.00;3.77;DEFAULT_VEHTYPE;end;0;0.00
-1.00;;-1.00;-1.00;3573.00;0.96;653443701_0;5.10;0.00;tripinfo_4957;27.00;4957;0;45.10;1.16;0.00;21.32;DEFAULT_VEHTYPE;end;1;17.00
-1.00;;-1.00;-1.00;3590.00;0.24;47446166_0;5.10;0.00;tripinfo_4958;10.00;4958;0;9.24;0.86;0.00;7.72;DEFAULT_VEHTYPE;end;1;3.00
-1.00;;-1.00;-1.00;3586.00;0.52;628782529#7_0;5.10;0.00;tripinfo_4959;14.00;4959;0;35.62;0.91;0.00;8.32;DEFAULT_VEHTYPE;end;1;5.00
-1.00;;-1.00;-1.00;3578.00;0.80;121794822#5_0;5.10;0.00;tripinfo_4960;22.00;4960;0;46.44;1.08;0.00;5.51;DEFAULT_VEHTYPE;end;0;0.00
-1.00;;-1.00;-1.00;3579.00;0.08;14118785#0_0;5.10;0.00;tripinfo_4961;21.00;4961;0;137.67;0.95;0.00;2.60;DEFAULT_VEHTYPE;end;0;0.00
-1.00;;-1.00;-1.00;3583.00;0.36;31428221#0_0;5.10;0.00;tripinfo_4962;17.00;4962;0;107.39;1.07;0.00;3.26;DEFAULT_VEHTYPE;end;0;0.00
-1.00;;-1.00;-1.00;3588.00;0.64;-8382447#4_0;5.10;0.00;tripinfo_4963;12.00;4963;0;82.18;1.10;0.00;2.02;DEFAULT_VEHTYPE;end;0;0.00
-1.00;;-1.00;-1.00;3591.00;0.92;109398805_0;5.10;0.00;tripinfo_4964;9.00;4964;0;69.63;1.20;0.00;3.83;DEFAULT_VEHTYPE;end;0;0.00
-1.00;;-1.00;-1.00;3580.00;0.20;-4730648#4_0;5.10;0.00;tripinfo_4965;20.00;4965;0;136.46;1.01;0.00;2.84;DEFAULT_VEHTYPE;end;0;0.00
-1.00;;-1.00;-1.00;3593.00;0.48;616545124_0;5.10;0.00;tripinfo_4966;7.00;4966;0;32.84;0.91;0.00;1.65;DEFAULT_VEHTYPE;end;0;0.00
-1.00;;-1.00;-1.00;3587.00;0.76;31445160#0_0;5.10;0.00;tripinfo_4967;13.00;4967;0;82.10;1.01;0.00;2.20;DEFAULT_VEHTYPE;end;0;0.00
-1.00;;-1.00;-1.00;3589.00;4.04;4318228#0_0;5.10;0.00;tripinfo_4968;11.00;4968;0;53.85;0.99;0.00;3.49;DEFAULT_VEHTYPE;end;0;0.00
-1.00;;-1.00;-1.00;3580.00;0.32;62020111_0;5.10;0.00;tripinfo_4969;20.00;4969;0;129.61;0.99;0.00;3.23;DEFAULT_VEHTYPE;end;0;0.00
-1.00;;-1.00;-1.00;3598.00;0.60;137238867#2_0;5.10;0.00;tripinfo_4970;2.00;4970;0;2.52;1.04;0.00;0.71;DEFAULT_VEHTYPE;end;0;0.00
-1.00;;-1.00;-1.00;3585.00;0.88;290174549#0_0;5.10;0.00;tripinfo_4971;15.00;4971;0;89.56;0.94;0.00;2.55;DEFAULT_VEHTYPE;end;0;0.00
-1.00;;-1.00;-1.00;3597.00;0.16;-524150311#0_0;5.10;0.00;tripinfo_4972;3.00;4972;0;4.77;1.07;0.00;1.46;DEFAULT_VEHTYPE;end;0;0.00
-1.00;;-1.00;-1.00;3584.00;0.44;8250527#1_0;5.10;0.00;tripinfo_4973;16.00;4973;0;85.24;0.98;0.00;3.62;DEFAULT_VEHTYPE;end;0;0.00
-1.00;;-1.00;-1.00;3589.00;0.72;23084263#0_0;5.10;0.00;tripinfo_4974;11.00;4974;0;64.67;1.08;0.00;2.84;DEFAULT_VEHTYPE;end;0;0.00
-1.00;;-1.00;-1.00;3591.00;0.00;31427257#5_0;5.10;0.00;tripinfo_4975;9.00;4975;0;59.96;0.87;0.00;3.01;DEFAULT_VEHTYPE;end;0;0.00
-1.00;;-1.00;-1.00;3584.00;0.28;135300821#0_0;5.10;0.00;tripinfo_4976;16.00;4976;0;127.20;1.01;0.00;5.20;DEFAULT_VEHTYPE;end;0;0.00
-1.00;;-1.00;-1.00;3587.00;0.12;14118784#0_0;5.10;0.00;tripinfo_4979;13.00;4979;0;84.01;1.05;0.00;2.44;DEFAULT_VEHTYPE;end;0;0.00
-1.00;;-1.00;-1.00;3595.00;0.68;1150906866_0;5.10;0.00;tripinfo_4981;5.00;4981;0;18.82;0.91;0.00;1.53;DEFAULT_VEHTYPE;end;0;0.00
-1.00;;-1.00;-1.00;3590.00;0.96;-8140197#2_0;5.10;0.00;tripinfo_4982;10.00;4982;0;50.85;0.96;0.00;2.61;DEFAULT_VEHTYPE;end;0;0.00
-1.00;;-1.00;-1.00;3591.00;0.24;1263793722#0_0;5.10;0.00;tripinfo_4983;9.00;4983;0;45.16;0.83;0.00;1.50;DEFAULT_VEHTYPE;end;0;0.00
-1.00;;-1.00;-1.00;3595.00;0.08;-220267105#1_0;5.10;0.00;tripinfo_4986;5.00;4986;0;22.47;1.05;0.00;1.44;DEFAULT_VEHTYPE;end;0;0.00
