{
"type": "FeatureCollection",
"crs": { "type": "name", "properties": { "name": "urn:ogc:def:crs:OGC:1.3:CRS84" } },
"features": [
{ "type": "Feature", "properties": { "index": "-1000933268", "element": "edge", "id": "-1000933268", "name": "", "sampledSeconds": 0.0, "departed": 0.0, "arrived": 0.0, "entered": 0.0, "left": 0.0, "laneChangedFrom": 0.0, "laneChangedTo": 0.0, "traveltime": 0.0, "overlapTraveltime": 0.0, "density": 0.0, "laneDensity": 0.0, "occupancy": 0.0, "waitingTime": 0.0, "timeLoss": 0.0, "speed": 0.0, "speedRelative": 0.0, "teleported": 0.0 }, "geometry": { "type": "LineString", "coordinates": [ [ 4.374814, 50.829244 ], [ 4.374852, 50.829246 ], [ 4.375049, 50.829256 ], [ 4.375147, 50.82933 ] ] } },
{ "type": "Feature", "properties": { "index": "-1006106056#0", "element": "edge", "id": "-1006106056#0", "name": "", "sampledSeconds": 0.0, "departed": 0.0, "arrived": 0.0, "entered": 0.0, "left": 0.0, "laneChangedFrom": 0.0, "laneChangedTo": 0.0, "traveltime": 0.0, "overlapTraveltime": 0.0, "density": 0.0, "laneDensity": 0.0, "occupancy": 0.0, "waitingTime": 0.0, "timeLoss": 0.0, "speed": 0.0, "speedRelative": 0.0, "teleported": 0.0 }, "geometry": { "type": "LineString", "coordinates": [ [ 4.379146, 50.825445 ], [ 4.379145, 50.825447 ] ] } },
{ "type": "Feature", "properties": { "index": "-1006106056#1", "element": "edge", "id": "-1006106056#1", "name": "", "sampledSeconds": 0.0, "departed": 0.0, "arrived": 0.0, "entered": 0.0, "left": 0.0, "laneChangedFrom": 0.0, "laneChangedTo": 0.0, "traveltime": 0.0, "overlapTraveltime": 0.0, "density": 0.0, "laneDensity": 0.0, "occupancy": 0.0, "waitingTime": 0.0, "timeLoss": 0.0, "speed": 0.0, "speedRelative": 0.0, "teleported": 0.0 }, "geometry": { "type": "LineString", "coordinates": [ [ 4.379264, 50.825323 ], [ 4.379229, 50.825368 ], [ 4.379215, 50.825386 ], [ 4.379196, 50.8254 ] ] } },
{ "type": "Feature", "properties": { "index": "-1024105863", "element": "edge", "id": "-1024105863", "name": "Rue de la Concorde - Eendrachtstraat / Rue de la Concorde - Eendrachtsstraat", "sampledSeconds": 727.58, "departed": 7.0, "arrived": 4.0, "entered": 33.0, "left": 36.0, "laneChangedFrom": 0.0, "laneChangedTo": 0.0, "traveltime": 18.06, "overlapTraveltime": 18.91, "density": 7.73, "laneDensity": 7.73, "occupancy": 3.73, "waitingTime": 540.0, "timeLoss": 580.88, "speed": 1.65, "speedRelative": 0.2, "teleported": 1.0 }, "geometry": { "type": "LineString", "coordinates": [ [ 4.35969, 50.832187 ], [ 4.359937, 50.832362 ] ] } },
{ "type": "Feature", "properties": { "index": "-1037986847", "element": "edge", "id": "-1037986847", "name": "Rue du Sceptre - Scepterstraat", "sampledSeconds": 52.69, "departed": 4.0, "arrived": 1.0, "entered": 13.0, "left": 16.0, "laneChangedFrom": 0.0, "laneChangedTo": 0.0, "traveltime": 2.17, "overlapTraveltime": 3.13, "density": 73.19, "laneDensity": 36.59, "occupancy": 0.72, "waitingTime": 27.0, "timeLoss": 41.87, "speed": 1.66, "speedRelative": 0.2, "teleported": 0.0 }, "geometry": { "type": "LineString", "coordinates": [ [ 4.375196, 50.832912 ], [ 4.375193, 50.832911 ] ] } },
{ "type": "Feature", "properties": { "index": "-1056901981#1", "element": "edge", "id": "-1056901981#1", "name": "", "sampledSeconds": 0.0, "departed": 0.0, "arrived": 0.0, "entered": 0.0, "left": 0.0, "laneChangedFrom": 0.0, "laneChangedTo": 0.0, "traveltime": 0.0, "overlapTraveltime": 0.0, "density": 0.0, "laneDensity": 0.0, "occupancy": 0.0, "waitingTime": 0.0, "timeLoss": 0.0, "speed": 0.0, "speedRelative": 0.0, "teleported": 0.0 }, "geometry": { "type": "LineString", "coordinates": [ [ 4.367864, 50.830988 ], [ 4.367835, 50.831016 ], [ 4.36771, 50.831139 ] ] } },
{ "type": "Feature", "properties": { "index": "-1058267556#0", "element": "edge", "id": "-1058267556#0", "name": "", "sampledSeconds": 0.0, "departed": 0.0, "arrived": 0.0, "entered": 0.0, "left": 0.0, "laneChangedFrom": 0.0, "laneChangedTo": 0.0, "traveltime": 0.0, "overlapTraveltime": 0.0, "density": 0.0, "laneDensity": 0.0, "occupancy": 0.0, "waitingTime": 0.0, "timeLoss": 0.0, "speed": 0.0, "speedRelative": 0.0, "teleported": 0.0 }, "geometry": { "type": "LineString", "coordinates": [ [ 4.368173, 50.834724 ], [ 4.368145, 50.83474 ], [ 4.367962, 50.834836 ], [ 4.367916, 50.834896 ] ] } },
{ "type": "Feature", "properties": { "index": "-1058267556#1", "element": "edge", "id": "-1058267556#1", "name": "", "sampledSeconds": 0.0, "departed": 0.0, "arrived": 0.0, "entered": 0.0, "left": 0.0, "laneChangedFrom": 0.0, "laneChangedTo": 0.0, "traveltime": 0.0, "overlapTraveltime": 0.0, "density": 0.0, "laneDensity": 0.0, "occupancy": 0.0, "waitingTime": 0.0, "timeLoss": 0.0, "speed": 0.0, "speedRelative": 0.0, "teleported": 0.0 }, "geometry": { "type": "LineString", "coordinates": [ [ 4.368243, 50.834686 ], [ 4.368241, 50.834687 ] ] } },
{ "type": "Feature", "properties": { "index": "-1059828488", "element": "edge", "id": "-1059828488", "name": "", "sampledSeconds": 0.0, "departed": 0.0, "arrived": 0.0, "entered": 0.0, "left": 0.0, "laneChangedFrom": 0.0, "laneChangedTo": 0.0, "traveltime": 0.0, "overlapTraveltime": 0.0, "density": 0.0, "laneDensity": 0.0, "occupancy": 0.0, "waitingTime": 0.0, "timeLoss": 0.0, "speed": 0.0, "speedRelative": 0.0, "teleported": 0.0 }, "geometry": { "type": "LineString", "coordinates": [ [ 4.363607, 50.829446 ], [ 4.363628, 50.829438 ], [ 4.363811, 50.82937 ], [ 4.363882, 50.829315 ] ] } },
{ "type": "Feature", "properties": { "index": "-1059828490", "element": "edge", "id": "-1059828490", "name": "", "sampledSeconds": 0.0, "departed": 0.0, "arrived": 0.0, "entered": 0.0, "left": 0.0, "laneChangedFrom": 0.0, "laneChangedTo": 0.0, "traveltime": 0.0, "overlapTraveltime": 0.0, "density": 0.0, "laneDensity": 0.0, "occupancy": 0.0, "waitingTime": 0.0, "timeLoss": 0.0, "speed": 0.0, "speedRelative": 0.0, "teleported": 0.0 }, "geometry": { "type": "LineString", "coordinates": [ [ 4.363917, 50.829333 ], [ 4.363842, 50.829392 ], [ 4.363651, 50.829463 ], [ 4.36363, 50.82947 ] ] } },
{ "type": "Feature", "properties": { "index": "-1066438511#1", "element": "edge", "id": "-1066438511#1", "name": "Avenue Émile Duray - Émile Duraylaan", "sampledSeconds": 357.55, "departed": 4.0, "arrived": 1.0, "entered": 34.0, "left": 37.0, "laneChangedFrom": 0.0, "laneChangedTo": 0.0, "traveltime": 8.69, "overlapTraveltime": 9.49, "density": 1.59, "laneDensity": 1.59, "occupancy": 0.73, "waitingTime": 0.0, "timeLoss": 42.97, "speed": 7.1, "speedRelative": 0.85, "teleported": 0.0 }, "geometry": { "type": "LineString", "coordinates": [ [ 4.376608, 50.81809 ], [ 4.376601, 50.818036 ], [ 4.376546, 50.817864 ], [ 4.376407, 50.817617 ], [ 4.376367, 50.817553 ] ] } },
{ "type": "Feature", "properties": { "index": "-1066478854#1", "element": "edge", "id": "-1066478854#1", "name": "Avenue Émile Duray - Émile Duraylaan", "sampledSeconds": 689.72, "departed": 5.0, "arrived": 3.0, "entered": 61.0, "left": 63.0, "laneChangedFrom": 0.0, "laneChangedTo": 0.0, "traveltime": 9.85, "overlapTraveltime": 10.52, "density": 2.71, "laneDensity": 2.71, "occupancy": 1.25, "waitingTime": 0.0, "timeLoss": 84.3, "speed": 7.2, "speedRelative": 0.86, "teleported": 0.0 }, "geometry": { "type": "LineString", "coordinates": [ [ 4.376293, 50.817431 ], [ 4.37626, 50.817376 ], [ 4.376143, 50.817165 ], [ 4.376084, 50.817023 ], [ 4.376046, 50.816895 ], [ 4.37603, 50.816819 ] ] } },
{ "type": "Feature", "properties": { "index": "-1080960154#1", "element": "edge", "id": "-1080960154#1", "name": "Avenue Général de Gaulle - Generaal de Gaullelaan", "sampledSeconds": 416.29, "departed": 3.0, "arrived": 1.0, "entered": 8.0, "left": 10.0, "laneChangedFrom": 0.0, "laneChangedTo": 0.0, "traveltime": 37.12, "overlapTraveltime": 38.23, "density": 0.66, "laneDensity": 0.66, "occupancy": 0.32, "waitingTime": 3.0, "timeLoss": 57.07, "speed": 4.74, "speedRelative": 0.85, "teleported": 0.0 }, "geometry": { "type": "LineString", "coordinates": [ [ 4.372535, 50.823684 ], [ 4.372471, 50.823769 ], [ 4.371508, 50.825086 ], [ 4.371479, 50.825119 ] ] } },
{ "type": "Feature", "properties": { "index": "-1083809476#2", "element": "edge", "id": "-1083809476#2", "name": "Rue de l&apos;Abbaye - Abdijstraat", "sampledSeconds": 129.83, "departed": 11.0, "arrived": 0.0, "entered": 0.0, "left": 11.0, "laneChangedFrom": 0.0, "laneChangedTo": 0.0, "traveltime": 11.77, "overlapTraveltime": 12.63, "density": 0.5, "laneDensity": 0.5, "occupancy": 0.24, "waitingTime": 1.0, "timeLoss": 35.81, "speed": 6.16, "speedRelative": 0.74, "teleported": 0.0 }, "geometry": { "type": "LineString", "coordinates": [ [ 4.36943, 50.819254 ], [ 4.36953, 50.819265 ], [ 4.370322, 50.819363 ], [ 4.370387, 50.819371 ], [ 4.370427, 50.819376 ], [ 4.370445, 50.81938 ] ] } },
{ "type": "Feature", "properties": { "index": "-1089556862", "element": "edge", "id": "-1089556862", "name": "", "sampledSeconds": 0.0, "departed": 0.0, "arrived": 0.0, "entered": 0.0, "left": 0.0, "laneChangedFrom": 0.0, "laneChangedTo": 0.0, "traveltime": 0.0, "overlapTraveltime": 0.0, "density": 0.0, "laneDensity": 0.0, "occupancy": 0.0, "waitingTime": 0.0, "timeLoss": 0.0, "speed": 0.0, "speedRelative": 0.0, "teleported": 0.0 }, "geometry": { "type": "LineString", "coordinates": [ [ 4.373107, 50.827715 ], [ 4.373145, 50.82767 ], [ 4.373147, 50.827613 ], [ 4.373066, 50.827564 ], [ 4.372942, 50.827543 ], [ 4.372703, 50.827537 ], [ 4.372498, 50.827545 ], [ 4.372344, 50.82758 ], [ 4.372255, 50.827658 ], [ 4.37223, 50.827743 ], [ 4.372252, 50.827824 ], [ 4.372312, 50.827893 ], [ 4.372384, 50.827947 ], [ 4.372472, 50.827966 ], [ 4.372559, 50.82797 ], [ 4.372652, 50.827969 ], [ 4.372735, 50.827963 ], [ 4.372809, 50.827955 ], [ 4.372885, 50.827937 ], [ 4.372937, 50.8279 ] ] } },
{ "type": "Feature", "properties": { "index": "-1092037414", "element": "edge", "id": "-1092037414", "name": "", "sampledSeconds": 0.0, "departed": 0.0, "arrived": 0.0, "entered": 0.0, "left": 0.0, "laneChangedFrom": 0.0, "laneChangedTo": 0.0, "traveltime": 0.0, "overlapTraveltime": 0.0, "density": 0.0, "laneDensity": 0.0, "occupancy": 0.0, "waitingTime": 0.0, "timeLoss": 0.0, "speed": 0.0, "speedRelative": 0.0, "teleported": 0.0 }, "geometry": { "type": "LineString", "coordinates": [ [ 4.368225, 50.83462 ], [ 4.368239, 50.834631 ] ] } },
{ "type": "Feature", "properties": { "index": "-1092277111#0", "element": "edge", "id": "-1092277111#0", "name": "", "sampledSeconds": 0.0, "departed": 0.0, "arrived": 0.0, "entered": 0.0, "left": 0.0, "laneChangedFrom": 0.0, "laneChangedTo": 0.0, "traveltime": 0.0, "overlapTraveltime": 0.0, "density": 0.0, "laneDensity": 0.0, "occupancy": 0.0, "waitingTime": 0.0, "timeLoss": 0.0, "speed": 0.0, "speedRelative": 0.0, "teleported": 0.0 }, "geometry": { "type": "LineString", "coordinates": [ [ 4.380835, 50.821551 ], [ 4.380884, 50.821581 ] ] } },
{ "type": "Feature", "properties": { "index": "-1092277112", "element": "edge", "id": "-1092277112", "name": "", "sampledSeconds": 0.0, "departed": 0.0, "arrived": 0.0, "entered": 0.0, "left": 0.0, "laneChangedFrom": 0.0, "laneChangedTo": 0.0, "traveltime": 0.0, "overlapTraveltime": 0.0, "density": 0.0, "laneDensity": 0.0, "occupancy": 0.0, "waitingTime": 0.0, "timeLoss": 0.0, "speed": 0.0, "speedRelative": 0.0, "teleported": 0.0 }, "geometry": { "type": "LineString", "coordinates": [ [ 4.38038, 50.82127 ], [ 4.380447, 50.821311 ], [ 4.380582, 50.821394 ], [ 4.380738, 50.821491 ] ] } },
{ "type": "Feature", "properties": { "index": "-1092277114#0", "element": "edge", "id": "-1092277114#0", "name": "", "sampledSeconds": 0.0, "departed": 0.0, "arrived": 0.0, "entered": 0.0, "left": 0.0, "laneChangedFrom": 0.0, "laneChangedTo": 0.0, "traveltime": 0.0, "overlapTraveltime": 0.0, "density": 0.0, "laneDensity": 0.0, "occupancy": 0.0, "waitingTime": 0.0, "timeLoss": 0.0, "speed": 0.0, "speedRelative": 0.0, "teleported": 0.0 }, "geometry": { "type": "LineString", "coordinates": [ [ 4.380738, 50.821571 ], [ 4.380518, 50.821708 ] ] } },
{ "type": "Feature", "properties": { "index": "-1092277114#1", "element": "edge", "id": "-1092277114#1", "name": "", "sampledSeconds": 0.0, "departed": 0.0, "arrived": 0.0, "entered": 0.0, "left": 0.0, "laneChangedFrom": 0.0, "laneChangedTo": 0.0, "traveltime": 0.0, "overlapTraveltime": 0.0, "density": 0.0, "laneDensity": 0.0, "occupancy": 0.0, "waitingTime": 0.0, "timeLoss": 0.0, "speed": 0.0, "speedRelative": 0.0, "teleported": 0.0 }, "geometry": { "type": "LineString", "coordinates": [ [ 4.380878, 50.821484 ], [ 4.380835, 50.821511 ] ] } },
{ "type": "Feature", "properties": { "index": "-1099375861", "element": "edge", "id": "-1099375861", "name": "Square Sans-Souci - Sans-Soucisquare", "sampledSeconds": 0.0, "departed": 0.0, "arrived": 0.0, "entered": 0.0, "left": 0.0, "laneChangedFrom": 0.0, "laneChangedTo": 0.0, "traveltime": 0.0, "overlapTraveltime": 0.0, "density": 0.0, "laneDensity": 0.0, "occupancy": 0.0, "waitingTime": 0.0, "timeLoss": 0.0, "speed": 0.0, "speedRelative": 0.0, "teleported": 0.0 }, "geometry": { "type": "LineString", "coordinates": [ [ 4.372058, 50.83299 ], [ 4.372015, 50.83296 ], [ 4.37189, 50.832876 ], [ 4.371876, 50.832866 ] ] } },
{ "type": "Feature", "properties": { "index": "-1104041094", "element": "edge", "id": "-1104041094", "name": "", "sampledSeconds": 0.0, "departed": 0.0, "arrived": 0.0, "entered": 0.0, "left": 0.0, "laneChangedFrom": 0.0, "laneChangedTo": 0.0, "traveltime": 0.0, "overlapTraveltime": 0.0, "density": 0.0, "laneDensity": 0.0, "occupancy": 0.0, "waitingTime": 0.0, "timeLoss": 0.0, "speed": 0.0, "speedRelative": 0.0, "teleported": 0.0 }, "geometry": { "type": "LineString", "coordinates": [ [ 4.384996, 50.824993 ], [ 4.385054, 50.825022 ], [ 4.385339, 50.825163 ] ] } },
{ "type": "Feature", "properties": { "index": "-1104477172", "element": "edge", "id": "-1104477172", "name": "Rue Ducale - Hertogstraat", "sampledSeconds": 0.0, "departed": 0.0, "arrived": 0.0, "entered": 0.0, "left": 0.0, "laneChangedFrom": 0.0, "laneChangedTo": 0.0, "traveltime": 0.0, "overlapTraveltime": 0.0, "density": 0.0, "laneDensity": 0.0, "occupancy": 0.0, "waitingTime": 0.0, "timeLoss": 0.0, "speed": 0.0, "speedRelative": 0.0, "teleported": 0.0 }, "geometry": { "type": "LineString", "coordinates": [ [ 4.364893, 50.840522 ], [ 4.364871, 50.840686 ], [ 4.364868, 50.840724 ], [ 4.364849, 50.840927 ], [ 4.36488, 50.84102 ] ] } },
{ "type": "Feature", "properties": { "index": "-1106583870", "element": "edge", "id": "-1106583870", "name": "Rue Kerckx - Kerckxstraat", "sampledSeconds": 160.69, "departed": 6.0, "arrived": 2.0, "entered": 6.0, "left": 10.0, "laneChangedFrom": 0.0, "laneChangedTo": 0.0, "traveltime": 12.73, "overlapTraveltime": 13.8, "density": 0.5, "laneDensity": 0.5, "occupancy": 0.24, "waitingTime": 0.0, "timeLoss": 23.94, "speed": 6.87, "speedRelative": 0.82, "teleported": 0.0 }, "geometry": { "type": "LineString", "coordinates": [ [ 4.376638, 50.831131 ], [ 4.376604, 50.831129 ], [ 4.376536, 50.831081 ], [ 4.376341, 50.8309 ], [ 4.376195, 50.830768 ], [ 4.375903, 50.830501 ], [ 4.375883, 50.830491 ] ] } },
{ "type": "Feature", "properties": { "index": "-1109746214", "element": "edge", "id": "-1109746214", "name": "", "sampledSeconds": 0.0, "departed": 0.0, "arrived": 0.0, "entered": 0.0, "left": 0.0, "laneChangedFrom": 0.0, "laneChangedTo": 0.0, "traveltime": 0.0, "overlapTraveltime": 0.0, "density": 0.0, "laneDensity": 0.0, "occupancy": 0.0, "waitingTime": 0.0, "timeLoss": 0.0, "speed": 0.0, "speedRelative": 0.0, "teleported": 0.0 }, "geometry": { "type": "LineString", "coordinates": [ [ 4.384444, 50.821575 ], [ 4.384435, 50.821628 ] ] } },
{ "type": "Feature", "properties": { "index": "-1109746215", "element": "edge", "id": "-1109746215", "name": "", "sampledSeconds": 0.0, "departed": 0.0, "arrived": 0.0, "entered": 0.0, "left": 0.0, "laneChangedFrom": 0.0, "laneChangedTo": 0.0, "traveltime": 0.0, "overlapTraveltime": 0.0, "density": 0.0, "laneDensity": 0.0, "occupancy": 0.0, "waitingTime": 0.0, "timeLoss": 0.0, "speed": 0.0, "speedRelative": 0.0, "teleported": 0.0 }, "geometry": { "type": "LineString", "coordinates": [ [ 4.384527, 50.821482 ], [ 4.38461, 50.821477 ] ] } },
{ "type": "Feature", "properties": { "index": "-1112471208", "element": "edge", "id": "-1112471208", "name": "Boulevard de Waterloo - Waterloolaan", "sampledSeconds": 0.0, "departed": 0.0, "arrived": 0.0, "entered": 0.0, "left": 0.0, "laneChangedFrom": 0.0, "laneChangedTo": 0.0, "traveltime": 0.0, "overlapTraveltime": 0.0, "density": 0.0, "laneDensity": 0.0, "occupancy": 0.0, "waitingTime": 0.0, "timeLoss": 0.0, "speed": 0.0, "speedRelative": 0.0, "teleported": 0.0 }, "geometry": { "type": "LineString", "coordinates": [ [ 4.354111, 50.835586 ], [ 4.354114, 50.835585 ] ] } },
{ "type": "Feature", "properties": { "index": "-1127569560", "element": "edge", "id": "-1127569560", "name": "", "sampledSeconds": 0.0, "departed": 0.0, "arrived": 0.0, "entered": 0.0, "left": 0.0, "laneChangedFrom": 0.0, "laneChangedTo": 0.0, "traveltime": 0.0, "overlapTraveltime": 0.0, "density": 0.0, "laneDensity": 0.0, "occupancy": 0.0, "waitingTime": 0.0, "timeLoss": 0.0, "speed": 0.0, "speedRelative": 0.0, "teleported": 0.0 }, "geometry": { "type": "LineString", "coordinates": [ [ 4.379172, 50.825659 ], [ 4.379186, 50.825664 ] ] } },
{ "type": "Feature", "properties": { "index": "-1143919181", "element": "edge", "id": "-1143919181", "name": "", "sampledSeconds": 0.0, "departed": 0.0, "arrived": 0.0, "entered": 0.0, "left": 0.0, "laneChangedFrom": 0.0, "laneChangedTo": 0.0, "traveltime": 0.0, "overlapTraveltime": 0.0, "density": 0.0, "laneDensity": 0.0, "occupancy": 0.0, "waitingTime": 0.0, "timeLoss": 0.0, "speed": 0.0, "speedRelative": 0.0, "teleported": 0.0 }, "geometry": { "type": "LineString", "coordinates": [ [ 4.357901, 50.831834 ], [ 4.357846, 50.831672 ], [ 4.357932, 50.83159 ], [ 4.357993, 50.831532 ], [ 4.358028, 50.831499 ], [ 4.35806, 50.831468 ] ] } },
{ "type": "Feature", "properties": { "index": "-1156329250", "element": "edge", "id": "-1156329250", "name": "Porte de Namur - Naamsepoort", "sampledSeconds": 15.27, "departed": 3.0, "arrived": 6.0, "entered": 15.0, "left": 12.0, "laneChangedFrom": 0.0, "laneChangedTo": 0.0, "traveltime": 0.17, "overlapTraveltime": 1.05, "density": 3.37, "laneDensity": 3.37, "occupancy": 0.35, "waitingTime": 0.0, "timeLoss": 4.22, "speed": 5.97, "speedRelative": 0.72, "teleported": 0.0 }, "geometry": { "type": "LineString", "coordinates": [ [ 4.361739, 50.838904 ], [ 4.361727, 50.838913 ] ] } },
{ "type": "Feature", "properties": { "index": "-1156337048", "element": "edge", "id": "-1156337048", "name": "Place Eugène Flagey - Eugène Flageyplein", "sampledSeconds": 0.0, "departed": 0.0, "arrived": 0.0, "entered": 0.0, "left": 0.0, "laneChangedFrom": 0.0, "laneChangedTo": 0.0, "traveltime": 0.0, "overlapTraveltime": 0.0, "density": 0.0, "laneDensity": 0.0, "occupancy": 0.0, "waitingTime": 0.0, "timeLoss": 0.0, "speed": 0.0, "speedRelative": 0.0, "teleported": 0.0 }, "geometry": { "type": "LineString", "coordinates": [ [ 4.371564, 50.827853 ], [ 4.37163, 50.827894 ], [ 4.371771, 50.828047 ], [ 4.372007, 50.828302 ], [ 4.372028, 50.828324 ], [ 4.372214, 50.828525 ] ] } },
{ "type": "Feature", "properties": { "index": "-1167764376", "element": "edge", "id": "-1167764376", "name": "Rue Vilain XIIII - Vilain XIIII-straat", "sampledSeconds": 218.57, "departed": 3.0, "arrived": 3.0, "entered": 18.0, "left": 18.0, "laneChangedFrom": 0.0, "laneChangedTo": 0.0, "traveltime": 9.76, "overlapTraveltime": 10.59, "density": 0.91, "laneDensity": 0.91, "occupancy": 0.43, "waitingTime": 4.0, "timeLoss": 35.13, "speed": 6.74, "speedRelative": 0.81, "teleported": 0.0 }, "geometry": { "type": "LineString", "coordinates": [ [ 4.37089, 50.82345 ], [ 4.370008, 50.823458 ], [ 4.369947, 50.823459 ] ] } },
{ "type": "Feature", "properties": { "index": "-1174838574", "element": "edge", "id": "-1174838574", "name": "", "sampledSeconds": 0.0, "departed": 0.0, "arrived": 0.0, "entered": 0.0, "left": 0.0, "laneChangedFrom": 0.0, "laneChangedTo": 0.0, "traveltime": 0.0, "overlapTraveltime": 0.0, "density": 0.0, "laneDensity": 0.0, "occupancy": 0.0, "waitingTime": 0.0, "timeLoss": 0.0, "speed": 0.0, "speedRelative": 0.0, "teleported": 0.0 }, "geometry": { "type": "LineString", "coordinates": [ [ 4.372037, 50.819076 ], [ 4.371976, 50.819095 ] ] } },
{ "type": "Feature", "properties": { "index": "-1189500284", "element": "edge", "id": "-1189500284", "name": "", "sampledSeconds": 0.0, "departed": 0.0, "arrived": 0.0, "entered": 0.0, "left": 0.0, "laneChangedFrom": 0.0, "laneChangedTo": 0.0, "traveltime": 0.0, "overlapTraveltime": 0.0, "density": 0.0, "laneDensity": 0.0, "occupancy": 0.0, "waitingTime": 0.0, "timeLoss": 0.0, "speed": 0.0, "speedRelative": 0.0, "teleported": 0.0 }, "geometry": { "type": "LineString", "coordinates": [ [ 4.375474, 50.826353 ], [ 4.375418, 50.826336 ], [ 4.3753, 50.826301 ] ] } },
{ "type": "Feature", "properties": { "index": "-119180342#1", "element": "edge", "id": "-119180342#1", "name": "Avenue Émile De Mot - Émile De Motlaan", "sampledSeconds": 103.38, "departed": 5.0, "arrived": 2.0, "entered": 73.0, "left": 76.0, "laneChangedFrom": 4.0, "laneChangedTo": 4.0, "traveltime": 0.89, "overlapTraveltime": 1.36, "density": 2.87, "laneDensity": 1.43, "occupancy": 0.49, "waitingTime": 0.0, "timeLoss": 14.35, "speed": 11.04, "speedRelative": 0.79, "teleported": 0.0 }, "geometry": { "type": "LineString", "coordinates": [ [ 4.372067, 50.81766 ], [ 4.372104, 50.817646 ], [ 4.372188, 50.817613 ] ] } },
{ "type": "Feature", "properties": { "index": "-121794822#1", "element": "edge", "id": "-121794822#1", "name": "", "sampledSeconds": 614.37, "departed": 3.0, "arrived": 2.0, "entered": 17.0, "left": 18.0, "laneChangedFrom": 0.0, "laneChangedTo": 0.0, "traveltime": 28.95, "overlapTraveltime": 31.26, "density": 2.72, "laneDensity": 2.72, "occupancy": 1.27, "waitingTime": 0.0, "timeLoss": 143.42, "speed": 2.17, "speedRelative": 0.78, "teleported": 0.0 }, "geometry": { "type": "LineString", "coordinates": [ [ 4.385846, 50.822179 ], [ 4.385685, 50.822109 ], [ 4.385635, 50.822103 ], [ 4.385573, 50.822115 ], [ 4.385214, 50.822403 ] ] } },
{ "type": "Feature", "properties": { "index": "-121794822#3", "element": "edge", "id": "-121794822#3", "name": "", "sampledSeconds": 324.48, "departed": 5.0, "arrived": 6.0, "entered": 39.0, "left": 38.0, "laneChangedFrom": 0.0, "laneChangedTo": 0.0, "traveltime": 5.45, "overlapTraveltime": 7.93, "density": 8.0, "laneDensity": 8.0, "occupancy": 2.82, "waitingTime": 0.0, "timeLoss": 80.51, "speed": 2.05, "speedRelative": 0.74, "teleported": 0.0 }, "geometry": { "type": "LineString", "coordinates": [ [ 4.386191, 50.822333 ], [ 4.38606, 50.822274 ] ] } },
{ "type": "Feature", "properties": { "index": "-121794822#5", "element": "edge", "id": "-121794822#5", "name": "", "sampledSeconds": 190.2, "departed": 5.0, "arrived": 1.0, "entered": 12.0, "left": 16.0, "laneChangedFrom": 0.0, "laneChangedTo": 0.0, "traveltime": 9.57, "overlapTraveltime": 12.0, "density": 2.64, "laneDensity": 2.64, "occupancy": 1.08, "waitingTime": 0.0, "timeLoss": 41.57, "speed": 2.08, "speedRelative": 0.75, "teleported": 0.0 }, "geometry": { "type": "LineString", "coordinates": [ [ 4.386598, 50.822511 ], [ 4.386365, 50.822409 ] ] } },
{ "type": "Feature", "properties": { "index": "-121794822#7", "element": "edge", "id": "-121794822#7", "name": "", "sampledSeconds": 109.71, "departed": 2.0, "arrived": 1.0, "entered": 13.0, "left": 14.0, "laneChangedFrom": 0.0, "laneChangedTo": 0.0, "traveltime": 5.35, "overlapTraveltime": 7.81, "density": 2.81, "laneDensity": 2.81, "occupancy": 0.98, "waitingTime": 0.0, "timeLoss": 27.15, "speed": 2.03, "speedRelative": 0.73, "teleported": 0.0 }, "geometry": { "type": "LineString", "coordinates": [ [ 4.386896, 50.822639 ], [ 4.38682, 50.822606 ], [ 4.386769, 50.822584 ] ] } },
{ "type": "Feature", "properties": { "index": "-121794822#9", "element": "edge", "id": "-121794822#9", "name": "", "sampledSeconds": 101.3, "departed": 7.0, "arrived": 2.0, "entered": 12.0, "left": 17.0, "laneChangedFrom": 0.0, "laneChangedTo": 0.0, "traveltime": 4.16, "overlapTraveltime": 6.39, "density": 3.27, "laneDensity": 3.27, "occupancy": 1.08, "waitingTime": 0.0, "timeLoss": 24.27, "speed": 2.13, "speedRelative": 0.77, "teleported": 0.0 }, "geometry": { "type": "LineString", "coordinates": [ [ 4.387164, 50.822756 ], [ 4.387136, 50.822742 ], [ 4.387064, 50.822712 ] ] } },
{ "type": "Feature", "properties": { "index": "-121794824", "element": "edge", "id": "-121794824", "name": "", "sampledSeconds": 404.4, "departed": 11.0, "arrived": 0.0, "entered": 0.0, "left": 10.0, "laneChangedFrom": 0.0, "laneChangedTo": 0.0, "traveltime": 38.36, "overlapTraveltime": 40.92, "density": 1.48, "laneDensity": 1.48, "occupancy": 0.72, "waitingTime": 2.0, "timeLoss": 103.61, "speed": 1.98, "speedRelative": 0.71, "teleported": 0.0 }, "geometry": { "type": "LineString", "coordinates": [ [ 4.386982, 50.821752 ], [ 4.386371, 50.822315 ] ] } },
{ "type": "Feature", "properties": { "index": "-121794825#0", "element": "edge", "id": "-121794825#0", "name": "", "sampledSeconds": 166.84, "departed": 7.0, "arrived": 1.0, "entered": 40.0, "left": 46.0, "laneChangedFrom": 0.0, "laneChangedTo": 0.0, "traveltime": 1.05, "overlapTraveltime": 3.7, "density": 133.33, "laneDensity": 133.33, "occupancy": 3.97, "waitingTime": 48.1, "timeLoss": 83.56, "speed": 1.4, "speedRelative": 0.51, "teleported": 0.0 }, "geometry": { "type": "LineString", "coordinates": [ [ 4.386066, 50.822183 ], [ 4.386064, 50.822184 ] ] } },
{ "type": "Feature", "properties": { "index": "-121794825#2", "element": "edge", "id": "-121794825#2", "name": "", "sampledSeconds": 1001.52, "departed": 4.0, "arrived": 3.0, "entered": 26.0, "left": 27.0, "laneChangedFrom": 0.0, "laneChangedTo": 0.0, "traveltime": 31.78, "overlapTraveltime": 34.15, "density": 6.37, "laneDensity": 6.37, "occupancy": 2.99, "waitingTime": 347.0, "timeLoss": 500.66, "speed": 1.42, "speedRelative": 0.51, "teleported": 0.0 }, "geometry": { "type": "LineString", "coordinates": [ [ 4.386544, 50.821763 ], [ 4.386226, 50.822042 ], [ 4.386181, 50.822081 ] ] } },
{ "type": "Feature", "properties": { "index": "-121794825#3", "element": "edge", "id": "-121794825#3", "name": "", "sampledSeconds": 11.93, "departed": 5.0, "arrived": 0.0, "entered": 0.0, "left": 5.0, "laneChangedFrom": 0.0, "laneChangedTo": 0.0, "traveltime": 0.0, "overlapTraveltime": 4.61, "density": 0.71, "laneDensity": 0.71, "occupancy": 0.18, "waitingTime": 0.0, "timeLoss": 3.09, "speed": 2.1, "speedRelative": 0.75, "teleported": 0.0 }, "geometry": { "type": "LineString", "coordinates": [ [ 4.386703, 50.821624 ], [ 4.386664, 50.821658 ] ] } },
{ "type": "Feature", "properties": { "index": "-121794827", "element": "edge", "id": "-121794827", "name": "", "sampledSeconds": 750.08, "departed": 2.0, "arrived": 4.0, "entered": 21.0, "left": 19.0, "laneChangedFrom": 0.0, "laneChangedTo": 0.0, "traveltime": 30.78, "overlapTraveltime": 33.17, "density": 3.23, "laneDensity": 3.23, "occupancy": 1.51, "waitingTime": 3.0, "timeLoss": 185.09, "speed": 2.1, "speedRelative": 0.75, "teleported": 0.0 }, "geometry": { "type": "LineString", "coordinates": [ [ 4.386952, 50.822726 ], [ 4.386426, 50.823201 ] ] } },
{ "type": "Feature", "properties": { "index": "-1230294701", "element": "edge", "id": "-1230294701", "name": "Avenue Général de Gaulle - Generaal de Gaullelaan", "sampledSeconds": 8648.8, "departed": 0.0, "arrived": 1.0, "entered": 27.0, "left": 21.0, "laneChangedFrom": 0.0, "laneChangedTo": 0.0, "traveltime": 358.95, "overlapTraveltime": 368.53, "density": 47.54, "laneDensity": 47.54, "occupancy": 23.68, "waitingTime": 8232.0, "timeLoss": 8415.69, "speed": 0.15, "speedRelative": 0.03, "teleported": 4.0 }, "geometry": { "type": "LineString", "coordinates": [ [ 4.37135, 50.826943 ], [ 4.371507, 50.827157 ], [ 4.371681, 50.827346 ] ] } },
{ "type": "Feature", "properties": { "index": "-1236138839", "element": "edge", "id": "-1236138839", "name": "", "sampledSeconds": 0.0, "departed": 0.0, "arrived": 0.0, "entered": 0.0, "left": 0.0, "laneChangedFrom": 0.0, "laneChangedTo": 0.0, "traveltime": 0.0, "overlapTraveltime": 0.0, "density": 0.0, "laneDensity": 0.0, "occupancy": 0.0, "waitingTime": 0.0, "timeLoss": 0.0, "speed": 0.0, "speedRelative": 0.0, "teleported": 0.0 }, "geometry": { "type": "LineString", "coordinates": [ [ 4.363728, 50.836452 ], [ 4.363681, 50.836475 ], [ 4.363537, 50.836545 ], [ 4.363503, 50.836566 ], [ 4.363492, 50.836588 ], [ 4.363491, 50.836617 ], [ 4.363534, 50.836717 ], [ 4.363394, 50.836749 ] ] } },
{ "type": "Feature", "properties": { "index": "-1236138842", "element": "edge", "id": "-1236138842", "name": "", "sampledSeconds": 0.0, "departed": 0.0, "arrived": 0.0, "entered": 0.0, "left": 0.0, "laneChangedFrom": 0.0, "laneChangedTo": 0.0, "traveltime": 0.0, "overlapTraveltime": 0.0, "density": 0.0, "laneDensity": 0.0, "occupancy": 0.0, "waitingTime": 0.0, "timeLoss": 0.0, "speed": 0.0, "speedRelative": 0.0, "teleported": 0.0 }, "geometry": { "type": "LineString", "coordinates": [ [ 4.364256, 50.836682 ], [ 4.364025, 50.836733 ], [ 4.364004, 50.836738 ] ] } },
{ "type": "Feature", "properties": { "index": "-1236456856", "element": "edge", "id": "-1236456856", "name": "", "sampledSeconds": 0.0, "departed": 0.0, "arrived": 0.0, "entered": 0.0, "left": 0.0, "laneChangedFrom": 0.0, "laneChangedTo": 0.0, "traveltime": 0.0, "overlapTraveltime": 0.0, "density": 0.0, "laneDensity": 0.0, "occupancy": 0.0, "waitingTime": 0.0, "timeLoss": 0.0, "speed": 0.0, "speedRelative": 0.0, "teleported": 0.0 }, "geometry": { "type": "LineString", "coordinates": [ [ 4.356178, 50.836812 ], [ 4.356312, 50.836683 ], [ 4.356321, 50.836675 ], [ 4.356337, 50.836659 ] ] } },
{ "type": "Feature", "properties": { "index": "-1238081828#1", "element": "edge", "id": "-1238081828#1", "name": "", "sampledSeconds": 0.0, "departed": 0.0, "arrived": 0.0, "entered": 0.0, "left": 0.0, "laneChangedFrom": 0.0, "laneChangedTo": 0.0, "traveltime": 0.0, "overlapTraveltime": 0.0, "density": 0.0, "laneDensity": 0.0, "occupancy": 0.0, "waitingTime": 0.0, "timeLoss": 0.0, "speed": 0.0, "speedRelative": 0.0, "teleported": 0.0 }, "geometry": { "type": "LineString", "coordinates": [ [ 4.358087, 50.83739 ], [ 4.358071, 50.837405 ], [ 4.358062, 50.837414 ], [ 4.35787, 50.837594 ] ] } },
{ "type": "Feature", "properties": { "index": "-1239207127#1", "element": "edge", "id": "-1239207127#1", "name": "", "sampledSeconds": 0.0, "departed": 0.0, "arrived": 0.0, "entered": 0.0, "left": 0.0, "laneChangedFrom": 0.0, "laneChangedTo": 0.0, "traveltime": 0.0, "overlapTraveltime": 0.0, "density": 0.0, "laneDensity": 0.0, "occupancy": 0.0, "waitingTime": 0.0, "timeLoss": 0.0, "speed": 0.0, "speedRelative": 0.0, "teleported": 0.0 }, "geometry": { "type": "LineString", "coordinates": [ [ 4.358889, 50.837722 ], [ 4.358871, 50.837739 ], [ 4.35886, 50.837748 ], [ 4.358687, 50.837906 ], [ 4.35848, 50.838094 ] ] } },
{ "type": "Feature", "properties": { "index": "-1239219872#1", "element": "edge", "id": "-1239219872#1", "name": "", "sampledSeconds": 0.0, "departed": 0.0, "arrived": 0.0, "entered": 0.0, "left": 0.0, "laneChangedFrom": 0.0, "laneChangedTo": 0.0, "traveltime": 0.0, "overlapTraveltime": 0.0, "density": 0.0, "laneDensity": 0.0, "occupancy": 0.0, "waitingTime": 0.0, "timeLoss": 0.0, "speed": 0.0, "speedRelative": 0.0, "teleported": 0.0 }, "geometry": { "type": "LineString", "coordinates": [ [ 4.359741, 50.838072 ], [ 4.35972, 50.838092 ], [ 4.359688, 50.838121 ], [ 4.359475, 50.838319 ], [ 4.359345, 50.83844 ] ] } },
{ "type": "Feature", "properties": { "index": "-1245256709", "element": "edge", "id": "-1245256709", "name": "", "sampledSeconds": 0.0, "departed": 0.0, "arrived": 0.0, "entered": 0.0, "left": 0.0, "laneChangedFrom": 0.0, "laneChangedTo": 0.0, "traveltime": 0.0, "overlapTraveltime": 0.0, "density": 0.0, "laneDensity": 0.0, "occupancy": 0.0, "waitingTime": 0.0, "timeLoss": 0.0, "speed": 0.0, "speedRelative": 0.0, "teleported": 0.0 }, "geometry": { "type": "LineString", "coordinates": [ [ 4.378253, 50.823525 ], [ 4.378307, 50.823542 ], [ 4.378418, 50.823526 ], [ 4.378474, 50.82347 ], [ 4.378476, 50.823434 ], [ 4.378438, 50.823411 ], [ 4.378382, 50.823388 ] ] } },
{ "type": "Feature", "properties": { "index": "-1245258622", "element": "edge", "id": "-1245258622", "name": "", "sampledSeconds": 0.0, "departed": 0.0, "arrived": 0.0, "entered": 0.0, "left": 0.0, "laneChangedFrom": 0.0, "laneChangedTo": 0.0, "traveltime": 0.0, "overlapTraveltime": 0.0, "density": 0.0, "laneDensity": 0.0, "occupancy": 0.0, "waitingTime": 0.0, "timeLoss": 0.0, "speed": 0.0, "speedRelative": 0.0, "teleported": 0.0 }, "geometry": { "type": "LineString", "coordinates": [ [ 4.37776, 50.824046 ], [ 4.377782, 50.824054 ], [ 4.377945, 50.824115 ] ] } },
{ "type": "Feature", "properties": { "index": "-1263793722#2", "element": "edge", "id": "-1263793722#2", "name": "Chaussée de Charleroi - Charleroise Steenweg", "sampledSeconds": 56.58, "departed": 0.0, "arrived": 3.0, "entered": 3.0, "left": 0.0, "laneChangedFrom": 0.0, "laneChangedTo": 0.0, "traveltime": 18.42, "overlapTraveltime": 19.05, "density": 0.1, "laneDensity": 0.1, "occupancy": 0.05, "waitingTime": 0.0, "timeLoss": 4.11, "speed": 8.29, "speedRelative": 0.99, "teleported": 0.0 }, "geometry": { "type": "LineString", "coordinates": [ [ 4.356887, 50.832794 ], [ 4.356833, 50.832621 ], [ 4.356711, 50.832238 ], [ 4.356493, 50.831555 ], [ 4.356487, 50.831535 ], [ 4.356458, 50.831447 ] ] } },
{ "type": "Feature", "properties": { "index": "-1263793723", "element": "edge", "id": "-1263793723", "name": "Chaussée de Charleroi - Charleroise Steenweg", "sampledSeconds": 1663.44, "departed": 6.0, "arrived": 1.0, "entered": 5.0, "left": 9.0, "laneChangedFrom": 0.0, "laneChangedTo": 0.0, "traveltime": 129.84, "overlapTraveltime": 173.09, "density": 14.94, "laneDensity": 14.94, "occupancy": 6.99, "waitingTime": 1575.0, "timeLoss": 1617.96, "speed": 0.21, "speedRelative": 0.02, "teleported": 0.0 }, "geometry": { "type": "LineString", "coordinates": [ [ 4.357005, 50.833158 ], [ 4.356992, 50.833117 ], [ 4.356917, 50.832886 ] ] } },
{ "type": "Feature", "properties": { "index": "-1267194155#2", "element": "edge", "id": "-1267194155#2", "name": "Chaussée de Vleurgat - Vleurgatse Steenweg", "sampledSeconds": 555.03, "departed": 9.0, "arrived": 6.0, "entered": 23.0, "left": 26.0, "laneChangedFrom": 0.0, "laneChangedTo": 0.0, "traveltime": 16.92, "overlapTraveltime": 18.09, "density": 3.99, "laneDensity": 3.99, "occupancy": 1.91, "waitingTime": 330.0, "timeLoss": 380.26, "speed": 2.41, "speedRelative": 0.29, "teleported": 0.0 }, "geometry": { "type": "LineString", "coordinates": [ [ 4.367497, 50.823323 ], [ 4.367488, 50.823313 ], [ 4.367467, 50.823289 ], [ 4.367435, 50.823254 ], [ 4.367233, 50.823018 ] ] } },
{ "type": "Feature", "properties": { "index": "-1305384085", "element": "edge", "id": "-1305384085", "name": "", "sampledSeconds": 0.0, "departed": 0.0, "arrived": 0.0, "entered": 0.0, "left": 0.0, "laneChangedFrom": 0.0, "laneChangedTo": 0.0, "traveltime": 0.0, "overlapTraveltime": 0.0, "density": 0.0, "laneDensity": 0.0, "occupancy": 0.0, "waitingTime": 0.0, "timeLoss": 0.0, "speed": 0.0, "speedRelative": 0.0, "teleported": 0.0 }, "geometry": { "type": "LineString", "coordinates": [ [ 4.365755, 50.833899 ], [ 4.365788, 50.833919 ], [ 4.365951, 50.834021 ], [ 4.366154, 50.834148 ] ] } },
{ "type": "Feature", "properties": { "index": "-1305393686", "element": "edge", "id": "-1305393686", "name": "", "sampledSeconds": 0.0, "departed": 0.0, "arrived": 0.0, "entered": 0.0, "left": 0.0, "laneChangedFrom": 0.0, "laneChangedTo": 0.0, "traveltime": 0.0, "overlapTraveltime": 0.0, "density": 0.0, "laneDensity": 0.0, "occupancy": 0.0, "waitingTime": 0.0, "timeLoss": 0.0, "speed": 0.0, "speedRelative": 0.0, "teleported": 0.0 }, "geometry": { "type": "LineString", "coordinates": [ [ 4.364827, 50.83416 ], [ 4.364848, 50.834172 ], [ 4.36498, 50.83425 ], [ 4.365007, 50.834266 ] ] } },
{ "type": "Feature", "properties": { "index": "-1307684786#1", "element": "edge", "id": "-1307684786#1", "name": "Chaussée de Boondael - Boondaalse Steenweg", "sampledSeconds": 1404.25, "departed": 2.0, "arrived": 4.0, "entered": 33.0, "left": 24.0, "laneChangedFrom": 0.0, "laneChangedTo": 0.0, "traveltime": 43.64, "overlapTraveltime": 45.35, "density": 7.78, "laneDensity": 7.78, "occupancy": 3.83, "waitingTime": 1137.0, "timeLoss": 1193.83, "speed": 1.22, "speedRelative": 0.15, "teleported": 1.0 }, "geometry": { "type": "LineString", "coordinates": [ [ 4.375649, 50.826147 ], [ 4.375947, 50.825738 ] ] } },
{ "type": "Feature", "properties": { "index": "-131916344", "element": "edge", "id": "-131916344", "name": "Avenue Émile de Béco - Émile de Bécolaan", "sampledSeconds": 0.0, "departed": 0.0, "arrived": 0.0, "entered": 0.0, "left": 0.0, "laneChangedFrom": 0.0, "laneChangedTo": 0.0, "traveltime": 0.0, "overlapTraveltime": 0.0, "density": 0.0, "laneDensity": 0.0, "occupancy": 0.0, "waitingTime": 0.0, "timeLoss": 0.0, "speed": 0.0, "speedRelative": 0.0, "teleported": 0.0 }, "geometry": { "type": "LineString", "coordinates": [ [ 4.384305, 50.821412 ], [ 4.384273, 50.821436 ] ] } },
{ "type": "Feature", "properties": { "index": "-131916348#3", "element": "edge", "id": "-131916348#3", "name": "", "sampledSeconds": 0.0, "departed": 0.0, "arrived": 0.0, "entered": 0.0, "left": 0.0, "laneChangedFrom": 0.0, "laneChangedTo": 0.0, "traveltime": 0.0, "overlapTraveltime": 0.0, "density": 0.0, "laneDensity": 0.0, "occupancy": 0.0, "waitingTime": 0.0, "timeLoss": 0.0, "speed": 0.0, "speedRelative": 0.0, "teleported": 0.0 }, "geometry": { "type": "LineString", "coordinates": [ [ 4.385117, 50.821426 ], [ 4.385085, 50.821445 ], [ 4.385009, 50.821514 ], [ 4.384864, 50.821573 ], [ 4.384839, 50.82159 ], [ 4.384656, 50.821712 ], [ 4.384617, 50.821761 ], [ 4.384582, 50.821844 ], [ 4.384365, 50.821977 ], [ 4.384034, 50.822181 ] ] } },
{ "type": "Feature", "properties": { "index": "-131954303", "element": "edge", "id": "-131954303", "name": "", "sampledSeconds": 0.0, "departed": 0.0, "arrived": 0.0, "entered": 0.0, "left": 0.0, "laneChangedFrom": 0.0, "laneChangedTo": 0.0, "traveltime": 0.0, "overlapTraveltime": 0.0, "density": 0.0, "laneDensity": 0.0, "occupancy": 0.0, "waitingTime": 0.0, "timeLoss": 0.0, "speed": 0.0, "speedRelative": 0.0, "teleported": 0.0 }, "geometry": { "type": "LineString", "coordinates": [ [ 4.380999, 50.821292 ], [ 4.380643, 50.821083 ], [ 4.380628, 50.821074 ] ] } },
{ "type": "Feature", "properties": { "index": "-132043932", "element": "edge", "id": "-132043932", "name": "", "sampledSeconds": 0.0, "departed": 0.0, "arrived": 0.0, "entered": 0.0, "left": 0.0, "laneChangedFrom": 0.0, "laneChangedTo": 0.0, "traveltime": 0.0, "overlapTraveltime": 0.0, "density": 0.0, "laneDensity": 0.0, "occupancy": 0.0, "waitingTime": 0.0, "timeLoss": 0.0, "speed": 0.0, "speedRelative": 0.0, "teleported": 0.0 }, "geometry": { "type": "LineString", "coordinates": [ [ 4.380254, 50.82303 ], [ 4.380616, 50.82274 ] ] } },
{ "type": "Feature", "properties": { "index": "-132043933", "element": "edge", "id": "-132043933", "name": "", "sampledSeconds": 0.0, "departed": 0.0, "arrived": 0.0, "entered": 0.0, "left": 0.0, "laneChangedFrom": 0.0, "laneChangedTo": 0.0, "traveltime": 0.0, "overlapTraveltime": 0.0, "density": 0.0, "laneDensity": 0.0, "occupancy": 0.0, "waitingTime": 0.0, "timeLoss": 0.0, "speed": 0.0, "speedRelative": 0.0, "teleported": 0.0 }, "geometry": { "type": "LineString", "coordinates": [ [ 4.379094, 50.823769 ], [ 4.379175, 50.823879 ], [ 4.379578, 50.823977 ], [ 4.379685, 50.823872 ], [ 4.379715, 50.823749 ], [ 4.379801, 50.82363 ], [ 4.379904, 50.823539 ] ] } },
{ "type": "Feature", "properties": { "index": "-132043934#0", "element": "edge", "id": "-132043934#0", "name": "", "sampledSeconds": 0.0, "departed": 0.0, "arrived": 0.0, "entered": 0.0, "left": 0.0, "laneChangedFrom": 0.0, "laneChangedTo": 0.0, "traveltime": 0.0, "overlapTraveltime": 0.0, "density": 0.0, "laneDensity": 0.0, "occupancy": 0.0, "waitingTime": 0.0, "timeLoss": 0.0, "speed": 0.0, "speedRelative": 0.0, "teleported": 0.0 }, "geometry": { "type": "LineString", "coordinates": [ [ 4.379065, 50.823664 ], [ 4.379135, 50.82361 ], [ 4.379241, 50.82356 ], [ 4.379295, 50.823546 ], [ 4.379372, 50.823475 ], [ 4.3795, 50.823357 ] ] } },
{ "type": "Feature", "properties": { "index": "-132043934#1", "element": "edge", "id": "-132043934#1", "name": "", "sampledSeconds": 0.0, "departed": 0.0, "arrived": 0.0, "entered": 0.0, "left": 0.0, "laneChangedFrom": 0.0, "laneChangedTo": 0.0, "traveltime": 0.0, "overlapTraveltime": 0.0, "density": 0.0, "laneDensity": 0.0, "occupancy": 0.0, "waitingTime": 0.0, "timeLoss": 0.0, "speed": 0.0, "speedRelative": 0.0, "teleported": 0.0 }, "geometry": { "type": "LineString", "coordinates": [ [ 4.378665, 50.82404 ], [ 4.378821, 50.82387 ], [ 4.37895, 50.823733 ] ] } },
{ "type": "Feature", "properties": { "index": "-132148870#1", "element": "edge", "id": "-132148870#1", "name": "Rue Guillaume Stocq - Guillaume Stocqstraat", "sampledSeconds": 2729.72, "departed": 8.0, "arrived": 3.0, "entered": 149.0, "left": 154.0, "laneChangedFrom": 0.0, "laneChangedTo": 0.0, "traveltime": 16.54, "overlapTraveltime": 17.43, "density": 7.47, "laneDensity": 7.47, "occupancy": 3.57, "waitingTime": 26.0, "timeLoss": 722.25, "speed": 6.11, "speedRelative": 0.73, "teleported": 0.0 }, "geometry": { "type": "LineString", "coordinates": [ [ 4.376631, 50.823712 ], [ 4.376676, 50.823706 ], [ 4.377306, 50.823623 ], [ 4.377944, 50.823543 ], [ 4.378044, 50.823536 ] ] } },
{ "type": "Feature", "properties": { "index": "-132148870#2", "element": "edge", "id": "-132148870#2", "name": "Rue Guillaume Stocq - Guillaume Stocqstraat", "sampledSeconds": 627.69, "departed": 5.0, "arrived": 3.0, "entered": 202.0, "left": 204.0, "laneChangedFrom": 0.0, "laneChangedTo": 0.0, "traveltime": 2.31, "overlapTraveltime": 3.05, "density": 10.66, "laneDensity": 10.66, "occupancy": 4.09, "waitingTime": 0.0, "timeLoss": 85.74, "speed": 7.0, "speedRelative": 0.84, "teleported": 0.0 }, "geometry": { "type": "LineString", "coordinates": [ [ 4.376241, 50.823763 ], [ 4.376468, 50.823733 ] ] } },
{ "type": "Feature", "properties": { "index": "-132376877", "element": "edge", "id": "-132376877", "name": "", "sampledSeconds": 0.0, "departed": 0.0, "arrived": 0.0, "entered": 0.0, "left": 0.0, "laneChangedFrom": 0.0, "laneChangedTo": 0.0, "traveltime": 0.0, "overlapTraveltime": 0.0, "density": 0.0, "laneDensity": 0.0, "occupancy": 0.0, "waitingTime": 0.0, "timeLoss": 0.0, "speed": 0.0, "speedRelative": 0.0, "teleported": 0.0 }, "geometry": { "type": "LineString", "coordinates": [ [ 4.377192, 50.819661 ], [ 4.377054, 50.819806 ], [ 4.37708, 50.819868 ], [ 4.377093, 50.819884 ], [ 4.377105, 50.819889 ], [ 4.377253, 50.819959 ], [ 4.377307, 50.819982 ] ] } },
{ "type": "Feature", "properties": { "index": "-132453746", "element": "edge", "id": "-132453746", "name": "", "sampledSeconds": 0.0, "departed": 0.0, "arrived": 0.0, "entered": 0.0, "left": 0.0, "laneChangedFrom": 0.0, "laneChangedTo": 0.0, "traveltime": 0.0, "overlapTraveltime": 0.0, "density": 0.0, "laneDensity": 0.0, "occupancy": 0.0, "waitingTime": 0.0, "timeLoss": 0.0, "speed": 0.0, "speedRelative": 0.0, "teleported": 0.0 }, "geometry": { "type": "LineString", "coordinates": [ [ 4.3777, 50.824533 ], [ 4.377673, 50.824474 ] ] } },
{ "type": "Feature", "properties": { "index": "-132453750#1", "element": "edge", "id": "-132453750#1", "name": "", "sampledSeconds": 0.0, "departed": 0.0, "arrived": 0.0, "entered": 0.0, "left": 0.0, "laneChangedFrom": 0.0, "laneChangedTo": 0.0, "traveltime": 0.0, "overlapTraveltime": 0.0, "density": 0.0, "laneDensity": 0.0, "occupancy": 0.0, "waitingTime": 0.0, "timeLoss": 0.0, "speed": 0.0, "speedRelative": 0.0, "teleported": 0.0 }, "geometry": { "type": "LineString", "coordinates": [ [ 4.379169, 50.825173 ], [ 4.379431, 50.825239 ], [ 4.37945, 50.825245 ], [ 4.379475, 50.825249 ] ] } },
{ "type": "Feature", "properties": { "index": "-132453751", "element": "edge", "id": "-132453751", "name": "", "sampledSeconds": 0.0, "departed": 0.0, "arrived": 0.0, "entered": 0.0, "left": 0.0, "laneChangedFrom": 0.0, "laneChangedTo": 0.0, "traveltime": 0.0, "overlapTraveltime": 0.0, "density": 0.0, "laneDensity": 0.0, "occupancy": 0.0, "waitingTime": 0.0, "timeLoss": 0.0, "speed": 0.0, "speedRelative": 0.0, "teleported": 0.0 }, "geometry": { "type": "LineString", "coordinates": [ [ 4.378124, 50.824866 ], [ 4.378109, 50.824907 ], [ 4.377966, 50.825102 ], [ 4.377958, 50.825129 ] ] } },
{ "type": "Feature", "properties": { "index": "-132453755", "element": "edge", "id": "-132453755", "name": "", "sampledSeconds": 0.0, "departed": 0.0, "arrived": 0.0, "entered": 0.0, "left": 0.0, "laneChangedFrom": 0.0, "laneChangedTo": 0.0, "traveltime": 0.0, "overlapTraveltime": 0.0, "density": 0.0, "laneDensity": 0.0, "occupancy": 0.0, "waitingTime": 0.0, "timeLoss": 0.0, "speed": 0.0, "speedRelative": 0.0, "teleported": 0.0 }, "geometry": { "type": "LineString", "coordinates": [ [ 4.37768, 50.824595 ], [ 4.377677, 50.824595 ], [ 4.377612, 50.824607 ], [ 4.377499, 50.824598 ], [ 4.377418, 50.824569 ], [ 4.37734, 50.824506 ], [ 4.377325, 50.824493 ] ] } },
{ "type": "Feature", "properties": { "index": "-132453762", "element": "edge", "id": "-132453762", "name": "", "sampledSeconds": 0.0, "departed": 0.0, "arrived": 0.0, "entered": 0.0, "left": 0.0, "laneChangedFrom": 0.0, "laneChangedTo": 0.0, "traveltime": 0.0, "overlapTraveltime": 0.0, "density": 0.0, "laneDensity": 0.0, "occupancy": 0.0, "waitingTime": 0.0, "timeLoss": 0.0, "speed": 0.0, "speedRelative": 0.0, "teleported": 0.0 }, "geometry": { "type": "LineString", "coordinates": [ [ 4.378655, 50.826148 ], [ 4.378392, 50.826005 ], [ 4.378076, 50.825832 ], [ 4.377974, 50.825757 ], [ 4.377874, 50.825637 ], [ 4.377875, 50.825555 ], [ 4.377998, 50.825341 ], [ 4.377994, 50.825257 ], [ 4.377995, 50.825255 ] ] } },
{ "type": "Feature", "properties": { "index": "-132928975", "element": "edge", "id": "-132928975", "name": "Passage de Milan - Milaanpassage", "sampledSeconds": 0.0, "departed": 0.0, "arrived": 0.0, "entered": 0.0, "left": 0.0, "laneChangedFrom": 0.0, "laneChangedTo": 0.0, "traveltime": 0.0, "overlapTraveltime": 0.0, "density": 0.0, "laneDensity": 0.0, "occupancy": 0.0, "waitingTime": 0.0, "timeLoss": 0.0, "speed": 0.0, "speedRelative": 0.0, "teleported": 0.0 }, "geometry": { "type": "LineString", "coordinates": [ [ 4.357803, 50.837921 ], [ 4.358221, 50.837528 ], [ 4.358258, 50.837495 ], [ 4.358267, 50.837486 ], [ 4.358281, 50.837473 ] ] } },
{ "type": "Feature", "properties": { "index": "-13548482#0", "element": "edge", "id": "-13548482#0", "name": "", "sampledSeconds": 0.0, "departed": 0.0, "arrived": 0.0, "entered": 0.0, "left": 0.0, "laneChangedFrom": 0.0, "laneChangedTo": 0.0, "traveltime": 0.0, "overlapTraveltime": 0.0, "density": 0.0, "laneDensity": 0.0, "occupancy": 0.0, "waitingTime": 0.0, "timeLoss": 0.0, "speed": 0.0, "speedRelative": 0.0, "teleported": 0.0 }, "geometry": { "type": "LineString", "coordinates": [ [ 4.35576, 50.836011 ], [ 4.355839, 50.835932 ] ] } },
{ "type": "Feature", "properties": { "index": "-13548482#1", "element": "edge", "id": "-13548482#1", "name": "", "sampledSeconds": 0.0, "departed": 0.0, "arrived": 0.0, "entered": 0.0, "left": 0.0, "laneChangedFrom": 0.0, "laneChangedTo": 0.0, "traveltime": 0.0, "overlapTraveltime": 0.0, "density": 0.0, "laneDensity": 0.0, "occupancy": 0.0, "waitingTime": 0.0, "timeLoss": 0.0, "speed": 0.0, "speedRelative": 0.0, "teleported": 0.0 }, "geometry": { "type": "LineString", "coordinates": [ [ 4.355638, 50.836132 ], [ 4.355712, 50.836058 ] ] } },
{ "type": "Feature", "properties": { "index": "-137118865", "element": "edge", "id": "-137118865", "name": "", "sampledSeconds": 0.0, "departed": 0.0, "arrived": 0.0, "entered": 0.0, "left": 0.0, "laneChangedFrom": 0.0, "laneChangedTo": 0.0, "traveltime": 0.0, "overlapTraveltime": 0.0, "density": 0.0, "laneDensity": 0.0, "occupancy": 0.0, "waitingTime": 0.0, "timeLoss": 0.0, "speed": 0.0, "speedRelative": 0.0, "teleported": 0.0 }, "geometry": { "type": "LineString", "coordinates": [ [ 4.367585, 50.831815 ], [ 4.367582, 50.831813 ], [ 4.367208, 50.831547 ] ] } },
{ "type": "Feature", "properties": { "index": "-137419461#0", "element": "edge", "id": "-137419461#0", "name": "", "sampledSeconds": 0.0, "departed": 0.0, "arrived": 0.0, "entered": 0.0, "left": 0.0, "laneChangedFrom": 0.0, "laneChangedTo": 0.0, "traveltime": 0.0, "overlapTraveltime": 0.0, "density": 0.0, "laneDensity": 0.0, "occupancy": 0.0, "waitingTime": 0.0, "timeLoss": 0.0, "speed": 0.0, "speedRelative": 0.0, "teleported": 0.0 }, "geometry": { "type": "LineString", "coordinates": [ [ 4.367105, 50.830512 ], [ 4.367176, 50.830557 ], [ 4.367262, 50.83059 ] ] } },
{ "type": "Feature", "properties": { "index": "-137419461#1", "element": "edge", "id": "-137419461#1", "name": "", "sampledSeconds": 0.0, "departed": 0.0, "arrived": 0.0, "entered": 0.0, "left": 0.0, "laneChangedFrom": 0.0, "laneChangedTo": 0.0, "traveltime": 0.0, "overlapTraveltime": 0.0, "density": 0.0, "laneDensity": 0.0, "occupancy": 0.0, "waitingTime": 0.0, "timeLoss": 0.0, "speed": 0.0, "speedRelative": 0.0, "teleported": 0.0 }, "geometry": { "type": "LineString", "coordinates": [ [ 4.366571, 50.830186 ], [ 4.366637, 50.830154 ], [ 4.366736, 50.830138 ], [ 4.367079, 50.830254 ], [ 4.367113, 50.830327 ], [ 4.367064, 50.830429 ] ] } },
{ "type": "Feature", "properties": { "index": "-137419461#2", "element": "edge", "id": "-137419461#2", "name": "", "sampledSeconds": 0.0, "departed": 0.0, "arrived": 0.0, "entered": 0.0, "left": 0.0, "laneChangedFrom": 0.0, "laneChangedTo": 0.0, "traveltime": 0.0, "overlapTraveltime": 0.0, "density": 0.0, "laneDensity": 0.0, "occupancy": 0.0, "waitingTime": 0.0, "timeLoss": 0.0, "speed": 0.0, "speedRelative": 0.0, "teleported": 0.0 }, "geometry": { "type": "LineString", "coordinates": [ [ 4.366957, 50.830504 ], [ 4.366908, 50.830502 ], [ 4.36676, 50.830483 ], [ 4.36662, 50.830431 ], [ 4.366484, 50.830311 ], [ 4.366549, 50.830205 ] ] } },
{ "type": "Feature", "properties": { "index": "-137634033", "element": "edge", "id": "-137634033", "name": "", "sampledSeconds": 0.0, "departed": 0.0, "arrived": 0.0, "entered": 0.0, "left": 0.0, "laneChangedFrom": 0.0, "laneChangedTo": 0.0, "traveltime": 0.0, "overlapTraveltime": 0.0, "density": 0.0, "laneDensity": 0.0, "occupancy": 0.0, "waitingTime": 0.0, "timeLoss": 0.0, "speed": 0.0, "speedRelative": 0.0, "teleported": 0.0 }, "geometry": { "type": "LineString", "coordinates": [ [ 4.367708, 50.824892 ], [ 4.367481, 50.824983 ], [ 4.367012, 50.825179 ] ] } },
{ "type": "Feature", "properties": { "index": "-13764245#1", "element": "edge", "id": "-13764245#1", "name": "Rue du Magistrat - Wethoudersstraat", "sampledSeconds": 144.48, "departed": 0.0, "arrived": 5.0, "entered": 5.0, "left": 0.0, "laneChangedFrom": 0.0, "laneChangedTo": 0.0, "traveltime": 28.36, "overlapTraveltime": 29.02, "density": 0.18, "laneDensity": 0.18, "occupancy": 0.09, "waitingTime": 0.0, "timeLoss": 11.07, "speed": 7.68, "speedRelative": 0.92, "teleported": 0.0 }, "geometry": { "type": "LineString", "coordinates": [ [ 4.365849, 50.824943 ], [ 4.365843, 50.82494 ], [ 4.363461, 50.823785 ], [ 4.363415, 50.823738 ] ] } },
{ "type": "Feature", "properties": { "index": "-13764247#1", "element": "edge", "id": "-13764247#1", "name": "Tenbosch - Tenbos", "sampledSeconds": 469.96, "departed": 8.0, "arrived": 0.0, "entered": 0.0, "left": 7.0, "laneChangedFrom": 0.0, "laneChangedTo": 0.0, "traveltime": 60.16, "overlapTraveltime": 61.22, "density": 0.86, "laneDensity": 0.86, "occupancy": 0.43, "waitingTime": 306.0, "timeLoss": 336.38, "speed": 2.57, "speedRelative": 0.31, "teleported": 1.0 }, "geometry": { "type": "LineString", "coordinates": [ [ 4.365121, 50.823166 ], [ 4.365202, 50.823212 ], [ 4.366735, 50.824078 ], [ 4.366738, 50.82408 ] ] } },
{ "type": "Feature", "properties": { "index": "-13764389", "element": "edge", "id": "-13764389", "name": "Rue de Belle Vue - Bellevuestraat", "sampledSeconds": 90.77, "departed": 3.0, "arrived": 4.0, "entered": 85.0, "left": 84.0, "laneChangedFrom": 0.0, "laneChangedTo": 0.0, "traveltime": 0.2, "overlapTraveltime": 1.05, "density": 35.02, "laneDensity": 35.02, "occupancy": 2.19, "waitingTime": 3.0, "timeLoss": 43.7, "speed": 5.42, "speedRelative": 0.39, "teleported": 0.0 }, "geometry": { "type": "LineString", "coordinates": [ [ 4.370946, 50.819511 ], [ 4.370955, 50.819514 ] ] } },
{ "type": "Feature", "properties": { "index": "-13853658", "element": "edge", "id": "-13853658", "name": "Chaussée d&apos;Ixelles - Elsense Steenweg", "sampledSeconds": 2521.77, "departed": 2.0, "arrived": 2.0, "entered": 243.0, "left": 244.0, "laneChangedFrom": 0.0, "laneChangedTo": 0.0, "traveltime": 9.19, "overlapTraveltime": 10.27, "density": 16.57, "laneDensity": 16.57, "occupancy": 7.42, "waitingTime": 19.0, "timeLoss": 459.54, "speed": 4.6, "speedRelative": 0.83, "teleported": 0.0 }, "geometry": { "type": "LineString", "coordinates": [ [ 4.362078, 50.83755 ], [ 4.362007, 50.837928 ] ] } },
{ "type": "Feature", "properties": { "index": "-13853659#0", "element": "edge", "id": "-13853659#0", "name": "Chaussée d&apos;Ixelles - Elsense Steenweg", "sampledSeconds": 711.07, "departed": 7.0, "arrived": 4.0, "entered": 87.0, "left": 91.0, "laneChangedFrom": 0.0, "laneChangedTo": 0.0, "traveltime": 6.56, "overlapTraveltime": 7.62, "density": 6.4, "laneDensity": 6.4, "occupancy": 2.78, "waitingTime": 0.0, "timeLoss": 98.57, "speed": 4.71, "speedRelative": 0.85, "teleported": 0.0 }, "geometry": { "type": "LineString", "coordinates": [ [ 4.366898, 50.8324 ], [ 4.366857, 50.832447 ], [ 4.366803, 50.832536 ], [ 4.366763, 50.8326 ], [ 4.366733, 50.832656 ] ] } },
{ "type": "Feature", "properties": { "index": "-13853659#1", "element": "edge", "id": "-13853659#1", "name": "Chaussée d&apos;Ixelles - Elsense Steenweg", "sampledSeconds": 585.91, "departed": 5.0, "arrived": 1.0, "entered": 83.0, "left": 87.0, "laneChangedFrom": 0.0, "laneChangedTo": 0.0, "traveltime": 5.69, "overlapTraveltime": 6.73, "density": 6.15, "laneDensity": 6.15, "occupancy": 2.6, "waitingTime": 0.0, "timeLoss": 83.27, "speed": 4.67, "speedRelative": 0.84, "teleported": 0.0 }, "geometry": { "type": "LineString", "coordinates": [ [ 4.367196, 50.832136 ], [ 4.36717, 50.832153 ], [ 4.366972, 50.832326 ] ] } },
{ "type": "Feature", "properties": { "index": "-13853663", "element": "edge", "id": "-13853663", "name": "Rue Georges Lorand - Georges Lorandstraat", "sampledSeconds": 146.38, "departed": 3.0, "arrived": 4.0, "entered": 4.0, "left": 3.0, "laneChangedFrom": 0.0, "laneChangedTo": 0.0, "traveltime": 20.45, "overlapTraveltime": 21.26, "density": 0.28, "laneDensity": 0.28, "occupancy": 0.14, "waitingTime": 0.0, "timeLoss": 20.35, "speed": 7.01, "speedRelative": 0.84, "teleported": 0.0 }, "geometry": { "type": "LineString", "coordinates": [ [ 4.36803, 50.83554 ], [ 4.36809, 50.835518 ], [ 4.369255, 50.834904 ], [ 4.36952, 50.834764 ], [ 4.369608, 50.834717 ] ] } },
{ "type": "Feature", "properties": { "index": "-138717593#0", "element": "edge", "id": "-138717593#0", "name": "", "sampledSeconds": 0.0, "departed": 0.0, "arrived": 0.0, "entered": 0.0, "left": 0.0, "laneChangedFrom": 0.0, "laneChangedTo": 0.0, "traveltime": 0.0, "overlapTraveltime": 0.0, "density": 0.0, "laneDensity": 0.0, "occupancy": 0.0, "waitingTime": 0.0, "timeLoss": 0.0, "speed": 0.0, "speedRelative": 0.0, "teleported": 0.0 }, "geometry": { "type": "LineString", "coordinates": [ [ 4.368405, 50.836351 ], [ 4.368479, 50.836405 ] ] } },
{ "type": "Feature", "properties": { "index": "-138717593#1", "element": "edge", "id": "-138717593#1", "name": "", "sampledSeconds": 0.0, "departed": 0.0, "arrived": 0.0, "entered": 0.0, "left": 0.0, "laneChangedFrom": 0.0, "laneChangedTo": 0.0, "traveltime": 0.0, "overlapTraveltime": 0.0, "density": 0.0, "laneDensity": 0.0, "occupancy": 0.0, "waitingTime": 0.0, "timeLoss": 0.0, "speed": 0.0, "speedRelative": 0.0, "teleported": 0.0 }, "geometry": { "type": "LineString", "coordinates": [ [ 4.367936, 50.836441 ], [ 4.367963, 50.836438 ], [ 4.368148, 50.836396 ], [ 4.368282, 50.836341 ] ] } },
{ "type": "Feature", "properties": { "index": "-138748684", "element": "edge", "id": "-138748684", "name": "", "sampledSeconds": 0.0, "departed": 0.0, "arrived": 0.0, "entered": 0.0, "left": 0.0, "laneChangedFrom": 0.0, "laneChangedTo": 0.0, "traveltime": 0.0, "overlapTraveltime": 0.0, "density": 0.0, "laneDensity": 0.0, "occupancy": 0.0, "waitingTime": 0.0, "timeLoss": 0.0, "speed": 0.0, "speedRelative": 0.0, "teleported": 0.0 }, "geometry": { "type": "LineString", "coordinates": [ [ 4.36614, 50.839567 ], [ 4.366474, 50.839737 ] ] } },
{ "type": "Feature", "properties": { "index": "-138748689", "element": "edge", "id": "-138748689", "name": "", "sampledSeconds": 0.0, "departed": 0.0, "arrived": 0.0, "entered": 0.0, "left": 0.0, "laneChangedFrom": 0.0, "laneChangedTo": 0.0, "traveltime": 0.0, "overlapTraveltime": 0.0, "density": 0.0, "laneDensity": 0.0, "occupancy": 0.0, "waitingTime": 0.0, "timeLoss": 0.0, "speed": 0.0, "speedRelative": 0.0, "teleported": 0.0 }, "geometry": { "type": "LineString", "coordinates": [ [ 4.366529, 50.839202 ], [ 4.366637, 50.839106 ] ] } },
{ "type": "Feature", "properties": { "index": "-14118784#0", "element": "edge", "id": "-14118784#0", "name": "Rue Jean Van Volsem - Jean Van Volsemstraat", "sampledSeconds": 1027.59, "departed": 9.0, "arrived": 1.0, "entered": 58.0, "left": 65.0, "laneChangedFrom": 0.0, "laneChangedTo": 0.0, "traveltime": 14.71, "overlapTraveltime": 15.58, "density": 2.73, "laneDensity": 2.73, "occupancy": 1.3, "waitingTime": 9.0, "timeLoss": 127.9, "speed": 7.02, "speedRelative": 0.84, "teleported": 0.0 }, "geometry": { "type": "LineString", "coordinates": [ [ 4.370182, 50.830189 ], [ 4.371167, 50.830863 ], [ 4.37119, 50.830878 ] ] } },
{ "type": "Feature", "properties": { "index": "-14118784#2", "element": "edge", "id": "-14118784#2", "name": "Rue Jean Van Volsem - Jean Van Volsemstraat", "sampledSeconds": 1189.97, "departed": 5.0, "arrived": 3.0, "entered": 60.0, "left": 62.0, "laneChangedFrom": 0.0, "laneChangedTo": 0.0, "traveltime": 17.3, "overlapTraveltime": 18.68, "density": 10.95, "laneDensity": 10.95, "occupancy": 5.19, "waitingTime": 831.0, "timeLoss": 911.87, "speed": 1.88, "speedRelative": 0.23, "teleported": 1.0 }, "geometry": { "type": "LineString", "coordinates": [ [ 4.36976, 50.829904 ], [ 4.369763, 50.829905 ], [ 4.370054, 50.830102 ] ] } },
{ "type": "Feature", "properties": { "index": "-14362916#1", "element": "edge", "id": "-14362916#1", "name": "Rue du Sceptre - Scepterstraat", "sampledSeconds": 346.74, "departed": 5.0, "arrived": 0.0, "entered": 8.0, "left": 13.0, "laneChangedFrom": 0.0, "laneChangedTo": 0.0, "traveltime": 12.38, "overlapTraveltime": 27.34, "density": 1.28, "laneDensity": 1.28, "occupancy": 0.32, "waitingTime": 180.0, "timeLoss": 224.38, "speed": 2.93, "speedRelative": 0.35, "teleported": 0.0 }, "geometry": { "type": "LineString", "coordinates": [ [ 4.376099, 50.833348 ], [ 4.375356, 50.83297 ], [ 4.375354, 50.832968 ], [ 4.375306, 50.832945 ], [ 4.375283, 50.832934 ], [ 4.375263, 50.832927 ] ] } },
{ "type": "Feature", "properties": { "index": "-14475193#5", "element": "edge", "id": "-14475193#5", "name": "Boulevard du Régent - Regentlaan", "sampledSeconds": 0.0, "departed": 0.0, "arrived": 0.0, "entered": 0.0, "left": 0.0, "laneChangedFrom": 0.0, "laneChangedTo": 0.0, "traveltime": 0.0, "overlapTraveltime": 0.0, "density": 0.0, "laneDensity": 0.0, "occupancy": 0.0, "waitingTime": 0.0, "timeLoss": 0.0, "speed": 0.0, "speedRelative": 0.0, "teleported": 0.0 }, "geometry": { "type": "LineString", "coordinates": [ [ 4.361966, 50.838858 ], [ 4.362031, 50.838896 ], [ 4.362065, 50.838912 ], [ 4.36211, 50.838932 ], [ 4.362859, 50.83933 ], [ 4.364099, 50.839949 ], [ 4.364853, 50.840342 ], [ 4.364883, 50.840426 ] ] } },
{ "type": "Feature", "properties": { "index": "-145550725#1", "element": "edge", "id": "-145550725#1", "name": "", "sampledSeconds": 357.92, "departed": 10.0, "arrived": 0.0, "entered": 0.0, "left": 10.0, "laneChangedFrom": 0.0, "laneChangedTo": 0.0, "traveltime": 35.87, "overlapTraveltime": 38.23, "density": 1.32, "laneDensity": 1.32, "occupancy": 0.64, "waitingTime": 0.0, "timeLoss": 81.04, "speed": 2.09, "speedRelative": 0.75, "teleported": 0.0 }, "geometry": { "type": "LineString", "coordinates": [ [ 4.387386, 50.821939 ], [ 4.387051, 50.82224 ], [ 4.386773, 50.822491 ] ] } },
{ "type": "Feature", "properties": { "index": "-14858868", "element": "edge", "id": "-14858868", "name": "Rue de Hornes - Hoornestraat", "sampledSeconds": 44.37, "departed": 0.0, "arrived": 4.0, "entered": 4.0, "left": 0.0, "laneChangedFrom": 0.0, "laneChangedTo": 0.0, "traveltime": 10.7, "overlapTraveltime": 11.4, "density": 0.17, "laneDensity": 0.17, "occupancy": 0.08, "waitingTime": 0.0, "timeLoss": 4.53, "speed": 6.99, "speedRelative": 0.84, "teleported": 0.0 }, "geometry": { "type": "LineString", "coordinates": [ [ 4.364838, 50.838759 ], [ 4.364831, 50.838779 ], [ 4.36419, 50.839287 ] ] } },
{ "type": "Feature", "properties": { "index": "-150275972", "element": "edge", "id": "-150275972", "name": "Place Adolphe Sax - Adolphe Saxplein", "sampledSeconds": 80.35, "departed": 0.0, "arrived": 6.0, "entered": 6.0, "left": 0.0, "laneChangedFrom": 0.0, "laneChangedTo": 0.0, "traveltime": 12.94, "overlapTraveltime": 13.58, "density": 0.22, "laneDensity": 0.22, "occupancy": 0.11, "waitingTime": 0.0, "timeLoss": 6.38, "speed": 7.81, "speedRelative": 0.94, "teleported": 0.0 }, "geometry": { "type": "LineString", "coordinates": [ [ 4.380796, 50.825966 ], [ 4.380976, 50.826044 ], [ 4.380696, 50.826383 ], [ 4.380416, 50.826697 ], [ 4.380395, 50.826721 ] ] } },
{ "type": "Feature", "properties": { "index": "-150275984#0", "element": "edge", "id": "-150275984#0", "name": "Chaussée de Boondael - Boondaalse Steenweg", "sampledSeconds": 664.83, "departed": 3.0, "arrived": 3.0, "entered": 60.0, "left": 60.0, "laneChangedFrom": 0.0, "laneChangedTo": 0.0, "traveltime": 9.41, "overlapTraveltime": 10.62, "density": 3.81, "laneDensity": 3.81, "occupancy": 1.74, "waitingTime": 122.0, "timeLoss": 241.49, "speed": 5.04, "speedRelative": 0.6, "teleported": 0.0 }, "geometry": { "type": "LineString", "coordinates": [ [ 4.377706, 50.823993 ], [ 4.378027, 50.823664 ], [ 4.378062, 50.823622 ], [ 4.378064, 50.82362 ] ] } },
{ "type": "Feature", "properties": { "index": "-150275984#1", "element": "edge", "id": "-150275984#1", "name": "Chaussée de Boondael - Boondaalse Steenweg", "sampledSeconds": 269.89, "departed": 7.0, "arrived": 1.0, "entered": 54.0, "left": 60.0, "laneChangedFrom": 0.0, "laneChangedTo": 0.0, "traveltime": 3.85, "overlapTraveltime": 4.52, "density": 2.68, "laneDensity": 2.68, "occupancy": 1.15, "waitingTime": 0.0, "timeLoss": 30.48, "speed": 7.31, "speedRelative": 0.88, "teleported": 0.0 }, "geometry": { "type": "LineString", "coordinates": [ [ 4.377427, 50.824278 ], [ 4.377636, 50.824064 ] ] } },
{ "type": "Feature", "properties": { "index": "-150275984#2", "element": "edge", "id": "-150275984#2", "name": "Chaussée de Boondael - Boondaalse Steenweg", "sampledSeconds": 96.31, "departed": 7.0, "arrived": 3.0, "entered": 50.0, "left": 54.0, "laneChangedFrom": 0.0, "laneChangedTo": 0.0, "traveltime": 1.07, "overlapTraveltime": 1.79, "density": 3.66, "laneDensity": 3.66, "occupancy": 1.14, "waitingTime": 0.0, "timeLoss": 16.02, "speed": 6.87, "speedRelative": 0.83, "teleported": 0.0 }, "geometry": { "type": "LineString", "coordinates": [ [ 4.3773, 50.824405 ], [ 4.377356, 50.82435 ] ] } },
{ "type": "Feature", "properties": { "index": "-150275984#3", "element": "edge", "id": "-150275984#3", "name": "Chaussée de Boondael - Boondaalse Steenweg", "sampledSeconds": 189.88, "departed": 7.0, "arrived": 0.0, "entered": 43.0, "left": 50.0, "laneChangedFrom": 0.0, "laneChangedTo": 0.0, "traveltime": 3.24, "overlapTraveltime": 3.9, "density": 2.32, "laneDensity": 2.32, "occupancy": 0.97, "waitingTime": 0.0, "timeLoss": 25.44, "speed": 7.13, "speedRelative": 0.86, "teleported": 0.0 }, "geometry": { "type": "LineString", "coordinates": [ [ 4.377051, 50.824652 ], [ 4.377225, 50.824479 ] ] } },
{ "type": "Feature", "properties": { "index": "-150275984#4", "element": "edge", "id": "-150275984#4", "name": "Chaussée de Boondael - Boondaalse Steenweg", "sampledSeconds": 222.53, "departed": 4.0, "arrived": 1.0, "entered": 40.0, "left": 43.0, "laneChangedFrom": 0.0, "laneChangedTo": 0.0, "traveltime": 4.46, "overlapTraveltime": 5.13, "density": 1.94, "laneDensity": 1.94, "occupancy": 0.84, "waitingTime": 0.0, "timeLoss": 28.2, "speed": 7.2, "speedRelative": 0.86, "teleported": 0.0 }, "geometry": { "type": "LineString", "coordinates": [ [ 4.376734, 50.824964 ], [ 4.37676, 50.824938 ], [ 4.376979, 50.824723 ] ] } },
{ "type": "Feature", "properties": { "index": "-150275984#6", "element": "edge", "id": "-150275984#6", "name": "Chaussée de Boondael - Boondaalse Steenweg", "sampledSeconds": 404.74, "departed": 7.0, "arrived": 1.0, "entered": 29.0, "left": 35.0, "laneChangedFrom": 0.0, "laneChangedTo": 0.0, "traveltime": 10.39, "overlapTraveltime": 11.41, "density": 1.53, "laneDensity": 1.53, "occupancy": 0.71, "waitingTime": 6.0, "timeLoss": 70.94, "speed": 6.88, "speedRelative": 0.83, "teleported": 0.0 }, "geometry": { "type": "LineString", "coordinates": [ [ 4.376052, 50.825627 ], [ 4.376604, 50.825092 ], [ 4.376623, 50.825073 ] ] } },
{ "type": "Feature", "properties": { "index": "-150275985#2", "element": "edge", "id": "-150275985#2", "name": "Chaussée de Boondael - Boondaalse Steenweg", "sampledSeconds": 48.4, "departed": 0.0, "arrived": 6.0, "entered": 6.0, "left": 0.0, "laneChangedFrom": 0.0, "laneChangedTo": 0.0, "traveltime": 7.69, "overlapTraveltime": 8.36, "density": 0.24, "laneDensity": 0.24, "occupancy": 0.11, "waitingTime": 0.0, "timeLoss": 3.81, "speed": 7.41, "speedRelative": 0.89, "teleported": 0.0 }, "geometry": { "type": "LineString", "coordinates": [ [ 4.381691, 50.820251 ], [ 4.381883, 50.820119 ], [ 4.382079, 50.819984 ], [ 4.382128, 50.81995 ], [ 4.382153, 50.819933 ], [ 4.382192, 50.819905 ], [ 4.382236, 50.819873 ] ] } },
{ "type": "Feature", "properties": { "index": "-150275986#1", "element": "edge", "id": "-150275986#1", "name": "Chaussée de Boondael - Boondaalse Steenweg", "sampledSeconds": 2444.06, "departed": 4.0, "arrived": 2.0, "entered": 155.0, "left": 157.0, "laneChangedFrom": 0.0, "laneChangedTo": 0.0, "traveltime": 13.86, "overlapTraveltime": 15.4, "density": 6.89, "laneDensity": 6.89, "occupancy": 3.18, "waitingTime": 89.0, "timeLoss": 463.15, "speed": 6.73, "speedRelative": 0.81, "teleported": 0.0 }, "geometry": { "type": "LineString", "coordinates": [ [ 4.378751, 50.822894 ], [ 4.379257, 50.822366 ], [ 4.379476, 50.822136 ] ] } },
{ "type": "Feature", "properties": { "index": "-150275986#2", "element": "edge", "id": "-150275986#2", "name": "Chaussée de Boondael - Boondaalse Steenweg", "sampledSeconds": 1324.49, "departed": 3.0, "arrived": 1.0, "entered": 200.0, "left": 204.0, "laneChangedFrom": 0.0, "laneChangedTo": 0.0, "traveltime": 5.67, "overlapTraveltime": 6.51, "density": 9.26, "laneDensity": 9.26, "occupancy": 4.11, "waitingTime": 13.0, "timeLoss": 214.55, "speed": 6.87, "speedRelative": 0.82, "teleported": 0.0 }, "geometry": { "type": "LineString", "coordinates": [ [ 4.378352, 50.82331 ], [ 4.378644, 50.823005 ] ] } },
{ "type": "Feature", "properties": { "index": "-150275986#3", "element": "edge", "id": "-150275986#3", "name": "Chaussée de Boondael - Boondaalse Steenweg", "sampledSeconds": 443.55, "departed": 5.0, "arrived": 1.0, "entered": 196.0, "left": 200.0, "laneChangedFrom": 0.0, "laneChangedTo": 0.0, "traveltime": 1.57, "overlapTraveltime": 2.22, "density": 10.6, "laneDensity": 10.6, "occupancy": 3.73, "waitingTime": 0.0, "timeLoss": 46.08, "speed": 7.47, "speedRelative": 0.9, "teleported": 0.0 }, "geometry": { "type": "LineString", "coordinates": [ [ 4.378197, 50.823472 ], [ 4.378282, 50.823383 ] ] } },
{ "type": "Feature", "properties": { "index": "-150275986#4", "element": "edge", "id": "-150275986#4", "name": "Chaussée de Boondael - Boondaalse Steenweg", "sampledSeconds": 157.3, "departed": 6.0, "arrived": 3.0, "entered": 193.0, "left": 196.0, "laneChangedFrom": 0.0, "laneChangedTo": 0.0, "traveltime": 0.03, "overlapTraveltime": 0.8, "density": 133.33, "laneDensity": 133.33, "occupancy": 4.21, "waitingTime": 0.0, "timeLoss": 34.78, "speed": 6.5, "speedRelative": 0.78, "teleported": 0.0 }, "geometry": { "type": "LineString", "coordinates": [ [ 4.378145, 50.823527 ], [ 4.378146, 50.823526 ] ] } },
{ "type": "Feature", "properties": { "index": "-150275988#2", "element": "edge", "id": "-150275988#2", "name": "Chaussée de Boondael - Boondaalse Steenweg", "sampledSeconds": 405.69, "departed": 3.0, "arrived": 2.0, "entered": 33.0, "left": 34.0, "laneChangedFrom": 0.0, "laneChangedTo": 0.0, "traveltime": 10.66, "overlapTraveltime": 11.35, "density": 1.44, "laneDensity": 1.44, "occupancy": 0.68, "waitingTime": 0.0, "timeLoss": 41.26, "speed": 7.32, "speedRelative": 0.88, "teleported": 0.0 }, "geometry": { "type": "LineString", "coordinates": [ [ 4.380621, 50.820993 ], [ 4.380651, 50.820972 ], [ 4.3809, 50.8208 ], [ 4.381368, 50.820475 ] ] } },
{ "type": "Feature", "properties": { "index": "-150275988#4", "element": "edge", "id": "-150275988#4", "name": "Chaussée de Boondael - Boondaalse Steenweg", "sampledSeconds": 233.55, "departed": 5.0, "arrived": 2.0, "entered": 30.0, "left": 33.0, "laneChangedFrom": 0.0, "laneChangedTo": 0.0, "traveltime": 5.83, "overlapTraveltime": 6.89, "density": 3.01, "laneDensity": 3.01, "occupancy": 1.33, "waitingTime": 49.0, "timeLoss": 123.59, "speed": 3.86, "speedRelative": 0.46, "teleported": 0.0 }, "geometry": { "type": "LineString", "coordinates": [ [ 4.380332, 50.821205 ], [ 4.380528, 50.82106 ], [ 4.380531, 50.821058 ] ] } },
{ "type": "Feature", "properties": { "index": "-150275988#5", "element": "edge", "id": "-150275988#5", "name": "Chaussée de Boondael - Boondaalse Steenweg", "sampledSeconds": 364.63, "departed": 4.0, "arrived": 4.0, "entered": 30.0, "left": 30.0, "laneChangedFrom": 0.0, "laneChangedTo": 0.0, "traveltime": 10.15, "overlapTraveltime": 10.83, "density": 1.36, "laneDensity": 1.36, "occupancy": 0.64, "waitingTime": 0.0, "timeLoss": 34.77, "speed": 7.36, "speedRelative": 0.88, "teleported": 0.0 }, "geometry": { "type": "LineString", "coordinates": [ [ 4.379703, 50.821856 ], [ 4.380248, 50.821281 ] ] } },
{ "type": "Feature", "properties": { "index": "-150275992#1", "element": "edge", "id": "-150275992#1", "name": "Chaussée d&apos;Ixelles - Elsense Steenweg", "sampledSeconds": 0.0, "departed": 0.0, "arrived": 0.0, "entered": 0.0, "left": 0.0, "laneChangedFrom": 0.0, "laneChangedTo": 0.0, "traveltime": 0.0, "overlapTraveltime": 0.0, "density": 0.0, "laneDensity": 0.0, "occupancy": 0.0, "waitingTime": 0.0, "timeLoss": 0.0, "speed": 0.0, "speedRelative": 0.0, "teleported": 0.0 }, "geometry": { "type": "LineString", "coordinates": [ [ 4.371401, 50.827906 ], [ 4.371375, 50.827949 ], [ 4.371223, 50.828117 ], [ 4.371121, 50.828233 ], [ 4.370568, 50.828866 ] ] } },
{ "type": "Feature", "properties": { "index": "-150276003#1", "element": "edge", "id": "-150276003#1", "name": "Rue Gray - Graystraat", "sampledSeconds": 5265.43, "departed": 5.0, "arrived": 3.0, "entered": 37.0, "left": 34.0, "laneChangedFrom": 0.0, "laneChangedTo": 0.0, "traveltime": 128.33, "overlapTraveltime": 130.11, "density": 16.95, "laneDensity": 16.95, "occupancy": 8.43, "waitingTime": 4658.0, "timeLoss": 4831.48, "speed": 0.7, "speedRelative": 0.08, "teleported": 0.0 }, "geometry": { "type": "LineString", "coordinates": [ [ 4.375833, 50.829217 ], [ 4.375794, 50.829195 ], [ 4.374978, 50.828733 ], [ 4.37493, 50.828706 ], [ 4.374918, 50.828701 ] ] } },
{ "type": "Feature", "properties": { "index": "-150276003#2", "element": "edge", "id": "-150276003#2", "name": "Rue Gray - Graystraat", "sampledSeconds": 653.84, "departed": 5.0, "arrived": 1.0, "entered": 19.0, "left": 23.0, "laneChangedFrom": 0.0, "laneChangedTo": 0.0, "traveltime": 26.76, "overlapTraveltime": 27.39, "density": 0.88, "laneDensity": 0.88, "occupancy": 0.43, "waitingTime": 0.0, "timeLoss": 68.59, "speed": 7.73, "speedRelative": 0.93, "teleported": 0.0 }, "geometry": { "type": "LineString", "coordinates": [ [ 4.37672, 50.831053 ], [ 4.376695, 50.830084 ], [ 4.376673, 50.829986 ], [ 4.376637, 50.829889 ], [ 4.376576, 50.829788 ], [ 4.376496, 50.829688 ], [ 4.376385, 50.829566 ], [ 4.376291, 50.829488 ], [ 4.376218, 50.82944 ], [ 4.376132, 50.829384 ], [ 4.37603, 50.829327 ] ] } },
{ "type": "Feature", "properties": { "index": "-15089551", "element": "edge", "id": "-15089551", "name": "Rue Keyenveld - Keienveldstraat", "sampledSeconds": 202.6, "departed": 8.0, "arrived": 2.0, "entered": 18.0, "left": 24.0, "laneChangedFrom": 0.0, "laneChangedTo": 0.0, "traveltime": 6.94, "overlapTraveltime": 8.08, "density": 1.26, "laneDensity": 1.26, "occupancy": 0.57, "waitingTime": 0.0, "timeLoss": 40.37, "speed": 6.15, "speedRelative": 0.74, "teleported": 0.0 }, "geometry": { "type": "LineString", "coordinates": [ [ 4.362089, 50.83409 ], [ 4.361748, 50.834429 ] ] } },
{ "type": "Feature", "properties": { "index": "-155472436#1", "element": "edge", "id": "-155472436#1", "name": "Avenue de la Folle Chanson - Lied Van Sotternieënlaan", "sampledSeconds": 103.19, "departed": 6.0, "arrived": 0.0, "entered": 0.0, "left": 6.0, "laneChangedFrom": 0.0, "laneChangedTo": 0.0, "traveltime": 17.06, "overlapTraveltime": 18.0, "density": 0.26, "laneDensity": 0.26, "occupancy": 0.13, "waitingTime": 0.0, "timeLoss": 21.22, "speed": 6.36, "speedRelative": 0.76, "teleported": 0.0 }, "geometry": { "type": "LineString", "coordinates": [ [ 4.377619, 50.816832 ], [ 4.376732, 50.817382 ], [ 4.376634, 50.817423 ], [ 4.376491, 50.817464 ], [ 4.376456, 50.817474 ] ] } },
{ "type": "Feature", "properties": { "index": "-159636087", "element": "edge", "id": "-159636087", "name": "", "sampledSeconds": 0.0, "departed": 0.0, "arrived": 0.0, "entered": 0.0, "left": 0.0, "laneChangedFrom": 0.0, "laneChangedTo": 0.0, "traveltime": 0.0, "overlapTraveltime": 0.0, "density": 0.0, "laneDensity": 0.0, "occupancy": 0.0, "waitingTime": 0.0, "timeLoss": 0.0, "speed": 0.0, "speedRelative": 0.0, "teleported": 0.0 }, "geometry": { "type": "LineString", "coordinates": [ [ 4.364531, 50.826724 ], [ 4.364519, 50.826717 ], [ 4.364516, 50.826716 ] ] } },
{ "type": "Feature", "properties": { "index": "-17073048#1", "element": "edge", "id": "-17073048#1", "name": "Place Raymond Blyckaerts - Raymond Blyckaertsplein", "sampledSeconds": 252.98, "departed": 3.0, "arrived": 4.0, "entered": 88.0, "left": 87.0, "laneChangedFrom": 0.0, "laneChangedTo": 0.0, "traveltime": 2.13, "overlapTraveltime": 2.81, "density": 4.68, "laneDensity": 4.68, "occupancy": 1.75, "waitingTime": 0.0, "timeLoss": 36.01, "speed": 7.14, "speedRelative": 0.86, "teleported": 0.0 }, "geometry": { "type": "LineString", "coordinates": [ [ 4.374953, 50.832802 ], [ 4.374938, 50.832794 ], [ 4.374878, 50.832763 ], [ 4.374877, 50.832762 ], [ 4.374786, 50.832718 ] ] } },
{ "type": "Feature", "properties": { "index": "-175976586#3", "element": "edge", "id": "-175976586#3", "name": "Avenue de l&apos;Hippodrome - Renbaanlaan", "sampledSeconds": 0.0, "departed": 0.0, "arrived": 0.0, "entered": 0.0, "left": 0.0, "laneChangedFrom": 0.0, "laneChangedTo": 0.0, "traveltime": 0.0, "overlapTraveltime": 0.0, "density": 0.0, "laneDensity": 0.0, "occupancy": 0.0, "waitingTime": 0.0, "timeLoss": 0.0, "speed": 0.0, "speedRelative": 0.0, "teleported": 0.0 }, "geometry": { "type": "LineString", "coordinates": [ [ 4.378381, 50.819178 ], [ 4.378672, 50.818934 ], [ 4.378729, 50.818889 ], [ 4.379024, 50.81863 ], [ 4.379165, 50.818502 ], [ 4.379184, 50.818485 ], [ 4.379201, 50.818468 ], [ 4.379268, 50.818404 ], [ 4.379317, 50.818362 ] ] } },
{ "type": "Feature", "properties": { "index": "-175976586#5", "element": "edge", "id": "-175976586#5", "name": "Avenue de l&apos;Hippodrome - Renbaanlaan", "sampledSeconds": 0.0, "departed": 0.0, "arrived": 0.0, "entered": 0.0, "left": 0.0, "laneChangedFrom": 0.0, "laneChangedTo": 0.0, "traveltime": 0.0, "overlapTraveltime": 0.0, "density": 0.0, "laneDensity": 0.0, "occupancy": 0.0, "waitingTime": 0.0, "timeLoss": 0.0, "speed": 0.0, "speedRelative": 0.0, "teleported": 0.0 }, "geometry": { "type": "LineString", "coordinates": [ [ 4.377374, 50.819979 ], [ 4.377671, 50.819747 ], [ 4.377974, 50.819511 ], [ 4.378045, 50.819445 ], [ 4.378258, 50.819281 ] ] } },
{ "type": "Feature", "properties": { "index": "-175976586#7", "element": "edge", "id": "-175976586#7", "name": "Avenue de l&apos;Hippodrome - Renbaanlaan", "sampledSeconds": 0.0, "departed": 0.0, "arrived": 0.0, "entered": 0.0, "left": 0.0, "laneChangedFrom": 0.0, "laneChangedTo": 0.0, "traveltime": 0.0, "overlapTraveltime": 0.0, "density": 0.0, "laneDensity": 0.0, "occupancy": 0.0, "waitingTime": 0.0, "timeLoss": 0.0, "speed": 0.0, "speedRelative": 0.0, "teleported": 0.0 }, "geometry": { "type": "LineString", "coordinates": [ [ 4.376881, 50.820429 ], [ 4.376934, 50.820367 ], [ 4.377008, 50.820292 ], [ 4.377033, 50.820265 ], [ 4.377104, 50.8202 ], [ 4.377156, 50.820154 ], [ 4.37718, 50.820134 ], [ 4.377291, 50.820045 ] ] } },
{ "type": "Feature", "properties": { "index": "-17670100#4", "element": "edge", "id": "-17670100#4", "name": "Rue Maria Malibran - Maria Malibranstraat", "sampledSeconds": 330.35, "departed": 4.0, "arrived": 5.0, "entered": 11.0, "left": 9.0, "laneChangedFrom": 0.0, "laneChangedTo": 0.0, "traveltime": 20.52, "overlapTraveltime": 22.63, "density": 1.05, "laneDensity": 1.05, "occupancy": 0.5, "waitingTime": 127.0, "timeLoss": 158.11, "speed": 4.1, "speedRelative": 0.49, "teleported": 0.0 }, "geometry": { "type": "LineString", "coordinates": [ [ 4.373448, 50.830669 ], [ 4.373439, 50.830653 ], [ 4.373418, 50.830614 ], [ 4.373268, 50.830372 ], [ 4.373124, 50.830141 ], [ 4.372996, 50.829933 ] ] } },
{ "type": "Feature", "properties": { "index": "-17670100#6", "element": "edge", "id": "-17670100#6", "name": "Rue Maria Malibran - Maria Malibranstraat", "sampledSeconds": 0.0, "departed": 0.0, "arrived": 0.0, "entered": 0.0, "left": 0.0, "laneChangedFrom": 0.0, "laneChangedTo": 0.0, "traveltime": 0.0, "overlapTraveltime": 0.0, "density": 0.0, "laneDensity": 0.0, "occupancy": 0.0, "waitingTime": 0.0, "timeLoss": 0.0, "speed": 0.0, "speedRelative": 0.0, "teleported": 0.0 }, "geometry": { "type": "LineString", "coordinates": [ [ 4.373977, 50.83153 ], [ 4.373975, 50.831526 ], [ 4.373796, 50.831242 ], [ 4.373554, 50.830855 ], [ 4.373521, 50.830795 ], [ 4.373507, 50.830772 ] ] } },
{ "type": "Feature", "properties": { "index": "-17671153", "element": "edge", "id": "-17671153", "name": "Square de Biarritz - Biarritzsquare", "sampledSeconds": 40.15, "departed": 6.0, "arrived": 6.0, "entered": 16.0, "left": 16.0, "laneChangedFrom": 0.0, "laneChangedTo": 0.0, "traveltime": 1.22, "overlapTraveltime": 2.3, "density": 2.53, "laneDensity": 2.53, "occupancy": 0.7, "waitingTime": 6.0, "timeLoss": 17.56, "speed": 4.08, "speedRelative": 0.49, "teleported": 0.0 }, "geometry": { "type": "LineString", "coordinates": [ [ 4.371261, 50.825166 ], [ 4.37122, 50.825162 ], [ 4.371199, 50.825161 ] ] } },
{ "type": "Feature", "properties": { "index": "-220267104#1", "element": "edge", "id": "-220267104#1", "name": "Avenue Auguste Rodin - Auguste Rodinlaan", "sampledSeconds": 1323.79, "departed": 2.0, "arrived": 2.0, "entered": 61.0, "left": 61.0, "laneChangedFrom": 0.0, "laneChangedTo": 0.0, "traveltime": 20.28, "overlapTraveltime": 21.11, "density": 8.96, "laneDensity": 8.96, "occupancy": 4.32, "waitingTime": 877.0, "timeLoss": 975.87, "speed": 2.18, "speedRelative": 0.26, "teleported": 0.0 }, "geometry": { "type": "LineString", "coordinates": [ [ 4.380739, 50.827374 ], [ 4.380258, 50.827221 ], [ 4.38022, 50.827208 ] ] } },
{ "type": "Feature", "properties": { "index": "-220267105#0", "element": "edge", "id": "-220267105#0", "name": "Rue Juliette Wytsman - Juliette Wytsmanstraat", "sampledSeconds": 3875.56, "departed": 8.0, "arrived": 0.0, "entered": 113.0, "left": 117.0, "laneChangedFrom": 0.0, "laneChangedTo": 0.0, "traveltime": 33.5, "overlapTraveltime": 34.41, "density": 50.61, "laneDensity": 50.61, "occupancy": 24.77, "waitingTime": 3376.0, "timeLoss": 3508.39, "speed": 0.76, "speedRelative": 0.09, "teleported": 3.0 }, "geometry": { "type": "LineString", "coordinates": [ [ 4.381524, 50.82432 ], [ 4.38131, 50.824455 ] ] } },
{ "type": "Feature", "properties": { "index": "-220267105#1", "element": "edge", "id": "-220267105#1", "name": "Rue Juliette Wytsman - Juliette Wytsmanstraat", "sampledSeconds": 10475.76, "departed": 2.0, "arrived": 3.0, "entered": 102.0, "left": 92.0, "laneChangedFrom": 0.0, "laneChangedTo": 0.0, "traveltime": 104.68, "overlapTraveltime": 105.85, "density": 35.98, "laneDensity": 35.98, "occupancy": 17.87, "waitingTime": 9099.0, "timeLoss": 9458.69, "speed": 0.81, "speedRelative": 0.1, "teleported": 1.0 }, "geometry": { "type": "LineString", "coordinates": [ [ 4.382434, 50.823728 ], [ 4.381633, 50.82425 ] ] } },
{ "type": "Feature", "properties": { "index": "-220267105#2", "element": "edge", "id": "-220267105#2", "name": "Rue Juliette Wytsman - Juliette Wytsmanstraat", "sampledSeconds": 8572.04, "departed": 7.0, "arrived": 3.0, "entered": 166.0, "left": 160.0, "laneChangedFrom": 0.0, "laneChangedTo": 0.0, "traveltime": 50.16, "overlapTraveltime": 51.21, "density": 29.28, "laneDensity": 29.28, "occupancy": 14.42, "waitingTime": 6292.0, "timeLoss": 6821.16, "speed": 1.69, "speedRelative": 0.2, "teleported": 0.0 }, "geometry": { "type": "LineString", "coordinates": [ [ 4.383365, 50.82313 ], [ 4.382558, 50.823653 ] ] } },
{ "type": "Feature", "properties": { "index": "-220267105#3", "element": "edge", "id": "-220267105#3", "name": "Rue Juliette Wytsman - Juliette Wytsmanstraat", "sampledSeconds": 2608.88, "departed": 3.0, "arrived": 4.0, "entered": 164.0, "left": 159.0, "laneChangedFrom": 0.0, "laneChangedTo": 0.0, "traveltime": 15.06, "overlapTraveltime": 15.87, "density": 24.89, "laneDensity": 24.89, "occupancy": 11.89, "waitingTime": 1750.0, "timeLoss": 1929.8, "speed": 2.15, "speedRelative": 0.26, "teleported": 0.0 }, "geometry": { "type": "LineString", "coordinates": [ [ 4.383799, 50.822851 ], [ 4.383509, 50.823038 ] ] } },
{ "type": "Feature", "properties": { "index": "-220267105#4", "element": "edge", "id": "-220267105#4", "name": "Rue Juliette Wytsman - Juliette Wytsmanstraat", "sampledSeconds": 2747.29, "departed": 6.0, "arrived": 0.0, "entered": 163.0, "left": 164.0, "laneChangedFrom": 0.0, "laneChangedTo": 0.0, "traveltime": 15.93, "overlapTraveltime": 16.61, "density": 19.07, "laneDensity": 19.07, "occupancy": 8.89, "waitingTime": 1699.0, "timeLoss": 1847.99, "speed": 2.71, "speedRelative": 0.33, "teleported": 0.0 }, "geometry": { "type": "LineString", "coordinates": [ [ 4.38429, 50.822534 ], [ 4.383892, 50.82279 ] ] } },
{ "type": "Feature", "properties": { "index": "-220267106#1", "element": "edge", "id": "-220267106#1", "name": "Rue Juliette Wytsman - Juliette Wytsmanstraat", "sampledSeconds": 799.0, "departed": 14.0, "arrived": 0.0, "entered": 0.0, "left": 14.0, "laneChangedFrom": 0.0, "laneChangedTo": 0.0, "traveltime": 54.74, "overlapTraveltime": 55.71, "density": 1.13, "laneDensity": 1.13, "occupancy": 0.56, "waitingTime": 374.0, "timeLoss": 441.35, "speed": 3.61, "speedRelative": 0.43, "teleported": 0.0 }, "geometry": { "type": "LineString", "coordinates": [ [ 4.386378, 50.821169 ], [ 4.386349, 50.821198 ], [ 4.386341, 50.821206 ], [ 4.386314, 50.821229 ], [ 4.386177, 50.821317 ], [ 4.384444, 50.822438 ] ] } },
{ "type": "Feature", "properties": { "index": "-220267107#0", "element": "edge", "id": "-220267107#0", "name": "Rue Adolphe Mathieu - Adolphe Mathieustraat", "sampledSeconds": 303.1, "departed": 4.0, "arrived": 4.0, "entered": 24.0, "left": 23.0, "laneChangedFrom": 0.0, "laneChangedTo": 0.0, "traveltime": 10.26, "overlapTraveltime": 11.04, "density": 1.11, "laneDensity": 1.11, "occupancy": 0.52, "waitingTime": 0.0, "timeLoss": 33.96, "speed": 7.29, "speedRelative": 0.88, "teleported": 0.0 }, "geometry": { "type": "LineString", "coordinates": [ [ 4.382266, 50.825018 ], [ 4.383109, 50.825438 ] ] } },
{ "type": "Feature", "properties": { "index": "-220267107#1", "element": "edge", "id": "-220267107#1", "name": "Rue Adolphe Mathieu - Adolphe Mathieustraat", "sampledSeconds": 600.53, "departed": 4.0, "arrived": 3.0, "entered": 48.0, "left": 49.0, "laneChangedFrom": 0.0, "laneChangedTo": 0.0, "traveltime": 10.81, "overlapTraveltime": 11.62, "density": 2.19, "laneDensity": 2.19, "occupancy": 1.03, "waitingTime": 0.0, "timeLoss": 75.65, "speed": 6.98, "speedRelative": 0.84, "teleported": 0.0 }, "geometry": { "type": "LineString", "coordinates": [ [ 4.381313, 50.824526 ], [ 4.38215, 50.824959 ] ] } },
{ "type": "Feature", "properties": { "index": "-220267108#2", "element": "edge", "id": "-220267108#2", "name": "Avenue Auguste Rodin - Auguste Rodinlaan", "sampledSeconds": 304.9, "departed": 3.0, "arrived": 4.0, "entered": 42.0, "left": 41.0, "laneChangedFrom": 0.0, "laneChangedTo": 0.0, "traveltime": 6.18, "overlapTraveltime": 6.83, "density": 1.85, "laneDensity": 1.85, "occupancy": 0.83, "waitingTime": 0.0, "timeLoss": 32.58, "speed": 7.44, "speedRelative": 0.89, "teleported": 0.0 }, "geometry": { "type": "LineString", "coordinates": [ [ 4.381479, 50.82764 ], [ 4.381429, 50.827619 ], [ 4.381406, 50.827609 ], [ 4.381353, 50.827587 ], [ 4.380917, 50.827433 ] ] } },
{ "type": "Feature", "properties": { "index": "-220267247#0", "element": "edge", "id": "-220267247#0", "name": "Avenue Émile de Béco - Émile de Bécolaan", "sampledSeconds": 91.5, "departed": 4.0, "arrived": 3.0, "entered": 24.0, "left": 25.0, "laneChangedFrom": 0.0, "laneChangedTo": 0.0, "traveltime": 2.68, "overlapTraveltime": 3.41, "density": 1.43, "laneDensity": 1.43, "occupancy": 0.57, "waitingTime": 0.0, "timeLoss": 15.9, "speed": 6.7, "speedRelative": 0.8, "teleported": 0.0 }, "geometry": { "type": "LineString", "coordinates": [ [ 4.383525, 50.821584 ], [ 4.383351, 50.8217 ] ] } },
{ "type": "Feature", "properties": { "index": "-220267247#1", "element": "edge", "id": "-220267247#1", "name": "Avenue Émile de Béco - Émile de Bécolaan", "sampledSeconds": 102.31, "departed": 2.0, "arrived": 4.0, "entered": 23.0, "left": 21.0, "laneChangedFrom": 0.0, "laneChangedTo": 0.0, "traveltime": 3.47, "overlapTraveltime": 4.18, "density": 1.15, "laneDensity": 1.15, "occupancy": 0.48, "waitingTime": 0.0, "timeLoss": 12.03, "speed": 7.13, "speedRelative": 0.86, "teleported": 0.0 }, "geometry": { "type": "LineString", "coordinates": [ [ 4.383929, 50.821313 ], [ 4.383688, 50.821475 ] ] } },
{ "type": "Feature", "properties": { "index": "-220267247#2", "element": "edge", "id": "-220267247#2", "name": "Avenue Émile de Béco - Émile de Bécolaan", "sampledSeconds": 32.79, "departed": 2.0, "arrived": 6.0, "entered": 27.0, "left": 23.0, "laneChangedFrom": 0.0, "laneChangedTo": 0.0, "traveltime": 0.48, "overlapTraveltime": 1.23, "density": 2.55, "laneDensity": 2.55, "occupancy": 0.55, "waitingTime": 0.0, "timeLoss": 4.21, "speed": 6.98, "speedRelative": 0.84, "teleported": 0.0 }, "geometry": { "type": "LineString", "coordinates": [ [ 4.384024, 50.821249 ], [ 4.383989, 50.821272 ] ] } },
{ "type": "Feature", "properties": { "index": "-220267247#5", "element": "edge", "id": "-220267247#5", "name": "Avenue Émile de Béco - Émile de Bécolaan", "sampledSeconds": 353.71, "departed": 13.0, "arrived": 0.0, "entered": 14.0, "left": 27.0, "laneChangedFrom": 0.0, "laneChangedTo": 0.0, "traveltime": 12.78, "overlapTraveltime": 13.46, "density": 1.14, "laneDensity": 1.14, "occupancy": 0.54, "waitingTime": 0.0, "timeLoss": 53.5, "speed": 6.79, "speedRelative": 0.82, "teleported": 0.0 }, "geometry": { "type": "LineString", "coordinates": [ [ 4.384941, 50.820653 ], [ 4.384886, 50.820677 ], [ 4.384811, 50.820726 ], [ 4.384791, 50.820739 ], [ 4.38475, 50.820766 ], [ 4.384208, 50.821124 ], [ 4.384084, 50.821208 ] ] } },
{ "type": "Feature", "properties": { "index": "-23084263#0", "element": "edge", "id": "-23084263#0", "name": "Rue De Crayer - De Crayerstraat", "sampledSeconds": 11.46, "departed": 0.0, "arrived": 1.0, "entered": 1.0, "left": 0.0, "laneChangedFrom": 0.0, "laneChangedTo": 0.0, "traveltime": 10.86, "overlapTraveltime": 11.46, "density": 0.04, "laneDensity": 0.04, "occupancy": 0.02, "waitingTime": 0.0, "timeLoss": 0.88, "speed": 7.84, "speedRelative": 0.94, "teleported": 0.0 }, "geometry": { "type": "LineString", "coordinates": [ [ 4.368605, 50.820724 ], [ 4.368551, 50.820707 ], [ 4.36761, 50.820417 ], [ 4.367546, 50.82037 ] ] } },
{ "type": "Feature", "properties": { "index": "-23084263#2", "element": "edge", "id": "-23084263#2", "name": "Rue De Crayer - De Crayerstraat", "sampledSeconds": 84.96, "departed": 2.0, "arrived": 3.0, "entered": 8.0, "left": 7.0, "laneChangedFrom": 0.0, "laneChangedTo": 0.0, "traveltime": 7.48, "overlapTraveltime": 8.67, "density": 0.46, "laneDensity": 0.46, "occupancy": 0.21, "waitingTime": 0.0, "timeLoss": 13.37, "speed": 6.48, "speedRelative": 0.78, "teleported": 0.0 }, "geometry": { "type": "LineString", "coordinates": [ [ 4.369447, 50.820976 ], [ 4.369398, 50.82096 ], [ 4.368826, 50.820792 ], [ 4.368789, 50.82078 ] ] } },
{ "type": "Feature", "properties": { "index": "-23084282", "element": "edge", "id": "-23084282", "name": "Rue Jacques Jordaens - Jakob Jordaensstraat", "sampledSeconds": 96.93, "departed": 1.0, "arrived": 0.0, "entered": 3.0, "left": 4.0, "laneChangedFrom": 0.0, "laneChangedTo": 0.0, "traveltime": 23.7, "overlapTraveltime": 24.41, "density": 0.16, "laneDensity": 0.16, "occupancy": 0.08, "waitingTime": 0.0, "timeLoss": 11.89, "speed": 7.25, "speedRelative": 0.87, "teleported": 0.0 }, "geometry": { "type": "LineString", "coordinates": [ [ 4.366764, 50.821778 ], [ 4.36677, 50.821776 ], [ 4.368642, 50.820791 ] ] } },
{ "type": "Feature", "properties": { "index": "-231475826#2", "element": "edge", "id": "-231475826#2", "name": "Rue du Châtelain - Kasteleinsstraat", "sampledSeconds": 66.69, "departed": 0.0, "arrived": 5.0, "entered": 5.0, "left": 0.0, "laneChangedFrom": 0.0, "laneChangedTo": 0.0, "traveltime": 12.87, "overlapTraveltime": 13.53, "density": 0.19, "laneDensity": 0.19, "occupancy": 0.09, "waitingTime": 0.0, "timeLoss": 5.88, "speed": 7.57, "speedRelative": 0.91, "teleported": 0.0 }, "geometry": { "type": "LineString", "coordinates": [ [ 4.364281, 50.826461 ], [ 4.364276, 50.82646 ], [ 4.364251, 50.826449 ], [ 4.363196, 50.826018 ], [ 4.363118, 50.825987 ] ] } },
{ "type": "Feature", "properties": { "index": "-231483332#2", "element": "edge", "id": "-231483332#2", "name": "Rue d&apos;Idalie - Idaliestraat", "sampledSeconds": 0.0, "departed": 0.0, "arrived": 0.0, "entered": 0.0, "left": 0.0, "laneChangedFrom": 0.0, "laneChangedTo": 0.0, "traveltime": 0.0, "overlapTraveltime": 0.0, "density": 0.0, "laneDensity": 0.0, "occupancy": 0.0, "waitingTime": 0.0, "timeLoss": 0.0, "speed": 0.0, "speedRelative": 0.0, "teleported": 0.0 }, "geometry": { "type": "LineString", "coordinates": [ [ 4.370739, 50.836559 ], [ 4.370742, 50.836562 ], [ 4.370785, 50.836591 ], [ 4.371572, 50.837094 ], [ 4.371658, 50.837152 ], [ 4.371803, 50.837258 ], [ 4.371885, 50.83731 ] ] } },
{ "type": "Feature", "properties": { "index": "-231940830#3", "element": "edge", "id": "-231940830#3", "name": "Rue du Trône - Troonstraat", "sampledSeconds": 4730.81, "departed": 4.0, "arrived": 3.0, "entered": 141.0, "left": 142.0, "laneChangedFrom": 0.0, "laneChangedTo": 0.0, "traveltime": 31.53, "overlapTraveltime": 32.62, "density": 7.73, "laneDensity": 7.73, "occupancy": 3.77, "waitingTime": 820.0, "timeLoss": 1648.88, "speed": 5.37, "speedRelative": 0.64, "teleported": 0.0 }, "geometry": { "type": "LineString", "coordinates": [ [ 4.374558, 50.833323 ], [ 4.374543, 50.833338 ], [ 4.373924, 50.833843 ], [ 4.373441, 50.834239 ], [ 4.3731, 50.834504 ], [ 4.37307, 50.834527 ] ] } },
{ "type": "Feature", "properties": { "index": "-236306864#4", "element": "edge", "id": "-236306864#4", "name": "Rue du Trône - Troonstraat", "sampledSeconds": 214.06, "departed": 1.0, "arrived": 0.0, "entered": 10.0, "left": 13.0, "laneChangedFrom": 0.0, "laneChangedTo": 0.0, "traveltime": 17.13, "overlapTraveltime": 18.13, "density": 0.59, "laneDensity": 0.59, "occupancy": 0.28, "waitingTime": 23.0, "timeLoss": 57.1, "speed": 5.84, "speedRelative": 0.7, "teleported": 0.0 }, "geometry": { "type": "LineString", "coordinates": [ [ 4.36854, 50.838199 ], [ 4.368531, 50.838206 ], [ 4.368512, 50.838222 ], [ 4.368477, 50.83825 ], [ 4.367729, 50.838854 ], [ 4.367693, 50.838883 ], [ 4.367662, 50.838908 ], [ 4.367656, 50.838911 ] ] } },
{ "type": "Feature", "properties": { "index": "-237344387", "element": "edge", "id": "-237344387", "name": "Place Fernand Cocq - Fernand Cocqplein", "sampledSeconds": 742.09, "departed": 5.0, "arrived": 3.0, "entered": 56.0, "left": 58.0, "laneChangedFrom": 0.0, "laneChangedTo": 0.0, "traveltime": 11.13, "overlapTraveltime": 12.32, "density": 5.3, "laneDensity": 5.3, "occupancy": 2.43, "waitingTime": 144.0, "timeLoss": 258.46, "speed": 3.56, "speedRelative": 0.64, "teleported": 0.0 }, "geometry": { "type": "LineString", "coordinates": [ [ 4.366581, 50.833017 ], [ 4.366556, 50.833072 ], [ 4.366466, 50.833249 ], [ 4.366404, 50.833347 ] ] } },
{ "type": "Feature", "properties": { "index": "-23912283#1", "element": "edge", "id": "-23912283#1", "name": "Avenue Louise - Louizalaan", "sampledSeconds": 0.0, "departed": 0.0, "arrived": 0.0, "entered": 0.0, "left": 0.0, "laneChangedFrom": 0.0, "laneChangedTo": 0.0, "traveltime": 0.0, "overlapTraveltime": 0.0, "density": 0.0, "laneDensity": 0.0, "occupancy": 0.0, "waitingTime": 0.0, "timeLoss": 0.0, "speed": 0.0, "speedRelative": 0.0, "teleported": 0.0 }, "geometry": { "type": "LineString", "coordinates": [ [ 4.363999, 50.827428 ], [ 4.36372, 50.827309 ], [ 4.363692, 50.827297 ] ] } },
{ "type": "Feature", "properties": { "index": "-239757763", "element": "edge", "id": "-239757763", "name": "Rue Vilain XIIII - Vilain XIIII-straat", "sampledSeconds": 296.56, "departed": 6.0, "arrived": 2.0, "entered": 14.0, "left": 18.0, "laneChangedFrom": 0.0, "laneChangedTo": 0.0, "traveltime": 14.26, "overlapTraveltime": 15.05, "density": 0.8, "laneDensity": 0.8, "occupancy": 0.38, "waitingTime": 0.0, "timeLoss": 36.08, "speed": 7.17, "speedRelative": 0.86, "teleported": 0.0 }, "geometry": { "type": "LineString", "coordinates": [ [ 4.372567, 50.823447 ], [ 4.371104, 50.823449 ] ] } },
{ "type": "Feature", "properties": { "index": "-239757874#1", "element": "edge", "id": "-239757874#1", "name": "Rue de la Vallée - Dalstraat", "sampledSeconds": 2984.79, "departed": 1.0, "arrived": 4.0, "entered": 57.0, "left": 50.0, "laneChangedFrom": 0.0, "laneChangedTo": 0.0, "traveltime": 50.91, "overlapTraveltime": 51.94, "density": 5.71, "laneDensity": 5.71, "occupancy": 2.81, "waitingTime": 1779.0, "timeLoss": 1949.27, "speed": 2.89, "speedRelative": 0.35, "teleported": 0.0 }, "geometry": { "type": "LineString", "coordinates": [ [ 4.371072, 50.824808 ], [ 4.371077, 50.824505 ], [ 4.371072, 50.824316 ], [ 4.371013, 50.823676 ], [ 4.370987, 50.823504 ] ] } },
{ "type": "Feature", "properties": { "index": "-239757874#3", "element": "edge", "id": "-239757874#3", "name": "Rue de la Vallée - Dalstraat", "sampledSeconds": 55.26, "departed": 7.0, "arrived": 4.0, "entered": 18.0, "left": 21.0, "laneChangedFrom": 0.0, "laneChangedTo": 0.0, "traveltime": 1.66, "overlapTraveltime": 2.56, "density": 1.75, "laneDensity": 1.75, "occupancy": 0.62, "waitingTime": 0.0, "timeLoss": 18.08, "speed": 5.37, "speedRelative": 0.64, "teleported": 0.0 }, "geometry": { "type": "LineString", "coordinates": [ [ 4.371073, 50.825081 ], [ 4.371068, 50.825058 ], [ 4.371056, 50.825004 ] ] } },
{ "type": "Feature", "properties": { "index": "-239758251", "element": "edge", "id": "-239758251", "name": "Rue du Lac - Meerstraat", "sampledSeconds": 255.88, "departed": 7.0, "arrived": 4.0, "entered": 4.0, "left": 7.0, "laneChangedFrom": 0.0, "laneChangedTo": 0.0, "traveltime": 22.85, "overlapTraveltime": 23.77, "density": 0.43, "laneDensity": 0.43, "occupancy": 0.21, "waitingTime": 0.0, "timeLoss": 34.99, "speed": 7.13, "speedRelative": 0.86, "teleported": 0.0 }, "geometry": { "type": "LineString", "coordinates": [ [ 4.369898, 50.823512 ], [ 4.369928, 50.823547 ], [ 4.370303, 50.823994 ], [ 4.370762, 50.824539 ], [ 4.370992, 50.824813 ], [ 4.370995, 50.824816 ] ] } },
{ "type": "Feature", "properties": { "index": "-239923867#1", "element": "edge", "id": "-239923867#1", "name": "Rue Dautzenberg - Dautzenbergstraat", "sampledSeconds": 73975.4, "departed": 3.0, "arrived": 1.0, "entered": 134.0, "left": 109.0, "laneChangedFrom": 0.0, "laneChangedTo": 0.0, "traveltime": 799.52, "overlapTraveltime": 803.84, "density": 104.2, "laneDensity": 104.2, "occupancy": 51.86, "waitingTime": 68562.0, "timeLoss": 71717.07, "speed": 0.25, "speedRelative": 0.03, "teleported": 5.0 }, "geometry": { "type": "LineString", "coordinates": [ [ 4.368668, 50.827644 ], [ 4.368664, 50.827611 ], [ 4.36685, 50.826305 ] ] } },
{ "type": "Feature", "properties": { "index": "-240549301", "element": "edge", "id": "-240549301", "name": "Chaussée de Vleurgat - Vleurgatse Steenweg", "sampledSeconds": 2095.03, "departed": 5.0, "arrived": 4.0, "entered": 64.0, "left": 63.0, "laneChangedFrom": 0.0, "laneChangedTo": 0.0, "traveltime": 29.3, "overlapTraveltime": 31.94, "density": 26.98, "laneDensity": 26.98, "occupancy": 12.86, "waitingTime": 1760.0, "timeLoss": 1880.89, "speed": 0.83, "speedRelative": 0.1, "teleported": 2.0 }, "geometry": { "type": "LineString", "coordinates": [ [ 4.367754, 50.823615 ], [ 4.367739, 50.823598 ], [ 4.367652, 50.823499 ], [ 4.367614, 50.823455 ], [ 4.367606, 50.823446 ] ] } },
{ "type": "Feature", "properties": { "index": "-244422543#1", "element": "edge", "id": "-244422543#1", "name": "Rue Antoine Labarre - Antoine Labarrestraat", "sampledSeconds": 536.0, "departed": 1.0, "arrived": 3.0, "entered": 30.0, "left": 28.0, "laneChangedFrom": 0.0, "laneChangedTo": 0.0, "traveltime": 16.63, "overlapTraveltime": 17.33, "density": 1.18, "laneDensity": 1.18, "occupancy": 0.57, "waitingTime": 0.0, "timeLoss": 50.69, "speed": 7.58, "speedRelative": 0.91, "teleported": 0.0 }, "geometry": { "type": "LineString", "coordinates": [ [ 4.375711, 50.825589 ], [ 4.375385, 50.825431 ], [ 4.375041, 50.82521 ], [ 4.374874, 50.825076 ], [ 4.37466, 50.824865 ], [ 4.374562, 50.82475 ], [ 4.37455, 50.824739 ] ] } },
{ "type": "Feature", "properties": { "index": "-244422544#1", "element": "edge", "id": "-244422544#1", "name": "Rue Maria Malibran - Maria Malibranstraat", "sampledSeconds": 1877.31, "departed": 1.0, "arrived": 5.0, "entered": 85.0, "left": 77.0, "laneChangedFrom": 0.0, "laneChangedTo": 0.0, "traveltime": 20.21, "overlapTraveltime": 22.25, "density": 4.54, "laneDensity": 4.54, "occupancy": 2.1, "waitingTime": 460.0, "timeLoss": 663.13, "speed": 5.38, "speedRelative": 0.65, "teleported": 0.0 }, "geometry": { "type": "LineString", "coordinates": [ [ 4.374639, 50.832627 ], [ 4.374355, 50.832151 ], [ 4.374067, 50.831675 ], [ 4.374059, 50.831663 ] ] } },
{ "type": "Feature", "properties": { "index": "-265113917#1", "element": "edge", "id": "-265113917#1", "name": "Rue de la Brasserie - Brouwerijstraat", "sampledSeconds": 3084.11, "departed": 2.0, "arrived": 1.0, "entered": 119.0, "left": 123.0, "laneChangedFrom": 0.0, "laneChangedTo": 0.0, "traveltime": 24.28, "overlapTraveltime": 25.14, "density": 17.82, "laneDensity": 17.82, "occupancy": 8.65, "waitingTime": 2096.0, "timeLoss": 2287.0, "speed": 2.11, "speedRelative": 0.25, "teleported": 1.0 }, "geometry": { "type": "LineString", "coordinates": [ [ 4.374188, 50.827741 ], [ 4.374747, 50.827879 ], [ 4.374824, 50.827898 ] ] } },
{ "type": "Feature", "properties": { "index": "-27807643#2", "element": "edge", "id": "-27807643#2", "name": "Rue Ducale - Hertogstraat", "sampledSeconds": 296.94, "departed": 3.0, "arrived": 1.0, "entered": 12.0, "left": 14.0, "laneChangedFrom": 0.0, "laneChangedTo": 0.0, "traveltime": 21.93, "overlapTraveltime": 22.0, "density": 12.5, "laneDensity": 12.5, "occupancy": 5.95, "waitingTime": 242.0, "timeLoss": 277.42, "speed": 0.53, "speedRelative": 0.06, "teleported": 0.0 }, "geometry": { "type": "LineString", "coordinates": [ [ 4.365314, 50.840687 ], [ 4.365331, 50.840684 ], [ 4.365395, 50.840672 ], [ 4.365404, 50.840671 ] ] } },
{ "type": "Feature", "properties": { "index": "-27882418#1", "element": "edge", "id": "-27882418#1", "name": "Rue du Buisson - Braambosstraat", "sampledSeconds": 77.51, "departed": 6.0, "arrived": 1.0, "entered": 10.0, "left": 15.0, "laneChangedFrom": 0.0, "laneChangedTo": 0.0, "traveltime": 4.33, "overlapTraveltime": 5.2, "density": 0.87, "laneDensity": 0.87, "occupancy": 0.37, "waitingTime": 0.0, "timeLoss": 24.16, "speed": 5.74, "speedRelative": 0.69, "teleported": 0.0 }, "geometry": { "type": "LineString", "coordinates": [ [ 4.373443, 50.821848 ], [ 4.373118, 50.821934 ] ] } },
{ "type": "Feature", "properties": { "index": "-27882429#2", "element": "edge", "id": "-27882429#2", "name": "Rue de Belle Vue - Bellevuestraat", "sampledSeconds": 8002.92, "departed": 6.0, "arrived": 2.0, "entered": 101.0, "left": 91.0, "laneChangedFrom": 0.0, "laneChangedTo": 0.0, "traveltime": 78.02, "overlapTraveltime": 79.02, "density": 16.75, "laneDensity": 16.75, "occupancy": 8.3, "waitingTime": 5897.0, "timeLoss": 6300.92, "speed": 1.74, "speedRelative": 0.21, "teleported": 0.0 }, "geometry": { "type": "LineString", "coordinates": [ [ 4.372123, 50.820813 ], [ 4.372366, 50.821116 ], [ 4.372928, 50.821811 ], [ 4.37298, 50.821876 ] ] } },
{ "type": "Feature", "properties": { "index": "-28574666#1", "element": "edge", "id": "-28574666#1", "name": "", "sampledSeconds": 0.0, "departed": 0.0, "arrived": 0.0, "entered": 0.0, "left": 0.0, "laneChangedFrom": 0.0, "laneChangedTo": 0.0, "traveltime": 0.0, "overlapTraveltime": 0.0, "density": 0.0, "laneDensity": 0.0, "occupancy": 0.0, "waitingTime": 0.0, "timeLoss": 0.0, "speed": 0.0, "speedRelative": 0.0, "teleported": 0.0 }, "geometry": { "type": "LineString", "coordinates": [ [ 4.374975, 50.819123 ], [ 4.374948, 50.819167 ], [ 4.374407, 50.819036 ] ] } },
{ "type": "Feature", "properties": { "index": "-28575360", "element": "edge", "id": "-28575360", "name": "Chaussée d&apos;Ixelles - Elsense Steenweg", "sampledSeconds": 0.0, "departed": 0.0, "arrived": 0.0, "entered": 0.0, "left": 0.0, "laneChangedFrom": 0.0, "laneChangedTo": 0.0, "traveltime": 0.0, "overlapTraveltime": 0.0, "density": 0.0, "laneDensity": 0.0, "occupancy": 0.0, "waitingTime": 0.0, "timeLoss": 0.0, "speed": 0.0, "speedRelative": 0.0, "teleported": 0.0 }, "geometry": { "type": "LineString", "coordinates": [ [ 4.364122, 50.835047 ], [ 4.364055, 50.835116 ], [ 4.363743, 50.835438 ], [ 4.363714, 50.835468 ] ] } },
{ "type": "Feature", "properties": { "index": "-290172304", "element": "edge", "id": "-290172304", "name": "Avenue Général de Gaulle - Generaal de Gaullelaan", "sampledSeconds": 14216.2, "departed": 7.0, "arrived": 2.0, "entered": 124.0, "left": 116.0, "laneChangedFrom": 0.0, "laneChangedTo": 0.0, "traveltime": 116.01, "overlapTraveltime": 117.26, "density": 39.45, "laneDensity": 39.45, "occupancy": 19.31, "waitingTime": 12166.0, "timeLoss": 12655.94, "speed": 0.9, "speedRelative": 0.11, "teleported": 2.0 }, "geometry": { "type": "LineString", "coordinates": [ [ 4.37335, 50.82249 ], [ 4.373274, 50.822624 ], [ 4.373154, 50.822814 ], [ 4.372983, 50.823058 ], [ 4.372846, 50.823252 ], [ 4.372823, 50.823284 ], [ 4.372799, 50.823319 ] ] } },
{ "type": "Feature", "properties": { "index": "-290172305#0", "element": "edge", "id": "-290172305#0", "name": "Avenue Général de Gaulle - Generaal de Gaullelaan", "sampledSeconds": 3480.49, "departed": 3.0, "arrived": 3.0, "entered": 48.0, "left": 42.0, "laneChangedFrom": 0.0, "laneChangedTo": 0.0, "traveltime": 71.66, "overlapTraveltime": 73.12, "density": 18.87, "laneDensity": 18.87, "occupancy": 9.35, "waitingTime": 3073.0, "timeLoss": 3157.89, "speed": 0.77, "speedRelative": 0.09, "teleported": 1.0 }, "geometry": { "type": "LineString", "coordinates": [ [ 4.373568, 50.821886 ], [ 4.373556, 50.821991 ], [ 4.373497, 50.822221 ], [ 4.373434, 50.822337 ] ] } },
{ "type": "Feature", "properties": { "index": "-290174549#0", "element": "edge", "id": "-290174549#0", "name": "Rue de Belle Vue - Bellevuestraat", "sampledSeconds": 1810.32, "departed": 6.0, "arrived": 5.0, "entered": 91.0, "left": 93.0, "laneChangedFrom": 0.0, "laneChangedTo": 0.0, "traveltime": 17.58, "overlapTraveltime": 18.65, "density": 4.26, "laneDensity": 4.26, "occupancy": 2.04, "waitingTime": 80.0, "timeLoss": 339.52, "speed": 6.6, "speedRelative": 0.79, "teleported": 0.0 }, "geometry": { "type": "LineString", "coordinates": [ [ 4.37126, 50.819754 ], [ 4.371486, 50.820024 ], [ 4.372032, 50.820696 ] ] } },
{ "type": "Feature", "properties": { "index": "-290174549#3", "element": "edge", "id": "-290174549#3", "name": "Rue de Belle Vue - Bellevuestraat", "sampledSeconds": 249.16, "departed": 5.0, "arrived": 1.0, "entered": 89.0, "left": 93.0, "laneChangedFrom": 0.0, "laneChangedTo": 0.0, "traveltime": 1.96, "overlapTraveltime": 2.7, "density": 5.43, "laneDensity": 5.43, "occupancy": 2.01, "waitingTime": 8.0, "timeLoss": 44.72, "speed": 6.57, "speedRelative": 0.79, "teleported": 0.0 }, "geometry": { "type": "LineString", "coordinates": [ [ 4.371119, 50.819596 ], [ 4.371155, 50.819618 ], [ 4.371171, 50.819642 ], [ 4.371212, 50.819693 ] ] } },
{ "type": "Feature", "properties": { "index": "-29023870#1", "element": "edge", "id": "-29023870#1", "name": "Chaussée de Charleroi - Charleroise Steenweg", "sampledSeconds": 828.03, "departed": 5.0, "arrived": 3.0, "entered": 12.0, "left": 13.0, "laneChangedFrom": 0.0, "laneChangedTo": 0.0, "traveltime": 56.11, "overlapTraveltime": 58.9, "density": 22.16, "laneDensity": 22.16, "occupancy": 9.69, "waitingTime": 782.0, "timeLoss": 798.06, "speed": 0.26, "speedRelative": 0.03, "teleported": 1.0 }, "geometry": { "type": "LineString", "coordinates": [ [ 4.357253, 50.833294 ], [ 4.357166, 50.833243 ], [ 4.357142, 50.833234 ] ] } },
{ "type": "Feature", "properties": { "index": "-291949061#2", "element": "edge", "id": "-291949061#2", "name": "Avenue Général de Gaulle - Generaal de Gaullelaan", "sampledSeconds": 3448.37, "departed": 3.0, "arrived": 1.0, "entered": 32.0, "left": 28.0, "laneChangedFrom": 0.0, "laneChangedTo": 0.0, "traveltime": 81.6, "overlapTraveltime": 101.55, "density": 4.97, "laneDensity": 4.97, "occupancy": 2.38, "waitingTime": 1991.0, "timeLoss": 2225.72, "speed": 1.95, "speedRelative": 0.35, "teleported": 0.0 }, "geometry": { "type": "LineString", "coordinates": [ [ 4.371369, 50.825247 ], [ 4.371207, 50.825444 ], [ 4.371193, 50.825479 ], [ 4.371179, 50.825516 ], [ 4.371108, 50.825727 ], [ 4.371053, 50.826068 ], [ 4.371064, 50.826268 ], [ 4.371086, 50.82641 ], [ 4.371133, 50.82658 ], [ 4.371208, 50.826751 ], [ 4.37133, 50.82692 ] ] } },
{ "type": "Feature", "properties": { "index": "-302657565#1", "element": "edge", "id": "-302657565#1", "name": "Rue Émile Claus - Émile Clausstraat", "sampledSeconds": 0.0, "departed": 0.0, "arrived": 0.0, "entered": 0.0, "left": 0.0, "laneChangedFrom": 0.0, "laneChangedTo": 0.0, "traveltime": 0.0, "overlapTraveltime": 0.0, "density": 0.0, "laneDensity": 0.0, "occupancy": 0.0, "waitingTime": 0.0, "timeLoss": 0.0, "speed": 0.0, "speedRelative": 0.0, "teleported": 0.0 }, "geometry": { "type": "LineString", "coordinates": [ [ 4.36858, 50.815924 ], [ 4.371491, 50.816408 ] ] } },
{ "type": "Feature", "properties": { "index": "-30324793", "element": "edge", "id": "-30324793", "name": "Rue du Germoir - Mouterijstraat", "sampledSeconds": 205.46, "departed": 11.0, "arrived": 0.0, "entered": 0.0, "left": 11.0, "laneChangedFrom": 0.0, "laneChangedTo": 0.0, "traveltime": 19.11, "overlapTraveltime": 20.29, "density": 0.96, "laneDensity": 0.96, "occupancy": 0.47, "waitingTime": 78.0, "timeLoss": 130.48, "speed": 3.16, "speedRelative": 0.38, "teleported": 0.0 }, "geometry": { "type": "LineString", "coordinates": [ [ 4.379885, 50.830058 ], [ 4.379834, 50.830035 ], [ 4.379518, 50.829864 ], [ 4.379357, 50.829776 ], [ 4.379301, 50.829745 ], [ 4.379266, 50.829728 ], [ 4.37924, 50.829718 ] ] } },
{ "type": "Feature", "properties": { "index": "-305670610", "element": "edge", "id": "-305670610", "name": "Rue de l&apos;Abbaye - Abdijstraat", "sampledSeconds": 62.79, "departed": 5.0, "arrived": 6.0, "entered": 27.0, "left": 26.0, "laneChangedFrom": 0.0, "laneChangedTo": 0.0, "traveltime": 1.21, "overlapTraveltime": 2.24, "density": 4.17, "laneDensity": 4.17, "occupancy": 1.09, "waitingTime": 5.0, "timeLoss": 44.16, "speed": 4.1, "speedRelative": 0.18, "teleported": 0.0 }, "geometry": { "type": "LineString", "coordinates": [ [ 4.370608, 50.819414 ], [ 4.370642, 50.819421 ], [ 4.370664, 50.819426 ] ] } },
{ "type": "Feature", "properties": { "index": "-308617262", "element": "edge", "id": "-308617262", "name": "", "sampledSeconds": 0.0, "departed": 0.0, "arrived": 0.0, "entered": 0.0, "left": 0.0, "laneChangedFrom": 0.0, "laneChangedTo": 0.0, "traveltime": 0.0, "overlapTraveltime": 0.0, "density": 0.0, "laneDensity": 0.0, "occupancy": 0.0, "waitingTime": 0.0, "timeLoss": 0.0, "speed": 0.0, "speedRelative": 0.0, "teleported": 0.0 }, "geometry": { "type": "LineString", "coordinates": [ [ 4.36221, 50.836177 ], [ 4.362391, 50.836042 ] ] } },
{ "type": "Feature", "properties": { "index": "-31411680#2", "element": "edge", "id": "-31411680#2", "name": "Rue de la Crèche - Kribbestraat", "sampledSeconds": 391.77, "departed": 5.0, "arrived": 6.0, "entered": 12.0, "left": 10.0, "laneChangedFrom": 0.0, "laneChangedTo": 0.0, "traveltime": 21.26, "overlapTraveltime": 23.71, "density": 1.43, "laneDensity": 1.43, "occupancy": 0.67, "waitingTime": 176.0, "timeLoss": 220.9, "speed": 3.43, "speedRelative": 0.41, "teleported": 0.0 }, "geometry": { "type": "LineString", "coordinates": [ [ 4.368263, 50.83399 ], [ 4.368209, 50.834027 ], [ 4.367988, 50.834149 ], [ 4.367677, 50.83432 ], [ 4.367449, 50.834443 ] ] } },
{ "type": "Feature", "properties": { "index": "-31411842#1", "element": "edge", "id": "-31411842#1", "name": "Rue Jules Bouillon - Jules Bouillonstraat", "sampledSeconds": 1441.62, "departed": 5.0, "arrived": 3.0, "entered": 80.0, "left": 83.0, "laneChangedFrom": 0.0, "laneChangedTo": 0.0, "traveltime": 15.99, "overlapTraveltime": 16.93, "density": 5.19, "laneDensity": 5.19, "occupancy": 2.45, "waitingTime": 0.0, "timeLoss": 215.05, "speed": 4.85, "speedRelative": 0.87, "teleported": 0.0 }, "geometry": { "type": "LineString", "coordinates": [ [ 4.36719, 50.834588 ], [ 4.367183, 50.834592 ], [ 4.366394, 50.835027 ], [ 4.366359, 50.835037 ] ] } },
{ "type": "Feature", "properties": { "index": "-31411969", "element": "edge", "id": "-31411969", "name": "", "sampledSeconds": 0.0, "departed": 0.0, "arrived": 0.0, "entered": 0.0, "left": 0.0, "laneChangedFrom": 0.0, "laneChangedTo": 0.0, "traveltime": 0.0, "overlapTraveltime": 0.0, "density": 0.0, "laneDensity": 0.0, "occupancy": 0.0, "waitingTime": 0.0, "timeLoss": 0.0, "speed": 0.0, "speedRelative": 0.0, "teleported": 0.0 }, "geometry": { "type": "LineString", "coordinates": [ [ 4.367935, 50.83294 ], [ 4.367661, 50.832799 ], [ 4.367589, 50.832762 ] ] } },
{ "type": "Feature", "properties": { "index": "-31428170#1", "element": "edge", "id": "-31428170#1", "name": "Avenue Général de Gaulle - Generaal de Gaullelaan", "sampledSeconds": 1044.89, "departed": 4.0, "arrived": 4.0, "entered": 47.0, "left": 47.0, "laneChangedFrom": 0.0, "laneChangedTo": 0.0, "traveltime": 19.85, "overlapTraveltime": 20.55, "density": 1.94, "laneDensity": 1.94, "occupancy": 0.94, "waitingTime": 0.0, "timeLoss": 98.78, "speed": 7.51, "speedRelative": 0.9, "teleported": 0.0 }, "geometry": { "type": "LineString", "coordinates": [ [ 4.373236, 50.820465 ], [ 4.373253, 50.820486 ], [ 4.373303, 50.820549 ], [ 4.37354, 50.820849 ], [ 4.373623, 50.820957 ], [ 4.37364, 50.821133 ], [ 4.373583, 50.821749 ] ] } },
{ "type": "Feature", "properties": { "index": "-31431101#1", "element": "edge", "id": "-31431101#1", "name": "Rue Jean Paquot - Jean Paquotstraat", "sampledSeconds": 34361.7, "departed": 1.0, "arrived": 2.0, "entered": 211.0, "left": 196.0, "laneChangedFrom": 0.0, "laneChangedTo": 0.0, "traveltime": 197.84, "overlapTraveltime": 199.55, "density": 80.0, "laneDensity": 80.0, "occupancy": 39.76, "waitingTime": 29831.0, "timeLoss": 31758.66, "speed": 0.62, "speedRelative": 0.07, "teleported": 5.0 }, "geometry": { "type": "LineString", "coordinates": [ [ 4.378238, 50.826562 ], [ 4.378098, 50.826671 ], [ 4.377206, 50.827365 ], [ 4.377186, 50.82738 ], [ 4.377167, 50.827392 ] ] } },
{ "type": "Feature", "properties": { "index": "-31431101#2", "element": "edge", "id": "-31431101#2", "name": "Rue Jean Paquot - Jean Paquotstraat", "sampledSeconds": 9253.24, "departed": 6.0, "arrived": 3.0, "entered": 178.0, "left": 175.0, "laneChangedFrom": 0.0, "laneChangedTo": 0.0, "traveltime": 59.61, "overlapTraveltime": 60.76, "density": 74.37, "laneDensity": 74.37, "occupancy": 36.38, "waitingTime": 8104.0, "timeLoss": 8523.65, "speed": 0.65, "speedRelative": 0.08, "teleported": 3.0 }, "geometry": { "type": "LineString", "coordinates": [ [ 4.378702, 50.826207 ], [ 4.378497, 50.826373 ], [ 4.3784, 50.826452 ] ] } },
{ "type": "Feature", "properties": { "index": "-31431101#4", "element": "edge", "id": "-31431101#4", "name": "Rue Jean Paquot - Jean Paquotstraat", "sampledSeconds": 13768.09, "departed": 5.0, "arrived": 2.0, "entered": 182.0, "left": 178.0, "laneChangedFrom": 0.0, "laneChangedTo": 0.0, "traveltime": 86.25, "overlapTraveltime": 87.29, "density": 71.62, "laneDensity": 71.62, "occupancy": 35.52, "waitingTime": 12207.0, "timeLoss": 12659.2, "speed": 0.67, "speedRelative": 0.08, "teleported": 3.0 }, "geometry": { "type": "LineString", "coordinates": [ [ 4.379216, 50.825743 ], [ 4.379147, 50.825808 ], [ 4.378783, 50.826137 ] ] } },
{ "type": "Feature", "properties": { "index": "-31431101#5", "element": "edge", "id": "-31431101#5", "name": "Rue Jean Paquot - Jean Paquotstraat", "sampledSeconds": 5356.0, "departed": 4.0, "arrived": 3.0, "entered": 183.0, "left": 182.0, "laneChangedFrom": 0.0, "laneChangedTo": 0.0, "traveltime": 32.75, "overlapTraveltime": 33.55, "density": 83.49, "laneDensity": 83.49, "occupancy": 34.07, "waitingTime": 4760.0, "timeLoss": 4917.77, "speed": 0.68, "speedRelative": 0.08, "teleported": 1.0 }, "geometry": { "type": "LineString", "coordinates": [ [ 4.379411, 50.825527 ], [ 4.379289, 50.825668 ] ] } },
{ "type": "Feature", "properties": { "index": "-31431343#2", "element": "edge", "id": "-31431343#2", "name": "Rue Adolphe Mathieu - Adolphe Mathieustraat", "sampledSeconds": 191.44, "departed": 2.0, "arrived": 1.0, "entered": 16.0, "left": 17.0, "laneChangedFrom": 0.0, "laneChangedTo": 0.0, "traveltime": 9.62, "overlapTraveltime": 10.77, "density": 1.12, "laneDensity": 1.12, "occupancy": 0.52, "waitingTime": 32.0, "timeLoss": 76.1, "speed": 4.86, "speedRelative": 0.58, "teleported": 0.0 }, "geometry": { "type": "LineString", "coordinates": [ [ 4.38327, 50.825518 ], [ 4.383727, 50.825748 ], [ 4.38377, 50.82577 ], [ 4.383796, 50.825783 ] ] } },
{ "type": "Feature", "properties": { "index": "-31445160#0", "element": "edge", "id": "-31445160#0", "name": "Rue de Hennin - de Henninstraat", "sampledSeconds": 90.71, "departed": 3.0, "arrived": 1.0, "entered": 2.0, "left": 4.0, "laneChangedFrom": 0.0, "laneChangedTo": 0.0, "traveltime": 17.35, "overlapTraveltime": 18.68, "density": 0.22, "laneDensity": 0.22, "occupancy": 0.11, "waitingTime": 7.0, "timeLoss": 21.55, "speed": 6.36, "speedRelative": 0.76, "teleported": 0.0 }, "geometry": { "type": "LineString", "coordinates": [ [ 4.367403, 50.828448 ], [ 4.367409, 50.828452 ], [ 4.368515, 50.829142 ], [ 4.368554, 50.829165 ] ] } },
{ "type": "Feature", "properties": { "index": "-31445160#2", "element": "edge", "id": "-31445160#2", "name": "Rue de Hennin - de Henninstraat", "sampledSeconds": 494.16, "departed": 8.0, "arrived": 1.0, "entered": 3.0, "left": 9.0, "laneChangedFrom": 0.0, "laneChangedTo": 0.0, "traveltime": 45.33, "overlapTraveltime": 46.72, "density": 1.22, "laneDensity": 1.22, "occupancy": 0.6, "waitingTime": 297.0, "timeLoss": 341.7, "speed": 2.52, "speedRelative": 0.3, "teleported": 0.0 }, "geometry": { "type": "LineString", "coordinates": [ [ 4.366142, 50.827675 ], [ 4.366167, 50.827702 ], [ 4.366198, 50.827729 ], [ 4.367291, 50.828378 ] ] } },
{ "type": "Feature", "properties": { "index": "-31459223#1", "element": "edge", "id": "-31459223#1", "name": "Avenue des Éperons d&apos;Or - Gulden-Sporenlaan", "sampledSeconds": 14730.48, "departed": 4.0, "arrived": 1.0, "entered": 125.0, "left": 116.0, "laneChangedFrom": 0.0, "laneChangedTo": 0.0, "traveltime": 130.83, "overlapTraveltime": 132.18, "density": 70.43, "laneDensity": 70.43, "occupancy": 34.65, "waitingTime": 13163.0, "timeLoss": 13873.57, "speed": 0.48, "speedRelative": 0.06, "teleported": 0.0 }, "geometry": { "type": "LineString", "coordinates": [ [ 4.372558, 50.825747 ], [ 4.372551, 50.825766 ], [ 4.372452, 50.826093 ], [ 4.372409, 50.826261 ] ] } },
{ "type": "Feature", "properties": { "index": "-31512978#1", "element": "edge", "id": "-31512978#1", "name": "Rue Capitaine Crespel - Kapitein Crespelstraat", "sampledSeconds": 15.13, "departed": 0.0, "arrived": 6.0, "entered": 6.0, "left": 0.0, "laneChangedFrom": 0.0, "laneChangedTo": 0.0, "traveltime": 2.24, "overlapTraveltime": 3.04, "density": 0.31, "laneDensity": 0.31, "occupancy": 0.12, "waitingTime": 0.0, "timeLoss": 3.77, "speed": 6.05, "speedRelative": 0.73, "teleported": 0.0 }, "geometry": { "type": "LineString", "coordinates": [ [ 4.357818, 50.836604 ], [ 4.357855, 50.836572 ], [ 4.357922, 50.836503 ] ] } },
{ "type": "Feature", "properties": { "index": "-31512978#2", "element": "edge", "id": "-31512978#2", "name": "Rue Capitaine Crespel - Kapitein Crespelstraat", "sampledSeconds": 16.98, "departed": 6.0, "arrived": 2.0, "entered": 6.0, "left": 10.0, "laneChangedFrom": 0.0, "laneChangedTo": 0.0, "traveltime": 0.05, "overlapTraveltime": 1.57, "density": 23.58, "laneDensity": 23.58, "occupancy": 0.46, "waitingTime": 0.0, "timeLoss": 5.61, "speed": 3.32, "speedRelative": 0.4, "teleported": 0.0 }, "geometry": { "type": "LineString", "coordinates": [ [ 4.357743, 50.836669 ], [ 4.357744, 50.836668 ] ] } },
{ "type": "Feature", "properties": { "index": "-31516327#0", "element": "edge", "id": "-31516327#0", "name": "Square Sans-Souci - Sans-Soucisquare", "sampledSeconds": 0.0, "departed": 0.0, "arrived": 0.0, "entered": 0.0, "left": 0.0, "laneChangedFrom": 0.0, "laneChangedTo": 0.0, "traveltime": 0.0, "overlapTraveltime": 0.0, "density": 0.0, "laneDensity": 0.0, "occupancy": 0.0, "waitingTime": 0.0, "timeLoss": 0.0, "speed": 0.0, "speedRelative": 0.0, "teleported": 0.0 }, "geometry": { "type": "LineString", "coordinates": [ [ 4.372403, 50.833223 ], [ 4.372486, 50.833176 ], [ 4.3722, 50.832996 ], [ 4.37217, 50.833005 ] ] } },
{ "type": "Feature", "properties": { "index": "-31516327#1", "element": "edge", "id": "-31516327#1", "name": "Square Sans-Souci - Sans-Soucisquare", "sampledSeconds": 0.0, "departed": 0.0, "arrived": 0.0, "entered": 0.0, "left": 0.0, "laneChangedFrom": 0.0, "laneChangedTo": 0.0, "traveltime": 0.0, "overlapTraveltime": 0.0, "density": 0.0, "laneDensity": 0.0, "occupancy": 0.0, "waitingTime": 0.0, "timeLoss": 0.0, "speed": 0.0, "speedRelative": 0.0, "teleported": 0.0 }, "geometry": { "type": "LineString", "coordinates": [ [ 4.372121, 50.833038 ], [ 4.372114, 50.833052 ], [ 4.372371, 50.833222 ] ] } },
{ "type": "Feature", "properties": { "index": "-31519076#0", "element": "edge", "id": "-31519076#0", "name": "Chaussée d&apos;Ixelles - Elsense Steenweg", "sampledSeconds": 1633.24, "departed": 3.0, "arrived": 3.0, "entered": 25.0, "left": 23.0, "laneChangedFrom": 0.0, "laneChangedTo": 0.0, "traveltime": 62.23, "overlapTraveltime": 65.84, "density": 23.51, "laneDensity": 23.51, "occupancy": 11.57, "waitingTime": 1481.0, "timeLoss": 1523.17, "speed": 0.37, "speedRelative": 0.07, "teleported": 2.0 }, "geometry": { "type": "LineString", "coordinates": [ [ 4.365721, 50.833839 ], [ 4.365912, 50.833714 ] ] } },
{ "type": "Feature", "properties": { "index": "-31519076#1", "element": "edge", "id": "-31519076#1", "name": "Chaussée d&apos;Ixelles - Elsense Steenweg", "sampledSeconds": 691.12, "departed": 4.0, "arrived": 4.0, "entered": 26.0, "left": 25.0, "laneChangedFrom": 0.0, "laneChangedTo": 0.0, "traveltime": 22.46, "overlapTraveltime": 23.62, "density": 3.39, "laneDensity": 3.39, "occupancy": 1.63, "waitingTime": 313.0, "timeLoss": 365.4, "speed": 2.61, "speedRelative": 0.47, "teleported": 1.0 }, "geometry": { "type": "LineString", "coordinates": [ [ 4.365069, 50.834265 ], [ 4.365628, 50.833899 ] ] } },
{ "type": "Feature", "properties": { "index": "-31519076#2", "element": "edge", "id": "-31519076#2", "name": "Chaussée d&apos;Ixelles - Elsense Steenweg", "sampledSeconds": 514.13, "departed": 4.0, "arrived": 3.0, "entered": 25.0, "left": 26.0, "laneChangedFrom": 0.0, "laneChangedTo": 0.0, "traveltime": 17.0, "overlapTraveltime": 17.99, "density": 1.71, "laneDensity": 1.71, "occupancy": 0.81, "waitingTime": 0.0, "timeLoss": 62.9, "speed": 4.91, "speedRelative": 0.88, "teleported": 0.0 }, "geometry": { "type": "LineString", "coordinates": [ [ 4.364217, 50.834899 ], [ 4.364264, 50.834853 ], [ 4.364704, 50.83452 ], [ 4.364979, 50.834326 ] ] } },
{ "type": "Feature", "properties": { "index": "-32200291", "element": "edge", "id": "-32200291", "name": "Rue Juliette Wytsman - Juliette Wytsmanstraat", "sampledSeconds": 18518.71, "departed": 6.0, "arrived": 2.0, "entered": 99.0, "left": 93.0, "laneChangedFrom": 0.0, "laneChangedTo": 0.0, "traveltime": 201.84, "overlapTraveltime": 203.58, "density": 58.41, "laneDensity": 58.41, "occupancy": 28.97, "waitingTime": 17102.0, "timeLoss": 17503.52, "speed": 0.46, "speedRelative": 0.05, "teleported": 5.0 }, "geometry": { "type": "LineString", "coordinates": [ [ 4.381166, 50.824547 ], [ 4.380308, 50.825102 ], [ 4.380291, 50.825113 ] ] } },
{ "type": "Feature", "properties": { "index": "-327412184", "element": "edge", "id": "-327412184", "name": "Rue de l&apos;Ermitage - Kluisstraat", "sampledSeconds": 301.18, "departed": 3.0, "arrived": 1.0, "entered": 14.0, "left": 16.0, "laneChangedFrom": 0.0, "laneChangedTo": 0.0, "traveltime": 16.78, "overlapTraveltime": 17.85, "density": 0.7, "laneDensity": 0.7, "occupancy": 0.33, "waitingTime": 0.0, "timeLoss": 39.53, "speed": 6.94, "speedRelative": 0.83, "teleported": 0.0 }, "geometry": { "type": "LineString", "coordinates": [ [ 4.36687, 50.829031 ], [ 4.367205, 50.829134 ], [ 4.367597, 50.829212 ], [ 4.367841, 50.829237 ], [ 4.368159, 50.82925 ], [ 4.368451, 50.829243 ], [ 4.368495, 50.829239 ] ] } },
{ "type": "Feature", "properties": { "index": "-33301560#1", "element": "edge", "id": "-33301560#1", "name": "Rue de la Concorde - Eendrachtsstraat", "sampledSeconds": 144.91, "departed": 6.0, "arrived": 2.0, "entered": 29.0, "left": 33.0, "laneChangedFrom": 0.0, "laneChangedTo": 0.0, "traveltime": 3.61, "overlapTraveltime": 4.28, "density": 1.63, "laneDensity": 1.63, "occupancy": 0.69, "waitingTime": 0.0, "timeLoss": 25.09, "speed": 6.94, "speedRelative": 0.83, "teleported": 0.0 }, "geometry": { "type": "LineString", "coordinates": [ [ 4.359452, 50.83202 ], [ 4.359687, 50.832185 ] ] } },
{ "type": "Feature", "properties": { "index": "-33301680#1", "element": "edge", "id": "-33301680#1", "name": "Place de Londres - Londenplein", "sampledSeconds": 0.0, "departed": 0.0, "arrived": 0.0, "entered": 0.0, "left": 0.0, "laneChangedFrom": 0.0, "laneChangedTo": 0.0, "traveltime": 0.0, "overlapTraveltime": 0.0, "density": 0.0, "laneDensity": 0.0, "occupancy": 0.0, "waitingTime": 0.0, "timeLoss": 0.0, "speed": 0.0, "speedRelative": 0.0, "teleported": 0.0 }, "geometry": { "type": "LineString", "coordinates": [ [ 4.368303, 50.837654 ], [ 4.368397, 50.837953 ] ] } },
{ "type": "Feature", "properties": { "index": "-34065519", "element": "edge", "id": "-34065519", "name": "Place Fernand Cocq - Fernand Cocqplein", "sampledSeconds": 1589.3, "departed": 7.0, "arrived": 4.0, "entered": 67.0, "left": 68.0, "laneChangedFrom": 0.0, "laneChangedTo": 0.0, "traveltime": 13.41, "overlapTraveltime": 22.08, "density": 15.13, "laneDensity": 15.13, "occupancy": 5.2, "waitingTime": 1044.0, "timeLoss": 1142.78, "speed": 1.55, "speedRelative": 0.28, "teleported": 0.0 }, "geometry": { "type": "LineString", "coordinates": [ [ 4.366335, 50.833422 ], [ 4.366239, 50.833512 ], [ 4.366145, 50.833593 ], [ 4.366093, 50.833635 ] ] } },
{ "type": "Feature", "properties": { "index": "-366576297", "element": "edge", "id": "-366576297", "name": "", "sampledSeconds": 0.0, "departed": 0.0, "arrived": 0.0, "entered": 0.0, "left": 0.0, "laneChangedFrom": 0.0, "laneChangedTo": 0.0, "traveltime": 0.0, "overlapTraveltime": 0.0, "density": 0.0, "laneDensity": 0.0, "occupancy": 0.0, "waitingTime": 0.0, "timeLoss": 0.0, "speed": 0.0, "speedRelative": 0.0, "teleported": 0.0 }, "geometry": { "type": "LineString", "coordinates": [ [ 4.35823, 50.835259 ], [ 4.358179, 50.835304 ], [ 4.358173, 50.835312 ], [ 4.358171, 50.835318 ], [ 4.358171, 50.835322 ], [ 4.358176, 50.835326 ], [ 4.358592, 50.835495 ], [ 4.358664, 50.835524 ], [ 4.358838, 50.835594 ], [ 4.358851, 50.8356 ] ] } },
{ "type": "Feature", "properties": { "index": "-36786443#2", "element": "edge", "id": "-36786443#2", "name": "Chaussée de Wavre - Waverse Steenweg", "sampledSeconds": 604.1, "departed": 11.0, "arrived": 0.0, "entered": 0.0, "left": 11.0, "laneChangedFrom": 0.0, "laneChangedTo": 0.0, "traveltime": 55.74, "overlapTraveltime": 56.82, "density": 1.04, "laneDensity": 1.04, "occupancy": 0.52, "waitingTime": 332.0, "timeLoss": 384.28, "speed": 2.93, "speedRelative": 0.35, "teleported": 1.0 }, "geometry": { "type": "LineString", "coordinates": [ [ 4.373888, 50.83591 ], [ 4.373733, 50.835924 ], [ 4.373048, 50.835984 ], [ 4.372803, 50.835995 ], [ 4.372651, 50.83599 ], [ 4.372547, 50.835977 ], [ 4.37248, 50.835966 ], [ 4.372301, 50.83594 ], [ 4.371793, 50.835866 ], [ 4.37173, 50.835858 ], [ 4.371631, 50.835846 ] ] } },
{ "type": "Feature", "properties": { "index": "-36786444#2", "element": "edge", "id": "-36786444#2", "name": "Rue du Trône - Troonstraat", "sampledSeconds": 55.26, "departed": 3.0, "arrived": 0.0, "entered": 1.0, "left": 4.0, "laneChangedFrom": 2.0, "laneChangedTo": 2.0, "traveltime": 13.42, "overlapTraveltime": 15.16, "density": 0.29, "laneDensity": 0.15, "occupancy": 0.07, "waitingTime": 12.0, "timeLoss": 28.23, "speed": 3.78, "speedRelative": 0.45, "teleported": 0.0 }, "geometry": { "type": "LineString", "coordinates": [ [ 4.371183, 50.83611 ], [ 4.370855, 50.836368 ], [ 4.370817, 50.836397 ], [ 4.370777, 50.836429 ], [ 4.370742, 50.836456 ], [ 4.370716, 50.836477 ] ] } },
{ "type": "Feature", "properties": { "index": "-36786445#2", "element": "edge", "id": "-36786445#2", "name": "Rue du Trône - Troonstraat", "sampledSeconds": 1047.73, "departed": 2.0, "arrived": 18.0, "entered": 138.0, "left": 122.0, "laneChangedFrom": 92.0, "laneChangedTo": 92.0, "traveltime": 7.23, "overlapTraveltime": 8.28, "density": 6.5, "laneDensity": 3.25, "occupancy": 1.46, "waitingTime": 41.0, "timeLoss": 268.25, "speed": 6.02, "speedRelative": 0.72, "teleported": 0.0 }, "geometry": { "type": "LineString", "coordinates": [ [ 4.371969, 50.835432 ], [ 4.371764, 50.835599 ], [ 4.371614, 50.835727 ], [ 4.371584, 50.835753 ] ] } },
{ "type": "Feature", "properties": { "index": "-37346632#1", "element": "edge", "id": "-37346632#1", "name": "Rue Gray - Graystraat", "sampledSeconds": 0.0, "departed": 0.0, "arrived": 0.0, "entered": 0.0, "left": 0.0, "laneChangedFrom": 0.0, "laneChangedTo": 0.0, "traveltime": 0.0, "overlapTraveltime": 0.0, "density": 0.0, "laneDensity": 0.0, "occupancy": 0.0, "waitingTime": 0.0, "timeLoss": 0.0, "speed": 0.0, "speedRelative": 0.0, "teleported": 0.0 }, "geometry": { "type": "LineString", "coordinates": [ [ 4.376775, 50.831179 ], [ 4.376779, 50.831208 ], [ 4.376836, 50.831293 ], [ 4.377035, 50.831553 ], [ 4.377219, 50.831786 ], [ 4.377247, 50.831822 ], [ 4.377259, 50.831837 ], [ 4.377377, 50.831986 ] ] } },
{ "type": "Feature", "properties": { "index": "-377719665", "element": "edge", "id": "-377719665", "name": "Chaussée d&apos;Ixelles - Elsense Steenweg", "sampledSeconds": 0.0, "departed": 0.0, "arrived": 0.0, "entered": 0.0, "left": 0.0, "laneChangedFrom": 0.0, "laneChangedTo": 0.0, "traveltime": 0.0, "overlapTraveltime": 0.0, "density": 0.0, "laneDensity": 0.0, "occupancy": 0.0, "waitingTime": 0.0, "timeLoss": 0.0, "speed": 0.0, "speedRelative": 0.0, "teleported": 0.0 }, "geometry": { "type": "LineString", "coordinates": [ [ 4.37049, 50.828954 ], [ 4.370196, 50.829283 ], [ 4.370141, 50.829349 ] ] } },
{ "type": "Feature", "properties": { "index": "-396062730", "element": "edge", "id": "-396062730", "name": "", "sampledSeconds": 0.0, "departed": 0.0, "arrived": 0.0, "entered": 0.0, "left": 0.0, "laneChangedFrom": 0.0, "laneChangedTo": 0.0, "traveltime": 0.0, "overlapTraveltime": 0.0, "density": 0.0, "laneDensity": 0.0, "occupancy": 0.0, "waitingTime": 0.0, "timeLoss": 0.0, "speed": 0.0, "speedRelative": 0.0, "teleported": 0.0 }, "geometry": { "type": "LineString", "coordinates": [ [ 4.358532, 50.836963 ], [ 4.357976, 50.836742 ] ] } },
{ "type": "Feature", "properties": { "index": "-396636211", "element": "edge", "id": "-396636211", "name": "", "sampledSeconds": 0.0, "departed": 0.0, "arrived": 0.0, "entered": 0.0, "left": 0.0, "laneChangedFrom": 0.0, "laneChangedTo": 0.0, "traveltime": 0.0, "overlapTraveltime": 0.0, "density": 0.0, "laneDensity": 0.0, "occupancy": 0.0, "waitingTime": 0.0, "timeLoss": 0.0, "speed": 0.0, "speedRelative": 0.0, "teleported": 0.0 }, "geometry": { "type": "LineString", "coordinates": [ [ 4.354606, 50.835395 ], [ 4.35437, 50.835613 ] ] } },
{ "type": "Feature", "properties": { "index": "-396957783", "element": "edge", "id": "-396957783", "name": "", "sampledSeconds": 0.0, "departed": 0.0, "arrived": 0.0, "entered": 0.0, "left": 0.0, "laneChangedFrom": 0.0, "laneChangedTo": 0.0, "traveltime": 0.0, "overlapTraveltime": 0.0, "density": 0.0, "laneDensity": 0.0, "occupancy": 0.0, "waitingTime": 0.0, "timeLoss": 0.0, "speed": 0.0, "speedRelative": 0.0, "teleported": 0.0 }, "geometry": { "type": "LineString", "coordinates": [ [ 4.367843, 50.828064 ], [ 4.367776, 50.828042 ], [ 4.367765, 50.828038 ] ] } },
{ "type": "Feature", "properties": { "index": "-400062404", "element": "edge", "id": "-400062404", "name": "Chaussée d&apos;Ixelles - Elsense Steenweg", "sampledSeconds": 700.31, "departed": 5.0, "arrived": 2.0, "entered": 68.0, "left": 70.0, "laneChangedFrom": 0.0, "laneChangedTo": 0.0, "traveltime": 9.1, "overlapTraveltime": 10.18, "density": 54.19, "laneDensity": 54.19, "occupancy": 17.44, "waitingTime": 558.0, "timeLoss": 589.4, "speed": 0.84, "speedRelative": 0.15, "teleported": 1.0 }, "geometry": { "type": "LineString", "coordinates": [ [ 4.36609, 50.833637 ], [ 4.366055, 50.833661 ] ] } },
{ "type": "Feature", "properties": { "index": "-400062405", "element": "edge", "id": "-400062405", "name": "Place Fernand Cocq - Fernand Cocqplein", "sampledSeconds": 2114.74, "departed": 5.0, "arrived": 6.0, "entered": 91.0, "left": 90.0, "laneChangedFrom": 0.0, "laneChangedTo": 0.0, "traveltime": 18.02, "overlapTraveltime": 22.36, "density": 20.46, "laneDensity": 20.46, "occupancy": 9.28, "waitingTime": 1385.0, "timeLoss": 1537.19, "speed": 1.51, "speedRelative": 0.27, "teleported": 1.0 }, "geometry": { "type": "LineString", "coordinates": [ [ 4.366722, 50.832675 ], [ 4.366675, 50.832807 ], [ 4.366622, 50.832925 ] ] } },
{ "type": "Feature", "properties": { "index": "-400587011", "element": "edge", "id": "-400587011", "name": "", "sampledSeconds": 0.0, "departed": 0.0, "arrived": 0.0, "entered": 0.0, "left": 0.0, "laneChangedFrom": 0.0, "laneChangedTo": 0.0, "traveltime": 0.0, "overlapTraveltime": 0.0, "density": 0.0, "laneDensity": 0.0, "occupancy": 0.0, "waitingTime": 0.0, "timeLoss": 0.0, "speed": 0.0, "speedRelative": 0.0, "teleported": 0.0 }, "geometry": { "type": "LineString", "coordinates": [ [ 4.356947, 50.83729 ], [ 4.357134, 50.837116 ], [ 4.357193, 50.83709 ] ] } },
{ "type": "Feature", "properties": { "index": "-400587016#0", "element": "edge", "id": "-400587016#0", "name": "", "sampledSeconds": 0.0, "departed": 0.0, "arrived": 0.0, "entered": 0.0, "left": 0.0, "laneChangedFrom": 0.0, "laneChangedTo": 0.0, "traveltime": 0.0, "overlapTraveltime": 0.0, "density": 0.0, "laneDensity": 0.0, "occupancy": 0.0, "waitingTime": 0.0, "timeLoss": 0.0, "speed": 0.0, "speedRelative": 0.0, "teleported": 0.0 }, "geometry": { "type": "LineString", "coordinates": [ [ 4.358506, 50.837486 ], [ 4.358498, 50.837494 ] ] } },
{ "type": "Feature", "properties": { "index": "-400587016#1", "element": "edge", "id": "-400587016#1", "name": "", "sampledSeconds": 0.0, "departed": 0.0, "arrived": 0.0, "entered": 0.0, "left": 0.0, "laneChangedFrom": 0.0, "laneChangedTo": 0.0, "traveltime": 0.0, "overlapTraveltime": 0.0, "density": 0.0, "laneDensity": 0.0, "occupancy": 0.0, "waitingTime": 0.0, "timeLoss": 0.0, "speed": 0.0, "speedRelative": 0.0, "teleported": 0.0 }, "geometry": { "type": "LineString", "coordinates": [ [ 4.358593, 50.837397 ], [ 4.358574, 50.837417 ] ] } },
{ "type": "Feature", "properties": { "index": "-400603376#1", "element": "edge", "id": "-400603376#1", "name": "", "sampledSeconds": 0.0, "departed": 0.0, "arrived": 0.0, "entered": 0.0, "left": 0.0, "laneChangedFrom": 0.0, "laneChangedTo": 0.0, "traveltime": 0.0, "overlapTraveltime": 0.0, "density": 0.0, "laneDensity": 0.0, "occupancy": 0.0, "waitingTime": 0.0, "timeLoss": 0.0, "speed": 0.0, "speedRelative": 0.0, "teleported": 0.0 }, "geometry": { "type": "LineString", "coordinates": [ [ 4.357292, 50.837058 ], [ 4.357267, 50.837082 ] ] } },
{ "type": "Feature", "properties": { "index": "-400961616", "element": "edge", "id": "-400961616", "name": "", "sampledSeconds": 0.0, "departed": 0.0, "arrived": 0.0, "entered": 0.0, "left": 0.0, "laneChangedFrom": 0.0, "laneChangedTo": 0.0, "traveltime": 0.0, "overlapTraveltime": 0.0, "density": 0.0, "laneDensity": 0.0, "occupancy": 0.0, "waitingTime": 0.0, "timeLoss": 0.0, "speed": 0.0, "speedRelative": 0.0, "teleported": 0.0 }, "geometry": { "type": "LineString", "coordinates": [ [ 4.362988, 50.838602 ], [ 4.362986, 50.838609 ], [ 4.362987, 50.838646 ] ] } },
{ "type": "Feature", "properties": { "index": "-400961623", "element": "edge", "id": "-400961623", "name": "", "sampledSeconds": 0.0, "departed": 0.0, "arrived": 0.0, "entered": 0.0, "left": 0.0, "laneChangedFrom": 0.0, "laneChangedTo": 0.0, "traveltime": 0.0, "overlapTraveltime": 0.0, "density": 0.0, "laneDensity": 0.0, "occupancy": 0.0, "waitingTime": 0.0, "timeLoss": 0.0, "speed": 0.0, "speedRelative": 0.0, "teleported": 0.0 }, "geometry": { "type": "LineString", "coordinates": [ [ 4.363308, 50.838532 ], [ 4.363266, 50.838571 ], [ 4.363242, 50.838584 ], [ 4.363207, 50.838594 ], [ 4.363168, 50.838598 ] ] } },
{ "type": "Feature", "properties": { "index": "-401041385#1", "element": "edge", "id": "-401041385#1", "name": "", "sampledSeconds": 0.0, "departed": 0.0, "arrived": 0.0, "entered": 0.0, "left": 0.0, "laneChangedFrom": 0.0, "laneChangedTo": 0.0, "traveltime": 0.0, "overlapTraveltime": 0.0, "density": 0.0, "laneDensity": 0.0, "occupancy": 0.0, "waitingTime": 0.0, "timeLoss": 0.0, "speed": 0.0, "speedRelative": 0.0, "teleported": 0.0 }, "geometry": { "type": "LineString", "coordinates": [ [ 4.367211, 50.832533 ], [ 4.367108, 50.832475 ], [ 4.367015, 50.832422 ], [ 4.366961, 50.832394 ] ] } },
{ "type": "Feature", "properties": { "index": "-403882372", "element": "edge", "id": "-403882372", "name": "Porte de Namur - Naamsepoort", "sampledSeconds": 0.0, "departed": 0.0, "arrived": 0.0, "entered": 0.0, "left": 0.0, "laneChangedFrom": 0.0, "laneChangedTo": 0.0, "traveltime": 0.0, "overlapTraveltime": 0.0, "density": 0.0, "laneDensity": 0.0, "occupancy": 0.0, "waitingTime": 0.0, "timeLoss": 0.0, "speed": 0.0, "speedRelative": 0.0, "teleported": 0.0 }, "geometry": { "type": "LineString", "coordinates": [ [ 4.361908, 50.838481 ], [ 4.361907, 50.838483 ] ] } },
{ "type": "Feature", "properties": { "index": "-40493501#0", "element": "edge", "id": "-40493501#0", "name": "Chaussée d&apos;Ixelles - Elsense Steenweg", "sampledSeconds": 4287.62, "departed": 1.0, "arrived": 4.0, "entered": 77.0, "left": 70.0, "laneChangedFrom": 0.0, "laneChangedTo": 0.0, "traveltime": 56.25, "overlapTraveltime": 58.14, "density": 48.47, "laneDensity": 48.47, "occupancy": 23.62, "waitingTime": 3896.0, "timeLoss": 4004.54, "speed": 0.51, "speedRelative": 0.06, "teleported": 4.0 }, "geometry": { "type": "LineString", "coordinates": [ [ 4.367617, 50.831876 ], [ 4.367368, 50.832025 ], [ 4.367364, 50.832028 ] ] } },
{ "type": "Feature", "properties": { "index": "-40493501#1", "element": "edge", "id": "-40493501#1", "name": "Chaussée d&apos;Ixelles - Elsense Steenweg", "sampledSeconds": 4525.44, "departed": 7.0, "arrived": 1.0, "entered": 78.0, "left": 77.0, "laneChangedFrom": 0.0, "laneChangedTo": 0.0, "traveltime": 54.96, "overlapTraveltime": 55.88, "density": 23.07, "laneDensity": 23.07, "occupancy": 11.4, "waitingTime": 3769.0, "timeLoss": 3941.46, "speed": 1.06, "speedRelative": 0.13, "teleported": 0.0 }, "geometry": { "type": "LineString", "coordinates": [ [ 4.368259, 50.831473 ], [ 4.368153, 50.831559 ], [ 4.368062, 50.831618 ], [ 4.367714, 50.831819 ] ] } },
{ "type": "Feature", "properties": { "index": "-40493501#2", "element": "edge", "id": "-40493501#2", "name": "Chaussée d&apos;Ixelles - Elsense Steenweg", "sampledSeconds": 342.66, "departed": 7.0, "arrived": 2.0, "entered": 73.0, "left": 78.0, "laneChangedFrom": 0.0, "laneChangedTo": 0.0, "traveltime": 3.69, "overlapTraveltime": 4.37, "density": 4.51, "laneDensity": 4.51, "occupancy": 1.89, "waitingTime": 40.0, "timeLoss": 95.42, "speed": 5.98, "speedRelative": 0.72, "teleported": 0.0 }, "geometry": { "type": "LineString", "coordinates": [ [ 4.368462, 50.831255 ], [ 4.368395, 50.831324 ], [ 4.368313, 50.83142 ] ] } },
{ "type": "Feature", "properties": { "index": "-40493501#3", "element": "edge", "id": "-40493501#3", "name": "Chaussée d&apos;Ixelles - Elsense Steenweg", "sampledSeconds": 2680.56, "departed": 4.0, "arrived": 3.0, "entered": 51.0, "left": 54.0, "laneChangedFrom": 0.0, "laneChangedTo": 0.0, "traveltime": 32.13, "overlapTraveltime": 48.46, "density": 4.7, "laneDensity": 4.7, "occupancy": 2.17, "waitingTime": 1438.0, "timeLoss": 1602.98, "speed": 3.37, "speedRelative": 0.4, "teleported": 0.0 }, "geometry": { "type": "LineString", "coordinates": [ [ 4.369628, 50.829929 ], [ 4.369614, 50.829944 ], [ 4.369561, 50.830004 ], [ 4.368544, 50.831165 ], [ 4.368536, 50.831174 ] ] } },
{ "type": "Feature", "properties": { "index": "-40493501#4", "element": "edge", "id": "-40493501#4", "name": "Chaussée d&apos;Ixelles - Elsense Steenweg", "sampledSeconds": 4185.92, "departed": 7.0, "arrived": 1.0, "entered": 52.0, "left": 58.0, "laneChangedFrom": 0.0, "laneChangedTo": 0.0, "traveltime": 65.37, "overlapTraveltime": 72.09, "density": 24.14, "laneDensity": 24.14, "occupancy": 11.7, "waitingTime": 3693.0, "timeLoss": 3811.67, "speed": 0.74, "speedRelative": 0.09, "teleported": 2.0 }, "geometry": { "type": "LineString", "coordinates": [ [ 4.370065, 50.829438 ], [ 4.370032, 50.829477 ], [ 4.369757, 50.829785 ], [ 4.36973, 50.829815 ] ] } },
{ "type": "Feature", "properties": { "index": "-40493652", "element": "edge", "id": "-40493652", "name": "Porte de Namur - Naamsepoort", "sampledSeconds": 55.05, "departed": 5.0, "arrived": 3.0, "entered": 24.0, "left": 26.0, "laneChangedFrom": 0.0, "laneChangedTo": 0.0, "traveltime": 0.04, "overlapTraveltime": 2.03, "density": 76.46, "laneDensity": 76.46, "occupancy": 1.5, "waitingTime": 21.0, "timeLoss": 32.89, "speed": 2.56, "speedRelative": 0.31, "teleported": 0.0 }, "geometry": { "type": "LineString", "coordinates": [ [ 4.361826, 50.83884 ], [ 4.361824, 50.838842 ] ] } },
{ "type": "Feature", "properties": { "index": "-40598675#2", "element": "edge", "id": "-40598675#2", "name": "Chaussée de Vleurgat - Vleurgatse Steenweg", "sampledSeconds": 48.3, "departed": 0.0, "arrived": 4.0, "entered": 4.0, "left": 0.0, "laneChangedFrom": 0.0, "laneChangedTo": 0.0, "traveltime": 11.54, "overlapTraveltime": 12.18, "density": 0.15, "laneDensity": 0.15, "occupancy": 0.07, "waitingTime": 0.0, "timeLoss": 3.38, "speed": 7.95, "speedRelative": 0.95, "teleported": 0.0 }, "geometry": { "type": "LineString", "coordinates": [ [ 4.366626, 50.821746 ], [ 4.366547, 50.821484 ], [ 4.366469, 50.821178 ], [ 4.366458, 50.821136 ], [ 4.366454, 50.821118 ], [ 4.366418, 50.820931 ] ] } },
{ "type": "Feature", "properties": { "index": "-40598675#3", "element": "edge", "id": "-40598675#3", "name": "Chaussée de Vleurgat - Vleurgatse Steenweg", "sampledSeconds": 204.13, "departed": 4.0, "arrived": 2.0, "entered": 7.0, "left": 10.0, "laneChangedFrom": 0.0, "laneChangedTo": 0.0, "traveltime": 17.31, "overlapTraveltime": 18.49, "density": 0.46, "laneDensity": 0.46, "occupancy": 0.22, "waitingTime": 0.0, "timeLoss": 25.9, "speed": 6.99, "speedRelative": 0.84, "teleported": 0.0 }, "geometry": { "type": "LineString", "coordinates": [ [ 4.367161, 50.822934 ], [ 4.366892, 50.822619 ], [ 4.366842, 50.822509 ], [ 4.366725, 50.822089 ], [ 4.366712, 50.822043 ], [ 4.366663, 50.821873 ] ] } },
{ "type": "Feature", "properties": { "index": "-409506868", "element": "edge", "id": "-409506868", "name": "Place Eugène Flagey - Eugène Flageyplein", "sampledSeconds": 0.0, "departed": 0.0, "arrived": 0.0, "entered": 0.0, "left": 0.0, "laneChangedFrom": 0.0, "laneChangedTo": 0.0, "traveltime": 0.0, "overlapTraveltime": 0.0, "density": 0.0, "laneDensity": 0.0, "occupancy": 0.0, "waitingTime": 0.0, "timeLoss": 0.0, "speed": 0.0, "speedRelative": 0.0, "teleported": 0.0 }, "geometry": { "type": "LineString", "coordinates": [ [ 4.372171, 50.827123 ], [ 4.372163, 50.827137 ], [ 4.372133, 50.827174 ], [ 4.372091, 50.827227 ], [ 4.372028, 50.827303 ], [ 4.371652, 50.827723 ], [ 4.371609, 50.827755 ], [ 4.371566, 50.827775 ] ] } },
{ "type": "Feature", "properties": { "index": "-414404581#1", "element": "edge", "id": "-414404581#1", "name": "Rue de la Brasserie - Brouwerijstraat", "sampledSeconds": 1465.3, "departed": 5.0, "arrived": 4.0, "entered": 121.0, "left": 123.0, "laneChangedFrom": 0.0, "laneChangedTo": 0.0, "traveltime": 8.23, "overlapTraveltime": 11.93, "density": 13.75, "laneDensity": 13.75, "occupancy": 5.49, "waitingTime": 811.0, "timeLoss": 943.6, "speed": 2.9, "speedRelative": 0.35, "teleported": 0.0 }, "geometry": { "type": "LineString", "coordinates": [ [ 4.373648, 50.827618 ], [ 4.373768, 50.827645 ], [ 4.374045, 50.827707 ] ] } },
{ "type": "Feature", "properties": { "index": "-430147229#1", "element": "edge", "id": "-430147229#1", "name": "Rue Ducale - Hertogstraat", "sampledSeconds": 0.0, "departed": 0.0, "arrived": 0.0, "entered": 0.0, "left": 0.0, "laneChangedFrom": 0.0, "laneChangedTo": 0.0, "traveltime": 0.0, "overlapTraveltime": 0.0, "density": 0.0, "laneDensity": 0.0, "occupancy": 0.0, "waitingTime": 0.0, "timeLoss": 0.0, "speed": 0.0, "speedRelative": 0.0, "teleported": 0.0 }, "geometry": { "type": "LineString", "coordinates": [ [ 4.364883, 50.840427 ], [ 4.364897, 50.840482 ], [ 4.364894, 50.840519 ] ] } },
{ "type": "Feature", "properties": { "index": "-4312572#1", "element": "edge", "id": "-4312572#1", "name": "Avenue Émile Duray - Émile Duraylaan", "sampledSeconds": 1146.94, "departed": 5.0, "arrived": 3.0, "entered": 38.0, "left": 40.0, "laneChangedFrom": 0.0, "laneChangedTo": 0.0, "traveltime": 26.11, "overlapTraveltime": 26.76, "density": 1.63, "laneDensity": 1.63, "occupancy": 0.79, "waitingTime": 0.0, "timeLoss": 109.54, "speed": 7.5, "speedRelative": 0.9, "teleported": 0.0 }, "geometry": { "type": "LineString", "coordinates": [ [ 4.376664, 50.818233 ], [ 4.376643, 50.81843 ], [ 4.3766, 50.818572 ], [ 4.376514, 50.818765 ], [ 4.376385, 50.818963 ], [ 4.376284, 50.819064 ], [ 4.376093, 50.819228 ], [ 4.37538, 50.819738 ] ] } },
{ "type": "Feature", "properties": { "index": "-4312633", "element": "edge", "id": "-4312633", "name": "Square du Val de la Cambre - Terkamerendalsquare", "sampledSeconds": 206.34, "departed": 2.0, "arrived": 6.0, "entered": 15.0, "left": 11.0, "laneChangedFrom": 0.0, "laneChangedTo": 0.0, "traveltime": 11.66, "overlapTraveltime": 12.35, "density": 0.68, "laneDensity": 0.68, "occupancy": 0.32, "waitingTime": 0.0, "timeLoss": 20.27, "speed": 7.2, "speedRelative": 0.86, "teleported": 0.0 }, "geometry": { "type": "LineString", "coordinates": [ [ 4.378642, 50.818439 ], [ 4.378534, 50.818391 ], [ 4.378464, 50.818363 ], [ 4.378376, 50.818358 ], [ 4.378259, 50.818436 ], [ 4.378061, 50.818469 ], [ 4.37775, 50.818311 ], [ 4.377695, 50.818283 ], [ 4.377664, 50.818264 ] ] } },
{ "type": "Feature", "properties": { "index": "-4318228#2", "element": "edge", "id": "-4318228#2", "name": "Avenue de l&apos;Hippodrome - Renbaanlaan", "sampledSeconds": 2438.58, "departed": 6.0, "arrived": 3.0, "entered": 23.0, "left": 24.0, "laneChangedFrom": 0.0, "laneChangedTo": 0.0, "traveltime": 84.02, "overlapTraveltime": 84.98, "density": 2.55, "laneDensity": 2.55, "occupancy": 1.26, "waitingTime": 1350.0, "timeLoss": 1483.07, "speed": 3.19, "speedRelative": 0.38, "teleported": 1.0 }, "geometry": { "type": "LineString", "coordinates": [ [ 4.37679, 50.820612 ], [ 4.376776, 50.820631 ], [ 4.376564, 50.82088 ], [ 4.376271, 50.821212 ], [ 4.375668, 50.821901 ], [ 4.375329, 50.822289 ], [ 4.374995, 50.822667 ], [ 4.374963, 50.822705 ] ] } },
{ "type": "Feature", "properties": { "index": "-4318237#2", "element": "edge", "id": "-4318237#2", "name": "Avenue Géo Bernier - Géo Bernierlaan", "sampledSeconds": 3791.15, "departed": 7.0, "arrived": 6.0, "entered": 233.0, "left": 235.0, "laneChangedFrom": 0.0, "laneChangedTo": 0.0, "traveltime": 15.11, "overlapTraveltime": 15.8, "density": 9.68, "laneDensity": 9.68, "occupancy": 4.63, "waitingTime": 0.0, "timeLoss": 469.24, "speed": 7.2, "speedRelative": 0.86, "teleported": 0.0 }, "geometry": { "type": "LineString", "coordinates": [ [ 4.376709, 50.820469 ], [ 4.376681, 50.820461 ], [ 4.37597, 50.820312 ], [ 4.375252, 50.820144 ] ] } },
{ "type": "Feature", "properties": { "index": "-4318239#1", "element": "edge", "id": "-4318239#1", "name": "Allée du Cloître - Kloosterdreef", "sampledSeconds": 673.37, "departed": 13.0, "arrived": 0.0, "entered": 12.0, "left": 25.0, "laneChangedFrom": 0.0, "laneChangedTo": 0.0, "traveltime": 26.61, "overlapTraveltime": 27.31, "density": 0.99, "laneDensity": 0.99, "occupancy": 0.48, "waitingTime": 0.0, "timeLoss": 79.5, "speed": 7.11, "speedRelative": 0.85, "teleported": 0.0 }, "geometry": { "type": "LineString", "coordinates": [ [ 4.371965, 50.818357 ], [ 4.373126, 50.818906 ], [ 4.373447, 50.81906 ], [ 4.37354, 50.819147 ], [ 4.37362, 50.819317 ], [ 4.37369, 50.819537 ], [ 4.373718, 50.819549 ] ] } },
{ "type": "Feature", "properties": { "index": "-4318240#0", "element": "edge", "id": "-4318240#0", "name": "Abbaye de la Cambre - Abdij ter Kameren", "sampledSeconds": 0.0, "departed": 0.0, "arrived": 0.0, "entered": 0.0, "left": 0.0, "laneChangedFrom": 0.0, "laneChangedTo": 0.0, "traveltime": 0.0, "overlapTraveltime": 0.0, "density": 0.0, "laneDensity": 0.0, "occupancy": 0.0, "waitingTime": 0.0, "timeLoss": 0.0, "speed": 0.0, "speedRelative": 0.0, "teleported": 0.0 }, "geometry": { "type": "LineString", "coordinates": [ [ 4.373967, 50.81912 ], [ 4.373951, 50.819115 ], [ 4.373889, 50.819074 ], [ 4.373851, 50.819022 ], [ 4.373843, 50.818966 ], [ 4.373864, 50.818912 ], [ 4.374007, 50.81867 ], [ 4.374066, 50.818594 ], [ 4.374177, 50.818547 ], [ 4.374265, 50.818542 ], [ 4.374413, 50.818573 ], [ 4.374496, 50.818615 ], [ 4.374532, 50.81867 ], [ 4.374536, 50.818727 ], [ 4.374511, 50.81878 ], [ 4.374397, 50.818973 ] ] } },
{ "type": "Feature", "properties": { "index": "-4318240#1", "element": "edge", "id": "-4318240#1", "name": "Abbaye de la Cambre - Abdij ter Kameren", "sampledSeconds": 0.0, "departed": 0.0, "arrived": 0.0, "entered": 0.0, "left": 0.0, "laneChangedFrom": 0.0, "laneChangedTo": 0.0, "traveltime": 0.0, "overlapTraveltime": 0.0, "density": 0.0, "laneDensity": 0.0, "occupancy": 0.0, "waitingTime": 0.0, "timeLoss": 0.0, "speed": 0.0, "speedRelative": 0.0, "teleported": 0.0 }, "geometry": { "type": "LineString", "coordinates": [ [ 4.374351, 50.819052 ], [ 4.374344, 50.819064 ], [ 4.374286, 50.819107 ], [ 4.374209, 50.819137 ], [ 4.374121, 50.819149 ], [ 4.374087, 50.819146 ] ] } },
{ "type": "Feature", "properties": { "index": "-4318242#1", "element": "edge", "id": "-4318242#1", "name": "Rue du Monastère - Munsterstraat", "sampledSeconds": 397.28, "departed": 4.0, "arrived": 3.0, "entered": 25.0, "left": 25.0, "laneChangedFrom": 0.0, "laneChangedTo": 0.0, "traveltime": 13.02, "overlapTraveltime": 14.07, "density": 1.36, "laneDensity": 1.36, "occupancy": 0.64, "waitingTime": 33.0, "timeLoss": 93.2, "speed": 6.11, "speedRelative": 0.73, "teleported": 0.0 }, "geometry": { "type": "LineString", "coordinates": [ [ 4.373767, 50.819641 ], [ 4.373432, 50.820243 ], [ 4.373336, 50.820311 ] ] } },
{ "type": "Feature", "properties": { "index": "-433333438#1", "element": "edge", "id": "-433333438#1", "name": "Rue Ducale - Hertogstraat", "sampledSeconds": 65.24, "departed": 8.0, "arrived": 0.0, "entered": 4.0, "left": 13.0, "laneChangedFrom": 4.0, "laneChangedTo": 4.0, "traveltime": 5.03, "overlapTraveltime": 5.71, "density": 0.65, "laneDensity": 0.33, "occupancy": 0.15, "waitingTime": 0.0, "timeLoss": 19.74, "speed": 5.75, "speedRelative": 0.69, "teleported": 0.0 }, "geometry": { "type": "LineString", "coordinates": [ [ 4.364873, 50.840811 ], [ 4.364893, 50.840784 ], [ 4.364929, 50.840753 ], [ 4.364981, 50.840737 ], [ 4.36518, 50.840696 ], [ 4.365199, 50.840693 ] ] } },
{ "type": "Feature", "properties": { "index": "-434361017#1", "element": "edge", "id": "-434361017#1", "name": "Rue de Namur - Naamsestraat", "sampledSeconds": 99.15, "departed": 0.0, "arrived": 7.0, "entered": 12.0, "left": 5.0, "laneChangedFrom": 0.0, "laneChangedTo": 0.0, "traveltime": 7.28, "overlapTraveltime": 8.36, "density": 0.55, "laneDensity": 0.55, "occupancy": 0.24, "waitingTime": 0.0, "timeLoss": 17.08, "speed": 6.55, "speedRelative": 0.79, "teleported": 0.0 }, "geometry": { "type": "LineString", "coordinates": [ [ 4.361726, 50.838913 ], [ 4.361702, 50.838933 ], [ 4.361661, 50.838965 ], [ 4.361646, 50.838978 ], [ 4.361487, 50.839103 ], [ 4.361277, 50.839259 ] ] } },
{ "type": "Feature", "properties": { "index": "-43963512#1", "element": "edge", "id": "-43963512#1", "name": "Rue Paul Lauters - Paul Lautersstraat", "sampledSeconds": 40.15, "departed": 0.0, "arrived": 5.0, "entered": 5.0, "left": 0.0, "laneChangedFrom": 0.0, "laneChangedTo": 0.0, "traveltime": 7.55, "overlapTraveltime": 8.25, "density": 0.21, "laneDensity": 0.21, "occupancy": 0.1, "waitingTime": 0.0, "timeLoss": 4.73, "speed": 7.14, "speedRelative": 0.86, "teleported": 0.0 }, "geometry": { "type": "LineString", "coordinates": [ [ 4.371145, 50.817466 ], [ 4.371127, 50.817464 ], [ 4.370482, 50.817369 ], [ 4.370402, 50.817353 ] ] } },
{ "type": "Feature", "properties": { "index": "-4426074#1", "element": "edge", "id": "-4426074#1", "name": "Rue de Florence - Florencestraat", "sampledSeconds": 75.76, "departed": 0.0, "arrived": 2.0, "entered": 2.0, "left": 0.0, "laneChangedFrom": 0.0, "laneChangedTo": 0.0, "traveltime": 37.59, "overlapTraveltime": 38.23, "density": 0.07, "laneDensity": 0.07, "occupancy": 0.04, "waitingTime": 0.0, "timeLoss": 6.54, "speed": 7.65, "speedRelative": 0.92, "teleported": 0.0 }, "geometry": { "type": "LineString", "coordinates": [ [ 4.360746, 50.829889 ], [ 4.360744, 50.829888 ], [ 4.359688, 50.829459 ], [ 4.359578, 50.829415 ], [ 4.359469, 50.829369 ], [ 4.358333, 50.828893 ], [ 4.358267, 50.828866 ], [ 4.358201, 50.828839 ], [ 4.357323, 50.828479 ] ] } },
{ "type": "Feature", "properties": { "index": "-4426075#1", "element": "edge", "id": "-4426075#1", "name": "Rue Blanche - Blanchestraat", "sampledSeconds": 149.23, "departed": 0.0, "arrived": 5.0, "entered": 5.0, "left": 0.0, "laneChangedFrom": 0.0, "laneChangedTo": 0.0, "traveltime": 29.4, "overlapTraveltime": 30.01, "density": 0.18, "laneDensity": 0.18, "occupancy": 0.09, "waitingTime": 0.0, "timeLoss": 11.68, "speed": 8.0, "speedRelative": 0.96, "teleported": 0.0 }, "geometry": { "type": "LineString", "coordinates": [ [ 4.359794, 50.830802 ], [ 4.358726, 50.830373 ], [ 4.358633, 50.830336 ], [ 4.358534, 50.830295 ], [ 4.357054, 50.829669 ], [ 4.356998, 50.829648 ] ] } },
{ "type": "Feature", "properties": { "index": "-4426076#0", "element": "edge", "id": "-4426076#0", "name": "Rue de la Bonté - Goedheidstraat", "sampledSeconds": 79.06, "departed": 0.0, "arrived": 3.0, "entered": 13.0, "left": 10.0, "laneChangedFrom": 0.0, "laneChangedTo": 0.0, "traveltime": 4.58, "overlapTraveltime": 6.13, "density": 0.71, "laneDensity": 0.71, "occupancy": 0.29, "waitingTime": 0.0, "timeLoss": 14.92, "speed": 5.86, "speedRelative": 0.7, "teleported": 0.0 }, "geometry": { "type": "LineString", "coordinates": [ [ 4.358048, 50.83143 ], [ 4.357682, 50.831277 ] ] } },
{ "type": "Feature", "properties": { "index": "-4426076#2", "element": "edge", "id": "-4426076#2", "name": "Rue de la Bonté - Goedheidstraat", "sampledSeconds": 136.64, "departed": 9.0, "arrived": 3.0, "entered": 7.0, "left": 13.0, "laneChangedFrom": 0.0, "laneChangedTo": 0.0, "traveltime": 8.34, "overlapTraveltime": 9.01, "density": 0.68, "laneDensity": 0.68, "occupancy": 0.32, "waitingTime": 0.0, "timeLoss": 23.23, "speed": 6.77, "speedRelative": 0.81, "teleported": 0.0 }, "geometry": { "type": "LineString", "coordinates": [ [ 4.358824, 50.831753 ], [ 4.358159, 50.831476 ] ] } },
{ "type": "Feature", "properties": { "index": "-450925440", "element": "edge", "id": "-450925440", "name": "Rue Marie-Henriette - Maria-Hendrikastraat", "sampledSeconds": 2675.83, "departed": 4.0, "arrived": 4.0, "entered": 75.0, "left": 70.0, "laneChangedFrom": 0.0, "laneChangedTo": 0.0, "traveltime": 34.25, "overlapTraveltime": 35.22, "density": 19.73, "laneDensity": 19.73, "occupancy": 9.65, "waitingTime": 2179.0, "timeLoss": 2280.39, "speed": 1.21, "speedRelative": 0.15, "teleported": 0.0 }, "geometry": { "type": "LineString", "coordinates": [ [ 4.374128, 50.831532 ], [ 4.374493, 50.831333 ], [ 4.374533, 50.831311 ] ] } },
{ "type": "Feature", "properties": { "index": "-47027406", "element": "edge", "id": "-47027406", "name": "Avenue Hergé - Hergélaan", "sampledSeconds": 42.79, "departed": 5.0, "arrived": 5.0, "entered": 19.0, "left": 19.0, "laneChangedFrom": 0.0, "laneChangedTo": 0.0, "traveltime": 1.29, "overlapTraveltime": 2.05, "density": 1.51, "laneDensity": 1.51, "occupancy": 0.49, "waitingTime": 0.0, "timeLoss": 10.74, "speed": 6.29, "speedRelative": 0.75, "teleported": 0.0 }, "geometry": { "type": "LineString", "coordinates": [ [ 4.38313, 50.82555 ], [ 4.38312, 50.825559 ], [ 4.383066, 50.825608 ] ] } },
{ "type": "Feature", "properties": { "index": "-47027743#2", "element": "edge", "id": "-47027743#2", "name": "Rue de la Levure - Giststraat", "sampledSeconds": 27466.64, "departed": 8.0, "arrived": 2.0, "entered": 322.0, "left": 317.0, "laneChangedFrom": 0.0, "laneChangedTo": 0.0, "traveltime": 95.64, "overlapTraveltime": 96.61, "density": 91.78, "laneDensity": 91.78, "occupancy": 42.73, "waitingTime": 22941.0, "timeLoss": 24443.11, "speed": 0.91, "speedRelative": 0.11, "teleported": 4.0 }, "geometry": { "type": "LineString", "coordinates": [ [ 4.376877, 50.827619 ], [ 4.37686, 50.827635 ], [ 4.376842, 50.827648 ], [ 4.376657, 50.82779 ], [ 4.37616, 50.828173 ], [ 4.376127, 50.828196 ] ] } },
{ "type": "Feature", "properties": { "index": "-47027857#1", "element": "edge", "id": "-47027857#1", "name": "Place du Champ de Mars - Marsveldplein", "sampledSeconds": 15.73, "departed": 4.0, "arrived": 5.0, "entered": 8.0, "left": 7.0, "laneChangedFrom": 0.0, "laneChangedTo": 0.0, "traveltime": 0.53, "overlapTraveltime": 1.68, "density": 1.09, "laneDensity": 1.09, "occupancy": 0.28, "waitingTime": 0.0, "timeLoss": 5.78, "speed": 5.35, "speedRelative": 0.64, "teleported": 0.0 }, "geometry": { "type": "LineString", "coordinates": [ [ 4.362791, 50.83861 ], [ 4.36281, 50.838576 ] ] } },
{ "type": "Feature", "properties": { "index": "-4726710#0", "element": "edge", "id": "-4726710#0", "name": "Rue du Berger - Herdersstraat", "sampledSeconds": 218.12, "departed": 4.0, "arrived": 3.0, "entered": 20.0, "left": 21.0, "laneChangedFrom": 0.0, "laneChangedTo": 0.0, "traveltime": 7.95, "overlapTraveltime": 9.32, "density": 1.68, "laneDensity": 1.68, "occupancy": 0.75, "waitingTime": 9.0, "timeLoss": 45.04, "speed": 4.41, "speedRelative": 0.79, "teleported": 0.0 }, "geometry": { "type": "LineString", "coordinates": [ [ 4.362251, 50.836235 ], [ 4.362657, 50.836434 ] ] } },
{ "type": "Feature", "properties": { "index": "-4726710#1", "element": "edge", "id": "-4726710#1", "name": "Rue du Berger - Herdersstraat", "sampledSeconds": 62.64, "departed": 12.0, "arrived": 0.0, "entered": 8.0, "left": 20.0, "laneChangedFrom": 0.0, "laneChangedTo": 0.0, "traveltime": 2.91, "overlapTraveltime": 3.89, "density": 1.63, "laneDensity": 1.63, "occupancy": 0.61, "waitingTime": 0.0, "timeLoss": 17.05, "speed": 4.02, "speedRelative": 0.72, "teleported": 0.0 }, "geometry": { "type": "LineString", "coordinates": [ [ 4.362029, 50.836121 ], [ 4.362146, 50.836182 ] ] } },
{ "type": "Feature", "properties": { "index": "-4726711#0", "element": "edge", "id": "-4726711#0", "name": "Rue de la Concorde - Eendrachtstraat", "sampledSeconds": 825.59, "departed": 4.0, "arrived": 2.0, "entered": 42.0, "left": 44.0, "laneChangedFrom": 0.0, "laneChangedTo": 0.0, "traveltime": 17.23, "overlapTraveltime": 18.02, "density": 1.8, "laneDensity": 1.8, "occupancy": 0.86, "waitingTime": 0.0, "timeLoss": 81.13, "speed": 7.34, "speedRelative": 0.88, "teleported": 0.0 }, "geometry": { "type": "LineString", "coordinates": [ [ 4.360908, 50.833097 ], [ 4.362062, 50.833975 ], [ 4.362065, 50.833977 ] ] } },
{ "type": "Feature", "properties": { "index": "-4726711#1", "element": "edge", "id": "-4726711#1", "name": "Rue de la Concorde - Eendrachtstraat", "sampledSeconds": 468.56, "departed": 4.0, "arrived": 3.0, "entered": 33.0, "left": 34.0, "laneChangedFrom": 0.0, "laneChangedTo": 0.0, "traveltime": 11.95, "overlapTraveltime": 12.75, "density": 1.52, "laneDensity": 1.52, "occupancy": 0.72, "waitingTime": 2.0, "timeLoss": 67.27, "speed": 7.11, "speedRelative": 0.85, "teleported": 0.0 }, "geometry": { "type": "LineString", "coordinates": [ [ 4.360027, 50.832429 ], [ 4.360806, 50.83302 ] ] } },
{ "type": "Feature", "properties": { "index": "-4730648#1", "element": "edge", "id": "-4730648#1", "name": "Rue du Beau Site - Welgelegenstraat", "sampledSeconds": 997.83, "departed": 3.0, "arrived": 1.0, "entered": 13.0, "left": 13.0, "laneChangedFrom": 0.0, "laneChangedTo": 0.0, "traveltime": 62.25, "overlapTraveltime": 64.02, "density": 3.0, "laneDensity": 3.0, "occupancy": 1.48, "waitingTime": 771.0, "timeLoss": 811.47, "speed": 1.52, "speedRelative": 0.18, "teleported": 1.0 }, "geometry": { "type": "LineString", "coordinates": [ [ 4.363507, 50.829451 ], [ 4.36283, 50.82874 ] ] } },
{ "type": "Feature", "properties": { "index": "-4730648#2", "element": "edge", "id": "-4730648#2", "name": "Rue du Beau Site - Welgelegenstraat", "sampledSeconds": 86.86, "departed": 9.0, "arrived": 0.0, "entered": 4.0, "left": 13.0, "laneChangedFrom": 0.0, "laneChangedTo": 0.0, "traveltime": 6.61, "overlapTraveltime": 7.23, "density": 0.58, "laneDensity": 0.58, "occupancy": 0.27, "waitingTime": 0.0, "timeLoss": 20.15, "speed": 6.41, "speedRelative": 0.77, "teleported": 0.0 }, "geometry": { "type": "LineString", "coordinates": [ [ 4.363879, 50.829842 ], [ 4.363576, 50.829523 ] ] } },
{ "type": "Feature", "properties": { "index": "-4730648#4", "element": "edge", "id": "-4730648#4", "name": "Rue du Beau Site - Welgelegenstraat", "sampledSeconds": 18.35, "departed": 5.0, "arrived": 0.0, "entered": 2.0, "left": 7.0, "laneChangedFrom": 0.0, "laneChangedTo": 0.0, "traveltime": 2.62, "overlapTraveltime": 3.69, "density": 0.67, "laneDensity": 0.67, "occupancy": 0.24, "waitingTime": 0.0, "timeLoss": 8.63, "speed": 3.4, "speedRelative": 0.41, "teleported": 0.0 }, "geometry": { "type": "LineString", "coordinates": [ [ 4.364018, 50.829976 ], [ 4.363979, 50.829947 ], [ 4.363956, 50.829921 ] ] } },
{ "type": "Feature", "properties": { "index": "-47426239", "element": "edge", "id": "-47426239", "name": "Rue Guillaume Stocq - Guillaume Stocqstraat", "sampledSeconds": 371.38, "departed": 7.0, "arrived": 3.0, "entered": 19.0, "left": 23.0, "laneChangedFrom": 0.0, "laneChangedTo": 0.0, "traveltime": 13.7, "overlapTraveltime": 14.47, "density": 1.04, "laneDensity": 1.04, "occupancy": 0.49, "waitingTime": 0.0, "timeLoss": 44.81, "speed": 7.22, "speedRelative": 0.87, "teleported": 0.0 }, "geometry": { "type": "LineString", "coordinates": [ [ 4.378025, 50.823567 ], [ 4.377951, 50.823572 ], [ 4.377315, 50.823652 ], [ 4.376685, 50.823734 ], [ 4.37664, 50.82374 ] ] } },
{ "type": "Feature", "properties": { "index": "-47426241#1", "element": "edge", "id": "-47426241#1", "name": "Avenue des Éperons d&apos;Or - Gulden-Sporenlaan", "sampledSeconds": 44113.07, "departed": 3.0, "arrived": 2.0, "entered": 150.0, "left": 122.0, "laneChangedFrom": 0.0, "laneChangedTo": 0.0, "traveltime": 345.28, "overlapTraveltime": 346.93, "density": 60.06, "laneDensity": 60.06, "occupancy": 29.78, "waitingTime": 39025.0, "timeLoss": 40855.89, "speed": 0.6, "speedRelative": 0.07, "teleported": 4.0 }, "geometry": { "type": "LineString", "coordinates": [ [ 4.373652, 50.823949 ], [ 4.373584, 50.82402 ], [ 4.37352, 50.824092 ], [ 4.373485, 50.824137 ], [ 4.373391, 50.824254 ], [ 4.37321, 50.824495 ], [ 4.373039, 50.824751 ], [ 4.372959, 50.824882 ], [ 4.372856, 50.825068 ], [ 4.372763, 50.825243 ], [ 4.372691, 50.8254 ], [ 4.372622, 50.825564 ], [ 4.372589, 50.825648 ] ] } },
{ "type": "Feature", "properties": { "index": "-47426244#0", "element": "edge", "id": "-47426244#0", "name": "Rue Léon Cuissez - Léon Cuissezstraat", "sampledSeconds": 1229.16, "departed": 6.0, "arrived": 4.0, "entered": 160.0, "left": 162.0, "laneChangedFrom": 0.0, "laneChangedTo": 0.0, "traveltime": 6.44, "overlapTraveltime": 7.45, "density": 10.89, "laneDensity": 10.89, "occupancy": 4.87, "waitingTime": 158.0, "timeLoss": 502.94, "speed": 4.88, "speedRelative": 0.59, "teleported": 0.0 }, "geometry": { "type": "LineString", "coordinates": [ [ 4.380029, 50.823526 ], [ 4.380391, 50.82369 ] ] } },
{ "type": "Feature", "properties": { "index": "-47426244#1", "element": "edge", "id": "-47426244#1", "name": "Rue Léon Cuissez - Léon Cuissezstraat", "sampledSeconds": 666.41, "departed": 6.0, "arrived": 3.0, "entered": 158.0, "left": 161.0, "laneChangedFrom": 0.0, "laneChangedTo": 0.0, "traveltime": 3.43, "overlapTraveltime": 4.09, "density": 7.24, "laneDensity": 7.24, "occupancy": 3.05, "waitingTime": 0.0, "timeLoss": 71.51, "speed": 7.47, "speedRelative": 0.9, "teleported": 0.0 }, "geometry": { "type": "LineString", "coordinates": [ [ 4.379625, 50.823343 ], [ 4.37992, 50.823477 ] ] } },
{ "type": "Feature", "properties": { "index": "-47426244#2", "element": "edge", "id": "-47426244#2", "name": "Rue Léon Cuissez - Léon Cuissezstraat", "sampledSeconds": 1417.99, "departed": 3.0, "arrived": 6.0, "entered": 161.0, "left": 158.0, "laneChangedFrom": 0.0, "laneChangedTo": 0.0, "traveltime": 8.01, "overlapTraveltime": 8.67, "density": 6.52, "laneDensity": 6.52, "occupancy": 3.01, "waitingTime": 0.0, "timeLoss": 139.55, "speed": 7.54, "speedRelative": 0.91, "teleported": 0.0 }, "geometry": { "type": "LineString", "coordinates": [ [ 4.378818, 50.822979 ], [ 4.379516, 50.823294 ] ] } },
{ "type": "Feature", "properties": { "index": "-47446166", "element": "edge", "id": "-47446166", "name": "Rue Gray - Graystraat", "sampledSeconds": 4001.71, "departed": 3.0, "arrived": 2.0, "entered": 73.0, "left": 72.0, "laneChangedFrom": 0.0, "laneChangedTo": 0.0, "traveltime": 57.65, "overlapTraveltime": 59.02, "density": 78.61, "laneDensity": 78.61, "occupancy": 38.79, "waitingTime": 3749.0, "timeLoss": 3843.05, "speed": 0.32, "speedRelative": 0.04, "teleported": 1.0 }, "geometry": { "type": "LineString", "coordinates": [ [ 4.374734, 50.828638 ], [ 4.374543, 50.828599 ] ] } },
{ "type": "Feature", "properties": { "index": "-4760584#1", "element": "edge", "id": "-4760584#1", "name": "Place Sainte-Croix - Heilig-Kruisplein", "sampledSeconds": 23731.69, "departed": 0.0, "arrived": 1.0, "entered": 116.0, "left": 105.0, "laneChangedFrom": 0.0, "laneChangedTo": 0.0, "traveltime": 230.8, "overlapTraveltime": 233.02, "density": 83.41, "laneDensity": 83.41, "occupancy": 40.34, "waitingTime": 21842.0, "timeLoss": 22661.06, "speed": 0.36, "speedRelative": 0.04, "teleported": 5.0 }, "geometry": { "type": "LineString", "coordinates": [ [ 4.372394, 50.826286 ], [ 4.372373, 50.826387 ], [ 4.372354, 50.82648 ], [ 4.372341, 50.826565 ], [ 4.372327, 50.826654 ], [ 4.372311, 50.826769 ], [ 4.372285, 50.826882 ], [ 4.372271, 50.826925 ], [ 4.372258, 50.826958 ], [ 4.372244, 50.826989 ] ] } },
{ "type": "Feature", "properties": { "index": "-47895849#0", "element": "edge", "id": "-47895849#0", "name": "Chaussée d&apos;Ixelles - Elsense Steenweg", "sampledSeconds": 511.33, "departed": 3.0, "arrived": 2.0, "entered": 45.0, "left": 47.0, "laneChangedFrom": 0.0, "laneChangedTo": 0.0, "traveltime": 9.3, "overlapTraveltime": 10.66, "density": 5.35, "laneDensity": 5.35, "occupancy": 2.4, "waitingTime": 147.0, "timeLoss": 233.45, "speed": 2.96, "speedRelative": 0.53, "teleported": 0.0 }, "geometry": { "type": "LineString", "coordinates": [ [ 4.36223, 50.83725 ], [ 4.362138, 50.837384 ], [ 4.362099, 50.837473 ] ] } },
{ "type": "Feature", "properties": { "index": "-47895849#3", "element": "edge", "id": "-47895849#3", "name": "Chaussée d&apos;Ixelles - Elsense Steenweg", "sampledSeconds": 893.91, "departed": 6.0, "arrived": 8.0, "entered": 47.0, "left": 45.0, "laneChangedFrom": 0.0, "laneChangedTo": 0.0, "traveltime": 16.0, "overlapTraveltime": 17.07, "density": 3.28, "laneDensity": 3.28, "occupancy": 1.54, "waitingTime": 0.0, "timeLoss": 119.8, "speed": 4.73, "speedRelative": 0.85, "teleported": 0.0 }, "geometry": { "type": "LineString", "coordinates": [ [ 4.362715, 50.836549 ], [ 4.362638, 50.836654 ], [ 4.362364, 50.837063 ], [ 4.362284, 50.837173 ] ] } },
{ "type": "Feature", "properties": { "index": "-47895849#4", "element": "edge", "id": "-47895849#4", "name": "Chaussée d&apos;Ixelles - Elsense Steenweg", "sampledSeconds": 1220.29, "departed": 4.0, "arrived": 5.0, "entered": 122.0, "left": 122.0, "laneChangedFrom": 0.0, "laneChangedTo": 0.0, "traveltime": 8.41, "overlapTraveltime": 9.7, "density": 9.43, "laneDensity": 9.43, "occupancy": 4.18, "waitingTime": 70.0, "timeLoss": 302.3, "speed": 4.22, "speedRelative": 0.76, "teleported": 0.0 }, "geometry": { "type": "LineString", "coordinates": [ [ 4.363042, 50.836145 ], [ 4.362881, 50.836316 ], [ 4.362801, 50.836429 ] ] } },
{ "type": "Feature", "properties": { "index": "-47896065", "element": "edge", "id": "-47896065", "name": "Chaussée d&apos;Ixelles - Elsense Steenweg", "sampledSeconds": 1716.07, "departed": 6.0, "arrived": 3.0, "entered": 113.0, "left": 116.0, "laneChangedFrom": 0.0, "laneChangedTo": 0.0, "traveltime": 13.47, "overlapTraveltime": 14.5, "density": 7.33, "laneDensity": 7.33, "occupancy": 3.39, "waitingTime": 0.0, "timeLoss": 241.85, "speed": 4.83, "speedRelative": 0.87, "teleported": 0.0 }, "geometry": { "type": "LineString", "coordinates": [ [ 4.363615, 50.835568 ], [ 4.363121, 50.836062 ] ] } },
{ "type": "Feature", "properties": { "index": "-47999870", "element": "edge", "id": "-47999870", "name": "Rue Antoine Labarre - Antoine Labarrestraat", "sampledSeconds": 2161.31, "departed": 3.0, "arrived": 2.0, "entered": 39.0, "left": 36.0, "laneChangedFrom": 0.0, "laneChangedTo": 0.0, "traveltime": 52.87, "overlapTraveltime": 54.06, "density": 12.84, "laneDensity": 12.84, "occupancy": 6.34, "waitingTime": 1852.0, "timeLoss": 1915.12, "speed": 0.96, "speedRelative": 0.11, "teleported": 1.0 }, "geometry": { "type": "LineString", "coordinates": [ [ 4.374462, 50.824638 ], [ 4.374318, 50.824351 ], [ 4.374298, 50.824286 ], [ 4.374294, 50.824246 ], [ 4.374305, 50.824234 ] ] } },
{ "type": "Feature", "properties": { "index": "-47999871", "element": "edge", "id": "-47999871", "name": "Avenue Guillaume Macau - Guillaume Macaulaan", "sampledSeconds": 196.52, "departed": 3.0, "arrived": 3.0, "entered": 5.0, "left": 5.0, "laneChangedFrom": 0.0, "laneChangedTo": 0.0, "traveltime": 24.05, "overlapTraveltime": 24.86, "density": 0.32, "laneDensity": 0.32, "occupancy": 0.16, "waitingTime": 6.0, "timeLoss": 33.59, "speed": 7.01, "speedRelative": 0.84, "teleported": 0.0 }, "geometry": { "type": "LineString", "coordinates": [ [ 4.376598, 50.825005 ], [ 4.376582, 50.824999 ], [ 4.376543, 50.824983 ], [ 4.374582, 50.824205 ], [ 4.374562, 50.824198 ] ] } },
{ "type": "Feature", "properties": { "index": "-480301021#1", "element": "edge", "id": "-480301021#1", "name": "", "sampledSeconds": 0.0, "departed": 0.0, "arrived": 0.0, "entered": 0.0, "left": 0.0, "laneChangedFrom": 0.0, "laneChangedTo": 0.0, "traveltime": 0.0, "overlapTraveltime": 0.0, "density": 0.0, "laneDensity": 0.0, "occupancy": 0.0, "waitingTime": 0.0, "timeLoss": 0.0, "speed": 0.0, "speedRelative": 0.0, "teleported": 0.0 }, "geometry": { "type": "LineString", "coordinates": [ [ 4.370036, 50.837175 ], [ 4.369938, 50.837122 ], [ 4.369924, 50.837114 ] ] } },
{ "type": "Feature", "properties": { "index": "-480522772", "element": "edge", "id": "-480522772", "name": "", "sampledSeconds": 0.0, "departed": 0.0, "arrived": 0.0, "entered": 0.0, "left": 0.0, "laneChangedFrom": 0.0, "laneChangedTo": 0.0, "traveltime": 0.0, "overlapTraveltime": 0.0, "density": 0.0, "laneDensity": 0.0, "occupancy": 0.0, "waitingTime": 0.0, "timeLoss": 0.0, "speed": 0.0, "speedRelative": 0.0, "teleported": 0.0 }, "geometry": { "type": "LineString", "coordinates": [ [ 4.362166, 50.837201 ], [ 4.362145, 50.837196 ], [ 4.36197, 50.837152 ], [ 4.361935, 50.837142 ], [ 4.361738, 50.837107 ], [ 4.361587, 50.83714 ], [ 4.361463, 50.837015 ] ] } },
{ "type": "Feature", "properties": { "index": "-480937385", "element": "edge", "id": "-480937385", "name": "", "sampledSeconds": 61.13, "departed": 7.0, "arrived": 0.0, "entered": 0.0, "left": 7.0, "laneChangedFrom": 0.0, "laneChangedTo": 0.0, "traveltime": 8.82, "overlapTraveltime": 9.45, "density": 0.27, "laneDensity": 0.27, "occupancy": 0.13, "waitingTime": 0.0, "timeLoss": 29.16, "speed": 7.15, "speedRelative": 0.51, "teleported": 0.0 }, "geometry": { "type": "LineString", "coordinates": [ [ 4.377573, 50.818838 ], [ 4.378269, 50.819186 ] ] } },
{ "type": "Feature", "properties": { "index": "-507534348#1", "element": "edge", "id": "-507534348#1", "name": "Chaussée d&apos;Ixelles - Elsense Steenweg", "sampledSeconds": 1644.65, "departed": 4.0, "arrived": 2.0, "entered": 214.0, "left": 216.0, "laneChangedFrom": 0.0, "laneChangedTo": 0.0, "traveltime": 6.67, "overlapTraveltime": 7.56, "density": 12.31, "laneDensity": 12.31, "occupancy": 5.5, "waitingTime": 155.0, "timeLoss": 529.98, "speed": 5.57, "speedRelative": 0.67, "teleported": 0.0 }, "geometry": { "type": "LineString", "coordinates": [ [ 4.361991, 50.838016 ], [ 4.361973, 50.838114 ], [ 4.361959, 50.838193 ], [ 4.361954, 50.838226 ], [ 4.361946, 50.838266 ], [ 4.36194, 50.838299 ], [ 4.361931, 50.838345 ], [ 4.361931, 50.838348 ] ] } },
{ "type": "Feature", "properties": { "index": "-510702675#4", "element": "edge", "id": "-510702675#4", "name": "Rue du Bailli - Baljuwstraat", "sampledSeconds": 11.76, "departed": 0.0, "arrived": 1.0, "entered": 1.0, "left": 0.0, "laneChangedFrom": 0.0, "laneChangedTo": 0.0, "traveltime": 11.23, "overlapTraveltime": 11.76, "density": 0.03, "laneDensity": 0.03, "occupancy": 0.02, "waitingTime": 0.0, "timeLoss": 0.93, "speed": 8.78, "speedRelative": 1.05, "teleported": 0.0 }, "geometry": { "type": "LineString", "coordinates": [ [ 4.363505, 50.827217 ], [ 4.363463, 50.827199 ], [ 4.363432, 50.827185 ], [ 4.363427, 50.827183 ], [ 4.362958, 50.826984 ], [ 4.36253, 50.826809 ], [ 4.362459, 50.82678 ], [ 4.362436, 50.826771 ], [ 4.36234, 50.826731 ] ] } },
{ "type": "Feature", "properties": { "index": "-510702678#1", "element": "edge", "id": "-510702678#1", "name": "Rue Lesbroussart - Lesbroussartstraat", "sampledSeconds": 25799.63, "departed": 4.0, "arrived": 1.0, "entered": 47.0, "left": 42.0, "laneChangedFrom": 0.0, "laneChangedTo": 0.0, "traveltime": 556.23, "overlapTraveltime": 564.37, "density": 101.32, "laneDensity": 101.32, "occupancy": 50.42, "waitingTime": 24563.0, "timeLoss": 25379.33, "speed": 0.13, "speedRelative": 0.02, "teleported": 4.0 }, "geometry": { "type": "LineString", "coordinates": [ [ 4.366018, 50.827621 ], [ 4.365814, 50.827614 ], [ 4.365015, 50.827582 ] ] } },
{ "type": "Feature", "properties": { "index": "-523287556", "element": "edge", "id": "-523287556", "name": "Square du Val de la Cambre - Terkamerendalsquare", "sampledSeconds": 43.87, "departed": 7.0, "arrived": 0.0, "entered": 8.0, "left": 15.0, "laneChangedFrom": 0.0, "laneChangedTo": 0.0, "traveltime": 2.68, "overlapTraveltime": 3.41, "density": 1.05, "laneDensity": 1.05, "occupancy": 0.4, "waitingTime": 0.0, "timeLoss": 17.24, "speed": 4.87, "speedRelative": 0.58, "teleported": 0.0 }, "geometry": { "type": "LineString", "coordinates": [ [ 4.378809, 50.818517 ], [ 4.378674, 50.818457 ] ] } },
{ "type": "Feature", "properties": { "index": "-524150306#1", "element": "edge", "id": "-524150306#1", "name": "Avenue de la Couronne - Kroonlaan", "sampledSeconds": 641.49, "departed": 0.0, "arrived": 8.0, "entered": 25.0, "left": 17.0, "laneChangedFrom": 13.0, "laneChangedTo": 13.0, "traveltime": 24.31, "overlapTraveltime": 25.74, "density": 1.02, "laneDensity": 0.34, "occupancy": 0.16, "waitingTime": 0.0, "timeLoss": 66.1, "speed": 6.98, "speedRelative": 0.84, "teleported": 0.0 }, "geometry": { "type": "LineString", "coordinates": [ [ 4.386908, 50.823318 ], [ 4.387411, 50.822913 ], [ 4.387482, 50.822858 ], [ 4.387503, 50.822841 ], [ 4.387768, 50.822628 ], [ 4.388132, 50.822336 ], [ 4.38826, 50.822233 ], [ 4.388301, 50.822201 ], [ 4.388322, 50.822184 ], [ 4.388445, 50.822085 ] ] } },
{ "type": "Feature", "properties": { "index": "-524150311#0", "element": "edge", "id": "-524150311#0", "name": "Avenue de la Couronne - Kroonlaan", "sampledSeconds": 64.71, "departed": 5.0, "arrived": 1.0, "entered": 21.0, "left": 25.0, "laneChangedFrom": 3.0, "laneChangedTo": 3.0, "traveltime": 2.09, "overlapTraveltime": 2.79, "density": 1.34, "laneDensity": 0.67, "occupancy": 0.26, "waitingTime": 0.0, "timeLoss": 11.48, "speed": 6.58, "speedRelative": 0.79, "teleported": 0.0 }, "geometry": { "type": "LineString", "coordinates": [ [ 4.386738, 50.823478 ], [ 4.386856, 50.823383 ] ] } },
{ "type": "Feature", "properties": { "index": "-524150311#1", "element": "edge", "id": "-524150311#1", "name": "Avenue de la Couronne - Kroonlaan", "sampledSeconds": 179.43, "departed": 5.0, "arrived": 2.0, "entered": 18.0, "left": 21.0, "laneChangedFrom": 8.0, "laneChangedTo": 8.0, "traveltime": 7.31, "overlapTraveltime": 7.98, "density": 0.95, "laneDensity": 0.48, "occupancy": 0.22, "waitingTime": 0.0, "timeLoss": 19.64, "speed": 7.16, "speedRelative": 0.86, "teleported": 0.0 }, "geometry": { "type": "LineString", "coordinates": [ [ 4.386198, 50.823913 ], [ 4.386656, 50.823544 ] ] } },
{ "type": "Feature", "properties": { "index": "-524150320#2", "element": "edge", "id": "-524150320#2", "name": "Avenue de la Couronne - Kroonlaan", "sampledSeconds": 248.61, "departed": 6.0, "arrived": 0.0, "entered": 27.0, "left": 33.0, "laneChangedFrom": 3.0, "laneChangedTo": 3.0, "traveltime": 6.99, "overlapTraveltime": 7.66, "density": 1.39, "laneDensity": 0.7, "occupancy": 0.32, "waitingTime": 0.0, "timeLoss": 30.09, "speed": 7.13, "speedRelative": 0.86, "teleported": 0.0 }, "geometry": { "type": "LineString", "coordinates": [ [ 4.37927, 50.829467 ], [ 4.379298, 50.829444 ], [ 4.379318, 50.829428 ], [ 4.379353, 50.829401 ], [ 4.379562, 50.829233 ], [ 4.379708, 50.829117 ] ] } },
{ "type": "Feature", "properties": { "index": "-524150326", "element": "edge", "id": "-524150326", "name": "Avenue de la Couronne - Kroonlaan", "sampledSeconds": 1048.31, "departed": 6.0, "arrived": 3.0, "entered": 133.0, "left": 136.0, "laneChangedFrom": 0.0, "laneChangedTo": 0.0, "traveltime": 6.87, "overlapTraveltime": 7.58, "density": 6.1, "laneDensity": 6.1, "occupancy": 2.76, "waitingTime": 0.0, "timeLoss": 154.77, "speed": 6.96, "speedRelative": 0.84, "teleported": 0.0 }, "geometry": { "type": "LineString", "coordinates": [ [ 4.378986, 50.829777 ], [ 4.378915, 50.829833 ], [ 4.378899, 50.829846 ], [ 4.378859, 50.829878 ], [ 4.378766, 50.829952 ], [ 4.378565, 50.830113 ] ] } },
{ "type": "Feature", "properties": { "index": "-524150333#1", "element": "edge", "id": "-524150333#1", "name": "Avenue de la Couronne - Kroonlaan", "sampledSeconds": 2437.52, "departed": 4.0, "arrived": 1.0, "entered": 136.0, "left": 139.0, "laneChangedFrom": 0.0, "laneChangedTo": 0.0, "traveltime": 16.67, "overlapTraveltime": 17.37, "density": 5.79, "laneDensity": 5.79, "occupancy": 2.78, "waitingTime": 0.0, "timeLoss": 334.22, "speed": 7.02, "speedRelative": 0.84, "teleported": 0.0 }, "geometry": { "type": "LineString", "coordinates": [ [ 4.378495, 50.830169 ], [ 4.377463, 50.830994 ] ] } },
{ "type": "Feature", "properties": { "index": "-524150338#1", "element": "edge", "id": "-524150338#1", "name": "Avenue de la Couronne - Kroonlaan", "sampledSeconds": 2830.62, "departed": 6.0, "arrived": 5.0, "entered": 157.0, "left": 158.0, "laneChangedFrom": 3.0, "laneChangedTo": 3.0, "traveltime": 9.25, "overlapTraveltime": 17.48, "density": 25.28, "laneDensity": 8.43, "occupancy": 2.51, "waitingTime": 1593.0, "timeLoss": 2115.77, "speed": 2.07, "speedRelative": 0.25, "teleported": 0.0 }, "geometry": { "type": "LineString", "coordinates": [ [ 4.375554, 50.832574 ], [ 4.375296, 50.832771 ], [ 4.375272, 50.832789 ] ] } },
{ "type": "Feature", "properties": { "index": "-524150342", "element": "edge", "id": "-524150342", "name": "Avenue de la Couronne - Kroonlaan", "sampledSeconds": 263.96, "departed": 6.0, "arrived": 3.0, "entered": 158.0, "left": 161.0, "laneChangedFrom": 5.0, "laneChangedTo": 5.0, "traveltime": 0.39, "overlapTraveltime": 1.63, "density": 266.67, "laneDensity": 133.33, "occupancy": 3.55, "waitingTime": 61.0, "timeLoss": 158.17, "speed": 3.19, "speedRelative": 0.38, "teleported": 0.0 }, "geometry": { "type": "LineString", "coordinates": [ [ 4.375218, 50.832808 ], [ 4.375217, 50.83281 ] ] } },
{ "type": "Feature", "properties": { "index": "-524150347#1", "element": "edge", "id": "-524150347#1", "name": "Avenue de la Couronne - Kroonlaan", "sampledSeconds": 1828.95, "departed": 5.0, "arrived": 2.0, "entered": 139.0, "left": 142.0, "laneChangedFrom": 0.0, "laneChangedTo": 0.0, "traveltime": 12.02, "overlapTraveltime": 12.73, "density": 6.03, "laneDensity": 3.01, "occupancy": 1.43, "waitingTime": 0.0, "timeLoss": 255.86, "speed": 7.01, "speedRelative": 0.84, "teleported": 0.0 }, "geometry": { "type": "LineString", "coordinates": [ [ 4.377411, 50.831059 ], [ 4.377274, 50.83117 ], [ 4.376717, 50.831621 ], [ 4.376673, 50.831656 ] ] } },
{ "type": "Feature", "properties": { "index": "-5450857#1", "element": "edge", "id": "-5450857#1", "name": "Rue Lesbroussart - Lesbroussartstraat", "sampledSeconds": 8381.7, "departed": 2.0, "arrived": 2.0, "entered": 112.0, "left": 109.0, "laneChangedFrom": 0.0, "laneChangedTo": 0.0, "traveltime": 63.26, "overlapTraveltime": 78.88, "density": 78.08, "laneDensity": 78.08, "occupancy": 35.07, "waitingTime": 7683.0, "timeLoss": 7932.29, "speed": 0.44, "speedRelative": 0.05, "teleported": 1.0 }, "geometry": { "type": "LineString", "coordinates": [ [ 4.364186, 50.82747 ], [ 4.364215, 50.827481 ], [ 4.364271, 50.827496 ], [ 4.364359, 50.827513 ], [ 4.364409, 50.827522 ], [ 4.364464, 50.827529 ], [ 4.364592, 50.827536 ] ] } },
{ "type": "Feature", "properties": { "index": "-5450858#1", "element": "edge", "id": "-5450858#1", "name": "Rue Paul Spaak - Paul Spaakstraat", "sampledSeconds": 0.0, "departed": 0.0, "arrived": 0.0, "entered": 0.0, "left": 0.0, "laneChangedFrom": 0.0, "laneChangedTo": 0.0, "traveltime": 0.0, "overlapTraveltime": 0.0, "density": 0.0, "laneDensity": 0.0, "occupancy": 0.0, "waitingTime": 0.0, "timeLoss": 0.0, "speed": 0.0, "speedRelative": 0.0, "teleported": 0.0 }, "geometry": { "type": "LineString", "coordinates": [ [ 4.365463, 50.828517 ], [ 4.365451, 50.828512 ], [ 4.364664, 50.827619 ] ] } },
{ "type": "Feature", "properties": { "index": "-5451797", "element": "edge", "id": "-5451797", "name": "", "sampledSeconds": 0.0, "departed": 0.0, "arrived": 0.0, "entered": 0.0, "left": 0.0, "laneChangedFrom": 0.0, "laneChangedTo": 0.0, "traveltime": 0.0, "overlapTraveltime": 0.0, "density": 0.0, "laneDensity": 0.0, "occupancy": 0.0, "waitingTime": 0.0, "timeLoss": 0.0, "speed": 0.0, "speedRelative": 0.0, "teleported": 0.0 }, "geometry": { "type": "LineString", "coordinates": [ [ 4.357248, 50.837112 ], [ 4.357236, 50.837154 ], [ 4.356862, 50.837515 ] ] } },
{ "type": "Feature", "properties": { "index": "-5451917#2", "element": "edge", "id": "-5451917#2", "name": "Porte de Namur - Naamsepoort", "sampledSeconds": 0.0, "departed": 0.0, "arrived": 0.0, "entered": 0.0, "left": 0.0, "laneChangedFrom": 0.0, "laneChangedTo": 0.0, "traveltime": 0.0, "overlapTraveltime": 0.0, "density": 0.0, "laneDensity": 0.0, "occupancy": 0.0, "waitingTime": 0.0, "timeLoss": 0.0, "speed": 0.0, "speedRelative": 0.0, "teleported": 0.0 }, "geometry": { "type": "LineString", "coordinates": [ [ 4.361866, 50.838556 ], [ 4.361843, 50.838606 ] ] } },
{ "type": "Feature", "properties": { "index": "-555922918#4", "element": "edge", "id": "-555922918#4", "name": "Chaussée de Vleurgat - Vleurgatse Steenweg", "sampledSeconds": 0.0, "departed": 0.0, "arrived": 0.0, "entered": 0.0, "left": 0.0, "laneChangedFrom": 0.0, "laneChangedTo": 0.0, "traveltime": 0.0, "overlapTraveltime": 0.0, "density": 0.0, "laneDensity": 0.0, "occupancy": 0.0, "waitingTime": 0.0, "timeLoss": 0.0, "speed": 0.0, "speedRelative": 0.0, "teleported": 0.0 }, "geometry": { "type": "LineString", "coordinates": [ [ 4.36991, 50.826049 ], [ 4.369923, 50.826065 ], [ 4.370297, 50.826483 ], [ 4.370701, 50.826936 ], [ 4.370831, 50.827082 ], [ 4.371333, 50.827662 ], [ 4.371396, 50.827724 ] ] } },
{ "type": "Feature", "properties": { "index": "-62020321", "element": "edge", "id": "-62020321", "name": "Avenue Émile De Mot - Émile De Motlaan", "sampledSeconds": 1324.54, "departed": 8.0, "arrived": 4.0, "entered": 73.0, "left": 76.0, "laneChangedFrom": 34.0, "laneChangedTo": 34.0, "traveltime": 16.04, "overlapTraveltime": 16.42, "density": 1.83, "laneDensity": 0.61, "occupancy": 0.3, "waitingTime": 0.0, "timeLoss": 96.97, "speed": 12.57, "speedRelative": 0.9, "teleported": 0.0 }, "geometry": { "type": "LineString", "coordinates": [ [ 4.372224, 50.817581 ], [ 4.374678, 50.816651 ] ] } },
{ "type": "Feature", "properties": { "index": "-628755543", "element": "edge", "id": "-628755543", "name": "Rue du Trône - Troonstraat", "sampledSeconds": 1626.06, "departed": 9.0, "arrived": 1.0, "entered": 191.0, "left": 200.0, "laneChangedFrom": 0.0, "laneChangedTo": 0.0, "traveltime": 7.38, "overlapTraveltime": 8.15, "density": 8.91, "laneDensity": 8.91, "occupancy": 4.06, "waitingTime": 1.0, "timeLoss": 255.36, "speed": 6.83, "speedRelative": 0.82, "teleported": 0.0 }, "geometry": { "type": "LineString", "coordinates": [ [ 4.375037, 50.832931 ], [ 4.375005, 50.832957 ], [ 4.37496, 50.832994 ], [ 4.374922, 50.833025 ], [ 4.374748, 50.833168 ], [ 4.374594, 50.83329 ] ] } },
{ "type": "Feature", "properties": { "index": "-628755544#1", "element": "edge", "id": "-628755544#1", "name": "Rue du Trône - Troonstraat", "sampledSeconds": 9784.86, "departed": 4.0, "arrived": 6.0, "entered": 344.0, "left": 343.0, "laneChangedFrom": 0.0, "laneChangedTo": 0.0, "traveltime": 27.27, "overlapTraveltime": 28.14, "density": 36.12, "laneDensity": 36.12, "occupancy": 17.58, "waitingTime": 4581.0, "timeLoss": 6469.56, "speed": 2.85, "speedRelative": 0.34, "teleported": 0.0 }, "geometry": { "type": "LineString", "coordinates": [ [ 4.366489, 50.839817 ], [ 4.366115, 50.840117 ], [ 4.366004, 50.840205 ], [ 4.365964, 50.840237 ], [ 4.365943, 50.840253 ], [ 4.365876, 50.840309 ], [ 4.365827, 50.840348 ] ] } },
{ "type": "Feature", "properties": { "index": "-628755544#4", "element": "edge", "id": "-628755544#4", "name": "Rue du Trône - Troonstraat", "sampledSeconds": 2662.18, "departed": 7.0, "arrived": 4.0, "entered": 341.0, "left": 344.0, "laneChangedFrom": 0.0, "laneChangedTo": 0.0, "traveltime": 6.96, "overlapTraveltime": 7.67, "density": 15.15, "laneDensity": 15.15, "occupancy": 6.89, "waitingTime": 42.0, "timeLoss": 394.55, "speed": 7.01, "speedRelative": 0.84, "teleported": 0.0 }, "geometry": { "type": "LineString", "coordinates": [ [ 4.367, 50.839406 ], [ 4.36699, 50.839414 ], [ 4.36697, 50.83943 ], [ 4.366935, 50.839458 ], [ 4.366571, 50.83975 ] ] } },
{ "type": "Feature", "properties": { "index": "-628755546#4", "element": "edge", "id": "-628755546#4", "name": "Rue du Trône - Troonstraat", "sampledSeconds": 4796.33, "departed": 7.0, "arrived": 4.0, "entered": 328.0, "left": 328.0, "laneChangedFrom": 0.0, "laneChangedTo": 0.0, "traveltime": 13.43, "overlapTraveltime": 14.39, "density": 31.58, "laneDensity": 31.58, "occupancy": 14.63, "waitingTime": 1496.0, "timeLoss": 2888.26, "speed": 3.28, "speedRelative": 0.39, "teleported": 0.0 }, "geometry": { "type": "LineString", "coordinates": [ [ 4.367521, 50.838989 ], [ 4.367496, 50.839004 ], [ 4.367477, 50.839019 ], [ 4.367443, 50.839048 ], [ 4.367244, 50.839213 ], [ 4.367209, 50.839241 ], [ 4.367185, 50.839261 ], [ 4.367151, 50.839288 ] ] } },
{ "type": "Feature", "properties": { "index": "-628755547#3", "element": "edge", "id": "-628755547#3", "name": "Rue du Trône - Troonstraat", "sampledSeconds": 328.75, "departed": 4.0, "arrived": 0.0, "entered": 10.0, "left": 14.0, "laneChangedFrom": 0.0, "laneChangedTo": 0.0, "traveltime": 22.94, "overlapTraveltime": 24.32, "density": 0.65, "laneDensity": 0.65, "occupancy": 0.31, "waitingTime": 19.0, "timeLoss": 73.84, "speed": 5.99, "speedRelative": 0.72, "teleported": 0.0 }, "geometry": { "type": "LineString", "coordinates": [ [ 4.369862, 50.837117 ], [ 4.369122, 50.83771 ], [ 4.369083, 50.837745 ], [ 4.368809, 50.837974 ], [ 4.368737, 50.838032 ], [ 4.368712, 50.838053 ], [ 4.368677, 50.838082 ], [ 4.368655, 50.838101 ], [ 4.368638, 50.838116 ] ] } },
{ "type": "Feature", "properties": { "index": "-628755547#6", "element": "edge", "id": "-628755547#6", "name": "Rue du Trône - Troonstraat", "sampledSeconds": 104.25, "departed": 5.0, "arrived": 0.0, "entered": 5.0, "left": 10.0, "laneChangedFrom": 0.0, "laneChangedTo": 0.0, "traveltime": 10.11, "overlapTraveltime": 10.81, "density": 0.43, "laneDensity": 0.43, "occupancy": 0.2, "waitingTime": 0.0, "timeLoss": 15.09, "speed": 6.64, "speedRelative": 0.8, "teleported": 0.0 }, "geometry": { "type": "LineString", "coordinates": [ [ 4.370546, 50.836586 ], [ 4.370542, 50.836589 ], [ 4.370524, 50.836603 ], [ 4.370489, 50.83663 ], [ 4.369946, 50.837051 ] ] } },
{ "type": "Feature", "properties": { "index": "-628757206#2", "element": "edge", "id": "-628757206#2", "name": "Rue du Trône - Troonstraat", "sampledSeconds": 2177.89, "departed": 5.0, "arrived": 5.0, "entered": 138.0, "left": 138.0, "laneChangedFrom": 0.0, "laneChangedTo": 0.0, "traveltime": 14.58, "overlapTraveltime": 15.26, "density": 5.82, "laneDensity": 5.82, "occupancy": 2.78, "waitingTime": 0.0, "timeLoss": 282.74, "speed": 7.14, "speedRelative": 0.86, "teleported": 0.0 }, "geometry": { "type": "LineString", "coordinates": [ [ 4.372937, 50.834634 ], [ 4.372902, 50.834662 ], [ 4.372229, 50.835199 ], [ 4.372021, 50.835367 ] ] } },
{ "type": "Feature", "properties": { "index": "-628762073#5", "element": "edge", "id": "-628762073#5", "name": "Avenue de la Couronne - Kroonlaan", "sampledSeconds": 1055.04, "departed": 3.0, "arrived": 1.0, "entered": 33.0, "left": 35.0, "laneChangedFrom": 0.0, "laneChangedTo": 0.0, "traveltime": 28.25, "overlapTraveltime": 29.37, "density": 1.52, "laneDensity": 1.52, "occupancy": 0.74, "waitingTime": 42.0, "timeLoss": 175.01, "speed": 6.74, "speedRelative": 0.81, "teleported": 0.0 }, "geometry": { "type": "LineString", "coordinates": [ [ 4.379796, 50.829069 ], [ 4.38033, 50.828645 ], [ 4.380394, 50.828595 ], [ 4.38051, 50.828502 ], [ 4.381421, 50.827771 ], [ 4.381456, 50.827742 ], [ 4.381479, 50.827724 ], [ 4.381496, 50.82771 ] ] } },
{ "type": "Feature", "properties": { "index": "-628762074#2", "element": "edge", "id": "-628762074#2", "name": "Avenue Auguste Rodin - Auguste Rodinlaan", "sampledSeconds": 79.2, "departed": 7.0, "arrived": 0.0, "entered": 0.0, "left": 7.0, "laneChangedFrom": 0.0, "laneChangedTo": 0.0, "traveltime": 11.54, "overlapTraveltime": 12.6, "density": 0.49, "laneDensity": 0.49, "occupancy": 0.23, "waitingTime": 17.0, "timeLoss": 40.61, "speed": 3.96, "speedRelative": 0.48, "teleported": 0.0 }, "geometry": { "type": "LineString", "coordinates": [ [ 4.382159, 50.827962 ], [ 4.381792, 50.827774 ], [ 4.381741, 50.827752 ], [ 4.381714, 50.82774 ], [ 4.381654, 50.827715 ] ] } },
{ "type": "Feature", "properties": { "index": "-628782530", "element": "edge", "id": "-628782530", "name": "Avenue Louise - Louizalaan", "sampledSeconds": 9.87, "departed": 1.0, "arrived": 1.0, "entered": 5.0, "left": 5.0, "laneChangedFrom": 0.0, "laneChangedTo": 0.0, "traveltime": 0.6, "overlapTraveltime": 1.75, "density": 0.94, "laneDensity": 0.94, "occupancy": 0.18, "waitingTime": 0.0, "timeLoss": 2.43, "speed": 4.52, "speedRelative": 0.54, "teleported": 0.0 }, "geometry": { "type": "LineString", "coordinates": [ [ 4.370158, 50.820712 ], [ 4.370117, 50.820707 ] ] } },
{ "type": "Feature", "properties": { "index": "-643081314#1", "element": "edge", "id": "-643081314#1", "name": "Rue Antoine Labarre - Antoine Labarrestraat", "sampledSeconds": 62.01, "departed": 3.0, "arrived": 3.0, "entered": 33.0, "left": 33.0, "laneChangedFrom": 0.0, "laneChangedTo": 0.0, "traveltime": 1.02, "overlapTraveltime": 1.83, "density": 2.63, "laneDensity": 2.63, "occupancy": 0.75, "waitingTime": 0.0, "timeLoss": 11.85, "speed": 6.32, "speedRelative": 0.76, "teleported": 0.0 }, "geometry": { "type": "LineString", "coordinates": [ [ 4.375918, 50.82567 ], [ 4.375837, 50.825641 ] ] } },
{ "type": "Feature", "properties": { "index": "-644462282", "element": "edge", "id": "-644462282", "name": "", "sampledSeconds": 0.0, "departed": 0.0, "arrived": 0.0, "entered": 0.0, "left": 0.0, "laneChangedFrom": 0.0, "laneChangedTo": 0.0, "traveltime": 0.0, "overlapTraveltime": 0.0, "density": 0.0, "laneDensity": 0.0, "occupancy": 0.0, "waitingTime": 0.0, "timeLoss": 0.0, "speed": 0.0, "speedRelative": 0.0, "teleported": 0.0 }, "geometry": { "type": "LineString", "coordinates": [ [ 4.374025, 50.819172 ], [ 4.373998, 50.819204 ], [ 4.373969, 50.819268 ], [ 4.373913, 50.81937 ], [ 4.37382, 50.819545 ] ] } },
{ "type": "Feature", "properties": { "index": "-654207094", "element": "edge", "id": "-654207094", "name": "", "sampledSeconds": 0.0, "departed": 0.0, "arrived": 0.0, "entered": 0.0, "left": 0.0, "laneChangedFrom": 0.0, "laneChangedTo": 0.0, "traveltime": 0.0, "overlapTraveltime": 0.0, "density": 0.0, "laneDensity": 0.0, "occupancy": 0.0, "waitingTime": 0.0, "timeLoss": 0.0, "speed": 0.0, "speedRelative": 0.0, "teleported": 0.0 }, "geometry": { "type": "LineString", "coordinates": [ [ 4.386036, 50.82327 ], [ 4.385845, 50.823441 ] ] } },
{ "type": "Feature", "properties": { "index": "-654207097#1", "element": "edge", "id": "-654207097#1", "name": "", "sampledSeconds": 0.0, "departed": 0.0, "arrived": 0.0, "entered": 0.0, "left": 0.0, "laneChangedFrom": 0.0, "laneChangedTo": 0.0, "traveltime": 0.0, "overlapTraveltime": 0.0, "density": 0.0, "laneDensity": 0.0, "occupancy": 0.0, "waitingTime": 0.0, "timeLoss": 0.0, "speed": 0.0, "speedRelative": 0.0, "teleported": 0.0 }, "geometry": { "type": "LineString", "coordinates": [ [ 4.385874, 50.823641 ], [ 4.386136, 50.823408 ], [ 4.386207, 50.823345 ] ] } },
{ "type": "Feature", "properties": { "index": "-654207098#1", "element": "edge", "id": "-654207098#1", "name": "", "sampledSeconds": 0.0, "departed": 0.0, "arrived": 0.0, "entered": 0.0, "left": 0.0, "laneChangedFrom": 0.0, "laneChangedTo": 0.0, "traveltime": 0.0, "overlapTraveltime": 0.0, "density": 0.0, "laneDensity": 0.0, "occupancy": 0.0, "waitingTime": 0.0, "timeLoss": 0.0, "speed": 0.0, "speedRelative": 0.0, "teleported": 0.0 }, "geometry": { "type": "LineString", "coordinates": [ [ 4.386009, 50.823753 ], [ 4.386308, 50.823488 ], [ 4.386383, 50.823422 ] ] } },
{ "type": "Feature", "properties": { "index": "-654207105#0", "element": "edge", "id": "-654207105#0", "name": "", "sampledSeconds": 0.0, "departed": 0.0, "arrived": 0.0, "entered": 0.0, "left": 0.0, "laneChangedFrom": 0.0, "laneChangedTo": 0.0, "traveltime": 0.0, "overlapTraveltime": 0.0, "density": 0.0, "laneDensity": 0.0, "occupancy": 0.0, "waitingTime": 0.0, "timeLoss": 0.0, "speed": 0.0, "speedRelative": 0.0, "teleported": 0.0 }, "geometry": { "type": "LineString", "coordinates": [ [ 4.386508, 50.823407 ], [ 4.386636, 50.823463 ], [ 4.386657, 50.823473 ] ] } },
{ "type": "Feature", "properties": { "index": "-654207105#1", "element": "edge", "id": "-654207105#1", "name": "", "sampledSeconds": 0.0, "departed": 0.0, "arrived": 0.0, "entered": 0.0, "left": 0.0, "laneChangedFrom": 0.0, "laneChangedTo": 0.0, "traveltime": 0.0, "overlapTraveltime": 0.0, "density": 0.0, "laneDensity": 0.0, "occupancy": 0.0, "waitingTime": 0.0, "timeLoss": 0.0, "speed": 0.0, "speedRelative": 0.0, "teleported": 0.0 }, "geometry": { "type": "LineString", "coordinates": [ [ 4.386332, 50.82333 ], [ 4.386398, 50.823359 ] ] } },
{ "type": "Feature", "properties": { "index": "-654207105#2", "element": "edge", "id": "-654207105#2", "name": "", "sampledSeconds": 0.0, "departed": 0.0, "arrived": 0.0, "entered": 0.0, "left": 0.0, "laneChangedFrom": 0.0, "laneChangedTo": 0.0, "traveltime": 0.0, "overlapTraveltime": 0.0, "density": 0.0, "laneDensity": 0.0, "occupancy": 0.0, "waitingTime": 0.0, "timeLoss": 0.0, "speed": 0.0, "speedRelative": 0.0, "teleported": 0.0 }, "geometry": { "type": "LineString", "coordinates": [ [ 4.386123, 50.823239 ], [ 4.386222, 50.823282 ] ] } },
{ "type": "Feature", "properties": { "index": "-654207105#3", "element": "edge", "id": "-654207105#3", "name": "", "sampledSeconds": 0.0, "departed": 0.0, "arrived": 0.0, "entered": 0.0, "left": 0.0, "laneChangedFrom": 0.0, "laneChangedTo": 0.0, "traveltime": 0.0, "overlapTraveltime": 0.0, "density": 0.0, "laneDensity": 0.0, "occupancy": 0.0, "waitingTime": 0.0, "timeLoss": 0.0, "speed": 0.0, "speedRelative": 0.0, "teleported": 0.0 }, "geometry": { "type": "LineString", "coordinates": [ [ 4.385949, 50.823162 ], [ 4.386014, 50.82319 ] ] } },
{ "type": "Feature", "properties": { "index": "-654207120", "element": "edge", "id": "-654207120", "name": "", "sampledSeconds": 3.09, "departed": 0.0, "arrived": 6.0, "entered": 6.0, "left": 0.0, "laneChangedFrom": 0.0, "laneChangedTo": 0.0, "traveltime": 0.09, "overlapTraveltime": 2.32, "density": 4.29, "laneDensity": 4.29, "occupancy": 0.08, "waitingTime": 0.0, "timeLoss": 0.67, "speed": 2.24, "speedRelative": 0.81, "teleported": 0.0 }, "geometry": { "type": "LineString", "coordinates": [ [ 4.386194, 50.82215 ], [ 4.386196, 50.822151 ] ] } },
{ "type": "Feature", "properties": { "index": "-654207122", "element": "edge", "id": "-654207122", "name": "", "sampledSeconds": 24.68, "departed": 10.0, "arrived": 0.0, "entered": 0.0, "left": 10.0, "laneChangedFrom": 0.0, "laneChangedTo": 0.0, "traveltime": 0.0, "overlapTraveltime": 2.57, "density": 34.28, "laneDensity": 34.28, "occupancy": 0.67, "waitingTime": 0.0, "timeLoss": 6.65, "speed": 2.03, "speedRelative": 0.73, "teleported": 0.0 }, "geometry": { "type": "LineString", "coordinates": [ [ 4.38665, 50.821749 ], [ 4.386647, 50.821748 ] ] } },
{ "type": "Feature", "properties": { "index": "-654207127#1", "element": "edge", "id": "-654207127#1", "name": "", "sampledSeconds": 111.13, "departed": 0.0, "arrived": 3.0, "entered": 3.0, "left": 0.0, "laneChangedFrom": 0.0, "laneChangedTo": 0.0, "traveltime": 36.44, "overlapTraveltime": 38.99, "density": 0.42, "laneDensity": 0.42, "occupancy": 0.2, "waitingTime": 0.0, "timeLoss": 25.85, "speed": 1.99, "speedRelative": 0.72, "teleported": 0.0 }, "geometry": { "type": "LineString", "coordinates": [ [ 4.387303, 50.822724 ], [ 4.387582, 50.822477 ], [ 4.387907, 50.822193 ] ] } },
{ "type": "Feature", "properties": { "index": "-654207127#2", "element": "edge", "id": "-654207127#2", "name": "", "sampledSeconds": 317.87, "departed": 6.0, "arrived": 2.0, "entered": 2.0, "left": 6.0, "laneChangedFrom": 0.0, "laneChangedTo": 0.0, "traveltime": 39.77, "overlapTraveltime": 42.07, "density": 1.07, "laneDensity": 1.07, "occupancy": 0.52, "waitingTime": 0.0, "timeLoss": 75.61, "speed": 2.09, "speedRelative": 0.75, "teleported": 0.0 }, "geometry": { "type": "LineString", "coordinates": [ [ 4.386445, 50.823271 ], [ 4.386591, 50.823336 ], [ 4.387182, 50.822829 ] ] } },
{ "type": "Feature", "properties": { "index": "-654207127#3", "element": "edge", "id": "-654207127#3", "name": "", "sampledSeconds": 111.34, "departed": 3.0, "arrived": 4.0, "entered": 12.0, "left": 11.0, "laneChangedFrom": 0.0, "laneChangedTo": 0.0, "traveltime": 5.93, "overlapTraveltime": 8.39, "density": 2.44, "laneDensity": 2.44, "occupancy": 0.91, "waitingTime": 0.0, "timeLoss": 25.07, "speed": 2.11, "speedRelative": 0.76, "teleported": 0.0 }, "geometry": { "type": "LineString", "coordinates": [ [ 4.38613, 50.823131 ], [ 4.386278, 50.823197 ] ] } },
{ "type": "Feature", "properties": { "index": "-654207127#4", "element": "edge", "id": "-654207127#4", "name": "", "sampledSeconds": 292.68, "departed": 2.0, "arrived": 3.0, "entered": 16.0, "left": 15.0, "laneChangedFrom": 0.0, "laneChangedTo": 0.0, "traveltime": 14.22, "overlapTraveltime": 17.01, "density": 3.17, "laneDensity": 3.17, "occupancy": 1.38, "waitingTime": 38.0, "timeLoss": 97.99, "speed": 1.8, "speedRelative": 0.65, "teleported": 0.0 }, "geometry": { "type": "LineString", "coordinates": [ [ 4.38571, 50.822933 ], [ 4.386001, 50.823072 ] ] } },
{ "type": "Feature", "properties": { "index": "-654207127#5", "element": "edge", "id": "-654207127#5", "name": "", "sampledSeconds": 336.02, "departed": 6.0, "arrived": 4.0, "entered": 23.0, "left": 26.0, "laneChangedFrom": 0.0, "laneChangedTo": 0.0, "traveltime": 9.92, "overlapTraveltime": 12.33, "density": 4.89, "laneDensity": 4.89, "occupancy": 2.01, "waitingTime": 12.0, "timeLoss": 90.34, "speed": 1.95, "speedRelative": 0.7, "teleported": 0.0 }, "geometry": { "type": "LineString", "coordinates": [ [ 4.385362, 50.822774 ], [ 4.385582, 50.822874 ] ] } },
{ "type": "Feature", "properties": { "index": "-654207127#8", "element": "edge", "id": "-654207127#8", "name": "", "sampledSeconds": 441.15, "departed": 9.0, "arrived": 4.0, "entered": 4.0, "left": 9.0, "laneChangedFrom": 0.0, "laneChangedTo": 0.0, "traveltime": 42.56, "overlapTraveltime": 45.41, "density": 8.61, "laneDensity": 8.61, "occupancy": 4.14, "waitingTime": 345.0, "timeLoss": 375.85, "speed": 0.42, "speedRelative": 0.15, "teleported": 0.0 }, "geometry": { "type": "LineString", "coordinates": [ [ 4.385059, 50.822651 ], [ 4.385063, 50.822653 ], [ 4.385161, 50.822683 ], [ 4.385233, 50.822716 ] ] } },
{ "type": "Feature", "properties": { "index": "-690208690", "element": "edge", "id": "-690208690", "name": "", "sampledSeconds": 0.0, "departed": 0.0, "arrived": 0.0, "entered": 0.0, "left": 0.0, "laneChangedFrom": 0.0, "laneChangedTo": 0.0, "traveltime": 0.0, "overlapTraveltime": 0.0, "density": 0.0, "laneDensity": 0.0, "occupancy": 0.0, "waitingTime": 0.0, "timeLoss": 0.0, "speed": 0.0, "speedRelative": 0.0, "teleported": 0.0 }, "geometry": { "type": "LineString", "coordinates": [ [ 4.379395, 50.821139 ], [ 4.379341, 50.821187 ], [ 4.37918, 50.821196 ], [ 4.378849, 50.821458 ], [ 4.378836, 50.821468 ] ] } },
{ "type": "Feature", "properties": { "index": "-70724345#1", "element": "edge", "id": "-70724345#1", "name": "Rue de la Brasserie - Brouwerijstraat", "sampledSeconds": 1981.9, "departed": 3.0, "arrived": 2.0, "entered": 158.0, "left": 161.0, "laneChangedFrom": 0.0, "laneChangedTo": 0.0, "traveltime": 11.2, "overlapTraveltime": 12.24, "density": 7.46, "laneDensity": 7.46, "occupancy": 3.48, "waitingTime": 163.0, "timeLoss": 415.48, "speed": 6.43, "speedRelative": 0.77, "teleported": 0.0 }, "geometry": { "type": "LineString", "coordinates": [ [ 4.375001, 50.827943 ], [ 4.375097, 50.827966 ], [ 4.375216, 50.827995 ], [ 4.375818, 50.828146 ], [ 4.375897, 50.82817 ], [ 4.375969, 50.828195 ] ] } },
{ "type": "Feature", "properties": { "index": "-70724346#1", "element": "edge", "id": "-70724346#1", "name": "Rue Jean Paquot - Jean Paquotstraat", "sampledSeconds": 2197.89, "departed": 3.0, "arrived": 1.0, "entered": 52.0, "left": 52.0, "laneChangedFrom": 0.0, "laneChangedTo": 0.0, "traveltime": 43.45, "overlapTraveltime": 44.62, "density": 60.45, "laneDensity": 60.45, "occupancy": 25.77, "waitingTime": 2064.0, "timeLoss": 2108.83, "speed": 0.34, "speedRelative": 0.04, "teleported": 3.0 }, "geometry": { "type": "LineString", "coordinates": [ [ 4.379535, 50.825321 ], [ 4.379517, 50.825355 ], [ 4.37949, 50.825407 ] ] } },
{ "type": "Feature", "properties": { "index": "-70724346#3", "element": "edge", "id": "-70724346#3", "name": "Rue Jean Paquot - Jean Paquotstraat", "sampledSeconds": 7042.43, "departed": 4.0, "arrived": 0.0, "entered": 53.0, "left": 52.0, "laneChangedFrom": 0.0, "laneChangedTo": 0.0, "traveltime": 131.68, "overlapTraveltime": 133.87, "density": 52.52, "laneDensity": 52.52, "occupancy": 26.12, "waitingTime": 6619.0, "timeLoss": 6778.37, "speed": 0.32, "speedRelative": 0.04, "teleported": 3.0 }, "geometry": { "type": "LineString", "coordinates": [ [ 4.379705, 50.824913 ], [ 4.379673, 50.824993 ], [ 4.379573, 50.825237 ] ] } },
{ "type": "Feature", "properties": { "index": "-70724349", "element": "edge", "id": "-70724349", "name": "Rue Jean Paquot - Jean Paquotstraat", "sampledSeconds": 1351.31, "departed": 2.0, "arrived": 3.0, "entered": 45.0, "left": 42.0, "laneChangedFrom": 0.0, "laneChangedTo": 0.0, "traveltime": 28.16, "overlapTraveltime": 28.92, "density": 2.98, "laneDensity": 2.98, "occupancy": 1.46, "waitingTime": 528.0, "timeLoss": 613.68, "speed": 4.53, "speedRelative": 0.54, "teleported": 0.0 }, "geometry": { "type": "LineString", "coordinates": [ [ 4.380438, 50.823805 ], [ 4.38033, 50.823904 ], [ 4.379907, 50.82444 ], [ 4.379862, 50.824527 ], [ 4.379735, 50.824838 ] ] } },
{ "type": "Feature", "properties": { "index": "-7682863#1", "element": "edge", "id": "-7682863#1", "name": "Rue Dautzenberg - Dautzenbergstraat", "sampledSeconds": 7266.72, "departed": 6.0, "arrived": 4.0, "entered": 30.0, "left": 28.0, "laneChangedFrom": 0.0, "laneChangedTo": 0.0, "traveltime": 208.7, "overlapTraveltime": 212.31, "density": 25.92, "laneDensity": 25.92, "occupancy": 12.92, "waitingTime": 6745.0, "timeLoss": 6914.4, "speed": 0.39, "speedRelative": 0.05, "teleported": 4.0 }, "geometry": { "type": "LineString", "coordinates": [ [ 4.366713, 50.826208 ], [ 4.366703, 50.8262 ], [ 4.365975, 50.825687 ] ] } },
{ "type": "Feature", "properties": { "index": "-7682866#1", "element": "edge", "id": "-7682866#1", "name": "Rue Gachard - Gachardstraat", "sampledSeconds": 12722.02, "departed": 3.0, "arrived": 3.0, "entered": 34.0, "left": 24.0, "laneChangedFrom": 0.0, "laneChangedTo": 0.0, "traveltime": 346.51, "overlapTraveltime": 349.52, "density": 10.65, "laneDensity": 10.65, "occupancy": 5.32, "waitingTime": 10801.0, "timeLoss": 11229.28, "speed": 0.96, "speedRelative": 0.12, "teleported": 6.0 }, "geometry": { "type": "LineString", "coordinates": [ [ 4.367002, 50.825218 ], [ 4.368137, 50.826141 ], [ 4.368699, 50.826596 ], [ 4.368905, 50.826799 ], [ 4.369153, 50.827049 ], [ 4.369444, 50.827399 ], [ 4.369606, 50.827629 ], [ 4.369614, 50.82768 ] ] } },
{ "type": "Feature", "properties": { "index": "-7682866#3", "element": "edge", "id": "-7682866#3", "name": "Rue Gachard - Gachardstraat", "sampledSeconds": 155.73, "departed": 5.0, "arrived": 4.0, "entered": 33.0, "left": 34.0, "laneChangedFrom": 0.0, "laneChangedTo": 0.0, "traveltime": 3.55, "overlapTraveltime": 4.21, "density": 1.79, "laneDensity": 1.79, "occupancy": 0.75, "waitingTime": 0.0, "timeLoss": 25.0, "speed": 6.92, "speedRelative": 0.83, "teleported": 0.0 }, "geometry": { "type": "LineString", "coordinates": [ [ 4.366711, 50.82498 ], [ 4.36692, 50.825151 ] ] } },
{ "type": "Feature", "properties": { "index": "-781650841", "element": "edge", "id": "-781650841", "name": "Square de Biarritz - Biarritzsquare", "sampledSeconds": 111.8, "departed": 7.0, "arrived": 4.0, "entered": 5.0, "left": 8.0, "laneChangedFrom": 0.0, "laneChangedTo": 0.0, "traveltime": 8.68, "overlapTraveltime": 9.75, "density": 0.43, "laneDensity": 0.43, "occupancy": 0.2, "waitingTime": 0.0, "timeLoss": 44.09, "speed": 7.9, "speedRelative": 0.57, "teleported": 0.0 }, "geometry": { "type": "LineString", "coordinates": [ [ 4.370964, 50.824969 ], [ 4.370939, 50.824975 ], [ 4.370774, 50.825025 ], [ 4.37063, 50.825103 ], [ 4.37055, 50.825209 ], [ 4.370539, 50.825324 ], [ 4.370592, 50.825437 ], [ 4.370633, 50.825473 ] ] } },
{ "type": "Feature", "properties": { "index": "-781742860#0", "element": "edge", "id": "-781742860#0", "name": "Rue Lesbroussart - Lesbroussartstraat", "sampledSeconds": 180.54, "departed": 5.0, "arrived": 0.0, "entered": 3.0, "left": 6.0, "laneChangedFrom": 0.0, "laneChangedTo": 0.0, "traveltime": 23.31, "overlapTraveltime": 24.64, "density": 0.43, "laneDensity": 0.43, "occupancy": 0.21, "waitingTime": 48.0, "timeLoss": 73.54, "speed": 4.99, "speedRelative": 0.6, "teleported": 0.0 }, "geometry": { "type": "LineString", "coordinates": [ [ 4.367892, 50.827694 ], [ 4.367667, 50.827686 ], [ 4.367101, 50.827663 ], [ 4.366306, 50.827631 ], [ 4.366222, 50.827628 ] ] } },
{ "type": "Feature", "properties": { "index": "-781742860#2", "element": "edge", "id": "-781742860#2", "name": "Rue Lesbroussart - Lesbroussartstraat", "sampledSeconds": 0.0, "departed": 0.0, "arrived": 0.0, "entered": 2.0, "left": 2.0, "laneChangedFrom": 0.0, "laneChangedTo": 0.0, "traveltime": 0.0, "overlapTraveltime": 0.0, "density": 0.0, "laneDensity": 0.0, "occupancy": 0.0, "waitingTime": 0.0, "timeLoss": 0.0, "speed": 0.0, "speedRelative": 0.0, "teleported": 1.0 }, "geometry": { "type": "LineString", "coordinates": [ [ 4.368583, 50.82772 ], [ 4.368083, 50.8277 ], [ 4.368049, 50.827699 ] ] } },
{ "type": "Feature", "properties": { "index": "-781742860#5", "element": "edge", "id": "-781742860#5", "name": "Rue Lesbroussart - Lesbroussartstraat", "sampledSeconds": 14213.29, "departed": 3.0, "arrived": 0.0, "entered": 147.0, "left": 139.0, "laneChangedFrom": 0.0, "laneChangedTo": 0.0, "traveltime": 124.78, "overlapTraveltime": 127.33, "density": 121.67, "laneDensity": 121.67, "occupancy": 54.68, "waitingTime": 13174.0, "timeLoss": 13700.6, "speed": 0.29, "speedRelative": 0.04, "teleported": 6.0 }, "geometry": { "type": "LineString", "coordinates": [ [ 4.369483, 50.827755 ], [ 4.369046, 50.827738 ], [ 4.369023, 50.827737 ] ] } },
{ "type": "Feature", "properties": { "index": "-781742860#8", "element": "edge", "id": "-781742860#8", "name": "Rue Lesbroussart - Lesbroussartstraat", "sampledSeconds": 41218.23, "departed": 3.0, "arrived": 2.0, "entered": 166.0, "left": 153.0, "laneChangedFrom": 0.0, "laneChangedTo": 0.0, "traveltime": 322.18, "overlapTraveltime": 324.38, "density": 100.12, "laneDensity": 100.12, "occupancy": 49.58, "waitingTime": 37501.0, "timeLoss": 39379.4, "speed": 0.37, "speedRelative": 0.04, "teleported": 4.0 }, "geometry": { "type": "LineString", "coordinates": [ [ 4.371307, 50.827823 ], [ 4.371204, 50.827822 ], [ 4.369732, 50.827765 ], [ 4.369687, 50.827763 ] ] } },
{ "type": "Feature", "properties": { "index": "-786582202", "element": "edge", "id": "-786582202", "name": "", "sampledSeconds": 0.0, "departed": 0.0, "arrived": 0.0, "entered": 0.0, "left": 0.0, "laneChangedFrom": 0.0, "laneChangedTo": 0.0, "traveltime": 0.0, "overlapTraveltime": 0.0, "density": 0.0, "laneDensity": 0.0, "occupancy": 0.0, "waitingTime": 0.0, "timeLoss": 0.0, "speed": 0.0, "speedRelative": 0.0, "teleported": 0.0 }, "geometry": { "type": "LineString", "coordinates": [ [ 4.360668, 50.83543 ], [ 4.360653, 50.835424 ], [ 4.360499, 50.835356 ], [ 4.360287, 50.835263 ], [ 4.360198, 50.835346 ] ] } },
{ "type": "Feature", "properties": { "index": "-803266531#0", "element": "edge", "id": "-803266531#0", "name": "Avenue Général de Gaulle - Generaal de Gaullelaan", "sampledSeconds": 33.86, "departed": 6.0, "arrived": 1.0, "entered": 3.0, "left": 8.0, "laneChangedFrom": 0.0, "laneChangedTo": 0.0, "traveltime": 3.52, "overlapTraveltime": 4.46, "density": 0.56, "laneDensity": 0.56, "occupancy": 0.24, "waitingTime": 0.0, "timeLoss": 11.98, "speed": 4.86, "speedRelative": 0.58, "teleported": 0.0 }, "geometry": { "type": "LineString", "coordinates": [ [ 4.372648, 50.823522 ], [ 4.372602, 50.823584 ], [ 4.372559, 50.823641 ], [ 4.372546, 50.823658 ] ] } },
{ "type": "Feature", "properties": { "index": "-8139943#1", "element": "edge", "id": "-8139943#1", "name": "Square du Val de la Cambre - Terkamerendalsquare", "sampledSeconds": 147.1, "departed": 3.0, "arrived": 4.0, "entered": 20.0, "left": 20.0, "laneChangedFrom": 0.0, "laneChangedTo": 0.0, "traveltime": 5.51, "overlapTraveltime": 6.27, "density": 1.08, "laneDensity": 1.08, "occupancy": 0.48, "waitingTime": 0.0, "timeLoss": 19.87, "speed": 6.83, "speedRelative": 0.82, "teleported": 0.0 }, "geometry": { "type": "LineString", "coordinates": [ [ 4.377278, 50.818164 ], [ 4.377212, 50.818165 ], [ 4.376784, 50.818177 ], [ 4.376741, 50.818178 ] ] } },
{ "type": "Feature", "properties": { "index": "-8140188#10", "element": "edge", "id": "-8140188#10", "name": "Avenue de la Couronne - Kroonlaan", "sampledSeconds": 882.48, "departed": 3.0, "arrived": 2.0, "entered": 54.0, "left": 55.0, "laneChangedFrom": 0.0, "laneChangedTo": 0.0, "traveltime": 14.47, "overlapTraveltime": 15.53, "density": 2.7, "laneDensity": 2.7, "occupancy": 1.28, "waitingTime": 63.0, "timeLoss": 207.71, "speed": 6.17, "speedRelative": 0.74, "teleported": 0.0 }, "geometry": { "type": "LineString", "coordinates": [ [ 4.382982, 50.826518 ], [ 4.383768, 50.825887 ], [ 4.383781, 50.825877 ] ] } },
{ "type": "Feature", "properties": { "index": "-8140188#16", "element": "edge", "id": "-8140188#16", "name": "Avenue de la Couronne - Kroonlaan", "sampledSeconds": 1114.61, "departed": 6.0, "arrived": 0.0, "entered": 49.0, "left": 55.0, "laneChangedFrom": 0.0, "laneChangedTo": 0.0, "traveltime": 19.67, "overlapTraveltime": 20.34, "density": 2.14, "laneDensity": 2.14, "occupancy": 1.04, "waitingTime": 0.0, "timeLoss": 105.48, "speed": 7.35, "speedRelative": 0.88, "teleported": 0.0 }, "geometry": { "type": "LineString", "coordinates": [ [ 4.381626, 50.827604 ], [ 4.381653, 50.827582 ], [ 4.381671, 50.827568 ], [ 4.38171, 50.827536 ], [ 4.38179, 50.827473 ], [ 4.381985, 50.827317 ], [ 4.382687, 50.826754 ], [ 4.382717, 50.82673 ], [ 4.382735, 50.826716 ], [ 4.3829, 50.826584 ] ] } },
{ "type": "Feature", "properties": { "index": "-8140188#2", "element": "edge", "id": "-8140188#2", "name": "Avenue de la Couronne - Kroonlaan", "sampledSeconds": 275.27, "departed": 4.0, "arrived": 4.0, "entered": 26.0, "left": 26.0, "laneChangedFrom": 0.0, "laneChangedTo": 0.0, "traveltime": 7.64, "overlapTraveltime": 9.33, "density": 1.4, "laneDensity": 1.4, "occupancy": 0.63, "waitingTime": 19.0, "timeLoss": 54.96, "speed": 6.4, "speedRelative": 0.77, "teleported": 0.0 }, "geometry": { "type": "LineString", "coordinates": [ [ 4.385635, 50.824387 ], [ 4.385671, 50.824359 ], [ 4.385689, 50.824344 ], [ 4.385728, 50.824313 ], [ 4.385731, 50.824311 ], [ 4.385876, 50.824193 ], [ 4.386117, 50.824001 ] ] } },
{ "type": "Feature", "properties": { "index": "-8140188#4", "element": "edge", "id": "-8140188#4", "name": "Avenue de la Couronne - Kroonlaan", "sampledSeconds": 412.26, "departed": 6.0, "arrived": 3.0, "entered": 33.0, "left": 36.0, "laneChangedFrom": 0.0, "laneChangedTo": 0.0, "traveltime": 9.26, "overlapTraveltime": 10.75, "density": 2.04, "laneDensity": 2.04, "occupancy": 0.93, "waitingTime": 39.0, "timeLoss": 118.22, "speed": 5.69, "speedRelative": 0.68, "teleported": 0.0 }, "geometry": { "type": "LineString", "coordinates": [ [ 4.385016, 50.824885 ], [ 4.385489, 50.824503 ], [ 4.385508, 50.824488 ] ] } },
{ "type": "Feature", "properties": { "index": "-8140188#8", "element": "edge", "id": "-8140188#8", "name": "Avenue de la Couronne - Kroonlaan", "sampledSeconds": 803.62, "departed": 4.0, "arrived": 3.0, "entered": 47.0, "left": 48.0, "laneChangedFrom": 0.0, "laneChangedTo": 0.0, "traveltime": 14.97, "overlapTraveltime": 15.82, "density": 2.04, "laneDensity": 2.04, "occupancy": 0.97, "waitingTime": 0.0, "timeLoss": 83.71, "speed": 7.23, "speedRelative": 0.87, "teleported": 0.0 }, "geometry": { "type": "LineString", "coordinates": [ [ 4.383908, 50.825775 ], [ 4.383922, 50.825764 ], [ 4.383939, 50.82575 ], [ 4.383978, 50.825719 ], [ 4.38487, 50.825002 ] ] } },
{ "type": "Feature", "properties": { "index": "-8140193#2", "element": "edge", "id": "-8140193#2", "name": "Avenue de l&apos;Hippodrome - Renbaanlaan", "sampledSeconds": 734.39, "departed": 3.0, "arrived": 4.0, "entered": 36.0, "left": 35.0, "laneChangedFrom": 0.0, "laneChangedTo": 0.0, "traveltime": 17.76, "overlapTraveltime": 18.9, "density": 1.58, "laneDensity": 1.58, "occupancy": 0.76, "waitingTime": 18.0, "timeLoss": 104.79, "speed": 7.08, "speedRelative": 0.85, "teleported": 0.0 }, "geometry": { "type": "LineString", "coordinates": [ [ 4.373829, 50.823738 ], [ 4.373902, 50.823679 ], [ 4.373927, 50.823662 ], [ 4.374206, 50.823454 ], [ 4.374296, 50.823378 ], [ 4.374389, 50.823293 ], [ 4.374476, 50.823204 ], [ 4.374624, 50.823037 ], [ 4.374631, 50.823029 ], [ 4.374692, 50.822955 ], [ 4.374846, 50.822779 ] ] } },
{ "type": "Feature", "properties": { "index": "-8140196", "element": "edge", "id": "-8140196", "name": "Rue du Monastère - Munsterstraat", "sampledSeconds": 524.17, "departed": 3.0, "arrived": 5.0, "entered": 45.0, "left": 42.0, "laneChangedFrom": 0.0, "laneChangedTo": 0.0, "traveltime": 10.07, "overlapTraveltime": 11.04, "density": 1.99, "laneDensity": 1.99, "occupancy": 0.92, "waitingTime": 8.0, "timeLoss": 63.15, "speed": 7.07, "speedRelative": 0.85, "teleported": 0.0 }, "geometry": { "type": "LineString", "coordinates": [ [ 4.372139, 50.82072 ], [ 4.373065, 50.820426 ] ] } },
{ "type": "Feature", "properties": { "index": "-8140197#2", "element": "edge", "id": "-8140197#2", "name": "Rue du Monastère - Munsterstraat", "sampledSeconds": 606.38, "departed": 6.0, "arrived": 3.0, "entered": 39.0, "left": 41.0, "laneChangedFrom": 0.0, "laneChangedTo": 0.0, "traveltime": 12.57, "overlapTraveltime": 13.73, "density": 2.14, "laneDensity": 2.14, "occupancy": 1.0, "waitingTime": 41.0, "timeLoss": 137.4, "speed": 6.1, "speedRelative": 0.73, "teleported": 0.0 }, "geometry": { "type": "LineString", "coordinates": [ [ 4.371967, 50.820799 ], [ 4.371267, 50.82095 ], [ 4.370942, 50.821007 ], [ 4.3709, 50.821009 ] ] } },
{ "type": "Feature", "properties": { "index": "-819874583", "element": "edge", "id": "-819874583", "name": "", "sampledSeconds": 0.0, "departed": 0.0, "arrived": 0.0, "entered": 0.0, "left": 0.0, "laneChangedFrom": 0.0, "laneChangedTo": 0.0, "traveltime": 0.0, "overlapTraveltime": 0.0, "density": 0.0, "laneDensity": 0.0, "occupancy": 0.0, "waitingTime": 0.0, "timeLoss": 0.0, "speed": 0.0, "speedRelative": 0.0, "teleported": 0.0 }, "geometry": { "type": "LineString", "coordinates": [ [ 4.383765, 50.822791 ], [ 4.383736, 50.822772 ], [ 4.383612, 50.822692 ], [ 4.383406, 50.82256 ], [ 4.383331, 50.822612 ] ] } },
{ "type": "Feature", "properties": { "index": "-8250527#0", "element": "edge", "id": "-8250527#0", "name": "Avenue Auguste Rodin - Auguste Rodinlaan", "sampledSeconds": 9121.63, "departed": 2.0, "arrived": 2.0, "entered": 66.0, "left": 59.0, "laneChangedFrom": 0.0, "laneChangedTo": 0.0, "traveltime": 138.88, "overlapTraveltime": 140.99, "density": 41.07, "laneDensity": 41.07, "occupancy": 20.41, "waitingTime": 8136.0, "timeLoss": 8592.34, "speed": 0.47, "speedRelative": 0.06, "teleported": 3.0 }, "geometry": { "type": "LineString", "coordinates": [ [ 4.379156, 50.826823 ], [ 4.379106, 50.826805 ], [ 4.378398, 50.826544 ] ] } },
{ "type": "Feature", "properties": { "index": "-8250527#1", "element": "edge", "id": "-8250527#1", "name": "Avenue Auguste Rodin - Auguste Rodinlaan", "sampledSeconds": 3731.05, "departed": 4.0, "arrived": 3.0, "entered": 67.0, "left": 61.0, "laneChangedFrom": 0.0, "laneChangedTo": 0.0, "traveltime": 54.33, "overlapTraveltime": 55.33, "density": 18.02, "laneDensity": 18.02, "occupancy": 8.89, "waitingTime": 2971.0, "timeLoss": 3221.91, "speed": 1.13, "speedRelative": 0.14, "teleported": 0.0 }, "geometry": { "type": "LineString", "coordinates": [ [ 4.380042, 50.827144 ], [ 4.379334, 50.826887 ] ] } },
{ "type": "Feature", "properties": { "index": "-8250533#1", "element": "edge", "id": "-8250533#1", "name": "Rue Borrens - Borrensstraat", "sampledSeconds": 549.18, "departed": 3.0, "arrived": 1.0, "entered": 21.0, "left": 23.0, "laneChangedFrom": 0.0, "laneChangedTo": 0.0, "traveltime": 22.21, "overlapTraveltime": 22.97, "density": 0.9, "laneDensity": 0.9, "occupancy": 0.44, "waitingTime": 0.0, "timeLoss": 54.67, "speed": 7.57, "speedRelative": 0.91, "teleported": 0.0 }, "geometry": { "type": "LineString", "coordinates": [ [ 4.378187, 50.826476 ], [ 4.376096, 50.825735 ] ] } },
{ "type": "Feature", "properties": { "index": "-826580379", "element": "edge", "id": "-826580379", "name": "", "sampledSeconds": 0.0, "departed": 0.0, "arrived": 0.0, "entered": 0.0, "left": 0.0, "laneChangedFrom": 0.0, "laneChangedTo": 0.0, "traveltime": 0.0, "overlapTraveltime": 0.0, "density": 0.0, "laneDensity": 0.0, "occupancy": 0.0, "waitingTime": 0.0, "timeLoss": 0.0, "speed": 0.0, "speedRelative": 0.0, "teleported": 0.0 }, "geometry": { "type": "LineString", "coordinates": [ [ 4.368297, 50.836302 ], [ 4.368211, 50.836205 ], [ 4.368192, 50.836183 ] ] } },
{ "type": "Feature", "properties": { "index": "-829968896#1", "element": "edge", "id": "-829968896#1", "name": "Chaussée de Boondael - Boondaalse Steenweg", "sampledSeconds": 222.6, "departed": 3.0, "arrived": 5.0, "entered": 157.0, "left": 155.0, "laneChangedFrom": 0.0, "laneChangedTo": 0.0, "traveltime": 0.46, "overlapTraveltime": 1.41, "density": 133.33, "laneDensity": 133.33, "occupancy": 5.01, "waitingTime": 62.02, "timeLoss": 119.22, "speed": 3.68, "speedRelative": 0.44, "teleported": 0.0 }, "geometry": { "type": "LineString", "coordinates": [ [ 4.379495, 50.822112 ], [ 4.379496, 50.82211 ] ] } },
{ "type": "Feature", "properties": { "index": "-829968897", "element": "edge", "id": "-829968897", "name": "Chaussée de Boondael - Boondaalse Steenweg", "sampledSeconds": 140.12, "departed": 1.0, "arrived": 2.0, "entered": 34.0, "left": 33.0, "laneChangedFrom": 0.0, "laneChangedTo": 0.0, "traveltime": 2.63, "overlapTraveltime": 4.04, "density": 2.76, "laneDensity": 2.76, "occupancy": 1.02, "waitingTime": 3.0, "timeLoss": 40.52, "speed": 4.73, "speedRelative": 0.57, "teleported": 0.0 }, "geometry": { "type": "LineString", "coordinates": [ [ 4.381397, 50.820455 ], [ 4.381532, 50.820361 ] ] } },
{ "type": "Feature", "properties": { "index": "-832487280", "element": "edge", "id": "-832487280", "name": "Rue Saint-Boniface - Sint-Bonifaasstraat", "sampledSeconds": 347.2, "departed": 5.0, "arrived": 4.0, "entered": 35.0, "left": 36.0, "laneChangedFrom": 0.0, "laneChangedTo": 0.0, "traveltime": 7.93, "overlapTraveltime": 8.84, "density": 1.75, "laneDensity": 1.75, "occupancy": 0.8, "waitingTime": 0.0, "timeLoss": 52.62, "speed": 6.8, "speedRelative": 0.82, "teleported": 0.0 }, "geometry": { "type": "LineString", "coordinates": [ [ 4.36379, 50.836383 ], [ 4.364321, 50.836098 ], [ 4.364387, 50.836063 ] ] } },
{ "type": "Feature", "properties": { "index": "-832629331#1", "element": "edge", "id": "-832629331#1", "name": "Rue Maria Malibran - Maria Malibranstraat", "sampledSeconds": 18032.18, "departed": 9.0, "arrived": 3.0, "entered": 40.0, "left": 30.0, "laneChangedFrom": 0.0, "laneChangedTo": 0.0, "traveltime": 438.39, "overlapTraveltime": 444.9, "density": 41.03, "laneDensity": 41.03, "occupancy": 20.48, "waitingTime": 16802.0, "timeLoss": 17390.63, "speed": 0.29, "speedRelative": 0.03, "teleported": 5.0 }, "geometry": { "type": "LineString", "coordinates": [ [ 4.372876, 50.82973 ], [ 4.372831, 50.829655 ], [ 4.372366, 50.82889 ], [ 4.372296, 50.828773 ], [ 4.372261, 50.828704 ] ] } },
{ "type": "Feature", "properties": { "index": "-83629545#0", "element": "edge", "id": "-83629545#0", "name": "", "sampledSeconds": 0.0, "departed": 0.0, "arrived": 0.0, "entered": 0.0, "left": 0.0, "laneChangedFrom": 0.0, "laneChangedTo": 0.0, "traveltime": 0.0, "overlapTraveltime": 0.0, "density": 0.0, "laneDensity": 0.0, "occupancy": 0.0, "waitingTime": 0.0, "timeLoss": 0.0, "speed": 0.0, "speedRelative": 0.0, "teleported": 0.0 }, "geometry": { "type": "LineString", "coordinates": [ [ 4.358089, 50.837274 ], [ 4.358053, 50.837309 ] ] } },
{ "type": "Feature", "properties": { "index": "-83629545#1", "element": "edge", "id": "-83629545#1", "name": "", "sampledSeconds": 0.0, "departed": 0.0, "arrived": 0.0, "entered": 0.0, "left": 0.0, "laneChangedFrom": 0.0, "laneChangedTo": 0.0, "traveltime": 0.0, "overlapTraveltime": 0.0, "density": 0.0, "laneDensity": 0.0, "occupancy": 0.0, "waitingTime": 0.0, "timeLoss": 0.0, "speed": 0.0, "speedRelative": 0.0, "teleported": 0.0 }, "geometry": { "type": "LineString", "coordinates": [ [ 4.358151, 50.837215 ], [ 4.358139, 50.837227 ] ] } },
{ "type": "Feature", "properties": { "index": "-8382281#2", "element": "edge", "id": "-8382281#2", "name": "Rue Henri Marichal - Henri Marichalstraat", "sampledSeconds": 692.29, "departed": 1.0, "arrived": 5.0, "entered": 20.0, "left": 15.0, "laneChangedFrom": 0.0, "laneChangedTo": 0.0, "traveltime": 32.34, "overlapTraveltime": 33.09, "density": 0.96, "laneDensity": 0.96, "occupancy": 0.47, "waitingTime": 113.0, "timeLoss": 180.98, "speed": 6.23, "speedRelative": 0.75, "teleported": 0.0 }, "geometry": { "type": "LineString", "coordinates": [ [ 4.385495, 50.824417 ], [ 4.385465, 50.824401 ], [ 4.385434, 50.824381 ], [ 4.383489, 50.823131 ] ] } },
{ "type": "Feature", "properties": { "index": "-8382282#1", "element": "edge", "id": "-8382282#1", "name": "Rue Fritz Toussaint - Fritz Toussaintstraat", "sampledSeconds": 1832.96, "departed": 3.0, "arrived": 2.0, "entered": 138.0, "left": 135.0, "laneChangedFrom": 0.0, "laneChangedTo": 0.0, "traveltime": 12.31, "overlapTraveltime": 13.25, "density": 17.75, "laneDensity": 17.75, "occupancy": 8.25, "waitingTime": 1098.0, "timeLoss": 1230.89, "speed": 2.54, "speedRelative": 0.31, "teleported": 0.0 }, "geometry": { "type": "LineString", "coordinates": [ [ 4.384644, 50.822744 ], [ 4.384399, 50.822538 ] ] } },
{ "type": "Feature", "properties": { "index": "-8382283#2", "element": "edge", "id": "-8382283#2", "name": "Square Albert Verhaeren - Albert Verhaerensquare", "sampledSeconds": 11297.47, "departed": 3.0, "arrived": 4.0, "entered": 139.0, "left": 132.0, "laneChangedFrom": 0.0, "laneChangedTo": 0.0, "traveltime": 94.98, "overlapTraveltime": 96.52, "density": 70.38, "laneDensity": 70.38, "occupancy": 34.9, "waitingTime": 10200.0, "timeLoss": 10594.22, "speed": 0.51, "speedRelative": 0.06, "teleported": 7.0 }, "geometry": { "type": "LineString", "coordinates": [ [ 4.380055, 50.825272 ], [ 4.379813, 50.825427 ], [ 4.379727, 50.825461 ], [ 4.379614, 50.825491 ], [ 4.379549, 50.82549 ] ] } },
{ "type": "Feature", "properties": { "index": "-8382283#3", "element": "edge", "id": "-8382283#3", "name": "Square Albert Verhaeren - Albert Verhaerensquare", "sampledSeconds": 1770.48, "departed": 7.0, "arrived": 1.0, "entered": 99.0, "left": 103.0, "laneChangedFrom": 0.0, "laneChangedTo": 0.0, "traveltime": 10.76, "overlapTraveltime": 20.05, "density": 133.33, "laneDensity": 133.33, "occupancy": 44.19, "waitingTime": 1634.0, "timeLoss": 1684.46, "speed": 0.39, "speedRelative": 0.05, "teleported": 2.0 }, "geometry": { "type": "LineString", "coordinates": [ [ 4.380186, 50.825185 ], [ 4.380176, 50.825192 ], [ 4.380158, 50.825204 ] ] } },
{ "type": "Feature", "properties": { "index": "-8382302#0", "element": "edge", "id": "-8382302#0", "name": "Avenue Émile de Béco - Émile de Bécolaan", "sampledSeconds": 1648.49, "departed": 4.0, "arrived": 2.0, "entered": 134.0, "left": 136.0, "laneChangedFrom": 0.0, "laneChangedTo": 0.0, "traveltime": 10.81, "overlapTraveltime": 11.97, "density": 5.81, "laneDensity": 5.81, "occupancy": 2.65, "waitingTime": 32.0, "timeLoss": 250.68, "speed": 7.0, "speedRelative": 0.84, "teleported": 0.0 }, "geometry": { "type": "LineString", "coordinates": [ [ 4.381225, 50.823132 ], [ 4.380569, 50.823702 ], [ 4.380566, 50.823705 ] ] } },
{ "type": "Feature", "properties": { "index": "-8382302#1", "element": "edge", "id": "-8382302#1", "name": "Avenue Émile de Béco - Émile de Bécolaan", "sampledSeconds": 756.12, "departed": 5.0, "arrived": 3.0, "entered": 24.0, "left": 26.0, "laneChangedFrom": 0.0, "laneChangedTo": 0.0, "traveltime": 25.21, "overlapTraveltime": 26.19, "density": 1.1, "laneDensity": 1.1, "occupancy": 0.53, "waitingTime": 5.0, "timeLoss": 82.13, "speed": 7.46, "speedRelative": 0.9, "teleported": 0.0 }, "geometry": { "type": "LineString", "coordinates": [ [ 4.383222, 50.82179 ], [ 4.382201, 50.822468 ], [ 4.381361, 50.823031 ] ] } },
{ "type": "Feature", "properties": { "index": "-8382305", "element": "edge", "id": "-8382305", "name": "Rue François Roffiaen - François Roffiaenstraat", "sampledSeconds": 552.96, "departed": 5.0, "arrived": 1.0, "entered": 17.0, "left": 21.0, "laneChangedFrom": 0.0, "laneChangedTo": 0.0, "traveltime": 24.46, "overlapTraveltime": 25.3, "density": 0.87, "laneDensity": 0.87, "occupancy": 0.42, "waitingTime": 0.0, "timeLoss": 54.09, "speed": 7.14, "speedRelative": 0.86, "teleported": 0.0 }, "geometry": { "type": "LineString", "coordinates": [ [ 4.383472, 50.821475 ], [ 4.382874, 50.821104 ], [ 4.381683, 50.820375 ] ] } },
{ "type": "Feature", "properties": { "index": "-8382358", "element": "edge", "id": "-8382358", "name": "Rue de Belle Vue - Bellevuestraat", "sampledSeconds": 3824.44, "departed": 2.0, "arrived": 0.0, "entered": 89.0, "left": 86.0, "laneChangedFrom": 0.0, "laneChangedTo": 0.0, "traveltime": 42.74, "overlapTraveltime": 43.74, "density": 26.45, "laneDensity": 26.45, "occupancy": 13.01, "waitingTime": 3185.0, "timeLoss": 3343.78, "speed": 1.03, "speedRelative": 0.12, "teleported": 1.0 }, "geometry": { "type": "LineString", "coordinates": [ [ 4.373078, 50.821999 ], [ 4.373079, 50.822 ], [ 4.37315, 50.822089 ], [ 4.373216, 50.822171 ], [ 4.37331, 50.822328 ] ] } },
{ "type": "Feature", "properties": { "index": "-8382368#2", "element": "edge", "id": "-8382368#2", "name": "Rue du Buisson - Braambosstraat", "sampledSeconds": 449.86, "departed": 3.0, "arrived": 4.0, "entered": 19.0, "left": 18.0, "laneChangedFrom": 0.0, "laneChangedTo": 0.0, "traveltime": 19.88, "overlapTraveltime": 20.6, "density": 0.82, "laneDensity": 0.82, "occupancy": 0.4, "waitingTime": 0.0, "timeLoss": 46.01, "speed": 7.62, "speedRelative": 0.91, "teleported": 0.0 }, "geometry": { "type": "LineString", "coordinates": [ [ 4.372915, 50.821981 ], [ 4.372855, 50.821994 ], [ 4.372684, 50.822029 ], [ 4.371519, 50.822264 ], [ 4.37086, 50.822397 ] ] } },
{ "type": "Feature", "properties": { "index": "-8382391#1", "element": "edge", "id": "-8382391#1", "name": "Rue du Lac - Meerstraat", "sampledSeconds": 7158.48, "departed": 7.0, "arrived": 2.0, "entered": 60.0, "left": 54.0, "laneChangedFrom": 0.0, "laneChangedTo": 0.0, "traveltime": 113.99, "overlapTraveltime": 115.53, "density": 20.68, "laneDensity": 20.68, "occupancy": 10.27, "waitingTime": 6153.0, "timeLoss": 6380.32, "speed": 0.88, "speedRelative": 0.11, "teleported": 1.0 }, "geometry": { "type": "LineString", "coordinates": [ [ 4.369746, 50.823392 ], [ 4.369732, 50.823374 ], [ 4.369108, 50.822635 ], [ 4.369099, 50.822631 ] ] } },
{ "type": "Feature", "properties": { "index": "-8382393#2", "element": "edge", "id": "-8382393#2", "name": "Rue de la Vallée - Dalstraat", "sampledSeconds": 379.23, "departed": 3.0, "arrived": 1.0, "entered": 29.0, "left": 31.0, "laneChangedFrom": 0.0, "laneChangedTo": 0.0, "traveltime": 10.96, "overlapTraveltime": 11.92, "density": 1.35, "laneDensity": 1.35, "occupancy": 0.63, "waitingTime": 2.0, "timeLoss": 60.21, "speed": 6.95, "speedRelative": 0.83, "teleported": 0.0 }, "geometry": { "type": "LineString", "coordinates": [ [ 4.370705, 50.822343 ], [ 4.370701, 50.822335 ], [ 4.370532, 50.821891 ], [ 4.370448, 50.821679 ], [ 4.370437, 50.821664 ] ] } },
{ "type": "Feature", "properties": { "index": "-8382393#3", "element": "edge", "id": "-8382393#3", "name": "Rue de la Vallée - Dalstraat", "sampledSeconds": 206.35, "departed": 6.0, "arrived": 0.0, "entered": 5.0, "left": 11.0, "laneChangedFrom": 0.0, "laneChangedTo": 0.0, "traveltime": 18.18, "overlapTraveltime": 19.26, "density": 0.56, "laneDensity": 0.56, "occupancy": 0.27, "waitingTime": 38.0, "timeLoss": 68.95, "speed": 5.54, "speedRelative": 0.66, "teleported": 0.0 }, "geometry": { "type": "LineString", "coordinates": [ [ 4.370962, 50.823369 ], [ 4.370898, 50.823045 ], [ 4.370745, 50.822467 ], [ 4.370745, 50.822466 ] ] } },
{ "type": "Feature", "properties": { "index": "-8382429#1", "element": "edge", "id": "-8382429#1", "name": "Rue Félix Bovie - Félix Boviestraat", "sampledSeconds": 34666.91, "departed": 1.0, "arrived": 3.0, "entered": 125.0, "left": 102.0, "laneChangedFrom": 0.0, "laneChangedTo": 0.0, "traveltime": 319.35, "overlapTraveltime": 321.54, "density": 63.85, "laneDensity": 63.85, "occupancy": 31.38, "waitingTime": 31369.0, "timeLoss": 32657.07, "speed": 0.48, "speedRelative": 0.06, "teleported": 4.0 }, "geometry": { "type": "LineString", "coordinates": [ [ 4.375714, 50.826235 ], [ 4.376896, 50.827324 ], [ 4.376913, 50.827339 ], [ 4.376926, 50.827353 ] ] } },
{ "type": "Feature", "properties": { "index": "-8382443", "element": "edge", "id": "-8382443", "name": "Rue Alfred Giron - Alfred Gironstraat", "sampledSeconds": 111.69, "departed": 0.0, "arrived": 5.0, "entered": 5.0, "left": 0.0, "laneChangedFrom": 0.0, "laneChangedTo": 0.0, "traveltime": 21.88, "overlapTraveltime": 22.54, "density": 0.18, "laneDensity": 0.18, "occupancy": 0.09, "waitingTime": 0.0, "timeLoss": 9.45, "speed": 7.68, "speedRelative": 0.92, "teleported": 0.0 }, "geometry": { "type": "LineString", "coordinates": [ [ 4.379221, 50.826905 ], [ 4.37834, 50.827473 ], [ 4.377547, 50.827983 ] ] } },
{ "type": "Feature", "properties": { "index": "-8382444", "element": "edge", "id": "-8382444", "name": "Rue Alphonse Hottat - Alphonse Hottatstraat", "sampledSeconds": 309.3, "departed": 4.0, "arrived": 0.0, "entered": 0.0, "left": 3.0, "laneChangedFrom": 0.0, "laneChangedTo": 0.0, "traveltime": 78.43, "overlapTraveltime": 79.73, "density": 0.42, "laneDensity": 0.42, "occupancy": 0.21, "waitingTime": 187.0, "timeLoss": 204.61, "speed": 2.65, "speedRelative": 0.32, "teleported": 0.0 }, "geometry": { "type": "LineString", "coordinates": [ [ 4.380105, 50.827225 ], [ 4.378045, 50.828547 ] ] } },
{ "type": "Feature", "properties": { "index": "-8382445#1", "element": "edge", "id": "-8382445#1", "name": "Rue des Liégeois - Luikenaarsstraat", "sampledSeconds": 8679.28, "departed": 4.0, "arrived": 2.0, "entered": 34.0, "left": 31.0, "laneChangedFrom": 0.0, "laneChangedTo": 0.0, "traveltime": 248.53, "overlapTraveltime": 264.55, "density": 58.26, "laneDensity": 58.26, "occupancy": 27.87, "waitingTime": 8269.0, "timeLoss": 8496.46, "speed": 0.18, "speedRelative": 0.02, "teleported": 4.0 }, "geometry": { "type": "LineString", "coordinates": [ [ 4.377378, 50.827956 ], [ 4.37715, 50.827661 ], [ 4.377136, 50.827644 ], [ 4.377117, 50.827623 ] ] } },
{ "type": "Feature", "properties": { "index": "-8382445#2", "element": "edge", "id": "-8382445#2", "name": "Rue des Liégeois - Luikenaarsstraat", "sampledSeconds": 6988.95, "departed": 4.0, "arrived": 2.0, "entered": 34.0, "left": 29.0, "laneChangedFrom": 0.0, "laneChangedTo": 0.0, "traveltime": 200.12, "overlapTraveltime": 202.99, "density": 33.31, "laneDensity": 33.31, "occupancy": 16.6, "waitingTime": 6585.0, "timeLoss": 6731.07, "speed": 0.31, "speedRelative": 0.04, "teleported": 1.0 }, "geometry": { "type": "LineString", "coordinates": [ [ 4.377872, 50.82853 ], [ 4.377859, 50.828517 ], [ 4.377538, 50.828166 ], [ 4.377468, 50.828073 ] ] } },
{ "type": "Feature", "properties": { "index": "-8382447#1", "element": "edge", "id": "-8382447#1", "name": "Avenue de la Couronne - Kroonlaan", "sampledSeconds": 340.66, "departed": 4.0, "arrived": 1.0, "entered": 153.0, "left": 157.0, "laneChangedFrom": 0.0, "laneChangedTo": 0.0, "traveltime": 1.45, "overlapTraveltime": 2.18, "density": 10.09, "laneDensity": 10.09, "occupancy": 3.33, "waitingTime": 5.0, "timeLoss": 65.88, "speed": 6.6, "speedRelative": 0.79, "teleported": 0.0 }, "geometry": { "type": "LineString", "coordinates": [ [ 4.37567, 50.832433 ], [ 4.375641, 50.832457 ], [ 4.375589, 50.8325 ] ] } },
{ "type": "Feature", "properties": { "index": "-8382447#4", "element": "edge", "id": "-8382447#4", "name": "Avenue de la Couronne - Kroonlaan", "sampledSeconds": 2064.74, "departed": 4.0, "arrived": 2.0, "entered": 142.0, "left": 145.0, "laneChangedFrom": 0.0, "laneChangedTo": 0.0, "traveltime": 13.4, "overlapTraveltime": 14.16, "density": 6.17, "laneDensity": 6.17, "occupancy": 2.93, "waitingTime": 0.0, "timeLoss": 304.81, "speed": 6.92, "speedRelative": 0.83, "teleported": 0.0 }, "geometry": { "type": "LineString", "coordinates": [ [ 4.376586, 50.831703 ], [ 4.376584, 50.831705 ], [ 4.375879, 50.832273 ], [ 4.375766, 50.832358 ] ] } },
{ "type": "Feature", "properties": { "index": "-8384914", "element": "edge", "id": "-8384914", "name": "Rue Jean Van Volsem - Jean Van Volsemstraat", "sampledSeconds": 484.02, "departed": 10.0, "arrived": 6.0, "entered": 32.0, "left": 36.0, "laneChangedFrom": 0.0, "laneChangedTo": 0.0, "traveltime": 10.83, "overlapTraveltime": 11.73, "density": 1.75, "laneDensity": 1.75, "occupancy": 0.82, "waitingTime": 0.0, "timeLoss": 68.05, "speed": 6.96, "speedRelative": 0.84, "teleported": 0.0 }, "geometry": { "type": "LineString", "coordinates": [ [ 4.371435, 50.831061 ], [ 4.371459, 50.831074 ], [ 4.372188, 50.831559 ] ] } },
{ "type": "Feature", "properties": { "index": "-8384930#1", "element": "edge", "id": "-8384930#1", "name": "Rue Lens - Lensstraat", "sampledSeconds": 73788.66, "departed": 2.0, "arrived": 0.0, "entered": 89.0, "left": 65.0, "laneChangedFrom": 0.0, "laneChangedTo": 0.0, "traveltime": 1543.46, "overlapTraveltime": 1559.41, "density": 111.35, "laneDensity": 111.35, "occupancy": 55.58, "waitingTime": 70063.0, "timeLoss": 72716.21, "speed": 0.12, "speedRelative": 0.01, "teleported": 11.0 }, "geometry": { "type": "LineString", "coordinates": [ [ 4.366739, 50.826303 ], [ 4.364956, 50.827469 ], [ 4.364946, 50.8275 ] ] } },
{ "type": "Feature", "properties": { "index": "-8385415#0", "element": "edge", "id": "-8385415#0", "name": "Chaussée de Vleurgat - Vleurgatse Steenweg", "sampledSeconds": 57.54, "departed": 8.0, "arrived": 2.0, "entered": 47.0, "left": 53.0, "laneChangedFrom": 0.0, "laneChangedTo": 0.0, "traveltime": 0.07, "overlapTraveltime": 1.07, "density": 79.91, "laneDensity": 79.91, "occupancy": 1.56, "waitingTime": 7.0, "timeLoss": 21.27, "speed": 4.87, "speedRelative": 0.59, "teleported": 0.0 }, "geometry": { "type": "LineString", "coordinates": [ [ 4.367846, 50.82372 ], [ 4.367845, 50.823719 ] ] } },
{ "type": "Feature", "properties": { "index": "-8385415#3", "element": "edge", "id": "-8385415#3", "name": "Chaussée de Vleurgat - Vleurgatse Steenweg", "sampledSeconds": 2989.94, "departed": 4.0, "arrived": 3.0, "entered": 57.0, "left": 59.0, "laneChangedFrom": 0.0, "laneChangedTo": 0.0, "traveltime": 47.41, "overlapTraveltime": 48.27, "density": 3.01, "laneDensity": 3.01, "occupancy": 1.48, "waitingTime": 588.0, "timeLoss": 905.63, "speed": 5.83, "speedRelative": 0.7, "teleported": 0.0 }, "geometry": { "type": "LineString", "coordinates": [ [ 4.369795, 50.825974 ], [ 4.369734, 50.825902 ], [ 4.369557, 50.825691 ], [ 4.368548, 50.824543 ], [ 4.368003, 50.823896 ], [ 4.36797, 50.82386 ], [ 4.367945, 50.823834 ], [ 4.367912, 50.823795 ] ] } },
{ "type": "Feature", "properties": { "index": "-87286857", "element": "edge", "id": "-87286857", "name": "Avenue Hergé - Hergélaan", "sampledSeconds": 15.29, "departed": 1.0, "arrived": 2.0, "entered": 5.0, "left": 4.0, "laneChangedFrom": 0.0, "laneChangedTo": 0.0, "traveltime": 1.55, "overlapTraveltime": 2.98, "density": 0.56, "laneDensity": 0.56, "occupancy": 0.17, "waitingTime": 0.0, "timeLoss": 4.76, "speed": 4.23, "speedRelative": 0.51, "teleported": 0.0 }, "geometry": { "type": "LineString", "coordinates": [ [ 4.380868, 50.827326 ], [ 4.38089, 50.8273 ], [ 4.380929, 50.82727 ] ] } },
{ "type": "Feature", "properties": { "index": "-875772621#1", "element": "edge", "id": "-875772621#1", "name": "Rue de la Brasserie - Brouwerijstraat", "sampledSeconds": 1249.7, "departed": 4.0, "arrived": 2.0, "entered": 24.0, "left": 26.0, "laneChangedFrom": 0.0, "laneChangedTo": 0.0, "traveltime": 43.55, "overlapTraveltime": 44.81, "density": 1.43, "laneDensity": 1.43, "occupancy": 0.7, "waitingTime": 256.0, "timeLoss": 415.05, "speed": 5.55, "speedRelative": 0.67, "teleported": 0.0 }, "geometry": { "type": "LineString", "coordinates": [ [ 4.376227, 50.828335 ], [ 4.376243, 50.828345 ], [ 4.376312, 50.828399 ], [ 4.37667, 50.828685 ], [ 4.376847, 50.82883 ], [ 4.37714, 50.829069 ], [ 4.377285, 50.829186 ], [ 4.377361, 50.82924 ], [ 4.377447, 50.82929 ], [ 4.377472, 50.829303 ], [ 4.377555, 50.829342 ], [ 4.377688, 50.829392 ], [ 4.377723, 50.829403 ], [ 4.377804, 50.829426 ], [ 4.378583, 50.829601 ], [ 4.378676, 50.82962 ], [ 4.378738, 50.829631 ], [ 4.378764, 50.829635 ], [ 4.378789, 50.829638 ], [ 4.378846, 50.829644 ] ] } },
{ "type": "Feature", "properties": { "index": "-900443644#2", "element": "edge", "id": "-900443644#2", "name": "Rue du Trône - Troonstraat", "sampledSeconds": 0.0, "departed": 0.0, "arrived": 0.0, "entered": 1.0, "left": 1.0, "laneChangedFrom": 0.0, "laneChangedTo": 0.0, "traveltime": 0.0, "overlapTraveltime": 0.0, "density": 0.0, "laneDensity": 0.0, "occupancy": 0.0, "waitingTime": 0.0, "timeLoss": 0.0, "speed": 0.0, "speedRelative": 0.0, "teleported": 0.0 }, "geometry": { "type": "LineString", "coordinates": [ [ 4.371458, 50.835869 ], [ 4.371454, 50.835874 ], [ 4.371426, 50.835896 ], [ 4.371379, 50.835933 ], [ 4.371236, 50.836045 ] ] } },
{ "type": "Feature", "properties": { "index": "-9387033#3", "element": "edge", "id": "-9387033#3", "name": "Rue du Luxembourg - Luxemburgstraat", "sampledSeconds": 376.84, "departed": 8.0, "arrived": 0.0, "entered": 3.0, "left": 12.0, "laneChangedFrom": 0.0, "laneChangedTo": 0.0, "traveltime": 31.4, "overlapTraveltime": 32.66, "density": 0.97, "laneDensity": 0.97, "occupancy": 0.47, "waitingTime": 167.0, "timeLoss": 223.07, "speed": 3.47, "speedRelative": 0.42, "teleported": 0.0 }, "geometry": { "type": "LineString", "coordinates": [ [ 4.367471, 50.840287 ], [ 4.367465, 50.840288 ], [ 4.367202, 50.840337 ], [ 4.366251, 50.840538 ], [ 4.366215, 50.840546 ], [ 4.366157, 50.840558 ], [ 4.36601, 50.840588 ] ] } },
{ "type": "Feature", "properties": { "index": "-947381462", "element": "edge", "id": "-947381462", "name": "", "sampledSeconds": 0.0, "departed": 0.0, "arrived": 0.0, "entered": 0.0, "left": 0.0, "laneChangedFrom": 0.0, "laneChangedTo": 0.0, "traveltime": 0.0, "overlapTraveltime": 0.0, "density": 0.0, "laneDensity": 0.0, "occupancy": 0.0, "waitingTime": 0.0, "timeLoss": 0.0, "speed": 0.0, "speedRelative": 0.0, "teleported": 0.0 }, "geometry": { "type": "LineString", "coordinates": [ [ 4.383025, 50.826575 ], [ 4.383335, 50.826727 ] ] } },
{ "type": "Feature", "properties": { "index": "-95742119#1", "element": "edge", "id": "-95742119#1", "name": "Avenue Louise - Louizalaan", "sampledSeconds": 392.65, "departed": 8.0, "arrived": 4.0, "entered": 12.0, "left": 16.0, "laneChangedFrom": 0.0, "laneChangedTo": 0.0, "traveltime": 30.61, "overlapTraveltime": 26.68, "density": 29.96, "laneDensity": 29.96, "occupancy": 10.6, "waitingTime": 359.0, "timeLoss": 375.22, "speed": 0.32, "speedRelative": 0.04, "teleported": 1.0 }, "geometry": { "type": "LineString", "coordinates": [ [ 4.370531, 50.820772 ], [ 4.370481, 50.820763 ] ] } },
{ "type": "Feature", "properties": { "index": "-96016135", "element": "edge", "id": "-96016135", "name": "Rue de Londres - Londenstraat", "sampledSeconds": 37.62, "departed": 7.0, "arrived": 0.0, "entered": 2.0, "left": 9.0, "laneChangedFrom": 0.0, "laneChangedTo": 0.0, "traveltime": 11.0, "overlapTraveltime": 5.5, "density": 4.67, "laneDensity": 4.67, "occupancy": 0.95, "waitingTime": 21.0, "timeLoss": 27.7, "speed": 1.32, "speedRelative": 0.24, "teleported": 0.0 }, "geometry": { "type": "LineString", "coordinates": [ [ 4.366965, 50.838609 ], [ 4.36697, 50.838598 ], [ 4.366969, 50.838589 ] ] } },
{ "type": "Feature", "properties": { "index": "-96018881#4", "element": "edge", "id": "-96018881#4", "name": "Rue Defacqz - Defacqzstraat", "sampledSeconds": 1315.66, "departed": 7.0, "arrived": 0.0, "entered": 0.0, "left": 7.0, "laneChangedFrom": 0.0, "laneChangedTo": 0.0, "traveltime": 198.43, "overlapTraveltime": 203.17, "density": 3.75, "laneDensity": 3.75, "occupancy": 1.87, "waitingTime": 1199.0, "timeLoss": 1236.64, "speed": 0.5, "speedRelative": 0.06, "teleported": 3.0 }, "geometry": { "type": "LineString", "coordinates": [ [ 4.360631, 50.828393 ], [ 4.360777, 50.828456 ], [ 4.3608, 50.828466 ], [ 4.360849, 50.828486 ], [ 4.36165, 50.828812 ], [ 4.361699, 50.828832 ], [ 4.36173, 50.828846 ], [ 4.361788, 50.828873 ] ] } },
{ "type": "Feature", "properties": { "index": "-960773147", "element": "edge", "id": "-960773147", "name": "", "sampledSeconds": 1365.42, "departed": 3.0, "arrived": 3.0, "entered": 180.0, "left": 179.0, "laneChangedFrom": 0.0, "laneChangedTo": 0.0, "traveltime": 6.09, "overlapTraveltime": 7.55, "density": 36.16, "laneDensity": 36.16, "occupancy": 13.81, "waitingTime": 250.0, "timeLoss": 554.2, "speed": 2.05, "speedRelative": 0.74, "teleported": 0.0 }, "geometry": { "type": "LineString", "coordinates": [ [ 4.384906, 50.822689 ], [ 4.384815, 50.822763 ] ] } },
{ "type": "Feature", "properties": { "index": "-998997383", "element": "edge", "id": "-998997383", "name": "", "sampledSeconds": 0.0, "departed": 0.0, "arrived": 0.0, "entered": 0.0, "left": 0.0, "laneChangedFrom": 0.0, "laneChangedTo": 0.0, "traveltime": 0.0, "overlapTraveltime": 0.0, "density": 0.0, "laneDensity": 0.0, "occupancy": 0.0, "waitingTime": 0.0, "timeLoss": 0.0, "speed": 0.0, "speedRelative": 0.0, "teleported": 0.0 }, "geometry": { "type": "LineString", "coordinates": [ [ 4.377663, 50.824449 ], [ 4.377455, 50.824357 ] ] } },
{ "type": "Feature", "properties": { "index": "-998997384#2", "element": "edge", "id": "-998997384#2", "name": "", "sampledSeconds": 0.0, "departed": 0.0, "arrived": 0.0, "entered": 0.0, "left": 0.0, "laneChangedFrom": 0.0, "laneChangedTo": 0.0, "traveltime": 0.0, "overlapTraveltime": 0.0, "density": 0.0, "laneDensity": 0.0, "occupancy": 0.0, "waitingTime": 0.0, "timeLoss": 0.0, "speed": 0.0, "speedRelative": 0.0, "teleported": 0.0 }, "geometry": { "type": "LineString", "coordinates": [ [ 4.377103, 50.824706 ], [ 4.377324, 50.824794 ], [ 4.377353, 50.824864 ], [ 4.377322, 50.824946 ], [ 4.377791, 50.825138 ], [ 4.377863, 50.825159 ] ] } },
{ "type": "Feature", "properties": { "index": "-999084929", "element": "edge", "id": "-999084929", "name": "", "sampledSeconds": 0.0, "departed": 0.0, "arrived": 0.0, "entered": 0.0, "left": 0.0, "laneChangedFrom": 0.0, "laneChangedTo": 0.0, "traveltime": 0.0, "overlapTraveltime": 0.0, "density": 0.0, "laneDensity": 0.0, "occupancy": 0.0, "waitingTime": 0.0, "timeLoss": 0.0, "speed": 0.0, "speedRelative": 0.0, "teleported": 0.0 }, "geometry": { "type": "LineString", "coordinates": [ [ 4.365643, 50.830962 ], [ 4.365801, 50.831069 ] ] } },
{ "type": "Feature", "properties": { "index": "-999084931#0", "element": "edge", "id": "-999084931#0", "name": "", "sampledSeconds": 0.0, "departed": 0.0, "arrived": 0.0, "entered": 0.0, "left": 0.0, "laneChangedFrom": 0.0, "laneChangedTo": 0.0, "traveltime": 0.0, "overlapTraveltime": 0.0, "density": 0.0, "laneDensity": 0.0, "occupancy": 0.0, "waitingTime": 0.0, "timeLoss": 0.0, "speed": 0.0, "speedRelative": 0.0, "teleported": 0.0 }, "geometry": { "type": "LineString", "coordinates": [ [ 4.365603, 50.830905 ], [ 4.365751, 50.830782 ], [ 4.366017, 50.830899 ] ] } },
{ "type": "Feature", "properties": { "index": "-999084931#1", "element": "edge", "id": "-999084931#1", "name": "", "sampledSeconds": 0.0, "departed": 0.0, "arrived": 0.0, "entered": 0.0, "left": 0.0, "laneChangedFrom": 0.0, "laneChangedTo": 0.0, "traveltime": 0.0, "overlapTraveltime": 0.0, "density": 0.0, "laneDensity": 0.0, "occupancy": 0.0, "waitingTime": 0.0, "timeLoss": 0.0, "speed": 0.0, "speedRelative": 0.0, "teleported": 0.0 }, "geometry": { "type": "LineString", "coordinates": [ [ 4.365434, 50.830995 ], [ 4.365522, 50.830955 ] ] } },
{ "type": "Feature", "properties": { "index": "1000933268", "element": "edge", "id": "1000933268", "name": "", "sampledSeconds": 0.0, "departed": 0.0, "arrived": 0.0, "entered": 0.0, "left": 0.0, "laneChangedFrom": 0.0, "laneChangedTo": 0.0, "traveltime": 0.0, "overlapTraveltime": 0.0, "density": 0.0, "laneDensity": 0.0, "occupancy": 0.0, "waitingTime": 0.0, "timeLoss": 0.0, "speed": 0.0, "speedRelative": 0.0, "teleported": 0.0 }, "geometry": { "type": "LineString", "coordinates": [ [ 4.375113, 50.829348 ], [ 4.375026, 50.829284 ], [ 4.374849, 50.829275 ], [ 4.374811, 50.829273 ] ] } },
{ "type": "Feature", "properties": { "index": "1006106056#0", "element": "edge", "id": "1006106056#0", "name": "", "sampledSeconds": 0.0, "departed": 0.0, "arrived": 0.0, "entered": 0.0, "left": 0.0, "laneChangedFrom": 0.0, "laneChangedTo": 0.0, "traveltime": 0.0, "overlapTraveltime": 0.0, "density": 0.0, "laneDensity": 0.0, "occupancy": 0.0, "waitingTime": 0.0, "timeLoss": 0.0, "speed": 0.0, "speedRelative": 0.0, "teleported": 0.0 }, "geometry": { "type": "LineString", "coordinates": [ [ 4.379104, 50.825435 ], [ 4.379106, 50.825433 ] ] } },
{ "type": "Feature", "properties": { "index": "1006106056#1", "element": "edge", "id": "1006106056#1", "name": "", "sampledSeconds": 0.0, "departed": 0.0, "arrived": 0.0, "entered": 0.0, "left": 0.0, "laneChangedFrom": 0.0, "laneChangedTo": 0.0, "traveltime": 0.0, "overlapTraveltime": 0.0, "density": 0.0, "laneDensity": 0.0, "occupancy": 0.0, "waitingTime": 0.0, "timeLoss": 0.0, "speed": 0.0, "speedRelative": 0.0, "teleported": 0.0 }, "geometry": { "type": "LineString", "coordinates": [ [ 4.379161, 50.825382 ], [ 4.379177, 50.82537 ], [ 4.379188, 50.825355 ], [ 4.379223, 50.825311 ] ] } },
{ "type": "Feature", "properties": { "index": "1024105863", "element": "edge", "id": "1024105863", "name": "Rue de la Concorde - Eendrachtstraat / Rue de la Concorde - Eendrachtsstraat", "sampledSeconds": 6205.31, "departed": 1.0, "arrived": 0.0, "entered": 43.0, "left": 41.0, "laneChangedFrom": 0.0, "laneChangedTo": 0.0, "traveltime": 125.19, "overlapTraveltime": 172.76, "density": 65.94, "laneDensity": 65.94, "occupancy": 30.42, "waitingTime": 5902.0, "timeLoss": 6070.57, "speed": 0.18, "speedRelative": 0.02, "teleported": 0.0 }, "geometry": { "type": "LineString", "coordinates": [ [ 4.359903, 50.832382 ], [ 4.359656, 50.832206 ] ] } },
{ "type": "Feature", "properties": { "index": "1037986847", "element": "edge", "id": "1037986847", "name": "Rue du Sceptre - Scepterstraat", "sampledSeconds": 18.55, "departed": 7.0, "arrived": 5.0, "entered": 10.0, "left": 12.0, "laneChangedFrom": 0.0, "laneChangedTo": 0.0, "traveltime": 0.03, "overlapTraveltime": 1.23, "density": 25.76, "laneDensity": 25.76, "occupancy": 0.5, "waitingTime": 0.0, "timeLoss": 9.07, "speed": 4.21, "speedRelative": 0.51, "teleported": 0.0 }, "geometry": { "type": "LineString", "coordinates": [ [ 4.375223, 50.832872 ], [ 4.375225, 50.832873 ] ] } },
{ "type": "Feature", "properties": { "index": "1041085657#0", "element": "edge", "id": "1041085657#0", "name": "Rue Maria Malibran - Maria Malibranstraat", "sampledSeconds": 1437.85, "departed": 9.0, "arrived": 1.0, "entered": 73.0, "left": 81.0, "laneChangedFrom": 0.0, "laneChangedTo": 0.0, "traveltime": 17.16, "overlapTraveltime": 17.9, "density": 3.28, "laneDensity": 3.28, "occupancy": 1.58, "waitingTime": 0.0, "timeLoss": 194.23, "speed": 7.09, "speedRelative": 0.85, "teleported": 0.0 }, "geometry": { "type": "LineString", "coordinates": [ [ 4.37231, 50.828694 ], [ 4.372345, 50.828762 ], [ 4.372415, 50.828878 ], [ 4.372879, 50.829643 ], [ 4.372925, 50.829719 ] ] } },
{ "type": "Feature", "properties": { "index": "1053478468#0", "element": "edge", "id": "1053478468#0", "name": "Avenue Louise - Louizalaan", "sampledSeconds": 8857.83, "departed": 9.0, "arrived": 2.0, "entered": 51.0, "left": 59.0, "laneChangedFrom": 0.0, "laneChangedTo": 0.0, "traveltime": 146.11, "overlapTraveltime": 147.04, "density": 8.41, "laneDensity": 8.41, "occupancy": 4.19, "waitingTime": 5683.0, "timeLoss": 6684.03, "speed": 2.02, "speedRelative": 0.24, "teleported": 0.0 }, "geometry": { "type": "LineString", "coordinates": [ [ 4.367631, 50.823308 ], [ 4.367662, 50.82327 ], [ 4.36875, 50.822237 ], [ 4.369463, 50.821523 ], [ 4.36951, 50.821458 ], [ 4.369526, 50.821411 ], [ 4.369482, 50.821326 ], [ 4.369458, 50.821242 ], [ 4.369457, 50.821156 ], [ 4.369475, 50.821069 ], [ 4.36949, 50.821039 ] ] } },
{ "type": "Feature", "properties": { "index": "1053478469#0", "element": "edge", "id": "1053478469#0", "name": "Avenue Louise - Louizalaan", "sampledSeconds": 7359.05, "departed": 2.0, "arrived": 4.0, "entered": 84.0, "left": 76.0, "laneChangedFrom": 0.0, "laneChangedTo": 0.0, "traveltime": 77.01, "overlapTraveltime": 94.25, "density": 46.03, "laneDensity": 46.03, "occupancy": 20.38, "waitingTime": 6640.0, "timeLoss": 6893.24, "speed": 0.52, "speedRelative": 0.06, "teleported": 0.0 }, "geometry": { "type": "LineString", "coordinates": [ [ 4.366846, 50.824071 ], [ 4.367079, 50.823852 ], [ 4.367199, 50.823741 ] ] } },
{ "type": "Feature", "properties": { "index": "1053478469#1", "element": "edge", "id": "1053478469#1", "name": "Avenue Louise - Louizalaan", "sampledSeconds": 3814.66, "departed": 8.0, "arrived": 0.0, "entered": 44.0, "left": 52.0, "laneChangedFrom": 0.0, "laneChangedTo": 0.0, "traveltime": 75.64, "overlapTraveltime": 76.77, "density": 36.1, "laneDensity": 36.1, "occupancy": 17.88, "waitingTime": 3488.0, "timeLoss": 3599.18, "speed": 0.45, "speedRelative": 0.05, "teleported": 3.0 }, "geometry": { "type": "LineString", "coordinates": [ [ 4.367279, 50.823664 ], [ 4.367411, 50.823539 ], [ 4.367448, 50.823504 ], [ 4.367483, 50.823472 ], [ 4.367509, 50.823445 ] ] } },
{ "type": "Feature", "properties": { "index": "1053478470", "element": "edge", "id": "1053478470", "name": "Avenue Louise - Louizalaan", "sampledSeconds": 13433.2, "departed": 4.0, "arrived": 0.0, "entered": 138.0, "left": 138.0, "laneChangedFrom": 0.0, "laneChangedTo": 0.0, "traveltime": 114.77, "overlapTraveltime": 116.16, "density": 111.39, "laneDensity": 111.39, "occupancy": 52.5, "waitingTime": 12414.0, "timeLoss": 12897.2, "speed": 0.33, "speedRelative": 0.04, "teleported": 3.0 }, "geometry": { "type": "LineString", "coordinates": [ [ 4.360503, 50.830208 ], [ 4.360769, 50.829958 ] ] } },
{ "type": "Feature", "properties": { "index": "1053478471", "element": "edge", "id": "1053478471", "name": "Avenue Louise - Louizalaan", "sampledSeconds": 12870.39, "departed": 5.0, "arrived": 2.0, "entered": 25.0, "left": 21.0, "laneChangedFrom": 0.0, "laneChangedTo": 0.0, "traveltime": 522.89, "overlapTraveltime": 544.91, "density": 66.19, "laneDensity": 66.19, "occupancy": 32.5, "waitingTime": 12483.0, "timeLoss": 12700.7, "speed": 0.11, "speedRelative": 0.01, "teleported": 7.0 }, "geometry": { "type": "LineString", "coordinates": [ [ 4.359932, 50.830763 ], [ 4.360166, 50.830543 ], [ 4.360236, 50.830454 ], [ 4.360344, 50.830355 ] ] } },
{ "type": "Feature", "properties": { "index": "1053478472#0", "element": "edge", "id": "1053478472#0", "name": "Avenue Louise - Louizalaan", "sampledSeconds": 16.45, "departed": 2.0, "arrived": 1.0, "entered": 15.0, "left": 16.0, "laneChangedFrom": 0.0, "laneChangedTo": 0.0, "traveltime": 0.13, "overlapTraveltime": 1.04, "density": 11.42, "laneDensity": 11.42, "occupancy": 0.43, "waitingTime": 1.0, "timeLoss": 5.2, "speed": 5.2, "speedRelative": 0.62, "teleported": 0.0 }, "geometry": { "type": "LineString", "coordinates": [ [ 4.358853, 50.831824 ], [ 4.358856, 50.831821 ] ] } },
{ "type": "Feature", "properties": { "index": "1053478472#1", "element": "edge", "id": "1053478472#1", "name": "Avenue Louise - Louizalaan", "sampledSeconds": 4680.32, "departed": 5.0, "arrived": 0.0, "entered": 25.0, "left": 23.0, "laneChangedFrom": 0.0, "laneChangedTo": 0.0, "traveltime": 164.68, "overlapTraveltime": 166.93, "density": 11.65, "laneDensity": 11.65, "occupancy": 5.8, "waitingTime": 4148.0, "timeLoss": 4277.67, "speed": 0.7, "speedRelative": 0.08, "teleported": 1.0 }, "geometry": { "type": "LineString", "coordinates": [ [ 4.358959, 50.831714 ], [ 4.358977, 50.831696 ], [ 4.359301, 50.831385 ], [ 4.359819, 50.830871 ] ] } },
{ "type": "Feature", "properties": { "index": "1056901981#0", "element": "edge", "id": "1056901981#0", "name": "", "sampledSeconds": 0.0, "departed": 0.0, "arrived": 0.0, "entered": 0.0, "left": 0.0, "laneChangedFrom": 0.0, "laneChangedTo": 0.0, "traveltime": 0.0, "overlapTraveltime": 0.0, "density": 0.0, "laneDensity": 0.0, "occupancy": 0.0, "waitingTime": 0.0, "timeLoss": 0.0, "speed": 0.0, "speedRelative": 0.0, "teleported": 0.0 }, "geometry": { "type": "LineString", "coordinates": [ [ 4.367672, 50.831123 ], [ 4.367797, 50.831001 ], [ 4.367826, 50.830973 ] ] } },
{ "type": "Feature", "properties": { "index": "1058267556#1", "element": "edge", "id": "1058267556#1", "name": "", "sampledSeconds": 0.0, "departed": 0.0, "arrived": 0.0, "entered": 0.0, "left": 0.0, "laneChangedFrom": 0.0, "laneChangedTo": 0.0, "traveltime": 0.0, "overlapTraveltime": 0.0, "density": 0.0, "laneDensity": 0.0, "occupancy": 0.0, "waitingTime": 0.0, "timeLoss": 0.0, "speed": 0.0, "speedRelative": 0.0, "teleported": 0.0 }, "geometry": { "type": "LineString", "coordinates": [ [ 4.36821, 50.834666 ], [ 4.368212, 50.834665 ] ] } },
{ "type": "Feature", "properties": { "index": "1058268367", "element": "edge", "id": "1058268367", "name": "", "sampledSeconds": 0.0, "departed": 0.0, "arrived": 0.0, "entered": 0.0, "left": 0.0, "laneChangedFrom": 0.0, "laneChangedTo": 0.0, "traveltime": 0.0, "overlapTraveltime": 0.0, "density": 0.0, "laneDensity": 0.0, "occupancy": 0.0, "waitingTime": 0.0, "timeLoss": 0.0, "speed": 0.0, "speedRelative": 0.0, "teleported": 0.0 }, "geometry": { "type": "LineString", "coordinates": [ [ 4.367875, 50.834884 ], [ 4.367926, 50.834818 ], [ 4.368116, 50.834718 ], [ 4.368143, 50.834703 ] ] } },
{ "type": "Feature", "properties": { "index": "1062952936", "element": "edge", "id": "1062952936", "name": "Boulevard de Waterloo - Waterloolaan", "sampledSeconds": 0.0, "departed": 0.0, "arrived": 0.0, "entered": 0.0, "left": 0.0, "laneChangedFrom": 0.0, "laneChangedTo": 0.0, "traveltime": 0.0, "overlapTraveltime": 0.0, "density": 0.0, "laneDensity": 0.0, "occupancy": 0.0, "waitingTime": 0.0, "timeLoss": 0.0, "speed": 0.0, "speedRelative": 0.0, "teleported": 0.0 }, "geometry": { "type": "LineString", "coordinates": [ [ 4.355718, 50.836264 ], [ 4.355697, 50.836263 ], [ 4.355405, 50.83614 ], [ 4.355323, 50.836104 ], [ 4.355194, 50.836054 ] ] } },
{ "type": "Feature", "properties": { "index": "1066431524#0", "element": "edge", "id": "1066431524#0", "name": "Avenue Louise - Louizalaan", "sampledSeconds": 20365.84, "departed": 4.0, "arrived": 2.0, "entered": 238.0, "left": 242.0, "laneChangedFrom": 38.0, "laneChangedTo": 38.0, "traveltime": 82.47, "overlapTraveltime": 84.31, "density": 30.59, "laneDensity": 10.2, "occupancy": 5.0, "waitingTime": 12951.0, "timeLoss": 16932.18, "speed": 2.25, "speedRelative": 0.16, "teleported": 1.0 }, "geometry": { "type": "LineString", "coordinates": [ [ 4.369027, 50.822229 ], [ 4.369217, 50.822048 ], [ 4.369581, 50.821706 ], [ 4.369721, 50.821576 ], [ 4.369963, 50.821335 ], [ 4.370081, 50.821171 ], [ 4.370179, 50.821 ], [ 4.370266, 50.820832 ], [ 4.370271, 50.820781 ] ] } },
{ "type": "Feature", "properties": { "index": "1066431525", "element": "edge", "id": "1066431525", "name": "Avenue Louise - Louizalaan", "sampledSeconds": 10454.56, "departed": 1.0, "arrived": 3.0, "entered": 70.0, "left": 57.0, "laneChangedFrom": 0.0, "laneChangedTo": 0.0, "traveltime": 154.43, "overlapTraveltime": 155.93, "density": 20.93, "laneDensity": 20.93, "occupancy": 10.42, "waitingTime": 8900.0, "timeLoss": 9269.67, "speed": 0.92, "speedRelative": 0.11, "teleported": 1.0 }, "geometry": { "type": "LineString", "coordinates": [ [ 4.370337, 50.821638 ], [ 4.370314, 50.821644 ], [ 4.370196, 50.821658 ], [ 4.370075, 50.821661 ], [ 4.370026, 50.821672 ], [ 4.369956, 50.821718 ], [ 4.369712, 50.821948 ], [ 4.369271, 50.822382 ], [ 4.369102, 50.822538 ] ] } },
{ "type": "Feature", "properties": { "index": "1066438511#0", "element": "edge", "id": "1066438511#0", "name": "Avenue Émile Duray - Émile Duraylaan", "sampledSeconds": 295.96, "departed": 9.0, "arrived": 4.0, "entered": 20.0, "left": 25.0, "laneChangedFrom": 0.0, "laneChangedTo": 0.0, "traveltime": 9.54, "overlapTraveltime": 10.47, "density": 1.3, "laneDensity": 1.3, "occupancy": 0.6, "waitingTime": 7.0, "timeLoss": 55.91, "speed": 6.52, "speedRelative": 0.78, "teleported": 0.0 }, "geometry": { "type": "LineString", "coordinates": [ [ 4.376409, 50.817542 ], [ 4.376449, 50.817607 ], [ 4.37659, 50.817856 ], [ 4.376646, 50.818032 ], [ 4.376653, 50.818087 ] ] } },
{ "type": "Feature", "properties": { "index": "107118812", "element": "edge", "id": "107118812", "name": "Rue du Couloir - Gangstraat", "sampledSeconds": 283.6, "departed": 3.0, "arrived": 1.0, "entered": 14.0, "left": 16.0, "laneChangedFrom": 0.0, "laneChangedTo": 0.0, "traveltime": 15.95, "overlapTraveltime": 16.81, "density": 0.69, "laneDensity": 0.69, "occupancy": 0.33, "waitingTime": 0.0, "timeLoss": 28.84, "speed": 7.09, "speedRelative": 0.85, "teleported": 0.0 }, "geometry": { "type": "LineString", "coordinates": [ [ 4.370596, 50.829774 ], [ 4.370674, 50.829818 ], [ 4.371789, 50.830468 ] ] } },
{ "type": "Feature", "properties": { "index": "1080960154#0", "element": "edge", "id": "1080960154#0", "name": "Avenue Général de Gaulle - Generaal de Gaullelaan", "sampledSeconds": 2278.96, "departed": 2.0, "arrived": 3.0, "entered": 18.0, "left": 15.0, "laneChangedFrom": 0.0, "laneChangedTo": 0.0, "traveltime": 82.19, "overlapTraveltime": 115.29, "density": 3.6, "laneDensity": 3.6, "occupancy": 1.33, "waitingTime": 1543.0, "timeLoss": 1659.1, "speed": 1.57, "speedRelative": 0.28, "teleported": 0.0 }, "geometry": { "type": "LineString", "coordinates": [ [ 4.371426, 50.8251 ], [ 4.371454, 50.825069 ], [ 4.372417, 50.823752 ], [ 4.37248, 50.823668 ] ] } },
{ "type": "Feature", "properties": { "index": "1083809476#0", "element": "edge", "id": "1083809476#0", "name": "Rue de l&apos;Abbaye - Abdijstraat", "sampledSeconds": 112.39, "departed": 0.0, "arrived": 11.0, "entered": 11.0, "left": 0.0, "laneChangedFrom": 0.0, "laneChangedTo": 0.0, "traveltime": 9.78, "overlapTraveltime": 10.47, "density": 0.43, "laneDensity": 0.43, "occupancy": 0.2, "waitingTime": 0.0, "timeLoss": 9.05, "speed": 7.39, "speedRelative": 0.89, "teleported": 0.0 }, "geometry": { "type": "LineString", "coordinates": [ [ 4.37043, 50.819407 ], [ 4.370415, 50.819404 ], [ 4.370379, 50.819399 ], [ 4.370314, 50.819392 ], [ 4.369521, 50.819293 ], [ 4.369422, 50.819282 ] ] } },
{ "type": "Feature", "properties": { "index": "1089552776#1", "element": "edge", "id": "1089552776#1", "name": "Place Eugène Flagey - Eugène Flageyplein", "sampledSeconds": 8367.76, "departed": 4.0, "arrived": 1.0, "entered": 365.0, "left": 362.0, "laneChangedFrom": 0.0, "laneChangedTo": 0.0, "traveltime": 18.82, "overlapTraveltime": 26.44, "density": 112.45, "laneDensity": 112.45, "occupancy": 42.76, "waitingTime": 6975.0, "timeLoss": 7383.41, "speed": 0.97, "speedRelative": 0.12, "teleported": 0.0 }, "geometry": { "type": "LineString", "coordinates": [ [ 4.372872, 50.828111 ], [ 4.37274, 50.828212 ], [ 4.372685, 50.828254 ] ] } },
{ "type": "Feature", "properties": { "index": "1089556862", "element": "edge", "id": "1089556862", "name": "", "sampledSeconds": 0.0, "departed": 0.0, "arrived": 0.0, "entered": 0.0, "left": 0.0, "laneChangedFrom": 0.0, "laneChangedTo": 0.0, "traveltime": 0.0, "overlapTraveltime": 0.0, "density": 0.0, "laneDensity": 0.0, "occupancy": 0.0, "waitingTime": 0.0, "timeLoss": 0.0, "speed": 0.0, "speedRelative": 0.0, "teleported": 0.0 }, "geometry": { "type": "LineString", "coordinates": [ [ 4.372971, 50.827919 ], [ 4.372912, 50.827961 ], [ 4.372821, 50.827983 ], [ 4.372741, 50.827992 ], [ 4.372655, 50.827998 ], [ 4.372558, 50.827999 ], [ 4.372463, 50.827994 ], [ 4.372358, 50.827972 ], [ 4.372274, 50.827909 ], [ 4.372209, 50.827833 ], [ 4.372183, 50.827742 ], [ 4.372212, 50.827647 ], [ 4.372316, 50.827556 ], [ 4.372489, 50.827516 ], [ 4.372703, 50.827509 ], [ 4.372949, 50.827514 ], [ 4.373089, 50.827538 ], [ 4.373193, 50.827601 ], [ 4.373191, 50.827678 ], [ 4.373147, 50.827729 ] ] } },
{ "type": "Feature", "properties": { "index": "1091652283", "element": "edge", "id": "1091652283", "name": "Avenue de la Toison d&apos;Or - Gulden-Vlieslaan", "sampledSeconds": 1500.2, "departed": 5.0, "arrived": 0.0, "entered": 124.0, "left": 128.0, "laneChangedFrom": 30.0, "laneChangedTo": 30.0, "traveltime": 11.35, "overlapTraveltime": 11.72, "density": 2.8, "laneDensity": 1.4, "occupancy": 0.68, "waitingTime": 0.0, "timeLoss": 89.97, "speed": 13.14, "speedRelative": 0.95, "teleported": 0.0 }, "geometry": { "type": "LineString", "coordinates": [ [ 4.358626, 50.837087 ], [ 4.359159, 50.837307 ], [ 4.359664, 50.837515 ], [ 4.360391, 50.837826 ] ] } },
{ "type": "Feature", "properties": { "index": "1091652430", "element": "edge", "id": "1091652430", "name": "Avenue de la Toison d&apos;Or - Gulden-Vlieslaan", "sampledSeconds": 926.34, "departed": 3.0, "arrived": 2.0, "entered": 217.0, "left": 216.0, "laneChangedFrom": 3.0, "laneChangedTo": 3.0, "traveltime": 3.62, "overlapTraveltime": 4.25, "density": 7.04, "laneDensity": 2.35, "occupancy": 1.03, "waitingTime": 42.0, "timeLoss": 213.03, "speed": 9.78, "speedRelative": 0.7, "teleported": 0.0 }, "geometry": { "type": "LineString", "coordinates": [ [ 4.36134, 50.838221 ], [ 4.361626, 50.838338 ], [ 4.361629, 50.83834 ], [ 4.361701, 50.838369 ], [ 4.361728, 50.83838 ], [ 4.361777, 50.838399 ] ] } },
{ "type": "Feature", "properties": { "index": "1092037414", "element": "edge", "id": "1092037414", "name": "", "sampledSeconds": 0.0, "departed": 0.0, "arrived": 0.0, "entered": 0.0, "left": 0.0, "laneChangedFrom": 0.0, "laneChangedTo": 0.0, "traveltime": 0.0, "overlapTraveltime": 0.0, "density": 0.0, "laneDensity": 0.0, "occupancy": 0.0, "waitingTime": 0.0, "timeLoss": 0.0, "speed": 0.0, "speedRelative": 0.0, "teleported": 0.0 }, "geometry": { "type": "LineString", "coordinates": [ [ 4.368196, 50.834655 ], [ 4.368182, 50.834644 ] ] } },
{ "type": "Feature", "properties": { "index": "1092277111#0", "element": "edge", "id": "1092277111#0", "name": "", "sampledSeconds": 0.0, "departed": 0.0, "arrived": 0.0, "entered": 0.0, "left": 0.0, "laneChangedFrom": 0.0, "laneChangedTo": 0.0, "traveltime": 0.0, "overlapTraveltime": 0.0, "density": 0.0, "laneDensity": 0.0, "occupancy": 0.0, "waitingTime": 0.0, "timeLoss": 0.0, "speed": 0.0, "speedRelative": 0.0, "teleported": 0.0 }, "geometry": { "type": "LineString", "coordinates": [ [ 4.380853, 50.821601 ], [ 4.380804, 50.821571 ] ] } },
{ "type": "Feature", "properties": { "index": "1092277111#1", "element": "edge", "id": "1092277111#1", "name": "", "sampledSeconds": 0.0, "departed": 0.0, "arrived": 0.0, "entered": 0.0, "left": 0.0, "laneChangedFrom": 0.0, "laneChangedTo": 0.0, "traveltime": 0.0, "overlapTraveltime": 0.0, "density": 0.0, "laneDensity": 0.0, "occupancy": 0.0, "waitingTime": 0.0, "timeLoss": 0.0, "speed": 0.0, "speedRelative": 0.0, "teleported": 0.0 }, "geometry": { "type": "LineString", "coordinates": [ [ 4.380706, 50.821511 ], [ 4.38055, 50.821415 ], [ 4.380415, 50.821331 ], [ 4.380348, 50.82129 ] ] } },
{ "type": "Feature", "properties": { "index": "1092277114#0", "element": "edge", "id": "1092277114#0", "name": "", "sampledSeconds": 0.0, "departed": 0.0, "arrived": 0.0, "entered": 0.0, "left": 0.0, "laneChangedFrom": 0.0, "laneChangedTo": 0.0, "traveltime": 0.0, "overlapTraveltime": 0.0, "density": 0.0, "laneDensity": 0.0, "occupancy": 0.0, "waitingTime": 0.0, "timeLoss": 0.0, "speed": 0.0, "speedRelative": 0.0, "teleported": 0.0 }, "geometry": { "type": "LineString", "coordinates": [ [ 4.380486, 50.821688 ], [ 4.380707, 50.821551 ] ] } },
{ "type": "Feature", "properties": { "index": "1092277114#1", "element": "edge", "id": "1092277114#1", "name": "", "sampledSeconds": 0.0, "departed": 0.0, "arrived": 0.0, "entered": 0.0, "left": 0.0, "laneChangedFrom": 0.0, "laneChangedTo": 0.0, "traveltime": 0.0, "overlapTraveltime": 0.0, "density": 0.0, "laneDensity": 0.0, "occupancy": 0.0, "waitingTime": 0.0, "timeLoss": 0.0, "speed": 0.0, "speedRelative": 0.0, "teleported": 0.0 }, "geometry": { "type": "LineString", "coordinates": [ [ 4.380803, 50.821491 ], [ 4.380846, 50.821464 ] ] } },
{ "type": "Feature", "properties": { "index": "109398805", "element": "edge", "id": "109398805", "name": "Tunnel Louise - Louizatunnel", "sampledSeconds": 2212.57, "departed": 3.0, "arrived": 1.0, "entered": 117.0, "left": 122.0, "laneChangedFrom": 0.0, "laneChangedTo": 0.0, "traveltime": 17.52, "overlapTraveltime": 18.21, "density": 3.0, "laneDensity": 3.0, "occupancy": 1.46, "waitingTime": 4.0, "timeLoss": 370.83, "speed": 11.52, "speedRelative": 0.83, "teleported": 0.0 }, "geometry": { "type": "LineString", "coordinates": [ [ 4.355457, 50.83556 ], [ 4.355456, 50.835571 ], [ 4.355466, 50.835628 ], [ 4.355497, 50.835677 ], [ 4.355529, 50.835715 ], [ 4.355574, 50.835749 ], [ 4.356041, 50.835938 ], [ 4.356357, 50.836062 ], [ 4.356564, 50.836144 ], [ 4.356714, 50.836218 ], [ 4.35689, 50.83631 ], [ 4.356992, 50.836365 ], [ 4.35709, 50.836425 ], [ 4.357182, 50.836482 ], [ 4.357277, 50.836535 ], [ 4.357425, 50.836617 ], [ 4.357477, 50.836645 ], [ 4.357632, 50.836723 ] ] } },
{ "type": "Feature", "properties": { "index": "1098324353", "element": "edge", "id": "1098324353", "name": "Boulevard de la Cambre - Terkamerenlaan", "sampledSeconds": 38.43, "departed": 6.0, "arrived": 5.0, "entered": 33.0, "left": 34.0, "laneChangedFrom": 0.0, "laneChangedTo": 0.0, "traveltime": 0.03, "overlapTraveltime": 1.05, "density": 53.37, "laneDensity": 53.37, "occupancy": 1.03, "waitingTime": 0.0, "timeLoss": 9.47, "speed": 4.97, "speedRelative": 0.6, "teleported": 0.0 }, "geometry": { "type": "LineString", "coordinates": [ [ 4.376042, 50.816237 ], [ 4.376044, 50.816238 ] ] } },
{ "type": "Feature", "properties": { "index": "1098324354", "element": "edge", "id": "1098324354", "name": "Boulevard de la Cambre - Terkamerenlaan", "sampledSeconds": 80.2, "departed": 9.0, "arrived": 4.0, "entered": 67.0, "left": 72.0, "laneChangedFrom": 0.0, "laneChangedTo": 0.0, "traveltime": 0.04, "overlapTraveltime": 1.06, "density": 111.39, "laneDensity": 111.39, "occupancy": 2.15, "waitingTime": 0.0, "timeLoss": 21.51, "speed": 4.9, "speedRelative": 0.59, "teleported": 0.0 }, "geometry": { "type": "LineString", "coordinates": [ [ 4.375878, 50.816215 ], [ 4.375881, 50.816215 ] ] } },
{ "type": "Feature", "properties": { "index": "1098324355", "element": "edge", "id": "1098324355", "name": "Avenue Franklin Roosevelt - Franklin Rooseveltlaan", "sampledSeconds": 38.78, "departed": 4.0, "arrived": 5.0, "entered": 42.0, "left": 41.0, "laneChangedFrom": 0.0, "laneChangedTo": 0.0, "traveltime": 0.02, "overlapTraveltime": 0.91, "density": 76.95, "laneDensity": 76.95, "occupancy": 1.05, "waitingTime": 0.0, "timeLoss": 12.42, "speed": 5.67, "speedRelative": 0.41, "teleported": 0.0 }, "geometry": { "type": "LineString", "coordinates": [ [ 4.376072, 50.816298 ], [ 4.376071, 50.816299 ] ] } },
{ "type": "Feature", "properties": { "index": "1099375862", "element": "edge", "id": "1099375862", "name": "Square Sans-Souci - Sans-Soucisquare", "sampledSeconds": 0.0, "departed": 0.0, "arrived": 0.0, "entered": 0.0, "left": 0.0, "laneChangedFrom": 0.0, "laneChangedTo": 0.0, "traveltime": 0.0, "overlapTraveltime": 0.0, "density": 0.0, "laneDensity": 0.0, "occupancy": 0.0, "waitingTime": 0.0, "timeLoss": 0.0, "speed": 0.0, "speedRelative": 0.0, "teleported": 0.0 }, "geometry": { "type": "LineString", "coordinates": [ [ 4.37191, 50.832846 ], [ 4.371924, 50.832856 ], [ 4.372048, 50.832941 ], [ 4.372092, 50.83297 ] ] } },
{ "type": "Feature", "properties": { "index": "109993439", "element": "edge", "id": "109993439", "name": "Avenue de la Toison d&apos;Or - Gulden-Vlieslaan", "sampledSeconds": 45.74, "departed": 9.0, "arrived": 0.0, "entered": 0.0, "left": 9.0, "laneChangedFrom": 0.0, "laneChangedTo": 0.0, "traveltime": 5.51, "overlapTraveltime": 6.22, "density": 0.55, "laneDensity": 0.55, "occupancy": 0.26, "waitingTime": 0.0, "timeLoss": 21.16, "speed": 4.5, "speedRelative": 0.54, "teleported": 0.0 }, "geometry": { "type": "LineString", "coordinates": [ [ 4.353976, 50.835105 ], [ 4.354217, 50.83521 ], [ 4.35424, 50.835225 ] ] } },
{ "type": "Feature", "properties": { "index": "1104041094", "element": "edge", "id": "1104041094", "name": "", "sampledSeconds": 0.0, "departed": 0.0, "arrived": 0.0, "entered": 0.0, "left": 0.0, "laneChangedFrom": 0.0, "laneChangedTo": 0.0, "traveltime": 0.0, "overlapTraveltime": 0.0, "density": 0.0, "laneDensity": 0.0, "occupancy": 0.0, "waitingTime": 0.0, "timeLoss": 0.0, "speed": 0.0, "speedRelative": 0.0, "teleported": 0.0 }, "geometry": { "type": "LineString", "coordinates": [ [ 4.385311, 50.825185 ], [ 4.385026, 50.825044 ], [ 4.384968, 50.825016 ] ] } },
{ "type": "Feature", "properties": { "index": "1106583870", "element": "edge", "id": "1106583870", "name": "Rue Kerckx - Kerckxstraat", "sampledSeconds": 130.46, "departed": 5.0, "arrived": 2.0, "entered": 5.0, "left": 8.0, "laneChangedFrom": 0.0, "laneChangedTo": 0.0, "traveltime": 12.58, "overlapTraveltime": 13.42, "density": 0.41, "laneDensity": 0.41, "occupancy": 0.2, "waitingTime": 0.0, "timeLoss": 17.39, "speed": 6.9, "speedRelative": 0.83, "teleported": 0.0 }, "geometry": { "type": "LineString", "coordinates": [ [ 4.375912, 50.830469 ], [ 4.375937, 50.830481 ], [ 4.376233, 50.830751 ], [ 4.376378, 50.830884 ], [ 4.376572, 50.831063 ], [ 4.376625, 50.831101 ], [ 4.37664, 50.831102 ] ] } },
{ "type": "Feature", "properties": { "index": "1109746214", "element": "edge", "id": "1109746214", "name": "", "sampledSeconds": 0.0, "departed": 0.0, "arrived": 0.0, "entered": 0.0, "left": 0.0, "laneChangedFrom": 0.0, "laneChangedTo": 0.0, "traveltime": 0.0, "overlapTraveltime": 0.0, "density": 0.0, "laneDensity": 0.0, "occupancy": 0.0, "waitingTime": 0.0, "timeLoss": 0.0, "speed": 0.0, "speedRelative": 0.0, "teleported": 0.0 }, "geometry": { "type": "LineString", "coordinates": [ [ 4.38439, 50.821625 ], [ 4.384399, 50.821572 ] ] } },
{ "type": "Feature", "properties": { "index": "1109746215", "element": "edge", "id": "1109746215", "name": "", "sampledSeconds": 0.0, "departed": 0.0, "arrived": 0.0, "entered": 0.0, "left": 0.0, "laneChangedFrom": 0.0, "laneChangedTo": 0.0, "traveltime": 0.0, "overlapTraveltime": 0.0, "density": 0.0, "laneDensity": 0.0, "occupancy": 0.0, "waitingTime": 0.0, "timeLoss": 0.0, "speed": 0.0, "speedRelative": 0.0, "teleported": 0.0 }, "geometry": { "type": "LineString", "coordinates": [ [ 4.384614, 50.821506 ], [ 4.384531, 50.82151 ] ] } },
{ "type": "Feature", "properties": { "index": "1111106315", "element": "edge", "id": "1111106315", "name": "Rue Jean Van Volsem - Jean Van Volsemstraat", "sampledSeconds": 443.74, "departed": 6.0, "arrived": 3.0, "entered": 30.0, "left": 33.0, "laneChangedFrom": 0.0, "laneChangedTo": 0.0, "traveltime": 11.58, "overlapTraveltime": 12.47, "density": 1.68, "laneDensity": 1.68, "occupancy": 0.79, "waitingTime": 41.0, "timeLoss": 99.76, "speed": 6.29, "speedRelative": 0.75, "teleported": 0.0 }, "geometry": { "type": "LineString", "coordinates": [ [ 4.372281, 50.831642 ], [ 4.372997, 50.832122 ] ] } },
{ "type": "Feature", "properties": { "index": "1111110395", "element": "edge", "id": "1111110395", "name": "Rue de l&apos;Ermitage - Kluisstraat", "sampledSeconds": 240.56, "departed": 3.0, "arrived": 2.0, "entered": 15.0, "left": 15.0, "laneChangedFrom": 0.0, "laneChangedTo": 0.0, "traveltime": 12.94, "overlapTraveltime": 13.68, "density": 0.72, "laneDensity": 0.72, "occupancy": 0.34, "waitingTime": 0.0, "timeLoss": 24.89, "speed": 7.18, "speedRelative": 0.86, "teleported": 0.0 }, "geometry": { "type": "LineString", "coordinates": [ [ 4.365596, 50.828557 ], [ 4.365628, 50.828569 ], [ 4.366705, 50.828989 ], [ 4.366724, 50.828997 ] ] } },
{ "type": "Feature", "properties": { "index": "1112471208", "element": "edge", "id": "1112471208", "name": "Boulevard de Waterloo - Waterloolaan", "sampledSeconds": 0.0, "departed": 0.0, "arrived": 0.0, "entered": 0.0, "left": 0.0, "laneChangedFrom": 0.0, "laneChangedTo": 0.0, "traveltime": 0.0, "overlapTraveltime": 0.0, "density": 0.0, "laneDensity": 0.0, "occupancy": 0.0, "waitingTime": 0.0, "timeLoss": 0.0, "speed": 0.0, "speedRelative": 0.0, "teleported": 0.0 }, "geometry": { "type": "LineString", "coordinates": [ [ 4.35412, 50.835614 ], [ 4.354117, 50.835614 ] ] } },
{ "type": "Feature", "properties": { "index": "111691945", "element": "edge", "id": "111691945", "name": "Rue du Conseil - Raadstraat", "sampledSeconds": 86.24, "departed": 1.0, "arrived": 3.0, "entered": 19.0, "left": 17.0, "laneChangedFrom": 0.0, "laneChangedTo": 0.0, "traveltime": 3.48, "overlapTraveltime": 4.39, "density": 1.47, "laneDensity": 1.47, "occupancy": 0.58, "waitingTime": 0.0, "timeLoss": 16.6, "speed": 4.87, "speedRelative": 0.88, "teleported": 0.0 }, "geometry": { "type": "LineString", "coordinates": [ [ 4.367222, 50.833234 ], [ 4.367183, 50.833274 ], [ 4.367188, 50.833323 ], [ 4.367233, 50.833365 ] ] } },
{ "type": "Feature", "properties": { "index": "1127569558", "element": "edge", "id": "1127569558", "name": "", "sampledSeconds": 0.0, "departed": 0.0, "arrived": 0.0, "entered": 0.0, "left": 0.0, "laneChangedFrom": 0.0, "laneChangedTo": 0.0, "traveltime": 0.0, "overlapTraveltime": 0.0, "density": 0.0, "laneDensity": 0.0, "occupancy": 0.0, "waitingTime": 0.0, "timeLoss": 0.0, "speed": 0.0, "speedRelative": 0.0, "teleported": 0.0 }, "geometry": { "type": "LineString", "coordinates": [ [ 4.379116, 50.825505 ], [ 4.379083, 50.825558 ], [ 4.379083, 50.8256 ], [ 4.379106, 50.825628 ], [ 4.379123, 50.825636 ] ] } },
{ "type": "Feature", "properties": { "index": "1127569559", "element": "edge", "id": "1127569559", "name": "", "sampledSeconds": 0.0, "departed": 0.0, "arrived": 0.0, "entered": 0.0, "left": 0.0, "laneChangedFrom": 0.0, "laneChangedTo": 0.0, "traveltime": 0.0, "overlapTraveltime": 0.0, "density": 0.0, "laneDensity": 0.0, "occupancy": 0.0, "waitingTime": 0.0, "timeLoss": 0.0, "speed": 0.0, "speedRelative": 0.0, "teleported": 0.0 }, "geometry": { "type": "LineString", "coordinates": [ [ 4.379046, 50.825449 ], [ 4.378946, 50.825422 ], [ 4.378932, 50.825404 ], [ 4.378954, 50.82537 ], [ 4.379001, 50.825363 ], [ 4.379086, 50.825387 ] ] } },
{ "type": "Feature", "properties": { "index": "1127569560", "element": "edge", "id": "1127569560", "name": "", "sampledSeconds": 0.0, "departed": 0.0, "arrived": 0.0, "entered": 0.0, "left": 0.0, "laneChangedFrom": 0.0, "laneChangedTo": 0.0, "traveltime": 0.0, "overlapTraveltime": 0.0, "density": 0.0, "laneDensity": 0.0, "occupancy": 0.0, "waitingTime": 0.0, "timeLoss": 0.0, "speed": 0.0, "speedRelative": 0.0, "teleported": 0.0 }, "geometry": { "type": "LineString", "coordinates": [ [ 4.379164, 50.825689 ], [ 4.37915, 50.825684 ] ] } },
{ "type": "Feature", "properties": { "index": "11294375#0", "element": "edge", "id": "11294375#0", "name": "Rue du Bourgmestre - Burgemeestersstraat", "sampledSeconds": 1833.26, "departed": 1.0, "arrived": 2.0, "entered": 189.0, "left": 189.0, "laneChangedFrom": 0.0, "laneChangedTo": 0.0, "traveltime": 8.96, "overlapTraveltime": 9.64, "density": 7.68, "laneDensity": 7.68, "occupancy": 3.57, "waitingTime": 0.0, "timeLoss": 185.61, "speed": 7.4, "speedRelative": 0.89, "teleported": 0.0 }, "geometry": { "type": "LineString", "coordinates": [ [ 4.379578, 50.821882 ], [ 4.378854, 50.821534 ], [ 4.378827, 50.821521 ] ] } },
{ "type": "Feature", "properties": { "index": "11294375#2", "element": "edge", "id": "11294375#2", "name": "Rue du Bourgmestre - Burgemeestersstraat", "sampledSeconds": 2493.96, "departed": 2.0, "arrived": 2.0, "entered": 190.0, "left": 191.0, "laneChangedFrom": 0.0, "laneChangedTo": 0.0, "traveltime": 12.26, "overlapTraveltime": 12.94, "density": 7.7, "laneDensity": 7.7, "occupancy": 3.65, "waitingTime": 0.0, "timeLoss": 276.23, "speed": 7.33, "speedRelative": 0.88, "teleported": 0.0 }, "geometry": { "type": "LineString", "coordinates": [ [ 4.378721, 50.82147 ], [ 4.378278, 50.821258 ], [ 4.377705, 50.82098 ] ] } },
{ "type": "Feature", "properties": { "index": "11294375#3", "element": "edge", "id": "11294375#3", "name": "Rue du Bourgmestre - Burgemeestersstraat", "sampledSeconds": 1724.44, "departed": 4.0, "arrived": 2.0, "entered": 185.0, "left": 189.0, "laneChangedFrom": 0.0, "laneChangedTo": 0.0, "traveltime": 8.33, "overlapTraveltime": 9.12, "density": 8.61, "laneDensity": 8.61, "occupancy": 3.97, "waitingTime": 35.0, "timeLoss": 331.33, "speed": 6.64, "speedRelative": 0.8, "teleported": 0.0 }, "geometry": { "type": "LineString", "coordinates": [ [ 4.377538, 50.820899 ], [ 4.376926, 50.820604 ], [ 4.37691, 50.820596 ] ] } },
{ "type": "Feature", "properties": { "index": "1143919179#0", "element": "edge", "id": "1143919179#0", "name": "", "sampledSeconds": 0.0, "departed": 0.0, "arrived": 0.0, "entered": 0.0, "left": 0.0, "laneChangedFrom": 0.0, "laneChangedTo": 0.0, "traveltime": 0.0, "overlapTraveltime": 0.0, "density": 0.0, "laneDensity": 0.0, "occupancy": 0.0, "waitingTime": 0.0, "timeLoss": 0.0, "speed": 0.0, "speedRelative": 0.0, "teleported": 0.0 }, "geometry": { "type": "LineString", "coordinates": [ [ 4.358545, 50.832084 ], [ 4.358504, 50.832067 ], [ 4.358483, 50.832058 ], [ 4.358411, 50.832029 ], [ 4.357978, 50.831857 ] ] } },
{ "type": "Feature", "properties": { "index": "1143919182", "element": "edge", "id": "1143919182", "name": "", "sampledSeconds": 0.0, "departed": 0.0, "arrived": 0.0, "entered": 0.0, "left": 0.0, "laneChangedFrom": 0.0, "laneChangedTo": 0.0, "traveltime": 0.0, "overlapTraveltime": 0.0, "density": 0.0, "laneDensity": 0.0, "occupancy": 0.0, "waitingTime": 0.0, "timeLoss": 0.0, "speed": 0.0, "speedRelative": 0.0, "teleported": 0.0 }, "geometry": { "type": "LineString", "coordinates": [ [ 4.358098, 50.831484 ], [ 4.358066, 50.831515 ], [ 4.358031, 50.831548 ], [ 4.35797, 50.831606 ], [ 4.357895, 50.831677 ], [ 4.357945, 50.831828 ] ] } },
{ "type": "Feature", "properties": { "index": "1150906866", "element": "edge", "id": "1150906866", "name": "Rue de la Croix - Kruisstraat", "sampledSeconds": 1785.72, "departed": 4.0, "arrived": 4.0, "entered": 71.0, "left": 65.0, "laneChangedFrom": 0.0, "laneChangedTo": 0.0, "traveltime": 23.71, "overlapTraveltime": 24.55, "density": 5.65, "laneDensity": 5.65, "occupancy": 2.74, "waitingTime": 824.0, "timeLoss": 978.37, "speed": 3.78, "speedRelative": 0.45, "teleported": 0.0 }, "geometry": { "type": "LineString", "coordinates": [ [ 4.36425, 50.830132 ], [ 4.364254, 50.830135 ], [ 4.365043, 50.830742 ] ] } },
{ "type": "Feature", "properties": { "index": "1153265597#0", "element": "edge", "id": "1153265597#0", "name": "Avenue de la Couronne - Kroonlaan", "sampledSeconds": 752.27, "departed": 13.0, "arrived": 0.0, "entered": 17.0, "left": 30.0, "laneChangedFrom": 0.0, "laneChangedTo": 0.0, "traveltime": 24.72, "overlapTraveltime": 25.39, "density": 1.2, "laneDensity": 1.2, "occupancy": 0.58, "waitingTime": 0.0, "timeLoss": 94.65, "speed": 7.08, "speedRelative": 0.85, "teleported": 0.0 }, "geometry": { "type": "LineString", "coordinates": [ [ 4.388517, 50.822121 ], [ 4.388393, 50.82222 ], [ 4.388372, 50.822237 ], [ 4.388332, 50.822269 ], [ 4.388203, 50.822372 ], [ 4.387839, 50.822664 ], [ 4.387574, 50.822877 ], [ 4.387553, 50.822894 ], [ 4.387482, 50.822949 ], [ 4.386979, 50.823353 ] ] } },
{ "type": "Feature", "properties": { "index": "1156101769#0", "element": "edge", "id": "1156101769#0", "name": "Avenue Louise - Louizalaan", "sampledSeconds": 69.9, "departed": 0.0, "arrived": 3.0, "entered": 3.0, "left": 0.0, "laneChangedFrom": 0.0, "laneChangedTo": 0.0, "traveltime": 22.69, "overlapTraveltime": 23.32, "density": 0.11, "laneDensity": 0.11, "occupancy": 0.05, "waitingTime": 0.0, "timeLoss": 5.53, "speed": 8.02, "speedRelative": 0.96, "teleported": 0.0 }, "geometry": { "type": "LineString", "coordinates": [ [ 4.370535, 50.819343 ], [ 4.370544, 50.819295 ], [ 4.371106, 50.817747 ] ] } },
{ "type": "Feature", "properties": { "index": "1156329248", "element": "edge", "id": "1156329248", "name": "Chaussée d&apos;Ixelles - Elsense Steenweg", "sampledSeconds": 1164.88, "departed": 1.0, "arrived": 6.0, "entered": 176.0, "left": 172.0, "laneChangedFrom": 0.0, "laneChangedTo": 0.0, "traveltime": 5.61, "overlapTraveltime": 6.58, "density": 8.65, "laneDensity": 8.65, "occupancy": 3.78, "waitingTime": 21.0, "timeLoss": 221.25, "speed": 6.45, "speedRelative": 0.77, "teleported": 0.0 }, "geometry": { "type": "LineString", "coordinates": [ [ 4.361886, 50.838347 ], [ 4.361886, 50.838343 ], [ 4.361895, 50.838296 ], [ 4.361901, 50.838263 ], [ 4.361909, 50.838223 ], [ 4.361914, 50.83819 ], [ 4.361928, 50.838111 ], [ 4.361946, 50.838013 ] ] } },
{ "type": "Feature", "properties": { "index": "1156329250", "element": "edge", "id": "1156329250", "name": "Porte de Namur - Naamsepoort", "sampledSeconds": 65.21, "departed": 4.0, "arrived": 2.0, "entered": 15.0, "left": 17.0, "laneChangedFrom": 0.0, "laneChangedTo": 0.0, "traveltime": 2.86, "overlapTraveltime": 3.64, "density": 14.38, "laneDensity": 14.38, "occupancy": 0.82, "waitingTime": 34.0, "timeLoss": 51.56, "speed": 1.72, "speedRelative": 0.21, "teleported": 0.0 }, "geometry": { "type": "LineString", "coordinates": [ [ 4.361693, 50.838894 ], [ 4.361705, 50.838885 ] ] } },
{ "type": "Feature", "properties": { "index": "1156337042", "element": "edge", "id": "1156337042", "name": "Place Eugène Flagey - Eugène Flageyplein", "sampledSeconds": 13388.11, "departed": 2.0, "arrived": 1.0, "entered": 231.0, "left": 230.0, "laneChangedFrom": 0.0, "laneChangedTo": 0.0, "traveltime": 65.79, "overlapTraveltime": 66.93, "density": 100.98, "laneDensity": 100.98, "occupancy": 49.84, "waitingTime": 11466.0, "timeLoss": 12363.33, "speed": 0.62, "speedRelative": 0.08, "teleported": 6.0 }, "geometry": { "type": "LineString", "coordinates": [ [ 4.371797, 50.827345 ], [ 4.371875, 50.827255 ], [ 4.371995, 50.827121 ], [ 4.372021, 50.8271 ], [ 4.372056, 50.827075 ], [ 4.372076, 50.827068 ] ] } },
{ "type": "Feature", "properties": { "index": "1162840696#0", "element": "edge", "id": "1162840696#0", "name": "Rue Victor Greyson - Victor Greysonstraat", "sampledSeconds": 127.04, "departed": 4.0, "arrived": 4.0, "entered": 54.0, "left": 54.0, "laneChangedFrom": 0.0, "laneChangedTo": 0.0, "traveltime": 1.53, "overlapTraveltime": 2.26, "density": 3.55, "laneDensity": 3.55, "occupancy": 1.19, "waitingTime": 0.0, "timeLoss": 22.54, "speed": 6.6, "speedRelative": 0.79, "teleported": 0.0 }, "geometry": { "type": "LineString", "coordinates": [ [ 4.376532, 50.823673 ], [ 4.376515, 50.823596 ], [ 4.37652, 50.823584 ] ] } },
{ "type": "Feature", "properties": { "index": "1162841664#0", "element": "edge", "id": "1162841664#0", "name": "Rue des Échevins - Schepenenstraat", "sampledSeconds": 113.76, "departed": 7.0, "arrived": 2.0, "entered": 10.0, "left": 15.0, "laneChangedFrom": 0.0, "laneChangedTo": 0.0, "traveltime": 6.28, "overlapTraveltime": 7.05, "density": 0.79, "laneDensity": 0.79, "occupancy": 0.36, "waitingTime": 0.0, "timeLoss": 22.52, "speed": 6.41, "speedRelative": 0.77, "teleported": 0.0 }, "geometry": { "type": "LineString", "coordinates": [ [ 4.376281, 50.823381 ], [ 4.376267, 50.823408 ], [ 4.376129, 50.823668 ], [ 4.376127, 50.823694 ], [ 4.376136, 50.823726 ] ] } },
{ "type": "Feature", "properties": { "index": "1167764376", "element": "edge", "id": "1167764376", "name": "Rue Vilain XIIII - Vilain XIIII-straat", "sampledSeconds": 414.66, "departed": 3.0, "arrived": 3.0, "entered": 16.0, "left": 15.0, "laneChangedFrom": 0.0, "laneChangedTo": 0.0, "traveltime": 21.26, "overlapTraveltime": 22.25, "density": 1.74, "laneDensity": 1.74, "occupancy": 0.84, "waitingTime": 217.0, "timeLoss": 252.72, "speed": 3.21, "speedRelative": 0.39, "teleported": 0.0 }, "geometry": { "type": "LineString", "coordinates": [ [ 4.369947, 50.82343 ], [ 4.370008, 50.82343 ], [ 4.370889, 50.823421 ] ] } },
{ "type": "Feature", "properties": { "index": "1168195444#0", "element": "edge", "id": "1168195444#0", "name": "Place Eugène Flagey - Eugène Flageyplein", "sampledSeconds": 45557.1, "departed": 3.0, "arrived": 2.0, "entered": 241.0, "left": 219.0, "laneChangedFrom": 149.0, "laneChangedTo": 149.0, "traveltime": 241.11, "overlapTraveltime": 243.89, "density": 147.65, "laneDensity": 73.82, "occupancy": 36.5, "waitingTime": 42321.0, "timeLoss": 43516.37, "speed": 0.37, "speedRelative": 0.04, "teleported": 21.0 }, "geometry": { "type": "LineString", "coordinates": [ [ 4.372148, 50.828539 ], [ 4.371969, 50.828346 ], [ 4.371949, 50.828324 ], [ 4.371712, 50.828068 ], [ 4.371575, 50.827921 ], [ 4.371515, 50.827883 ] ] } },
{ "type": "Feature", "properties": { "index": "117055114", "element": "edge", "id": "117055114", "name": "", "sampledSeconds": 16512.79, "departed": 1.0, "arrived": 2.0, "entered": 123.0, "left": 117.0, "laneChangedFrom": 0.0, "laneChangedTo": 0.0, "traveltime": 150.6, "overlapTraveltime": 152.08, "density": 102.04, "laneDensity": 102.04, "occupancy": 50.72, "waitingTime": 15259.0, "timeLoss": 15858.22, "speed": 0.33, "speedRelative": 0.04, "teleported": 2.0 }, "geometry": { "type": "LineString", "coordinates": [ [ 4.360152, 50.830745 ], [ 4.36021, 50.830643 ], [ 4.360277, 50.830529 ], [ 4.360387, 50.83037 ] ] } },
{ "type": "Feature", "properties": { "index": "117055115", "element": "edge", "id": "117055115", "name": "", "sampledSeconds": 148.91, "departed": 5.0, "arrived": 4.0, "entered": 83.0, "left": 84.0, "laneChangedFrom": 0.0, "laneChangedTo": 0.0, "traveltime": 0.03, "overlapTraveltime": 1.72, "density": 133.33, "laneDensity": 133.33, "occupancy": 4.07, "waitingTime": 76.0, "timeLoss": 94.95, "speed": 3.02, "speedRelative": 0.36, "teleported": 0.0 }, "geometry": { "type": "LineString", "coordinates": [ [ 4.360662, 50.830678 ], [ 4.360659, 50.830678 ] ] } },
{ "type": "Feature", "properties": { "index": "1174387985#0", "element": "edge", "id": "1174387985#0", "name": "Avenue Louise - Louizalaan", "sampledSeconds": 75.4, "departed": 0.0, "arrived": 6.0, "entered": 40.0, "left": 34.0, "laneChangedFrom": 0.0, "laneChangedTo": 0.0, "traveltime": 1.26, "overlapTraveltime": 1.93, "density": 2.22, "laneDensity": 2.22, "occupancy": 0.73, "waitingTime": 0.0, "timeLoss": 5.79, "speed": 7.48, "speedRelative": 0.9, "teleported": 0.0 }, "geometry": { "type": "LineString", "coordinates": [ [ 4.371148, 50.817667 ], [ 4.371174, 50.817584 ] ] } },
{ "type": "Feature", "properties": { "index": "1174387985#1", "element": "edge", "id": "1174387985#1", "name": "Avenue Louise - Louizalaan", "sampledSeconds": 25.07, "departed": 0.0, "arrived": 6.0, "entered": 35.0, "left": 29.0, "laneChangedFrom": 0.0, "laneChangedTo": 0.0, "traveltime": 0.03, "overlapTraveltime": 0.77, "density": 34.82, "laneDensity": 34.82, "occupancy": 0.67, "waitingTime": 0.0, "timeLoss": 2.95, "speed": 6.73, "speedRelative": 0.81, "teleported": 0.0 }, "geometry": { "type": "LineString", "coordinates": [ [ 4.371211, 50.817506 ], [ 4.371212, 50.817504 ] ] } },
{ "type": "Feature", "properties": { "index": "1174387986", "element": "edge", "id": "1174387986", "name": "Avenue Louise - Louizalaan", "sampledSeconds": 16.9, "departed": 0.0, "arrived": 1.0, "entered": 24.0, "left": 23.0, "laneChangedFrom": 0.0, "laneChangedTo": 0.0, "traveltime": 0.03, "overlapTraveltime": 0.72, "density": 23.47, "laneDensity": 23.47, "occupancy": 0.45, "waitingTime": 0.0, "timeLoss": 1.48, "speed": 7.26, "speedRelative": 0.87, "teleported": 0.0 }, "geometry": { "type": "LineString", "coordinates": [ [ 4.371248, 50.817408 ], [ 4.371248, 50.817406 ] ] } },
{ "type": "Feature", "properties": { "index": "1174387992", "element": "edge", "id": "1174387992", "name": "Avenue Émile De Mot - Émile De Motlaan", "sampledSeconds": 67.91, "departed": 1.0, "arrived": 3.0, "entered": 50.0, "left": 48.0, "laneChangedFrom": 0.0, "laneChangedTo": 0.0, "traveltime": 0.64, "overlapTraveltime": 1.35, "density": 5.15, "laneDensity": 2.58, "occupancy": 0.55, "waitingTime": 1.0, "timeLoss": 34.88, "speed": 6.4, "speedRelative": 0.46, "teleported": 0.0 }, "geometry": { "type": "LineString", "coordinates": [ [ 4.375907, 50.816278 ], [ 4.375897, 50.816287 ], [ 4.375874, 50.816303 ] ] } },
{ "type": "Feature", "properties": { "index": "1174838574", "element": "edge", "id": "1174838574", "name": "", "sampledSeconds": 0.0, "departed": 0.0, "arrived": 0.0, "entered": 0.0, "left": 0.0, "laneChangedFrom": 0.0, "laneChangedTo": 0.0, "traveltime": 0.0, "overlapTraveltime": 0.0, "density": 0.0, "laneDensity": 0.0, "occupancy": 0.0, "waitingTime": 0.0, "timeLoss": 0.0, "speed": 0.0, "speedRelative": 0.0, "teleported": 0.0 }, "geometry": { "type": "LineString", "coordinates": [ [ 4.371956, 50.819069 ], [ 4.372017, 50.81905 ] ] } },
{ "type": "Feature", "properties": { "index": "1189500284", "element": "edge", "id": "1189500284", "name": "", "sampledSeconds": 0.0, "departed": 0.0, "arrived": 0.0, "entered": 0.0, "left": 0.0, "laneChangedFrom": 0.0, "laneChangedTo": 0.0, "traveltime": 0.0, "overlapTraveltime": 0.0, "density": 0.0, "laneDensity": 0.0, "occupancy": 0.0, "waitingTime": 0.0, "timeLoss": 0.0, "speed": 0.0, "speedRelative": 0.0, "teleported": 0.0 }, "geometry": { "type": "LineString", "coordinates": [ [ 4.37532, 50.826275 ], [ 4.375437, 50.82631 ], [ 4.375493, 50.826327 ] ] } },
{ "type": "Feature", "properties": { "index": "119180322", "element": "edge", "id": "119180322", "name": "Square de Meeûs - de Meeûssquare", "sampledSeconds": 75.52, "departed": 0.0, "arrived": 5.0, "entered": 5.0, "left": 0.0, "laneChangedFrom": 0.0, "laneChangedTo": 0.0, "traveltime": 14.64, "overlapTraveltime": 15.31, "density": 0.19, "laneDensity": 0.19, "occupancy": 0.09, "waitingTime": 0.0, "timeLoss": 6.36, "speed": 7.47, "speedRelative": 0.9, "teleported": 0.0 }, "geometry": { "type": "LineString", "coordinates": [ [ 4.368013, 50.839158 ], [ 4.368291, 50.839293 ], [ 4.368339, 50.839357 ], [ 4.36837, 50.839416 ], [ 4.368459, 50.839587 ], [ 4.368656, 50.839964 ], [ 4.368665, 50.83998 ], [ 4.368682, 50.840013 ] ] } },
{ "type": "Feature", "properties": { "index": "119180342#0", "element": "edge", "id": "119180342#0", "name": "Avenue Émile De Mot - Émile De Motlaan", "sampledSeconds": 735.76, "departed": 7.0, "arrived": 1.0, "entered": 117.0, "left": 124.0, "laneChangedFrom": 5.0, "laneChangedTo": 5.0, "traveltime": 5.05, "overlapTraveltime": 6.02, "density": 20.4, "laneDensity": 10.2, "occupancy": 4.43, "waitingTime": 299.0, "timeLoss": 601.84, "speed": 2.49, "speedRelative": 0.18, "teleported": 0.0 }, "geometry": { "type": "LineString", "coordinates": [ [ 4.372236, 50.817662 ], [ 4.372152, 50.817695 ], [ 4.372115, 50.817709 ] ] } },
{ "type": "Feature", "properties": { "index": "1193930026", "element": "edge", "id": "1193930026", "name": "Rue de l&apos;Arbre Bénit - Gewijdeboomstraat", "sampledSeconds": 106.41, "departed": 4.0, "arrived": 4.0, "entered": 30.0, "left": 29.0, "laneChangedFrom": 0.0, "laneChangedTo": 0.0, "traveltime": 2.41, "overlapTraveltime": 3.35, "density": 2.29, "laneDensity": 2.29, "occupancy": 0.88, "waitingTime": 3.0, "timeLoss": 30.62, "speed": 5.34, "speedRelative": 0.64, "teleported": 0.0 }, "geometry": { "type": "LineString", "coordinates": [ [ 4.364056, 50.830223 ], [ 4.364066, 50.830179 ], [ 4.364117, 50.830136 ], [ 4.364138, 50.830125 ] ] } },
{ "type": "Feature", "properties": { "index": "1196782590#0", "element": "edge", "id": "1196782590#0", "name": "Boulevard de Waterloo - Waterloolaan", "sampledSeconds": 19.33, "departed": 0.0, "arrived": 1.0, "entered": 8.0, "left": 7.0, "laneChangedFrom": 0.0, "laneChangedTo": 0.0, "traveltime": 2.11, "overlapTraveltime": 2.48, "density": 0.22, "laneDensity": 0.11, "occupancy": 0.05, "waitingTime": 0.0, "timeLoss": 3.23, "speed": 11.82, "speedRelative": 0.85, "teleported": 0.0 }, "geometry": { "type": "LineString", "coordinates": [ [ 4.354657, 50.835786 ], [ 4.354591, 50.835754 ], [ 4.35449, 50.835713 ], [ 4.35437, 50.835664 ] ] } },
{ "type": "Feature", "properties": { "index": "1196782590#3", "element": "edge", "id": "1196782590#3", "name": "Boulevard de Waterloo - Waterloolaan", "sampledSeconds": 3.39, "departed": 0.0, "arrived": 2.0, "entered": 7.0, "left": 5.0, "laneChangedFrom": 0.0, "laneChangedTo": 0.0, "traveltime": 0.17, "overlapTraveltime": 0.53, "density": 0.4, "laneDensity": 0.2, "occupancy": 0.03, "waitingTime": 0.0, "timeLoss": 0.12, "speed": 13.77, "speedRelative": 0.99, "teleported": 0.0 }, "geometry": { "type": "LineString", "coordinates": [ [ 4.354258, 50.835617 ], [ 4.35423, 50.835606 ] ] } },
{ "type": "Feature", "properties": { "index": "1198622058", "element": "edge", "id": "1198622058", "name": "", "sampledSeconds": 0.0, "departed": 0.0, "arrived": 0.0, "entered": 0.0, "left": 0.0, "laneChangedFrom": 0.0, "laneChangedTo": 0.0, "traveltime": 0.0, "overlapTraveltime": 0.0, "density": 0.0, "laneDensity": 0.0, "occupancy": 0.0, "waitingTime": 0.0, "timeLoss": 0.0, "speed": 0.0, "speedRelative": 0.0, "teleported": 0.0 }, "geometry": { "type": "LineString", "coordinates": [ [ 4.363388, 50.837073 ], [ 4.36344, 50.837167 ], [ 4.36345, 50.837186 ] ] } },
{ "type": "Feature", "properties": { "index": "1198622059", "element": "edge", "id": "1198622059", "name": "", "sampledSeconds": 0.0, "departed": 0.0, "arrived": 0.0, "entered": 0.0, "left": 0.0, "laneChangedFrom": 0.0, "laneChangedTo": 0.0, "traveltime": 0.0, "overlapTraveltime": 0.0, "density": 0.0, "laneDensity": 0.0, "occupancy": 0.0, "waitingTime": 0.0, "timeLoss": 0.0, "speed": 0.0, "speedRelative": 0.0, "teleported": 0.0 }, "geometry": { "type": "LineString", "coordinates": [ [ 4.363407, 50.837196 ], [ 4.363397, 50.837176 ], [ 4.363345, 50.837082 ] ] } },
{ "type": "Feature", "properties": { "index": "1198625656", "element": "edge", "id": "1198625656", "name": "Rue du Viaduc - Viaductstraat", "sampledSeconds": 338.72, "departed": 9.0, "arrived": 6.0, "entered": 15.0, "left": 18.0, "laneChangedFrom": 0.0, "laneChangedTo": 0.0, "traveltime": 13.63, "overlapTraveltime": 14.73, "density": 1.65, "laneDensity": 1.65, "occupancy": 0.79, "waitingTime": 102.0, "timeLoss": 168.58, "speed": 4.2, "speedRelative": 0.5, "teleported": 0.0 }, "geometry": { "type": "LineString", "coordinates": [ [ 4.372204, 50.834221 ], [ 4.372238, 50.834235 ], [ 4.37284, 50.834503 ], [ 4.372865, 50.834515 ] ] } },
{ "type": "Feature", "properties": { "index": "1198625658", "element": "edge", "id": "1198625658", "name": "Rue Goffart - Goffartstraat", "sampledSeconds": 2788.54, "departed": 5.0, "arrived": 2.0, "entered": 131.0, "left": 135.0, "laneChangedFrom": 0.0, "laneChangedTo": 0.0, "traveltime": 19.72, "overlapTraveltime": 20.42, "density": 5.35, "laneDensity": 5.35, "occupancy": 2.59, "waitingTime": 0.0, "timeLoss": 296.47, "speed": 7.33, "speedRelative": 0.88, "teleported": 0.0 }, "geometry": { "type": "LineString", "coordinates": [ [ 4.372049, 50.834229 ], [ 4.372015, 50.834247 ], [ 4.371533, 50.834503 ], [ 4.371284, 50.834634 ], [ 4.370468, 50.835061 ] ] } },
{ "type": "Feature", "properties": { "index": "121794822#0", "element": "edge", "id": "121794822#0", "name": "", "sampledSeconds": 5284.31, "departed": 5.0, "arrived": 2.0, "entered": 102.0, "left": 108.0, "laneChangedFrom": 0.0, "laneChangedTo": 0.0, "traveltime": 46.64, "overlapTraveltime": 49.34, "density": 21.67, "laneDensity": 21.67, "occupancy": 10.28, "waitingTime": 1246.0, "timeLoss": 2484.48, "speed": 1.47, "speedRelative": 0.53, "teleported": 0.0 }, "geometry": { "type": "LineString", "coordinates": [ [ 4.385179, 50.822385 ], [ 4.385546, 50.82209 ], [ 4.385633, 50.822073 ], [ 4.385703, 50.822082 ], [ 4.385872, 50.822156 ] ] } },
{ "type": "Feature", "properties": { "index": "121794822#3", "element": "edge", "id": "121794822#3", "name": "", "sampledSeconds": 342.57, "departed": 2.0, "arrived": 0.0, "entered": 39.0, "left": 40.0, "laneChangedFrom": 0.0, "laneChangedTo": 0.0, "traveltime": 6.24, "overlapTraveltime": 8.61, "density": 8.45, "laneDensity": 8.45, "occupancy": 3.01, "waitingTime": 46.0, "timeLoss": 111.51, "speed": 1.89, "speedRelative": 0.68, "teleported": 0.0 }, "geometry": { "type": "LineString", "coordinates": [ [ 4.386087, 50.822251 ], [ 4.386217, 50.822309 ] ] } },
{ "type": "Feature", "properties": { "index": "121794822#5", "element": "edge", "id": "121794822#5", "name": "", "sampledSeconds": 347.36, "departed": 1.0, "arrived": 0.0, "entered": 28.0, "left": 29.0, "laneChangedFrom": 0.0, "laneChangedTo": 0.0, "traveltime": 9.54, "overlapTraveltime": 12.06, "density": 4.83, "laneDensity": 4.83, "occupancy": 1.92, "waitingTime": 2.0, "timeLoss": 88.88, "speed": 2.07, "speedRelative": 0.74, "teleported": 0.0 }, "geometry": { "type": "LineString", "coordinates": [ [ 4.386391, 50.822385 ], [ 4.386624, 50.822488 ] ] } },
{ "type": "Feature", "properties": { "index": "121794822#6", "element": "edge", "id": "121794822#6", "name": "", "sampledSeconds": 177.38, "departed": 7.0, "arrived": 1.0, "entered": 19.0, "left": 25.0, "laneChangedFrom": 0.0, "laneChangedTo": 0.0, "traveltime": 5.09, "overlapTraveltime": 7.53, "density": 4.52, "laneDensity": 4.52, "occupancy": 1.59, "waitingTime": 0.0, "timeLoss": 40.49, "speed": 2.11, "speedRelative": 0.76, "teleported": 0.0 }, "geometry": { "type": "LineString", "coordinates": [ [ 4.386794, 50.82256 ], [ 4.386845, 50.822582 ], [ 4.386922, 50.822616 ] ] } },
{ "type": "Feature", "properties": { "index": "121794822#8", "element": "edge", "id": "121794822#8", "name": "", "sampledSeconds": 107.53, "departed": 4.0, "arrived": 5.0, "entered": 14.0, "left": 13.0, "laneChangedFrom": 0.0, "laneChangedTo": 0.0, "traveltime": 4.7, "overlapTraveltime": 7.21, "density": 3.37, "laneDensity": 3.37, "occupancy": 1.17, "waitingTime": 10.0, "timeLoss": 32.75, "speed": 1.92, "speedRelative": 0.69, "teleported": 0.0 }, "geometry": { "type": "LineString", "coordinates": [ [ 4.38709, 50.822688 ], [ 4.387163, 50.822719 ], [ 4.387193, 50.822734 ] ] } },
{ "type": "Feature", "properties": { "index": "121794824", "element": "edge", "id": "121794824", "name": "", "sampledSeconds": 183.1, "departed": 0.0, "arrived": 5.0, "entered": 5.0, "left": 0.0, "laneChangedFrom": 0.0, "laneChangedTo": 0.0, "traveltime": 36.18, "overlapTraveltime": 38.49, "density": 0.67, "laneDensity": 0.67, "occupancy": 0.32, "waitingTime": 0.0, "timeLoss": 42.43, "speed": 2.1, "speedRelative": 0.76, "teleported": 0.0 }, "geometry": { "type": "LineString", "coordinates": [ [ 4.386334, 50.822298 ], [ 4.386944, 50.821736 ] ] } },
{ "type": "Feature", "properties": { "index": "121794825#0", "element": "edge", "id": "121794825#0", "name": "", "sampledSeconds": 308.9, "departed": 8.0, "arrived": 3.0, "entered": 27.0, "left": 33.0, "laneChangedFrom": 0.0, "laneChangedTo": 0.0, "traveltime": 8.24, "overlapTraveltime": 9.52, "density": 133.33, "laneDensity": 133.33, "occupancy": 8.49, "waitingTime": 227.0, "timeLoss": 249.17, "speed": 0.55, "speedRelative": 0.2, "teleported": 1.0 }, "geometry": { "type": "LineString", "coordinates": [ [ 4.386027, 50.822168 ], [ 4.386029, 50.822166 ] ] } },
{ "type": "Feature", "properties": { "index": "121794825#1", "element": "edge", "id": "121794825#1", "name": "", "sampledSeconds": 532.3, "departed": 8.0, "arrived": 2.0, "entered": 17.0, "left": 23.0, "laneChangedFrom": 0.0, "laneChangedTo": 0.0, "traveltime": 19.9, "overlapTraveltime": 22.2, "density": 3.39, "laneDensity": 3.39, "occupancy": 1.55, "waitingTime": 0.0, "timeLoss": 122.91, "speed": 2.19, "speedRelative": 0.79, "teleported": 0.0 }, "geometry": { "type": "LineString", "coordinates": [ [ 4.386145, 50.822065 ], [ 4.386189, 50.822025 ], [ 4.386507, 50.821746 ] ] } },
{ "type": "Feature", "properties": { "index": "121794825#3", "element": "edge", "id": "121794825#3", "name": "", "sampledSeconds": 15.95, "departed": 0.0, "arrived": 6.0, "entered": 6.0, "left": 0.0, "laneChangedFrom": 0.0, "laneChangedTo": 0.0, "traveltime": 2.24, "overlapTraveltime": 4.6, "density": 0.95, "laneDensity": 0.95, "occupancy": 0.26, "waitingTime": 0.0, "timeLoss": 4.54, "speed": 2.1, "speedRelative": 0.75, "teleported": 0.0 }, "geometry": { "type": "LineString", "coordinates": [ [ 4.386627, 50.821641 ], [ 4.386666, 50.821608 ] ] } },
{ "type": "Feature", "properties": { "index": "121794826", "element": "edge", "id": "121794826", "name": "", "sampledSeconds": 880.09, "departed": 8.0, "arrived": 4.0, "entered": 19.0, "left": 23.0, "laneChangedFrom": 0.0, "laneChangedTo": 0.0, "traveltime": 31.25, "overlapTraveltime": 33.62, "density": 3.81, "laneDensity": 3.81, "occupancy": 1.8, "waitingTime": 39.0, "timeLoss": 232.51, "speed": 2.06, "speedRelative": 0.74, "teleported": 0.0 }, "geometry": { "type": "LineString", "coordinates": [ [ 4.386636, 50.822589 ], [ 4.386111, 50.823061 ] ] } },
{ "type": "Feature", "properties": { "index": "121794827", "element": "edge", "id": "121794827", "name": "", "sampledSeconds": 289.58, "departed": 5.0, "arrived": 3.0, "entered": 4.0, "left": 6.0, "laneChangedFrom": 0.0, "laneChangedTo": 0.0, "traveltime": 31.84, "overlapTraveltime": 34.21, "density": 1.25, "laneDensity": 1.25, "occupancy": 0.6, "waitingTime": 0.0, "timeLoss": 70.19, "speed": 2.03, "speedRelative": 0.73, "teleported": 0.0 }, "geometry": { "type": "LineString", "coordinates": [ [ 4.386388, 50.823184 ], [ 4.386915, 50.822709 ] ] } },
{ "type": "Feature", "properties": { "index": "1235594465", "element": "edge", "id": "1235594465", "name": "Place Louise - Louizaplein", "sampledSeconds": 2694.0, "departed": 0.0, "arrived": 0.0, "entered": 144.0, "left": 134.0, "laneChangedFrom": 10.0, "laneChangedTo": 10.0, "traveltime": 10.03, "overlapTraveltime": 20.16, "density": 177.33, "laneDensity": 88.67, "occupancy": 19.21, "waitingTime": 2469.11, "timeLoss": 2546.13, "speed": 0.46, "speedRelative": 0.05, "teleported": 1.0 }, "geometry": { "type": "LineString", "coordinates": [ [ 4.354734, 50.835881 ], [ 4.354725, 50.835864 ], [ 4.354723, 50.835844 ] ] } },
{ "type": "Feature", "properties": { "index": "1236138841", "element": "edge", "id": "1236138841", "name": "", "sampledSeconds": 0.0, "departed": 0.0, "arrived": 0.0, "entered": 0.0, "left": 0.0, "laneChangedFrom": 0.0, "laneChangedTo": 0.0, "traveltime": 0.0, "overlapTraveltime": 0.0, "density": 0.0, "laneDensity": 0.0, "occupancy": 0.0, "waitingTime": 0.0, "timeLoss": 0.0, "speed": 0.0, "speedRelative": 0.0, "teleported": 0.0 }, "geometry": { "type": "LineString", "coordinates": [ [ 4.363379, 50.836722 ], [ 4.363479, 50.836699 ], [ 4.363445, 50.83662 ], [ 4.363447, 50.836583 ], [ 4.363463, 50.836551 ], [ 4.363507, 50.836524 ], [ 4.363654, 50.836452 ], [ 4.3637, 50.836429 ] ] } },
{ "type": "Feature", "properties": { "index": "1236138843", "element": "edge", "id": "1236138843", "name": "", "sampledSeconds": 0.0, "departed": 0.0, "arrived": 0.0, "entered": 0.0, "left": 0.0, "laneChangedFrom": 0.0, "laneChangedTo": 0.0, "traveltime": 0.0, "overlapTraveltime": 0.0, "density": 0.0, "laneDensity": 0.0, "occupancy": 0.0, "waitingTime": 0.0, "timeLoss": 0.0, "speed": 0.0, "speedRelative": 0.0, "teleported": 0.0 }, "geometry": { "type": "LineString", "coordinates": [ [ 4.363989, 50.836711 ], [ 4.36401, 50.836706 ], [ 4.364241, 50.836654 ] ] } },
{ "type": "Feature", "properties": { "index": "1236456853#0", "element": "edge", "id": "1236456853#0", "name": "", "sampledSeconds": 0.0, "departed": 0.0, "arrived": 0.0, "entered": 0.0, "left": 0.0, "laneChangedFrom": 0.0, "laneChangedTo": 0.0, "traveltime": 0.0, "overlapTraveltime": 0.0, "density": 0.0, "laneDensity": 0.0, "occupancy": 0.0, "waitingTime": 0.0, "timeLoss": 0.0, "speed": 0.0, "speedRelative": 0.0, "teleported": 0.0 }, "geometry": { "type": "LineString", "coordinates": [ [ 4.356374, 50.836675 ], [ 4.356358, 50.83669 ], [ 4.35635, 50.836699 ], [ 4.356216, 50.836828 ] ] } },
{ "type": "Feature", "properties": { "index": "1238081827", "element": "edge", "id": "1238081827", "name": "", "sampledSeconds": 0.0, "departed": 0.0, "arrived": 0.0, "entered": 0.0, "left": 0.0, "laneChangedFrom": 0.0, "laneChangedTo": 0.0, "traveltime": 0.0, "overlapTraveltime": 0.0, "density": 0.0, "laneDensity": 0.0, "occupancy": 0.0, "waitingTime": 0.0, "timeLoss": 0.0, "speed": 0.0, "speedRelative": 0.0, "teleported": 0.0 }, "geometry": { "type": "LineString", "coordinates": [ [ 4.357832, 50.837578 ], [ 4.358024, 50.837398 ], [ 4.358033, 50.837389 ], [ 4.358049, 50.837374 ] ] } },
{ "type": "Feature", "properties": { "index": "1239207126", "element": "edge", "id": "1239207126", "name": "", "sampledSeconds": 0.0, "departed": 0.0, "arrived": 0.0, "entered": 0.0, "left": 0.0, "laneChangedFrom": 0.0, "laneChangedTo": 0.0, "traveltime": 0.0, "overlapTraveltime": 0.0, "density": 0.0, "laneDensity": 0.0, "occupancy": 0.0, "waitingTime": 0.0, "timeLoss": 0.0, "speed": 0.0, "speedRelative": 0.0, "teleported": 0.0 }, "geometry": { "type": "LineString", "coordinates": [ [ 4.358443, 50.838078 ], [ 4.35865, 50.837889 ], [ 4.358823, 50.837732 ], [ 4.358833, 50.837722 ], [ 4.358852, 50.837706 ] ] } },
{ "type": "Feature", "properties": { "index": "1239219871", "element": "edge", "id": "1239219871", "name": "", "sampledSeconds": 0.0, "departed": 0.0, "arrived": 0.0, "entered": 0.0, "left": 0.0, "laneChangedFrom": 0.0, "laneChangedTo": 0.0, "traveltime": 0.0, "overlapTraveltime": 0.0, "density": 0.0, "laneDensity": 0.0, "occupancy": 0.0, "waitingTime": 0.0, "timeLoss": 0.0, "speed": 0.0, "speedRelative": 0.0, "teleported": 0.0 }, "geometry": { "type": "LineString", "coordinates": [ [ 4.359307, 50.838424 ], [ 4.359437, 50.838303 ], [ 4.359651, 50.838105 ], [ 4.359682, 50.838075 ], [ 4.359703, 50.838056 ] ] } },
{ "type": "Feature", "properties": { "index": "1245256709", "element": "edge", "id": "1245256709", "name": "", "sampledSeconds": 0.0, "departed": 0.0, "arrived": 0.0, "entered": 0.0, "left": 0.0, "laneChangedFrom": 0.0, "laneChangedTo": 0.0, "traveltime": 0.0, "overlapTraveltime": 0.0, "density": 0.0, "laneDensity": 0.0, "occupancy": 0.0, "waitingTime": 0.0, "timeLoss": 0.0, "speed": 0.0, "speedRelative": 0.0, "teleported": 0.0 }, "geometry": { "type": "LineString", "coordinates": [ [ 4.378406, 50.823364 ], [ 4.378466, 50.823388 ], [ 4.378522, 50.823422 ], [ 4.378518, 50.823479 ], [ 4.378447, 50.823551 ], [ 4.378301, 50.823573 ], [ 4.378232, 50.82355 ] ] } },
{ "type": "Feature", "properties": { "index": "1245258622", "element": "edge", "id": "1245258622", "name": "", "sampledSeconds": 0.0, "departed": 0.0, "arrived": 0.0, "entered": 0.0, "left": 0.0, "laneChangedFrom": 0.0, "laneChangedTo": 0.0, "traveltime": 0.0, "overlapTraveltime": 0.0, "density": 0.0, "laneDensity": 0.0, "occupancy": 0.0, "waitingTime": 0.0, "timeLoss": 0.0, "speed": 0.0, "speedRelative": 0.0, "teleported": 0.0 }, "geometry": { "type": "LineString", "coordinates": [ [ 4.377922, 50.824139 ], [ 4.377759, 50.824079 ], [ 4.377737, 50.824071 ] ] } },
{ "type": "Feature", "properties": { "index": "124862953", "element": "edge", "id": "124862953", "name": "", "sampledSeconds": 13.56, "departed": 3.0, "arrived": 3.0, "entered": 13.0, "left": 13.0, "laneChangedFrom": 0.0, "laneChangedTo": 0.0, "traveltime": 0.03, "overlapTraveltime": 0.99, "density": 18.83, "laneDensity": 18.83, "occupancy": 0.37, "waitingTime": 0.0, "timeLoss": 8.38, "speed": 5.27, "speedRelative": 0.38, "teleported": 0.0 }, "geometry": { "type": "LineString", "coordinates": [ [ 4.363921, 50.839696 ], [ 4.36392, 50.839695 ] ] } },
{ "type": "Feature", "properties": { "index": "124862958#0", "element": "edge", "id": "124862958#0", "name": "Avenue des Arts - Kunstlaan", "sampledSeconds": 53.97, "departed": 0.0, "arrived": 9.0, "entered": 9.0, "left": 0.0, "laneChangedFrom": 0.0, "laneChangedTo": 0.0, "traveltime": 5.45, "overlapTraveltime": 6.13, "density": 0.37, "laneDensity": 0.37, "occupancy": 0.17, "waitingTime": 0.0, "timeLoss": 4.49, "speed": 7.37, "speedRelative": 0.88, "teleported": 0.0 }, "geometry": { "type": "LineString", "coordinates": [ [ 4.365986, 50.84066 ], [ 4.365991, 50.840664 ], [ 4.366019, 50.840691 ], [ 4.366138, 50.840793 ], [ 4.366242, 50.840846 ], [ 4.366355, 50.840881 ], [ 4.366406, 50.840888 ] ] } },
{ "type": "Feature", "properties": { "index": "124862960", "element": "edge", "id": "124862960", "name": "", "sampledSeconds": 40.89, "departed": 2.0, "arrived": 5.0, "entered": 14.0, "left": 11.0, "laneChangedFrom": 0.0, "laneChangedTo": 0.0, "traveltime": 1.97, "overlapTraveltime": 2.88, "density": 56.79, "laneDensity": 56.79, "occupancy": 0.88, "waitingTime": 27.0, "timeLoss": 35.6, "speed": 1.8, "speedRelative": 0.13, "teleported": 0.0 }, "geometry": { "type": "LineString", "coordinates": [ [ 4.363513, 50.839477 ], [ 4.36351, 50.839477 ] ] } },
{ "type": "Feature", "properties": { "index": "124862962", "element": "edge", "id": "124862962", "name": "Tunnel Trône - Troontunnel", "sampledSeconds": 95.79, "departed": 0.0, "arrived": 3.0, "entered": 16.0, "left": 13.0, "laneChangedFrom": 0.0, "laneChangedTo": 0.0, "traveltime": 5.6, "overlapTraveltime": 5.99, "density": 0.37, "laneDensity": 0.37, "occupancy": 0.17, "waitingTime": 0.0, "timeLoss": 4.49, "speed": 12.99, "speedRelative": 0.94, "teleported": 0.0 }, "geometry": { "type": "LineString", "coordinates": [ [ 4.365225, 50.840237 ], [ 4.365578, 50.840435 ], [ 4.365683, 50.840514 ], [ 4.365841, 50.840638 ], [ 4.365922, 50.840716 ] ] } },
{ "type": "Feature", "properties": { "index": "124862963#0", "element": "edge", "id": "124862963#0", "name": "", "sampledSeconds": 92.9, "departed": 0.0, "arrived": 13.0, "entered": 13.0, "left": 0.0, "laneChangedFrom": 0.0, "laneChangedTo": 0.0, "traveltime": 6.85, "overlapTraveltime": 7.23, "density": 0.29, "laneDensity": 0.14, "occupancy": 0.07, "waitingTime": 0.0, "timeLoss": 3.89, "speed": 13.13, "speedRelative": 0.95, "teleported": 0.0 }, "geometry": { "type": "LineString", "coordinates": [ [ 4.365983, 50.840776 ], [ 4.366123, 50.840922 ], [ 4.366272, 50.841105 ], [ 4.366476, 50.841402 ], [ 4.366532, 50.841504 ] ] } },
{ "type": "Feature", "properties": { "index": "1263793722#0", "element": "edge", "id": "1263793722#0", "name": "Chaussée de Charleroi - Charleroise Steenweg", "sampledSeconds": 2150.78, "departed": 13.0, "arrived": 0.0, "entered": 0.0, "left": 11.0, "laneChangedFrom": 0.0, "laneChangedTo": 0.0, "traveltime": 170.95, "overlapTraveltime": 172.67, "density": 3.91, "laneDensity": 3.91, "occupancy": 1.95, "waitingTime": 1834.0, "timeLoss": 1916.72, "speed": 0.91, "speedRelative": 0.11, "teleported": 0.0 }, "geometry": { "type": "LineString", "coordinates": [ [ 4.356503, 50.831441 ], [ 4.356531, 50.831529 ], [ 4.356537, 50.831549 ], [ 4.356756, 50.832232 ], [ 4.356878, 50.832615 ], [ 4.356932, 50.832788 ] ] } },
{ "type": "Feature", "properties": { "index": "1263793723", "element": "edge", "id": "1263793723", "name": "Chaussée de Charleroi - Charleroise Steenweg", "sampledSeconds": 7169.92, "departed": 2.0, "arrived": 1.0, "entered": 28.0, "left": 26.0, "laneChangedFrom": 0.0, "laneChangedTo": 0.0, "traveltime": 282.84, "overlapTraveltime": 290.4, "density": 64.41, "laneDensity": 64.41, "occupancy": 32.1, "waitingTime": 6927.0, "timeLoss": 7060.49, "speed": 0.12, "speedRelative": 0.01, "teleported": 4.0 }, "geometry": { "type": "LineString", "coordinates": [ [ 4.356961, 50.83288 ], [ 4.357037, 50.833112 ], [ 4.35705, 50.833152 ] ] } },
{ "type": "Feature", "properties": { "index": "1263954923", "element": "edge", "id": "1263954923", "name": "Avenue Louise - Louizalaan", "sampledSeconds": 1619.58, "departed": 3.0, "arrived": 2.0, "entered": 7.0, "left": 8.0, "laneChangedFrom": 0.0, "laneChangedTo": 0.0, "traveltime": 341.49, "overlapTraveltime": 382.67, "density": 133.33, "laneDensity": 133.33, "occupancy": 31.88, "waitingTime": 1605.0, "timeLoss": 1616.92, "speed": 0.01, "speedRelative": 0.0, "teleported": 5.0 }, "geometry": { "type": "LineString", "coordinates": [ [ 4.364753, 50.826695 ], [ 4.364751, 50.826694 ] ] } },
{ "type": "Feature", "properties": { "index": "1263954924", "element": "edge", "id": "1263954924", "name": "Avenue Louise - Louizalaan", "sampledSeconds": 1450.78, "departed": 4.0, "arrived": 0.0, "entered": 28.0, "left": 32.0, "laneChangedFrom": 0.0, "laneChangedTo": 0.0, "traveltime": 203.76, "overlapTraveltime": 112.59, "density": 133.33, "laneDensity": 133.33, "occupancy": 36.0, "waitingTime": 1408.73, "timeLoss": 1439.18, "speed": 0.05, "speedRelative": 0.01, "teleported": 3.0 }, "geometry": { "type": "LineString", "coordinates": [ [ 4.364834, 50.826618 ], [ 4.364836, 50.826619 ] ] } },
{ "type": "Feature", "properties": { "index": "1263955158#0", "element": "edge", "id": "1263955158#0", "name": "Avenue Louise - Louizalaan", "sampledSeconds": 21956.02, "departed": 2.0, "arrived": 4.0, "entered": 160.0, "left": 150.0, "laneChangedFrom": 0.0, "laneChangedTo": 0.0, "traveltime": 155.89, "overlapTraveltime": 169.21, "density": 90.33, "laneDensity": 90.33, "occupancy": 42.82, "waitingTime": 19620.0, "timeLoss": 20817.5, "speed": 0.43, "speedRelative": 0.05, "teleported": 0.0 }, "geometry": { "type": "LineString", "coordinates": [ [ 4.358028, 50.832629 ], [ 4.358558, 50.832123 ] ] } },
{ "type": "Feature", "properties": { "index": "1263955158#1", "element": "edge", "id": "1263955158#1", "name": "Avenue Louise - Louizalaan", "sampledSeconds": 7340.17, "departed": 5.0, "arrived": 1.0, "entered": 149.0, "left": 150.0, "laneChangedFrom": 0.0, "laneChangedTo": 0.0, "traveltime": 58.02, "overlapTraveltime": 59.12, "density": 94.4, "laneDensity": 94.4, "occupancy": 44.98, "waitingTime": 6597.29, "timeLoss": 6943.06, "speed": 0.45, "speedRelative": 0.05, "teleported": 0.0 }, "geometry": { "type": "LineString", "coordinates": [ [ 4.358606, 50.832076 ], [ 4.358779, 50.831916 ] ] } },
{ "type": "Feature", "properties": { "index": "1264281862", "element": "edge", "id": "1264281862", "name": "Avenue Louise - Louizalaan", "sampledSeconds": 23324.58, "departed": 3.0, "arrived": 1.0, "entered": 219.0, "left": 204.0, "laneChangedFrom": 90.0, "laneChangedTo": 90.0, "traveltime": 102.69, "overlapTraveltime": 111.03, "density": 90.76, "laneDensity": 45.38, "occupancy": 21.58, "waitingTime": 21271.0, "timeLoss": 22143.71, "speed": 0.69, "speedRelative": 0.05, "teleported": 3.0 }, "geometry": { "type": "LineString", "coordinates": [ [ 4.360199, 50.83093 ], [ 4.359644, 50.831467 ] ] } },
{ "type": "Feature", "properties": { "index": "1264687285", "element": "edge", "id": "1264687285", "name": "", "sampledSeconds": 85.71, "departed": 7.0, "arrived": 3.0, "entered": 93.0, "left": 97.0, "laneChangedFrom": 0.0, "laneChangedTo": 0.0, "traveltime": 0.03, "overlapTraveltime": 0.86, "density": 119.05, "laneDensity": 119.05, "occupancy": 2.3, "waitingTime": 0.0, "timeLoss": 19.36, "speed": 6.01, "speedRelative": 0.72, "teleported": 0.0 }, "geometry": { "type": "LineString", "coordinates": [ [ 4.360794, 50.83055 ], [ 4.360795, 50.830552 ] ] } },
{ "type": "Feature", "properties": { "index": "1267194155#0", "element": "edge", "id": "1267194155#0", "name": "Chaussée de Vleurgat - Vleurgatse Steenweg", "sampledSeconds": 5030.37, "departed": 8.0, "arrived": 2.0, "entered": 30.0, "left": 31.0, "laneChangedFrom": 0.0, "laneChangedTo": 0.0, "traveltime": 144.04, "overlapTraveltime": 146.83, "density": 36.19, "laneDensity": 36.19, "occupancy": 18.0, "waitingTime": 4704.0, "timeLoss": 4848.14, "speed": 0.3, "speedRelative": 0.04, "teleported": 2.0 }, "geometry": { "type": "LineString", "coordinates": [ [ 4.367273, 50.823004 ], [ 4.367474, 50.82324 ], [ 4.367506, 50.823275 ], [ 4.367528, 50.823299 ], [ 4.367536, 50.823309 ] ] } },
{ "type": "Feature", "properties": { "index": "1287393211#0", "element": "edge", "id": "1287393211#0", "name": "Avenue Louise - Louizalaan", "sampledSeconds": 29714.53, "departed": 3.0, "arrived": 3.0, "entered": 143.0, "left": 130.0, "laneChangedFrom": 0.0, "laneChangedTo": 0.0, "traveltime": 264.49, "overlapTraveltime": 266.68, "density": 103.2, "laneDensity": 103.2, "occupancy": 51.16, "waitingTime": 27187.0, "timeLoss": 28576.45, "speed": 0.32, "speedRelative": 0.04, "teleported": 2.0 }, "geometry": { "type": "LineString", "coordinates": [ [ 4.361915, 50.828842 ], [ 4.361928, 50.828829 ], [ 4.362514, 50.828265 ], [ 4.362537, 50.82824 ] ] } },
{ "type": "Feature", "properties": { "index": "1287393211#3", "element": "edge", "id": "1287393211#3", "name": "Avenue Louise - Louizalaan", "sampledSeconds": 48932.27, "departed": 0.0, "arrived": 0.0, "entered": 136.0, "left": 125.0, "laneChangedFrom": 0.0, "laneChangedTo": 0.0, "traveltime": 480.65, "overlapTraveltime": 482.48, "density": 121.36, "laneDensity": 121.36, "occupancy": 60.54, "waitingTime": 44624.0, "timeLoss": 47512.45, "speed": 0.24, "speedRelative": 0.03, "teleported": 5.0 }, "geometry": { "type": "LineString", "coordinates": [ [ 4.362618, 50.828156 ], [ 4.363403, 50.827386 ], [ 4.363429, 50.827361 ], [ 4.363446, 50.827343 ], [ 4.363487, 50.827312 ] ] } },
{ "type": "Feature", "properties": { "index": "1287393212#0", "element": "edge", "id": "1287393212#0", "name": "Avenue Louise - Louizalaan", "sampledSeconds": 43677.76, "departed": 1.0, "arrived": 1.0, "entered": 140.0, "left": 130.0, "laneChangedFrom": 0.0, "laneChangedTo": 0.0, "traveltime": 402.34, "overlapTraveltime": 404.53, "density": 106.04, "laneDensity": 106.04, "occupancy": 52.91, "waitingTime": 40002.0, "timeLoss": 42128.32, "speed": 0.3, "speedRelative": 0.04, "teleported": 6.0 }, "geometry": { "type": "LineString", "coordinates": [ [ 4.360882, 50.82985 ], [ 4.361714, 50.829044 ], [ 4.361749, 50.829011 ], [ 4.361769, 50.828991 ], [ 4.361771, 50.828989 ] ] } },
{ "type": "Feature", "properties": { "index": "1298817713", "element": "edge", "id": "1298817713", "name": "Rue Georges Lorand - Georges Lorandstraat", "sampledSeconds": 276.81, "departed": 3.0, "arrived": 0.0, "entered": 10.0, "left": 13.0, "laneChangedFrom": 0.0, "laneChangedTo": 0.0, "traveltime": 20.17, "overlapTraveltime": 21.46, "density": 0.53, "laneDensity": 0.53, "occupancy": 0.25, "waitingTime": 1.0, "timeLoss": 36.69, "speed": 6.97, "speedRelative": 0.84, "teleported": 0.0 }, "geometry": { "type": "LineString", "coordinates": [ [ 4.369637, 50.834739 ], [ 4.369549, 50.834786 ], [ 4.369284, 50.834926 ], [ 4.368116, 50.835542 ], [ 4.368053, 50.835565 ] ] } },
{ "type": "Feature", "properties": { "index": "1298952887", "element": "edge", "id": "1298952887", "name": "Rue Longue Vie - Lang-Levenstraat", "sampledSeconds": 1512.37, "departed": 3.0, "arrived": 2.0, "entered": 159.0, "left": 161.0, "laneChangedFrom": 0.0, "laneChangedTo": 0.0, "traveltime": 8.58, "overlapTraveltime": 9.33, "density": 7.21, "laneDensity": 7.21, "occupancy": 3.3, "waitingTime": 1.0, "timeLoss": 268.97, "speed": 6.78, "speedRelative": 0.81, "teleported": 0.0 }, "geometry": { "type": "LineString", "coordinates": [ [ 4.36585, 50.836194 ], [ 4.366332, 50.83577 ], [ 4.366334, 50.835768 ] ] } },
{ "type": "Feature", "properties": { "index": "1305384087", "element": "edge", "id": "1305384087", "name": "", "sampledSeconds": 0.0, "departed": 0.0, "arrived": 0.0, "entered": 0.0, "left": 0.0, "laneChangedFrom": 0.0, "laneChangedTo": 0.0, "traveltime": 0.0, "overlapTraveltime": 0.0, "density": 0.0, "laneDensity": 0.0, "occupancy": 0.0, "waitingTime": 0.0, "timeLoss": 0.0, "speed": 0.0, "speedRelative": 0.0, "teleported": 0.0 }, "geometry": { "type": "LineString", "coordinates": [ [ 4.366122, 50.834169 ], [ 4.365919, 50.834041 ], [ 4.365756, 50.833939 ], [ 4.365723, 50.833919 ] ] } },
{ "type": "Feature", "properties": { "index": "1305393688", "element": "edge", "id": "1305393688", "name": "", "sampledSeconds": 0.0, "departed": 0.0, "arrived": 0.0, "entered": 0.0, "left": 0.0, "laneChangedFrom": 0.0, "laneChangedTo": 0.0, "traveltime": 0.0, "overlapTraveltime": 0.0, "density": 0.0, "laneDensity": 0.0, "occupancy": 0.0, "waitingTime": 0.0, "timeLoss": 0.0, "speed": 0.0, "speedRelative": 0.0, "teleported": 0.0 }, "geometry": { "type": "LineString", "coordinates": [ [ 4.364976, 50.834287 ], [ 4.364949, 50.834271 ], [ 4.364817, 50.834194 ], [ 4.364796, 50.834181 ] ] } },
{ "type": "Feature", "properties": { "index": "1307684785#0", "element": "edge", "id": "1307684785#0", "name": "Chaussée de Boondael - Boondaalse Steenweg", "sampledSeconds": 363.01, "departed": 8.0, "arrived": 0.0, "entered": 21.0, "left": 30.0, "laneChangedFrom": 0.0, "laneChangedTo": 0.0, "traveltime": 11.56, "overlapTraveltime": 12.62, "density": 1.86, "laneDensity": 1.86, "occupancy": 0.86, "waitingTime": 0.0, "timeLoss": 49.99, "speed": 4.7, "speedRelative": 0.84, "teleported": 0.0 }, "geometry": { "type": "LineString", "coordinates": [ [ 4.374036, 50.827342 ], [ 4.374586, 50.827049 ], [ 4.374625, 50.827028 ] ] } },
{ "type": "Feature", "properties": { "index": "1307684785#1", "element": "edge", "id": "1307684785#1", "name": "Chaussée de Boondael - Boondaalse Steenweg", "sampledSeconds": 123.1, "departed": 6.0, "arrived": 4.0, "entered": 25.0, "left": 27.0, "laneChangedFrom": 0.0, "laneChangedTo": 0.0, "traveltime": 3.38, "overlapTraveltime": 4.26, "density": 2.23, "laneDensity": 2.23, "occupancy": 0.89, "waitingTime": 0.0, "timeLoss": 28.39, "speed": 4.78, "speedRelative": 0.86, "teleported": 0.0 }, "geometry": { "type": "LineString", "coordinates": [ [ 4.374751, 50.826965 ], [ 4.374796, 50.826945 ], [ 4.374921, 50.826879 ] ] } },
{ "type": "Feature", "properties": { "index": "1307684786#0", "element": "edge", "id": "1307684786#0", "name": "Chaussée de Boondael - Boondaalse Steenweg", "sampledSeconds": 8417.44, "departed": 1.0, "arrived": 1.0, "entered": 108.0, "left": 101.0, "laneChangedFrom": 0.0, "laneChangedTo": 0.0, "traveltime": 83.91, "overlapTraveltime": 84.99, "density": 46.99, "laneDensity": 46.99, "occupancy": 22.85, "waitingTime": 7553.0, "timeLoss": 7761.4, "speed": 0.64, "speedRelative": 0.08, "teleported": 2.0 }, "geometry": { "type": "LineString", "coordinates": [ [ 4.375986, 50.825753 ], [ 4.375691, 50.826159 ] ] } },
{ "type": "Feature", "properties": { "index": "1307687510", "element": "edge", "id": "1307687510", "name": "Rue du Belvédère - Belvédèrestraat", "sampledSeconds": 63.72, "departed": 2.0, "arrived": 0.0, "entered": 5.0, "left": 7.0, "laneChangedFrom": 0.0, "laneChangedTo": 0.0, "traveltime": 8.49, "overlapTraveltime": 9.41, "density": 0.44, "laneDensity": 0.44, "occupancy": 0.2, "waitingTime": 0.0, "timeLoss": 11.19, "speed": 4.78, "speedRelative": 0.86, "teleported": 0.0 }, "geometry": { "type": "LineString", "coordinates": [ [ 4.374616, 50.826964 ], [ 4.374578, 50.82695 ], [ 4.374102, 50.826811 ] ] } },
{ "type": "Feature", "properties": { "index": "1308361365", "element": "edge", "id": "1308361365", "name": "Rue du Serpentin - Spiraalbuisstraat", "sampledSeconds": 97.62, "departed": 9.0, "arrived": 1.0, "entered": 11.0, "left": 19.0, "laneChangedFrom": 0.0, "laneChangedTo": 0.0, "traveltime": 4.13, "overlapTraveltime": 5.54, "density": 1.71, "laneDensity": 1.71, "occupancy": 0.69, "waitingTime": 0.0, "timeLoss": 28.09, "speed": 3.77, "speedRelative": 0.68, "teleported": 0.0 }, "geometry": { "type": "LineString", "coordinates": [ [ 4.374897, 50.827218 ], [ 4.374851, 50.827136 ], [ 4.374835, 50.827081 ] ] } },
{ "type": "Feature", "properties": { "index": "1308361545#0", "element": "edge", "id": "1308361545#0", "name": "Rue de la Cuve - Kuipstraat", "sampledSeconds": 133.92, "departed": 5.0, "arrived": 2.0, "entered": 19.0, "left": 23.0, "laneChangedFrom": 0.0, "laneChangedTo": 0.0, "traveltime": 4.79, "overlapTraveltime": 5.7, "density": 1.72, "laneDensity": 1.72, "occupancy": 0.72, "waitingTime": 0.0, "timeLoss": 29.48, "speed": 4.67, "speedRelative": 0.84, "teleported": 0.0 }, "geometry": { "type": "LineString", "coordinates": [ [ 4.374847, 50.827066 ], [ 4.374871, 50.827058 ], [ 4.374955, 50.827055 ], [ 4.375042, 50.827066 ], [ 4.375143, 50.827087 ] ] } },
{ "type": "Feature", "properties": { "index": "131916344", "element": "edge", "id": "131916344", "name": "Avenue Émile de Béco - Émile de Bécolaan", "sampledSeconds": 0.0, "departed": 0.0, "arrived": 0.0, "entered": 0.0, "left": 0.0, "laneChangedFrom": 0.0, "laneChangedTo": 0.0, "traveltime": 0.0, "overlapTraveltime": 0.0, "density": 0.0, "laneDensity": 0.0, "occupancy": 0.0, "waitingTime": 0.0, "timeLoss": 0.0, "speed": 0.0, "speedRelative": 0.0, "teleported": 0.0 }, "geometry": { "type": "LineString", "coordinates": [ [ 4.384238, 50.821417 ], [ 4.384271, 50.821393 ] ] } },
{ "type": "Feature", "properties": { "index": "131916347#0", "element": "edge", "id": "131916347#0", "name": "Avenue Émile de Béco - Émile de Bécolaan", "sampledSeconds": 0.0, "departed": 0.0, "arrived": 0.0, "entered": 0.0, "left": 0.0, "laneChangedFrom": 0.0, "laneChangedTo": 0.0, "traveltime": 0.0, "overlapTraveltime": 0.0, "density": 0.0, "laneDensity": 0.0, "occupancy": 0.0, "waitingTime": 0.0, "timeLoss": 0.0, "speed": 0.0, "speedRelative": 0.0, "teleported": 0.0 }, "geometry": { "type": "LineString", "coordinates": [ [ 4.384094, 50.821252 ], [ 4.384109, 50.82126 ], [ 4.384269, 50.821352 ] ] } },
{ "type": "Feature", "properties": { "index": "131916347#2", "element": "edge", "id": "131916347#2", "name": "Avenue Émile de Béco - Émile de Bécolaan", "sampledSeconds": 0.0, "departed": 0.0, "arrived": 0.0, "entered": 0.0, "left": 0.0, "laneChangedFrom": 0.0, "laneChangedTo": 0.0, "traveltime": 0.0, "overlapTraveltime": 0.0, "density": 0.0, "laneDensity": 0.0, "occupancy": 0.0, "waitingTime": 0.0, "timeLoss": 0.0, "speed": 0.0, "speedRelative": 0.0, "teleported": 0.0 }, "geometry": { "type": "LineString", "coordinates": [ [ 4.384367, 50.821409 ], [ 4.384473, 50.82147 ] ] } },
{ "type": "Feature", "properties": { "index": "131916347#3", "element": "edge", "id": "131916347#3", "name": "Avenue Émile de Béco - Émile de Bécolaan", "sampledSeconds": 0.0, "departed": 0.0, "arrived": 0.0, "entered": 0.0, "left": 0.0, "laneChangedFrom": 0.0, "laneChangedTo": 0.0, "traveltime": 0.0, "overlapTraveltime": 0.0, "density": 0.0, "laneDensity": 0.0, "occupancy": 0.0, "waitingTime": 0.0, "timeLoss": 0.0, "speed": 0.0, "speedRelative": 0.0, "teleported": 0.0 }, "geometry": { "type": "LineString", "coordinates": [ [ 4.384476, 50.821527 ], [ 4.384468, 50.821532 ] ] } },
{ "type": "Feature", "properties": { "index": "131916347#4", "element": "edge", "id": "131916347#4", "name": "Avenue Émile de Béco - Émile de Bécolaan", "sampledSeconds": 0.0, "departed": 0.0, "arrived": 0.0, "entered": 0.0, "left": 0.0, "laneChangedFrom": 0.0, "laneChangedTo": 0.0, "traveltime": 0.0, "overlapTraveltime": 0.0, "density": 0.0, "laneDensity": 0.0, "occupancy": 0.0, "waitingTime": 0.0, "timeLoss": 0.0, "speed": 0.0, "speedRelative": 0.0, "teleported": 0.0 }, "geometry": { "type": "LineString", "coordinates": [ [ 4.384378, 50.821537 ], [ 4.384274, 50.821477 ] ] } },
{ "type": "Feature", "properties": { "index": "131916347#5", "element": "edge", "id": "131916347#5", "name": "Avenue Émile de Béco - Émile de Bécolaan", "sampledSeconds": 0.0, "departed": 0.0, "arrived": 0.0, "entered": 0.0, "left": 0.0, "laneChangedFrom": 0.0, "laneChangedTo": 0.0, "traveltime": 0.0, "overlapTraveltime": 0.0, "density": 0.0, "laneDensity": 0.0, "occupancy": 0.0, "waitingTime": 0.0, "timeLoss": 0.0, "speed": 0.0, "speedRelative": 0.0, "teleported": 0.0 }, "geometry": { "type": "LineString", "coordinates": [ [ 4.384176, 50.82142 ], [ 4.384015, 50.821323 ], [ 4.384001, 50.821316 ] ] } },
{ "type": "Feature", "properties": { "index": "131916348#0", "element": "edge", "id": "131916348#0", "name": "", "sampledSeconds": 0.0, "departed": 0.0, "arrived": 0.0, "entered": 0.0, "left": 0.0, "laneChangedFrom": 0.0, "laneChangedTo": 0.0, "traveltime": 0.0, "overlapTraveltime": 0.0, "density": 0.0, "laneDensity": 0.0, "occupancy": 0.0, "waitingTime": 0.0, "timeLoss": 0.0, "speed": 0.0, "speedRelative": 0.0, "teleported": 0.0 }, "geometry": { "type": "LineString", "coordinates": [ [ 4.384003, 50.822161 ], [ 4.384333, 50.821956 ], [ 4.384542, 50.821829 ], [ 4.384575, 50.821751 ], [ 4.384619, 50.821696 ], [ 4.384806, 50.821571 ], [ 4.384835, 50.821551 ], [ 4.384977, 50.821493 ], [ 4.38505, 50.821426 ], [ 4.385086, 50.821405 ] ] } },
{ "type": "Feature", "properties": { "index": "131954303", "element": "edge", "id": "131954303", "name": "", "sampledSeconds": 0.0, "departed": 0.0, "arrived": 0.0, "entered": 0.0, "left": 0.0, "laneChangedFrom": 0.0, "laneChangedTo": 0.0, "traveltime": 0.0, "overlapTraveltime": 0.0, "density": 0.0, "laneDensity": 0.0, "occupancy": 0.0, "waitingTime": 0.0, "timeLoss": 0.0, "speed": 0.0, "speedRelative": 0.0, "teleported": 0.0 }, "geometry": { "type": "LineString", "coordinates": [ [ 4.380659, 50.821053 ], [ 4.380674, 50.821062 ], [ 4.38103, 50.821271 ] ] } },
{ "type": "Feature", "properties": { "index": "132043932", "element": "edge", "id": "132043932", "name": "", "sampledSeconds": 0.0, "departed": 0.0, "arrived": 0.0, "entered": 0.0, "left": 0.0, "laneChangedFrom": 0.0, "laneChangedTo": 0.0, "traveltime": 0.0, "overlapTraveltime": 0.0, "density": 0.0, "laneDensity": 0.0, "occupancy": 0.0, "waitingTime": 0.0, "timeLoss": 0.0, "speed": 0.0, "speedRelative": 0.0, "teleported": 0.0 }, "geometry": { "type": "LineString", "coordinates": [ [ 4.380652, 50.822758 ], [ 4.380289, 50.823048 ] ] } },
{ "type": "Feature", "properties": { "index": "132043933", "element": "edge", "id": "132043933", "name": "", "sampledSeconds": 0.0, "departed": 0.0, "arrived": 0.0, "entered": 0.0, "left": 0.0, "laneChangedFrom": 0.0, "laneChangedTo": 0.0, "traveltime": 0.0, "overlapTraveltime": 0.0, "density": 0.0, "laneDensity": 0.0, "occupancy": 0.0, "waitingTime": 0.0, "timeLoss": 0.0, "speed": 0.0, "speedRelative": 0.0, "teleported": 0.0 }, "geometry": { "type": "LineString", "coordinates": [ [ 4.379941, 50.823556 ], [ 4.37984, 50.823645 ], [ 4.379759, 50.823758 ], [ 4.379728, 50.823883 ], [ 4.379596, 50.824013 ], [ 4.379142, 50.823901 ], [ 4.379043, 50.823769 ] ] } },
{ "type": "Feature", "properties": { "index": "132043934#0", "element": "edge", "id": "132043934#0", "name": "", "sampledSeconds": 0.0, "departed": 0.0, "arrived": 0.0, "entered": 0.0, "left": 0.0, "laneChangedFrom": 0.0, "laneChangedTo": 0.0, "traveltime": 0.0, "overlapTraveltime": 0.0, "density": 0.0, "laneDensity": 0.0, "occupancy": 0.0, "waitingTime": 0.0, "timeLoss": 0.0, "speed": 0.0, "speedRelative": 0.0, "teleported": 0.0 }, "geometry": { "type": "LineString", "coordinates": [ [ 4.379537, 50.823374 ], [ 4.37941, 50.823492 ], [ 4.379325, 50.823569 ], [ 4.379264, 50.823585 ], [ 4.379167, 50.823631 ], [ 4.3791, 50.823682 ] ] } },
{ "type": "Feature", "properties": { "index": "132043934#1", "element": "edge", "id": "132043934#1", "name": "", "sampledSeconds": 0.0, "departed": 0.0, "arrived": 0.0, "entered": 0.0, "left": 0.0, "laneChangedFrom": 0.0, "laneChangedTo": 0.0, "traveltime": 0.0, "overlapTraveltime": 0.0, "density": 0.0, "laneDensity": 0.0, "occupancy": 0.0, "waitingTime": 0.0, "timeLoss": 0.0, "speed": 0.0, "speedRelative": 0.0, "teleported": 0.0 }, "geometry": { "type": "LineString", "coordinates": [ [ 4.378982, 50.823756 ], [ 4.37886, 50.823884 ], [ 4.378704, 50.824054 ] ] } },
{ "type": "Feature", "properties": { "index": "132148870#2", "element": "edge", "id": "132148870#2", "name": "Rue Guillaume Stocq - Guillaume Stocqstraat", "sampledSeconds": 100.35, "departed": 7.0, "arrived": 4.0, "entered": 24.0, "left": 27.0, "laneChangedFrom": 0.0, "laneChangedTo": 0.0, "traveltime": 2.67, "overlapTraveltime": 3.47, "density": 1.7, "laneDensity": 1.7, "occupancy": 0.68, "waitingTime": 0.0, "timeLoss": 20.84, "speed": 6.16, "speedRelative": 0.74, "teleported": 0.0 }, "geometry": { "type": "LineString", "coordinates": [ [ 4.376477, 50.823761 ], [ 4.37625, 50.823791 ] ] } },
{ "type": "Feature", "properties": { "index": "132148870#3", "element": "edge", "id": "132148870#3", "name": "Rue Guillaume Stocq - Guillaume Stocqstraat", "sampledSeconds": 1580.59, "departed": 5.0, "arrived": 2.0, "entered": 39.0, "left": 40.0, "laneChangedFrom": 0.0, "laneChangedTo": 0.0, "traveltime": 35.49, "overlapTraveltime": 36.32, "density": 4.01, "laneDensity": 4.01, "occupancy": 1.97, "waitingTime": 868.0, "timeLoss": 953.84, "speed": 3.15, "speedRelative": 0.38, "teleported": 1.0 }, "geometry": { "type": "LineString", "coordinates": [ [ 4.376076, 50.823814 ], [ 4.376036, 50.823819 ], [ 4.375962, 50.823829 ], [ 4.375067, 50.823951 ], [ 4.374695, 50.823996 ], [ 4.374629, 50.824008 ], [ 4.374572, 50.824029 ], [ 4.374567, 50.824032 ] ] } },
{ "type": "Feature", "properties": { "index": "132148873", "element": "edge", "id": "132148873", "name": "Rue des Échevins - Schepenenstraat", "sampledSeconds": 527.43, "departed": 8.0, "arrived": 4.0, "entered": 6.0, "left": 10.0, "laneChangedFrom": 0.0, "laneChangedTo": 0.0, "traveltime": 37.42, "overlapTraveltime": 38.08, "density": 0.53, "laneDensity": 0.53, "occupancy": 0.26, "waitingTime": 0.0, "timeLoss": 53.2, "speed": 7.4, "speedRelative": 0.89, "teleported": 0.0 }, "geometry": { "type": "LineString", "coordinates": [ [ 4.37756, 50.821 ], [ 4.37755, 50.821011 ], [ 4.377217, 50.821633 ], [ 4.376917, 50.822188 ], [ 4.376295, 50.823356 ] ] } },
{ "type": "Feature", "properties": { "index": "132376876", "element": "edge", "id": "132376876", "name": "", "sampledSeconds": 0.0, "departed": 0.0, "arrived": 0.0, "entered": 0.0, "left": 0.0, "laneChangedFrom": 0.0, "laneChangedTo": 0.0, "traveltime": 0.0, "overlapTraveltime": 0.0, "density": 0.0, "laneDensity": 0.0, "occupancy": 0.0, "waitingTime": 0.0, "timeLoss": 0.0, "speed": 0.0, "speedRelative": 0.0, "teleported": 0.0 }, "geometry": { "type": "LineString", "coordinates": [ [ 4.377281, 50.820006 ], [ 4.377226, 50.819982 ], [ 4.377077, 50.819912 ], [ 4.377058, 50.819903 ], [ 4.377038, 50.819879 ], [ 4.377005, 50.819802 ], [ 4.377153, 50.819646 ] ] } },
{ "type": "Feature", "properties": { "index": "132453746", "element": "edge", "id": "132453746", "name": "", "sampledSeconds": 0.0, "departed": 0.0, "arrived": 0.0, "entered": 0.0, "left": 0.0, "laneChangedFrom": 0.0, "laneChangedTo": 0.0, "traveltime": 0.0, "overlapTraveltime": 0.0, "density": 0.0, "laneDensity": 0.0, "occupancy": 0.0, "waitingTime": 0.0, "timeLoss": 0.0, "speed": 0.0, "speedRelative": 0.0, "teleported": 0.0 }, "geometry": { "type": "LineString", "coordinates": [ [ 4.377717, 50.824466 ], [ 4.377744, 50.824525 ] ] } },
{ "type": "Feature", "properties": { "index": "132453750#0", "element": "edge", "id": "132453750#0", "name": "", "sampledSeconds": 0.0, "departed": 0.0, "arrived": 0.0, "entered": 0.0, "left": 0.0, "laneChangedFrom": 0.0, "laneChangedTo": 0.0, "traveltime": 0.0, "overlapTraveltime": 0.0, "density": 0.0, "laneDensity": 0.0, "occupancy": 0.0, "waitingTime": 0.0, "timeLoss": 0.0, "speed": 0.0, "speedRelative": 0.0, "teleported": 0.0 }, "geometry": { "type": "LineString", "coordinates": [ [ 4.379462, 50.825277 ], [ 4.379434, 50.825272 ], [ 4.379413, 50.825266 ], [ 4.379152, 50.825199 ] ] } },
{ "type": "Feature", "properties": { "index": "132453751", "element": "edge", "id": "132453751", "name": "", "sampledSeconds": 0.0, "departed": 0.0, "arrived": 0.0, "entered": 0.0, "left": 0.0, "laneChangedFrom": 0.0, "laneChangedTo": 0.0, "traveltime": 0.0, "overlapTraveltime": 0.0, "density": 0.0, "laneDensity": 0.0, "occupancy": 0.0, "waitingTime": 0.0, "timeLoss": 0.0, "speed": 0.0, "speedRelative": 0.0, "teleported": 0.0 }, "geometry": { "type": "LineString", "coordinates": [ [ 4.37791, 50.825135 ], [ 4.377923, 50.825093 ], [ 4.378066, 50.824898 ], [ 4.37808, 50.824859 ] ] } },
{ "type": "Feature", "properties": { "index": "132453755", "element": "edge", "id": "132453755", "name": "", "sampledSeconds": 0.0, "departed": 0.0, "arrived": 0.0, "entered": 0.0, "left": 0.0, "laneChangedFrom": 0.0, "laneChangedTo": 0.0, "traveltime": 0.0, "overlapTraveltime": 0.0, "density": 0.0, "laneDensity": 0.0, "occupancy": 0.0, "waitingTime": 0.0, "timeLoss": 0.0, "speed": 0.0, "speedRelative": 0.0, "teleported": 0.0 }, "geometry": { "type": "LineString", "coordinates": [ [ 4.377361, 50.824476 ], [ 4.377376, 50.824488 ], [ 4.377448, 50.824547 ], [ 4.377514, 50.824571 ], [ 4.377608, 50.824578 ], [ 4.377666, 50.824567 ], [ 4.377669, 50.824567 ] ] } },
{ "type": "Feature", "properties": { "index": "132453757", "element": "edge", "id": "132453757", "name": "", "sampledSeconds": 0.0, "departed": 0.0, "arrived": 0.0, "entered": 0.0, "left": 0.0, "laneChangedFrom": 0.0, "laneChangedTo": 0.0, "traveltime": 0.0, "overlapTraveltime": 0.0, "density": 0.0, "laneDensity": 0.0, "occupancy": 0.0, "waitingTime": 0.0, "timeLoss": 0.0, "speed": 0.0, "speedRelative": 0.0, "teleported": 0.0 }, "geometry": { "type": "LineString", "coordinates": [ [ 4.379076, 50.825659 ], [ 4.379038, 50.825639 ], [ 4.379017, 50.825598 ], [ 4.379026, 50.825547 ], [ 4.379062, 50.82549 ] ] } },
{ "type": "Feature", "properties": { "index": "132453762", "element": "edge", "id": "132453762", "name": "", "sampledSeconds": 0.0, "departed": 0.0, "arrived": 0.0, "entered": 0.0, "left": 0.0, "laneChangedFrom": 0.0, "laneChangedTo": 0.0, "traveltime": 0.0, "overlapTraveltime": 0.0, "density": 0.0, "laneDensity": 0.0, "occupancy": 0.0, "waitingTime": 0.0, "timeLoss": 0.0, "speed": 0.0, "speedRelative": 0.0, "teleported": 0.0 }, "geometry": { "type": "LineString", "coordinates": [ [ 4.37804, 50.825263 ], [ 4.378044, 50.825346 ], [ 4.37792, 50.82556 ], [ 4.377919, 50.82563 ], [ 4.378012, 50.82574 ], [ 4.378108, 50.825812 ], [ 4.378421, 50.825983 ], [ 4.378684, 50.826126 ] ] } },
{ "type": "Feature", "properties": { "index": "13430690#0", "element": "edge", "id": "13430690#0", "name": "Rue de Paris - Parijsstraat", "sampledSeconds": 631.51, "departed": 3.0, "arrived": 6.0, "entered": 45.0, "left": 43.0, "laneChangedFrom": 0.0, "laneChangedTo": 0.0, "traveltime": 12.17, "overlapTraveltime": 13.39, "density": 4.33, "laneDensity": 4.33, "occupancy": 2.0, "waitingTime": 109.0, "timeLoss": 246.31, "speed": 3.4, "speedRelative": 0.61, "teleported": 0.0 }, "geometry": { "type": "LineString", "coordinates": [ [ 4.367036, 50.838671 ], [ 4.367208, 50.838756 ], [ 4.367254, 50.838779 ], [ 4.367414, 50.838866 ], [ 4.367454, 50.838888 ], [ 4.36748, 50.838902 ] ] } },
{ "type": "Feature", "properties": { "index": "135300821#0", "element": "edge", "id": "135300821#0", "name": "Avenue Louise - Louizalaan", "sampledSeconds": 1321.89, "departed": 2.0, "arrived": 3.0, "entered": 113.0, "left": 112.0, "laneChangedFrom": 10.0, "laneChangedTo": 10.0, "traveltime": 10.9, "overlapTraveltime": 11.51, "density": 2.91, "laneDensity": 1.45, "occupancy": 0.69, "waitingTime": 55.0, "timeLoss": 209.4, "speed": 11.41, "speedRelative": 0.82, "teleported": 0.0 }, "geometry": { "type": "LineString", "coordinates": [ [ 4.370324, 50.820655 ], [ 4.370366, 50.820542 ], [ 4.370437, 50.820354 ], [ 4.370562, 50.820012 ], [ 4.3707, 50.819637 ], [ 4.370708, 50.819615 ], [ 4.370728, 50.819549 ] ] } },
{ "type": "Feature", "properties": { "index": "135302385#0", "element": "edge", "id": "135302385#0", "name": "Rue de Belle Vue - Bellevuestraat", "sampledSeconds": 20.8, "departed": 2.0, "arrived": 2.0, "entered": 8.0, "left": 8.0, "laneChangedFrom": 0.0, "laneChangedTo": 0.0, "traveltime": 1.48, "overlapTraveltime": 2.41, "density": 0.81, "laneDensity": 0.81, "occupancy": 0.26, "waitingTime": 0.0, "timeLoss": 6.81, "speed": 5.04, "speedRelative": 0.61, "teleported": 0.0 }, "geometry": { "type": "LineString", "coordinates": [ [ 4.371131, 50.819736 ], [ 4.371074, 50.819733 ], [ 4.371042, 50.819734 ], [ 4.37103, 50.819734 ] ] } },
{ "type": "Feature", "properties": { "index": "13548014", "element": "edge", "id": "13548014", "name": "Tunnel Stéphanie - Stefaniatunnel", "sampledSeconds": 28121.38, "departed": 3.0, "arrived": 3.0, "entered": 301.0, "left": 275.0, "laneChangedFrom": 0.0, "laneChangedTo": 0.0, "traveltime": 96.2, "overlapTraveltime": 96.73, "density": 40.83, "laneDensity": 40.83, "occupancy": 20.08, "waitingTime": 22037.0, "timeLoss": 23997.58, "speed": 2.03, "speedRelative": 0.15, "teleported": 0.0 }, "geometry": { "type": "LineString", "coordinates": [ [ 4.354342, 50.835557 ], [ 4.354275, 50.835549 ], [ 4.354064, 50.835544 ], [ 4.353909, 50.835562 ], [ 4.353777, 50.835606 ], [ 4.353679, 50.835654 ], [ 4.353595, 50.83572 ], [ 4.35354, 50.835787 ], [ 4.353506, 50.83588 ], [ 4.353512, 50.835962 ], [ 4.353544, 50.83604 ], [ 4.353603, 50.836102 ], [ 4.353674, 50.836159 ], [ 4.353739, 50.8362 ], [ 4.353814, 50.836231 ], [ 4.35388, 50.836247 ], [ 4.353956, 50.836259 ], [ 4.354052, 50.836265 ], [ 4.354151, 50.836263 ], [ 4.354256, 50.836252 ], [ 4.354344, 50.836236 ], [ 4.35446, 50.836199 ], [ 4.354566, 50.83615 ], [ 4.354662, 50.836093 ] ] } },
{ "type": "Feature", "properties": { "index": "13548482#0", "element": "edge", "id": "13548482#0", "name": "", "sampledSeconds": 0.0, "departed": 0.0, "arrived": 0.0, "entered": 0.0, "left": 0.0, "laneChangedFrom": 0.0, "laneChangedTo": 0.0, "traveltime": 0.0, "overlapTraveltime": 0.0, "density": 0.0, "laneDensity": 0.0, "occupancy": 0.0, "waitingTime": 0.0, "timeLoss": 0.0, "speed": 0.0, "speedRelative": 0.0, "teleported": 0.0 }, "geometry": { "type": "LineString", "coordinates": [ [ 4.355878, 50.835948 ], [ 4.355798, 50.836027 ] ] } },
{ "type": "Feature", "properties": { "index": "13548482#1", "element": "edge", "id": "13548482#1", "name": "", "sampledSeconds": 0.0, "departed": 0.0, "arrived": 0.0, "entered": 0.0, "left": 0.0, "laneChangedFrom": 0.0, "laneChangedTo": 0.0, "traveltime": 0.0, "overlapTraveltime": 0.0, "density": 0.0, "laneDensity": 0.0, "occupancy": 0.0, "waitingTime": 0.0, "timeLoss": 0.0, "speed": 0.0, "speedRelative": 0.0, "teleported": 0.0 }, "geometry": { "type": "LineString", "coordinates": [ [ 4.355751, 50.836074 ], [ 4.355677, 50.836148 ] ] } },
{ "type": "Feature", "properties": { "index": "135896056", "element": "edge", "id": "135896056", "name": "", "sampledSeconds": 0.0, "departed": 0.0, "arrived": 0.0, "entered": 0.0, "left": 0.0, "laneChangedFrom": 0.0, "laneChangedTo": 0.0, "traveltime": 0.0, "overlapTraveltime": 0.0, "density": 0.0, "laneDensity": 0.0, "occupancy": 0.0, "waitingTime": 0.0, "timeLoss": 0.0, "speed": 0.0, "speedRelative": 0.0, "teleported": 0.0 }, "geometry": { "type": "LineString", "coordinates": [ [ 4.373366, 50.82769 ], [ 4.373297, 50.827689 ], [ 4.373252, 50.827694 ], [ 4.373213, 50.827711 ], [ 4.372981, 50.827889 ] ] } },
{ "type": "Feature", "properties": { "index": "135896058", "element": "edge", "id": "135896058", "name": "", "sampledSeconds": 0.0, "departed": 0.0, "arrived": 0.0, "entered": 0.0, "left": 0.0, "laneChangedFrom": 0.0, "laneChangedTo": 0.0, "traveltime": 0.0, "overlapTraveltime": 0.0, "density": 0.0, "laneDensity": 0.0, "occupancy": 0.0, "waitingTime": 0.0, "timeLoss": 0.0, "speed": 0.0, "speedRelative": 0.0, "teleported": 0.0 }, "geometry": { "type": "LineString", "coordinates": [ [ 4.373117, 50.827732 ], [ 4.37286, 50.827934 ], [ 4.372846, 50.82797 ], [ 4.372849, 50.827981 ], [ 4.372886, 50.828045 ] ] } },
{ "type": "Feature", "properties": { "index": "136174723", "element": "edge", "id": "136174723", "name": "Rue Wéry - Wérystraat", "sampledSeconds": 1961.66, "departed": 3.0, "arrived": 3.0, "entered": 116.0, "left": 116.0, "laneChangedFrom": 0.0, "laneChangedTo": 0.0, "traveltime": 15.77, "overlapTraveltime": 16.51, "density": 4.79, "laneDensity": 4.79, "occupancy": 2.3, "waitingTime": 13.0, "timeLoss": 264.31, "speed": 7.19, "speedRelative": 0.86, "teleported": 0.0 }, "geometry": { "type": "LineString", "coordinates": [ [ 4.375934, 50.829349 ], [ 4.375932, 50.829352 ], [ 4.375812, 50.830359 ], [ 4.375811, 50.830368 ] ] } },
{ "type": "Feature", "properties": { "index": "13654337", "element": "edge", "id": "13654337", "name": "Avenue Louise - Louizalaan", "sampledSeconds": 6159.47, "departed": 2.0, "arrived": 1.0, "entered": 238.0, "left": 238.0, "laneChangedFrom": 61.0, "laneChangedTo": 61.0, "traveltime": 25.06, "overlapTraveltime": 25.78, "density": 12.32, "laneDensity": 6.16, "occupancy": 3.01, "waitingTime": 2340.0, "timeLoss": 3638.91, "speed": 5.58, "speedRelative": 0.4, "teleported": 0.0 }, "geometry": { "type": "LineString", "coordinates": [ [ 4.367889, 50.823336 ], [ 4.368859, 50.822389 ], [ 4.368964, 50.822289 ] ] } },
{ "type": "Feature", "properties": { "index": "13654338", "element": "edge", "id": "13654338", "name": "Tunnel Vleurgat - Vleurgattunnel", "sampledSeconds": 17893.11, "departed": 1.0, "arrived": 4.0, "entered": 191.0, "left": 174.0, "laneChangedFrom": 17.0, "laneChangedTo": 17.0, "traveltime": 90.67, "overlapTraveltime": 97.1, "density": 94.06, "laneDensity": 47.03, "occupancy": 21.8, "waitingTime": 16016.47, "timeLoss": 17113.71, "speed": 0.6, "speedRelative": 0.04, "teleported": 1.0 }, "geometry": { "type": "LineString", "coordinates": [ [ 4.36796, 50.823371 ], [ 4.367547, 50.823768 ] ] } },
{ "type": "Feature", "properties": { "index": "13654453", "element": "edge", "id": "13654453", "name": "Avenue Louise - Louizalaan", "sampledSeconds": 11014.2, "departed": 3.0, "arrived": 2.0, "entered": 137.0, "left": 137.0, "laneChangedFrom": 0.0, "laneChangedTo": 0.0, "traveltime": 74.28, "overlapTraveltime": 78.27, "density": 4.28, "laneDensity": 4.28, "occupancy": 2.09, "waitingTime": 2585.0, "timeLoss": 3617.68, "speed": 9.19, "speedRelative": 0.66, "teleported": 0.0 }, "geometry": { "type": "LineString", "coordinates": [ [ 4.365827, 50.825453 ], [ 4.365658, 50.825616 ], [ 4.364781, 50.826462 ], [ 4.361976, 50.829185 ], [ 4.361087, 50.830079 ], [ 4.360299, 50.830835 ] ] } },
{ "type": "Feature", "properties": { "index": "13654454", "element": "edge", "id": "13654454", "name": "Tunnel Vleurgat - Vleurgattunnel", "sampledSeconds": 1151.43, "departed": 3.0, "arrived": 3.0, "entered": 237.0, "left": 238.0, "laneChangedFrom": 25.0, "laneChangedTo": 25.0, "traveltime": 4.28, "overlapTraveltime": 4.8, "density": 6.02, "laneDensity": 3.01, "occupancy": 1.37, "waitingTime": 23.0, "timeLoss": 128.89, "speed": 12.11, "speedRelative": 0.87, "teleported": 0.0 }, "geometry": { "type": "LineString", "coordinates": [ [ 4.367462, 50.823732 ], [ 4.367887, 50.823338 ] ] } },
{ "type": "Feature", "properties": { "index": "137118869", "element": "edge", "id": "137118869", "name": "", "sampledSeconds": 0.0, "departed": 0.0, "arrived": 0.0, "entered": 0.0, "left": 0.0, "laneChangedFrom": 0.0, "laneChangedTo": 0.0, "traveltime": 0.0, "overlapTraveltime": 0.0, "density": 0.0, "laneDensity": 0.0, "occupancy": 0.0, "waitingTime": 0.0, "timeLoss": 0.0, "speed": 0.0, "speedRelative": 0.0, "teleported": 0.0 }, "geometry": { "type": "LineString", "coordinates": [ [ 4.367242, 50.831528 ], [ 4.367614, 50.831793 ], [ 4.367616, 50.831794 ] ] } },
{ "type": "Feature", "properties": { "index": "137238867#0", "element": "edge", "id": "137238867#0", "name": "", "sampledSeconds": 6219.09, "departed": 3.0, "arrived": 1.0, "entered": 108.0, "left": 96.0, "laneChangedFrom": 0.0, "laneChangedTo": 0.0, "traveltime": 58.06, "overlapTraveltime": 58.9, "density": 9.79, "laneDensity": 9.79, "occupancy": 4.84, "waitingTime": 3445.0, "timeLoss": 3914.98, "speed": 3.08, "speedRelative": 0.37, "teleported": 0.0 }, "geometry": { "type": "LineString", "coordinates": [ [ 4.362156, 50.829161 ], [ 4.362155, 50.829162 ], [ 4.361199, 50.830101 ], [ 4.360793, 50.830491 ] ] } },
{ "type": "Feature", "properties": { "index": "137238867#2", "element": "edge", "id": "137238867#2", "name": "", "sampledSeconds": 162.3, "departed": 4.0, "arrived": 2.0, "entered": 2.0, "left": 3.0, "laneChangedFrom": 0.0, "laneChangedTo": 0.0, "traveltime": 36.89, "overlapTraveltime": 38.62, "density": 3.71, "laneDensity": 3.71, "occupancy": 1.83, "waitingTime": 145.0, "timeLoss": 153.4, "speed": 0.44, "speedRelative": 0.05, "teleported": 0.0 }, "geometry": { "type": "LineString", "coordinates": [ [ 4.360729, 50.830553 ], [ 4.360634, 50.830644 ] ] } },
{ "type": "Feature", "properties": { "index": "137238867#3", "element": "edge", "id": "137238867#3", "name": "", "sampledSeconds": 3060.29, "departed": 3.0, "arrived": 2.0, "entered": 86.0, "left": 84.0, "laneChangedFrom": 0.0, "laneChangedTo": 0.0, "traveltime": 24.61, "overlapTraveltime": 35.27, "density": 34.88, "laneDensity": 34.88, "occupancy": 14.16, "waitingTime": 2559.0, "timeLoss": 2777.72, "speed": 0.83, "speedRelative": 0.1, "teleported": 0.0 }, "geometry": { "type": "LineString", "coordinates": [ [ 4.360574, 50.830695 ], [ 4.360337, 50.830854 ] ] } },
{ "type": "Feature", "properties": { "index": "137241321", "element": "edge", "id": "137241321", "name": "Avenue Louise - Louizalaan", "sampledSeconds": 921.92, "departed": 6.0, "arrived": 1.0, "entered": 114.0, "left": 116.0, "laneChangedFrom": 0.0, "laneChangedTo": 0.0, "traveltime": 0.05, "overlapTraveltime": 8.19, "density": 133.33, "laneDensity": 133.33, "occupancy": 25.52, "waitingTime": 807.0, "timeLoss": 851.44, "speed": 0.63, "speedRelative": 0.08, "teleported": 0.0 }, "geometry": { "type": "LineString", "coordinates": [ [ 4.363664, 50.827216 ], [ 4.363667, 50.827215 ] ] } },
{ "type": "Feature", "properties": { "index": "137419461#0", "element": "edge", "id": "137419461#0", "name": "", "sampledSeconds": 0.0, "departed": 0.0, "arrived": 0.0, "entered": 0.0, "left": 0.0, "laneChangedFrom": 0.0, "laneChangedTo": 0.0, "traveltime": 0.0, "overlapTraveltime": 0.0, "density": 0.0, "laneDensity": 0.0, "occupancy": 0.0, "waitingTime": 0.0, "timeLoss": 0.0, "speed": 0.0, "speedRelative": 0.0, "teleported": 0.0 }, "geometry": { "type": "LineString", "coordinates": [ [ 4.367239, 50.830614 ], [ 4.367147, 50.830579 ], [ 4.367063, 50.830526 ] ] } },
{ "type": "Feature", "properties": { "index": "137419461#1", "element": "edge", "id": "137419461#1", "name": "", "sampledSeconds": 0.0, "departed": 0.0, "arrived": 0.0, "entered": 0.0, "left": 0.0, "laneChangedFrom": 0.0, "laneChangedTo": 0.0, "traveltime": 0.0, "overlapTraveltime": 0.0, "density": 0.0, "laneDensity": 0.0, "occupancy": 0.0, "waitingTime": 0.0, "timeLoss": 0.0, "speed": 0.0, "speedRelative": 0.0, "teleported": 0.0 }, "geometry": { "type": "LineString", "coordinates": [ [ 4.36701, 50.830442 ], [ 4.367065, 50.830327 ], [ 4.367041, 50.830273 ], [ 4.366731, 50.830169 ], [ 4.366658, 50.83018 ], [ 4.366599, 50.830209 ] ] } },
{ "type": "Feature", "properties": { "index": "137419461#2", "element": "edge", "id": "137419461#2", "name": "", "sampledSeconds": 0.0, "departed": 0.0, "arrived": 0.0, "entered": 0.0, "left": 0.0, "laneChangedFrom": 0.0, "laneChangedTo": 0.0, "traveltime": 0.0, "overlapTraveltime": 0.0, "density": 0.0, "laneDensity": 0.0, "occupancy": 0.0, "waitingTime": 0.0, "timeLoss": 0.0, "speed": 0.0, "speedRelative": 0.0, "teleported": 0.0 }, "geometry": { "type": "LineString", "coordinates": [ [ 4.366592, 50.830215 ], [ 4.366536, 50.830307 ], [ 4.366651, 50.830409 ], [ 4.366777, 50.830456 ], [ 4.366914, 50.830473 ], [ 4.36696, 50.830475 ] ] } },
{ "type": "Feature", "properties": { "index": "137634033", "element": "edge", "id": "137634033", "name": "", "sampledSeconds": 0.0, "departed": 0.0, "arrived": 0.0, "entered": 0.0, "left": 0.0, "laneChangedFrom": 0.0, "laneChangedTo": 0.0, "traveltime": 0.0, "overlapTraveltime": 0.0, "density": 0.0, "laneDensity": 0.0, "occupancy": 0.0, "waitingTime": 0.0, "timeLoss": 0.0, "speed": 0.0, "speedRelative": 0.0, "teleported": 0.0 }, "geometry": { "type": "LineString", "coordinates": [ [ 4.366987, 50.825155 ], [ 4.367456, 50.824958 ], [ 4.367684, 50.824868 ] ] } },
{ "type": "Feature", "properties": { "index": "13764245#0", "element": "edge", "id": "13764245#0", "name": "Rue du Magistrat - Wethoudersstraat", "sampledSeconds": 191.8, "departed": 6.0, "arrived": 0.0, "entered": 0.0, "left": 6.0, "laneChangedFrom": 0.0, "laneChangedTo": 0.0, "traveltime": 31.74, "overlapTraveltime": 32.72, "density": 0.25, "laneDensity": 0.25, "occupancy": 0.12, "waitingTime": 0.0, "timeLoss": 26.57, "speed": 6.78, "speedRelative": 0.81, "teleported": 0.0 }, "geometry": { "type": "LineString", "coordinates": [ [ 4.363454, 50.823723 ], [ 4.363495, 50.823765 ], [ 4.365872, 50.824918 ], [ 4.365878, 50.824921 ] ] } },
{ "type": "Feature", "properties": { "index": "13764247#0", "element": "edge", "id": "13764247#0", "name": "Tenbosch - Tenbos", "sampledSeconds": 77.5, "departed": 0.0, "arrived": 4.0, "entered": 4.0, "left": 0.0, "laneChangedFrom": 0.0, "laneChangedTo": 0.0, "traveltime": 18.93, "overlapTraveltime": 19.54, "density": 0.14, "laneDensity": 0.14, "occupancy": 0.07, "waitingTime": 0.0, "timeLoss": 5.69, "speed": 8.07, "speedRelative": 0.97, "teleported": 0.0 }, "geometry": { "type": "LineString", "coordinates": [ [ 4.366708, 50.824101 ], [ 4.366705, 50.8241 ], [ 4.365172, 50.823233 ], [ 4.365091, 50.823188 ] ] } },
{ "type": "Feature", "properties": { "index": "13764389", "element": "edge", "id": "13764389", "name": "Rue de Belle Vue - Bellevuestraat", "sampledSeconds": 208.26, "departed": 8.0, "arrived": 1.0, "entered": 173.0, "left": 180.0, "laneChangedFrom": 0.0, "laneChangedTo": 0.0, "traveltime": 0.19, "overlapTraveltime": 1.16, "density": 113.43, "laneDensity": 113.43, "occupancy": 5.23, "waitingTime": 13.0, "timeLoss": 67.32, "speed": 4.75, "speedRelative": 0.34, "teleported": 0.0 }, "geometry": { "type": "LineString", "coordinates": [ [ 4.370932, 50.819539 ], [ 4.370926, 50.819537 ] ] } },
{ "type": "Feature", "properties": { "index": "137848161", "element": "edge", "id": "137848161", "name": "Rue Fritz Toussaint - Fritz Toussaintstraat", "sampledSeconds": 1459.89, "departed": 5.0, "arrived": 3.0, "entered": 64.0, "left": 66.0, "laneChangedFrom": 0.0, "laneChangedTo": 0.0, "traveltime": 20.42, "overlapTraveltime": 21.22, "density": 2.71, "laneDensity": 2.71, "occupancy": 1.3, "waitingTime": 3.0, "timeLoss": 177.32, "speed": 7.3, "speedRelative": 0.88, "teleported": 0.0 }, "geometry": { "type": "LineString", "coordinates": [ [ 4.384784, 50.822839 ], [ 4.386045, 50.823894 ], [ 4.386071, 50.823911 ] ] } },
{ "type": "Feature", "properties": { "index": "13853655#1", "element": "edge", "id": "13853655#1", "name": "Rue Longue Vie - Lang-Levenstraat", "sampledSeconds": 604.71, "departed": 6.0, "arrived": 3.0, "entered": 182.0, "left": 186.0, "laneChangedFrom": 0.0, "laneChangedTo": 0.0, "traveltime": 2.5, "overlapTraveltime": 3.23, "density": 9.57, "laneDensity": 9.57, "occupancy": 3.75, "waitingTime": 0.0, "timeLoss": 82.69, "speed": 6.98, "speedRelative": 0.84, "teleported": 0.0 }, "geometry": { "type": "LineString", "coordinates": [ [ 4.366437, 50.835715 ], [ 4.366631, 50.835617 ] ] } },
{ "type": "Feature", "properties": { "index": "13853655#2", "element": "edge", "id": "13853655#2", "name": "Rue Longue Vie - Lang-Levenstraat", "sampledSeconds": 2146.56, "departed": 3.0, "arrived": 6.0, "entered": 147.0, "left": 141.0, "laneChangedFrom": 0.0, "laneChangedTo": 0.0, "traveltime": 13.54, "overlapTraveltime": 14.31, "density": 6.44, "laneDensity": 6.44, "occupancy": 3.06, "waitingTime": 67.0, "timeLoss": 357.01, "speed": 6.82, "speedRelative": 0.82, "teleported": 0.0 }, "geometry": { "type": "LineString", "coordinates": [ [ 4.366746, 50.835557 ], [ 4.367706, 50.835056 ], [ 4.367759, 50.835027 ] ] } },
{ "type": "Feature", "properties": { "index": "13853657", "element": "edge", "id": "13853657", "name": "", "sampledSeconds": 0.0, "departed": 0.0, "arrived": 0.0, "entered": 0.0, "left": 0.0, "laneChangedFrom": 0.0, "laneChangedTo": 0.0, "traveltime": 0.0, "overlapTraveltime": 0.0, "density": 0.0, "laneDensity": 0.0, "occupancy": 0.0, "waitingTime": 0.0, "timeLoss": 0.0, "speed": 0.0, "speedRelative": 0.0, "teleported": 0.0 }, "geometry": { "type": "LineString", "coordinates": [ [ 4.366991, 50.832372 ], [ 4.367045, 50.832401 ], [ 4.367139, 50.832453 ], [ 4.367241, 50.832511 ] ] } },
{ "type": "Feature", "properties": { "index": "13853658", "element": "edge", "id": "13853658", "name": "Chaussée d&apos;Ixelles - Elsense Steenweg", "sampledSeconds": 708.71, "departed": 2.0, "arrived": 3.0, "entered": 62.0, "left": 62.0, "laneChangedFrom": 0.0, "laneChangedTo": 0.0, "traveltime": 9.8, "overlapTraveltime": 10.99, "density": 4.65, "laneDensity": 4.65, "occupancy": 2.11, "waitingTime": 41.0, "timeLoss": 163.7, "speed": 4.31, "speedRelative": 0.77, "teleported": 0.0 }, "geometry": { "type": "LineString", "coordinates": [ [ 4.361962, 50.837924 ], [ 4.362033, 50.837547 ] ] } },
{ "type": "Feature", "properties": { "index": "13853659#0", "element": "edge", "id": "13853659#0", "name": "Chaussée d&apos;Ixelles - Elsense Steenweg", "sampledSeconds": 7380.06, "departed": 4.0, "arrived": 2.0, "entered": 160.0, "left": 157.0, "laneChangedFrom": 0.0, "laneChangedTo": 0.0, "traveltime": 45.99, "overlapTraveltime": 47.22, "density": 65.1, "laneDensity": 65.1, "occupancy": 27.23, "waitingTime": 6001.0, "timeLoss": 6334.71, "speed": 0.77, "speedRelative": 0.14, "teleported": 1.0 }, "geometry": { "type": "LineString", "coordinates": [ [ 4.366685, 50.832646 ], [ 4.366716, 50.83259 ], [ 4.366756, 50.832525 ], [ 4.366812, 50.832433 ], [ 4.366855, 50.832385 ] ] } },
{ "type": "Feature", "properties": { "index": "13853659#1", "element": "edge", "id": "13853659#1", "name": "Chaussée d&apos;Ixelles - Elsense Steenweg", "sampledSeconds": 5059.71, "departed": 5.0, "arrived": 5.0, "entered": 157.0, "left": 153.0, "laneChangedFrom": 0.0, "laneChangedTo": 0.0, "traveltime": 31.88, "overlapTraveltime": 33.13, "density": 52.23, "laneDensity": 52.23, "occupancy": 25.21, "waitingTime": 3889.0, "timeLoss": 4194.79, "speed": 0.96, "speedRelative": 0.17, "teleported": 3.0 }, "geometry": { "type": "LineString", "coordinates": [ [ 4.366931, 50.832308 ], [ 4.367132, 50.832133 ], [ 4.367159, 50.832114 ] ] } },
{ "type": "Feature", "properties": { "index": "13853661#0", "element": "edge", "id": "13853661#0", "name": "Rue de Dublin - Dublinstraat", "sampledSeconds": 372.28, "departed": 6.0, "arrived": 4.0, "entered": 15.0, "left": 17.0, "laneChangedFrom": 0.0, "laneChangedTo": 0.0, "traveltime": 17.24, "overlapTraveltime": 17.93, "density": 0.84, "laneDensity": 0.84, "occupancy": 0.4, "waitingTime": 0.0, "timeLoss": 48.52, "speed": 7.18, "speedRelative": 0.86, "teleported": 0.0 }, "geometry": { "type": "LineString", "coordinates": [ [ 4.367912, 50.837793 ], [ 4.366774, 50.836945 ] ] } },
{ "type": "Feature", "properties": { "index": "13853661#2", "element": "edge", "id": "13853661#2", "name": "Rue de Dublin - Dublinstraat", "sampledSeconds": 278.71, "departed": 2.0, "arrived": 6.0, "entered": 22.0, "left": 18.0, "laneChangedFrom": 0.0, "laneChangedTo": 0.0, "traveltime": 10.75, "overlapTraveltime": 12.02, "density": 2.46, "laneDensity": 2.46, "occupancy": 1.15, "waitingTime": 123.0, "timeLoss": 174.88, "speed": 3.04, "speedRelative": 0.36, "teleported": 0.0 }, "geometry": { "type": "LineString", "coordinates": [ [ 4.366696, 50.836886 ], [ 4.366446, 50.836695 ], [ 4.366424, 50.836679 ], [ 4.366409, 50.836669 ] ] } },
{ "type": "Feature", "properties": { "index": "138717593#0", "element": "edge", "id": "138717593#0", "name": "", "sampledSeconds": 0.0, "departed": 0.0, "arrived": 0.0, "entered": 0.0, "left": 0.0, "laneChangedFrom": 0.0, "laneChangedTo": 0.0, "traveltime": 0.0, "overlapTraveltime": 0.0, "density": 0.0, "laneDensity": 0.0, "occupancy": 0.0, "waitingTime": 0.0, "timeLoss": 0.0, "speed": 0.0, "speedRelative": 0.0, "teleported": 0.0 }, "geometry": { "type": "LineString", "coordinates": [ [ 4.368445, 50.836424 ], [ 4.368371, 50.836369 ] ] } },
{ "type": "Feature", "properties": { "index": "138717593#1", "element": "edge", "id": "138717593#1", "name": "", "sampledSeconds": 0.0, "departed": 0.0, "arrived": 0.0, "entered": 0.0, "left": 0.0, "laneChangedFrom": 0.0, "laneChangedTo": 0.0, "traveltime": 0.0, "overlapTraveltime": 0.0, "density": 0.0, "laneDensity": 0.0, "occupancy": 0.0, "waitingTime": 0.0, "timeLoss": 0.0, "speed": 0.0, "speedRelative": 0.0, "teleported": 0.0 }, "geometry": { "type": "LineString", "coordinates": [ [ 4.368307, 50.836365 ], [ 4.368168, 50.836422 ], [ 4.367976, 50.836465 ], [ 4.367946, 50.83647 ] ] } },
{ "type": "Feature", "properties": { "index": "138748684", "element": "edge", "id": "138748684", "name": "", "sampledSeconds": 0.0, "departed": 0.0, "arrived": 0.0, "entered": 0.0, "left": 0.0, "laneChangedFrom": 0.0, "laneChangedTo": 0.0, "traveltime": 0.0, "overlapTraveltime": 0.0, "density": 0.0, "laneDensity": 0.0, "occupancy": 0.0, "waitingTime": 0.0, "timeLoss": 0.0, "speed": 0.0, "speedRelative": 0.0, "teleported": 0.0 }, "geometry": { "type": "LineString", "coordinates": [ [ 4.366445, 50.839759 ], [ 4.366111, 50.83959 ] ] } },
{ "type": "Feature", "properties": { "index": "138748689", "element": "edge", "id": "138748689", "name": "", "sampledSeconds": 0.0, "departed": 0.0, "arrived": 0.0, "entered": 0.0, "left": 0.0, "laneChangedFrom": 0.0, "laneChangedTo": 0.0, "traveltime": 0.0, "overlapTraveltime": 0.0, "density": 0.0, "laneDensity": 0.0, "occupancy": 0.0, "waitingTime": 0.0, "timeLoss": 0.0, "speed": 0.0, "speedRelative": 0.0, "teleported": 0.0 }, "geometry": { "type": "LineString", "coordinates": [ [ 4.366674, 50.839123 ], [ 4.366566, 50.839218 ] ] } },
{ "type": "Feature", "properties": { "index": "14108346", "element": "edge", "id": "14108346", "name": "", "sampledSeconds": 117.45, "departed": 2.0, "arrived": 4.0, "entered": 84.0, "left": 82.0, "laneChangedFrom": 0.0, "laneChangedTo": 0.0, "traveltime": 0.5, "overlapTraveltime": 1.39, "density": 133.33, "laneDensity": 133.33, "occupancy": 2.62, "waitingTime": 36.87, "timeLoss": 85.35, "speed": 3.75, "speedRelative": 0.27, "teleported": 0.0 }, "geometry": { "type": "LineString", "coordinates": [ [ 4.360442, 50.837895 ], [ 4.360444, 50.837896 ] ] } },
{ "type": "Feature", "properties": { "index": "14108392", "element": "edge", "id": "14108392", "name": "", "sampledSeconds": 529.99, "departed": 4.0, "arrived": 7.0, "entered": 371.0, "left": 367.0, "laneChangedFrom": 0.0, "laneChangedTo": 0.0, "traveltime": 0.72, "overlapTraveltime": 1.42, "density": 133.33, "laneDensity": 133.33, "occupancy": 10.84, "waitingTime": 253.32, "timeLoss": 389.05, "speed": 3.66, "speedRelative": 0.26, "teleported": 0.0 }, "geometry": { "type": "LineString", "coordinates": [ [ 4.36006, 50.837911 ], [ 4.360058, 50.83791 ] ] } },
{ "type": "Feature", "properties": { "index": "14118780#0", "element": "edge", "id": "14118780#0", "name": "Place Henri Conscience - Hendrik Conscienceplein", "sampledSeconds": 30.16, "departed": 0.0, "arrived": 0.0, "entered": 40.0, "left": 40.0, "laneChangedFrom": 0.0, "laneChangedTo": 0.0, "traveltime": 0.03, "overlapTraveltime": 0.75, "density": 41.89, "laneDensity": 41.89, "occupancy": 0.81, "waitingTime": 0.0, "timeLoss": 3.06, "speed": 6.9, "speedRelative": 0.83, "teleported": 0.0 }, "geometry": { "type": "LineString", "coordinates": [ [ 4.371302, 50.831057 ], [ 4.371299, 50.831057 ] ] } },
{ "type": "Feature", "properties": { "index": "14118780#1", "element": "edge", "id": "14118780#1", "name": "Place Henri Conscience - Hendrik Conscienceplein", "sampledSeconds": 112.5, "departed": 0.0, "arrived": 0.0, "entered": 148.0, "left": 148.0, "laneChangedFrom": 0.0, "laneChangedTo": 0.0, "traveltime": 0.06, "overlapTraveltime": 0.76, "density": 72.68, "laneDensity": 72.68, "occupancy": 2.88, "waitingTime": 0.0, "timeLoss": 14.84, "speed": 7.14, "speedRelative": 0.86, "teleported": 0.0 }, "geometry": { "type": "LineString", "coordinates": [ [ 4.371193, 50.831026 ], [ 4.37119, 50.831022 ] ] } },
{ "type": "Feature", "properties": { "index": "14118780#2", "element": "edge", "id": "14118780#2", "name": "Place Henri Conscience - Hendrik Conscienceplein", "sampledSeconds": 112.21, "departed": 0.0, "arrived": 0.0, "entered": 155.0, "left": 155.0, "laneChangedFrom": 0.0, "laneChangedTo": 0.0, "traveltime": 0.03, "overlapTraveltime": 0.72, "density": 133.33, "laneDensity": 133.33, "occupancy": 3.0, "waitingTime": 0.0, "timeLoss": 13.29, "speed": 7.18, "speedRelative": 0.86, "teleported": 0.0 }, "geometry": { "type": "LineString", "coordinates": [ [ 4.371177, 50.83096 ], [ 4.371178, 50.830959 ] ] } },
{ "type": "Feature", "properties": { "index": "14118780#3", "element": "edge", "id": "14118780#3", "name": "Place Henri Conscience - Hendrik Conscienceplein", "sampledSeconds": 142.19, "departed": 0.0, "arrived": 0.0, "entered": 184.0, "left": 184.0, "laneChangedFrom": 0.0, "laneChangedTo": 0.0, "traveltime": 0.03, "overlapTraveltime": 0.77, "density": 133.33, "laneDensity": 133.33, "occupancy": 3.8, "waitingTime": 0.0, "timeLoss": 22.37, "speed": 6.73, "speedRelative": 0.81, "teleported": 0.0 }, "geometry": { "type": "LineString", "coordinates": [ [ 4.371282, 50.830908 ], [ 4.371285, 50.830908 ] ] } },
{ "type": "Feature", "properties": { "index": "14118780#4", "element": "edge", "id": "14118780#4", "name": "Place Henri Conscience - Hendrik Conscienceplein", "sampledSeconds": 230.88, "departed": 0.0, "arrived": 0.0, "entered": 173.0, "left": 173.0, "laneChangedFrom": 0.0, "laneChangedTo": 0.0, "traveltime": 0.35, "overlapTraveltime": 1.34, "density": 27.29, "laneDensity": 27.29, "occupancy": 4.39, "waitingTime": 39.0, "timeLoss": 63.13, "speed": 5.5, "speedRelative": 0.66, "teleported": 0.0 }, "geometry": { "type": "LineString", "coordinates": [ [ 4.371347, 50.830915 ], [ 4.371349, 50.830916 ], [ 4.371372, 50.830929 ] ] } },
{ "type": "Feature", "properties": { "index": "14118780#5", "element": "edge", "id": "14118780#5", "name": "Place Henri Conscience - Hendrik Conscienceplein", "sampledSeconds": 33.38, "departed": 0.0, "arrived": 0.0, "entered": 34.0, "left": 34.0, "laneChangedFrom": 0.0, "laneChangedTo": 0.0, "traveltime": 0.04, "overlapTraveltime": 0.98, "density": 46.36, "laneDensity": 46.36, "occupancy": 0.89, "waitingTime": 0.0, "timeLoss": 5.06, "speed": 5.3, "speedRelative": 0.64, "teleported": 0.0 }, "geometry": { "type": "LineString", "coordinates": [ [ 4.37141, 50.831004 ], [ 4.371408, 50.831006 ] ] } },
{ "type": "Feature", "properties": { "index": "14118783", "element": "edge", "id": "14118783", "name": "Rue Maes - Maesstraat", "sampledSeconds": 214.51, "departed": 4.0, "arrived": 5.0, "entered": 8.0, "left": 7.0, "laneChangedFrom": 0.0, "laneChangedTo": 0.0, "traveltime": 17.46, "overlapTraveltime": 18.23, "density": 0.45, "laneDensity": 0.45, "occupancy": 0.22, "waitingTime": 0.0, "timeLoss": 23.51, "speed": 7.46, "speedRelative": 0.9, "teleported": 0.0 }, "geometry": { "type": "LineString", "coordinates": [ [ 4.369274, 50.831177 ], [ 4.371099, 50.830995 ], [ 4.371112, 50.830993 ] ] } },
{ "type": "Feature", "properties": { "index": "14118784#0", "element": "edge", "id": "14118784#0", "name": "Rue Jean Van Volsem - Jean Van Volsemstraat", "sampledSeconds": 9990.15, "departed": 2.0, "arrived": 3.0, "entered": 36.0, "left": 22.0, "laneChangedFrom": 0.0, "laneChangedTo": 0.0, "traveltime": 309.89, "overlapTraveltime": 314.67, "density": 26.57, "laneDensity": 26.57, "occupancy": 13.26, "waitingTime": 9291.0, "timeLoss": 9570.2, "speed": 0.35, "speedRelative": 0.04, "teleported": 1.0 }, "geometry": { "type": "LineString", "coordinates": [ [ 4.371159, 50.830896 ], [ 4.371137, 50.830881 ], [ 4.370152, 50.830207 ] ] } },
{ "type": "Feature", "properties": { "index": "14118784#1", "element": "edge", "id": "14118784#1", "name": "Rue Jean Van Volsem - Jean Van Volsemstraat", "sampledSeconds": 7148.08, "departed": 6.0, "arrived": 3.0, "entered": 24.0, "left": 21.0, "laneChangedFrom": 0.0, "laneChangedTo": 0.0, "traveltime": 303.88, "overlapTraveltime": 317.15, "density": 65.77, "laneDensity": 65.77, "occupancy": 29.69, "waitingTime": 6938.78, "timeLoss": 7052.25, "speed": 0.11, "speedRelative": 0.01, "teleported": 4.0 }, "geometry": { "type": "LineString", "coordinates": [ [ 4.370023, 50.83012 ], [ 4.369732, 50.829924 ], [ 4.36973, 50.829922 ] ] } },
{ "type": "Feature", "properties": { "index": "14118785#0", "element": "edge", "id": "14118785#0", "name": "Rue du Collège - Collegestraat", "sampledSeconds": 128.26, "departed": 5.0, "arrived": 6.0, "entered": 11.0, "left": 10.0, "laneChangedFrom": 0.0, "laneChangedTo": 0.0, "traveltime": 7.61, "overlapTraveltime": 8.34, "density": 0.71, "laneDensity": 0.71, "occupancy": 0.33, "waitingTime": 0.0, "timeLoss": 20.68, "speed": 6.64, "speedRelative": 0.8, "teleported": 0.0 }, "geometry": { "type": "LineString", "coordinates": [ [ 4.37132, 50.830876 ], [ 4.371348, 50.830839 ], [ 4.371793, 50.830538 ] ] } },
{ "type": "Feature", "properties": { "index": "14118785#1", "element": "edge", "id": "14118785#1", "name": "Rue du Collège - Collegestraat", "sampledSeconds": 529.9, "departed": 7.0, "arrived": 6.0, "entered": 26.0, "left": 27.0, "laneChangedFrom": 0.0, "laneChangedTo": 0.0, "traveltime": 15.51, "overlapTraveltime": 16.29, "density": 1.54, "laneDensity": 1.54, "occupancy": 0.74, "waitingTime": 53.0, "timeLoss": 115.32, "speed": 6.17, "speedRelative": 0.74, "teleported": 0.0 }, "geometry": { "type": "LineString", "coordinates": [ [ 4.371901, 50.830465 ], [ 4.372746, 50.829884 ], [ 4.372842, 50.829853 ] ] } },
{ "type": "Feature", "properties": { "index": "14362916#0", "element": "edge", "id": "14362916#0", "name": "Rue du Sceptre - Scepterstraat", "sampledSeconds": 138.76, "departed": 0.0, "arrived": 4.0, "entered": 12.0, "left": 8.0, "laneChangedFrom": 0.0, "laneChangedTo": 0.0, "traveltime": 10.59, "overlapTraveltime": 11.7, "density": 0.51, "laneDensity": 0.51, "occupancy": 0.23, "waitingTime": 0.0, "timeLoss": 15.76, "speed": 6.94, "speedRelative": 0.83, "teleported": 0.0 }, "geometry": { "type": "LineString", "coordinates": [ [ 4.375297, 50.832888 ], [ 4.375321, 50.832896 ], [ 4.375349, 50.83291 ], [ 4.375397, 50.832933 ], [ 4.375401, 50.832935 ], [ 4.376143, 50.833314 ] ] } },
{ "type": "Feature", "properties": { "index": "14362919#0", "element": "edge", "id": "14362919#0", "name": "Rue du Germoir - Mouterijstraat", "sampledSeconds": 87.67, "departed": 0.0, "arrived": 11.0, "entered": 11.0, "left": 0.0, "laneChangedFrom": 0.0, "laneChangedTo": 0.0, "traveltime": 7.53, "overlapTraveltime": 8.16, "density": 0.4, "laneDensity": 0.4, "occupancy": 0.19, "waitingTime": 0.0, "timeLoss": 6.65, "speed": 8.03, "speedRelative": 0.96, "teleported": 0.0 }, "geometry": { "type": "LineString", "coordinates": [ [ 4.379251, 50.829688 ], [ 4.379292, 50.829704 ], [ 4.37933, 50.829723 ], [ 4.379387, 50.829754 ], [ 4.379548, 50.829842 ], [ 4.379863, 50.830012 ], [ 4.379912, 50.830035 ] ] } },
{ "type": "Feature", "properties": { "index": "14471542#1", "element": "edge", "id": "14471542#1", "name": "Boulevard de Waterloo - Waterloolaan", "sampledSeconds": 45.14, "departed": 5.0, "arrived": 3.0, "entered": 47.0, "left": 49.0, "laneChangedFrom": 0.0, "laneChangedTo": 0.0, "traveltime": 0.13, "overlapTraveltime": 0.9, "density": 12.93, "laneDensity": 12.93, "occupancy": 1.07, "waitingTime": 0.0, "timeLoss": 8.93, "speed": 6.63, "speedRelative": 0.8, "teleported": 0.0 }, "geometry": { "type": "LineString", "coordinates": [ [ 4.360846, 50.838482 ], [ 4.360832, 50.838483 ] ] } },
{ "type": "Feature", "properties": { "index": "14471542#11", "element": "edge", "id": "14471542#11", "name": "Boulevard de Waterloo - Waterloolaan", "sampledSeconds": 3209.93, "departed": 5.0, "arrived": 2.0, "entered": 53.0, "left": 53.0, "laneChangedFrom": 0.0, "laneChangedTo": 0.0, "traveltime": 56.95, "overlapTraveltime": 58.05, "density": 32.95, "laneDensity": 32.95, "occupancy": 15.48, "waitingTime": 2914.0, "timeLoss": 3000.11, "speed": 0.55, "speedRelative": 0.07, "teleported": 1.0 }, "geometry": { "type": "LineString", "coordinates": [ [ 4.356324, 50.83662 ], [ 4.356003, 50.836486 ] ] } },
{ "type": "Feature", "properties": { "index": "14471542#12", "element": "edge", "id": "14471542#12", "name": "Boulevard de Waterloo - Waterloolaan", "sampledSeconds": 1015.85, "departed": 9.0, "arrived": 3.0, "entered": 53.0, "left": 58.0, "laneChangedFrom": 0.0, "laneChangedTo": 0.0, "traveltime": 17.25, "overlapTraveltime": 17.96, "density": 38.13, "laneDensity": 38.13, "occupancy": 18.06, "waitingTime": 853.0, "timeLoss": 914.87, "speed": 0.69, "speedRelative": 0.08, "teleported": 2.0 }, "geometry": { "type": "LineString", "coordinates": [ [ 4.35593, 50.836455 ], [ 4.355844, 50.836417 ] ] } },
{ "type": "Feature", "properties": { "index": "14471542#2", "element": "edge", "id": "14471542#2", "name": "Boulevard de Waterloo - Waterloolaan", "sampledSeconds": 537.35, "departed": 4.0, "arrived": 5.0, "entered": 44.0, "left": 43.0, "laneChangedFrom": 0.0, "laneChangedTo": 0.0, "traveltime": 10.61, "overlapTraveltime": 11.26, "density": 1.85, "laneDensity": 1.85, "occupancy": 0.87, "waitingTime": 0.0, "timeLoss": 47.78, "speed": 7.6, "speedRelative": 0.91, "teleported": 0.0 }, "geometry": { "type": "LineString", "coordinates": [ [ 4.360753, 50.838466 ], [ 4.360699, 50.838443 ], [ 4.359802, 50.838064 ] ] } },
{ "type": "Feature", "properties": { "index": "14471542#3", "element": "edge", "id": "14471542#3", "name": "Boulevard de Waterloo - Waterloolaan", "sampledSeconds": 425.45, "departed": 5.0, "arrived": 3.0, "entered": 43.0, "left": 45.0, "laneChangedFrom": 0.0, "laneChangedTo": 0.0, "traveltime": 8.29, "overlapTraveltime": 8.94, "density": 1.9, "laneDensity": 1.9, "occupancy": 0.89, "waitingTime": 0.0, "timeLoss": 41.42, "speed": 7.5, "speedRelative": 0.9, "teleported": 0.0 }, "geometry": { "type": "LineString", "coordinates": [ [ 4.359691, 50.838017 ], [ 4.359403, 50.837895 ], [ 4.358952, 50.837712 ] ] } },
{ "type": "Feature", "properties": { "index": "14471542#4", "element": "edge", "id": "14471542#4", "name": "Boulevard de Waterloo - Waterloolaan", "sampledSeconds": 193.88, "departed": 0.0, "arrived": 2.0, "entered": 45.0, "left": 44.0, "laneChangedFrom": 0.0, "laneChangedTo": 0.0, "traveltime": 3.6, "overlapTraveltime": 4.27, "density": 1.96, "laneDensity": 1.96, "occupancy": 0.83, "waitingTime": 0.0, "timeLoss": 16.13, "speed": 7.62, "speedRelative": 0.91, "teleported": 0.0 }, "geometry": { "type": "LineString", "coordinates": [ [ 4.35884, 50.837667 ], [ 4.358511, 50.837533 ] ] } },
{ "type": "Feature", "properties": { "index": "14471542#5", "element": "edge", "id": "14471542#5", "name": "Boulevard de Waterloo - Waterloolaan", "sampledSeconds": 42.85, "departed": 3.0, "arrived": 3.0, "entered": 44.0, "left": 44.0, "laneChangedFrom": 0.0, "laneChangedTo": 0.0, "traveltime": 0.2, "overlapTraveltime": 0.93, "density": 7.83, "laneDensity": 7.83, "occupancy": 0.93, "waitingTime": 0.0, "timeLoss": 6.64, "speed": 7.05, "speedRelative": 0.85, "teleported": 0.0 }, "geometry": { "type": "LineString", "coordinates": [ [ 4.358398, 50.837488 ], [ 4.35838, 50.837481 ] ] } },
{ "type": "Feature", "properties": { "index": "14471542#6", "element": "edge", "id": "14471542#6", "name": "Boulevard de Waterloo - Waterloolaan", "sampledSeconds": 115.14, "departed": 10.0, "arrived": 2.0, "entered": 44.0, "left": 52.0, "laneChangedFrom": 0.0, "laneChangedTo": 0.0, "traveltime": 1.59, "overlapTraveltime": 2.29, "density": 3.11, "laneDensity": 3.11, "occupancy": 1.11, "waitingTime": 0.0, "timeLoss": 23.62, "speed": 6.67, "speedRelative": 0.8, "teleported": 0.0 }, "geometry": { "type": "LineString", "coordinates": [ [ 4.358269, 50.837434 ], [ 4.358148, 50.837383 ] ] } },
{ "type": "Feature", "properties": { "index": "14471542#8", "element": "edge", "id": "14471542#8", "name": "Boulevard de Waterloo - Waterloolaan", "sampledSeconds": 397.7, "departed": 2.0, "arrived": 3.0, "entered": 52.0, "left": 52.0, "laneChangedFrom": 0.0, "laneChangedTo": 0.0, "traveltime": 6.63, "overlapTraveltime": 7.28, "density": 2.18, "laneDensity": 2.18, "occupancy": 1.0, "waitingTime": 0.0, "timeLoss": 34.42, "speed": 7.65, "speedRelative": 0.92, "teleported": 0.0 }, "geometry": { "type": "LineString", "coordinates": [ [ 4.357954, 50.837301 ], [ 4.357353, 50.83705 ] ] } },
{ "type": "Feature", "properties": { "index": "14471542#9", "element": "edge", "id": "14471542#9", "name": "Boulevard de Waterloo - Waterloolaan", "sampledSeconds": 1550.47, "departed": 7.0, "arrived": 2.0, "entered": 52.0, "left": 53.0, "laneChangedFrom": 0.0, "laneChangedTo": 0.0, "traveltime": 26.19, "overlapTraveltime": 26.94, "density": 6.33, "laneDensity": 6.33, "occupancy": 3.09, "waitingTime": 964.0, "timeLoss": 1048.52, "speed": 2.71, "speedRelative": 0.33, "teleported": 0.0 }, "geometry": { "type": "LineString", "coordinates": [ [ 4.357241, 50.837004 ], [ 4.357179, 50.836978 ], [ 4.356435, 50.836667 ] ] } },
{ "type": "Feature", "properties": { "index": "14473580", "element": "edge", "id": "14473580", "name": "Tunnel Trône - Troontunnel", "sampledSeconds": 288.63, "departed": 8.0, "arrived": 0.0, "entered": 0.0, "left": 8.0, "laneChangedFrom": 0.0, "laneChangedTo": 0.0, "traveltime": 36.01, "overlapTraveltime": 36.5, "density": 0.18, "laneDensity": 0.09, "occupancy": 0.05, "waitingTime": 0.0, "timeLoss": 39.07, "speed": 12.03, "speedRelative": 0.87, "teleported": 0.0 }, "geometry": { "type": "LineString", "coordinates": [ [ 4.367092, 50.842999 ], [ 4.366167, 50.841243 ], [ 4.366048, 50.841105 ], [ 4.365796, 50.840814 ], [ 4.365411, 50.840522 ], [ 4.36498, 50.840232 ], [ 4.364221, 50.83981 ], [ 4.364045, 50.839715 ] ] } },
{ "type": "Feature", "properties": { "index": "14475193#0", "element": "edge", "id": "14475193#0", "name": "Boulevard du Régent - Regentlaan", "sampledSeconds": 0.0, "departed": 0.0, "arrived": 0.0, "entered": 0.0, "left": 0.0, "laneChangedFrom": 0.0, "laneChangedTo": 0.0, "traveltime": 0.0, "overlapTraveltime": 0.0, "density": 0.0, "laneDensity": 0.0, "occupancy": 0.0, "waitingTime": 0.0, "timeLoss": 0.0, "speed": 0.0, "speedRelative": 0.0, "teleported": 0.0 }, "geometry": { "type": "LineString", "coordinates": [ [ 4.364839, 50.840433 ], [ 4.364812, 50.840358 ], [ 4.36407, 50.839972 ], [ 4.362831, 50.839352 ], [ 4.362083, 50.838955 ], [ 4.362039, 50.838935 ], [ 4.362002, 50.838919 ], [ 4.361909, 50.838864 ] ] } },
{ "type": "Feature", "properties": { "index": "145550723", "element": "edge", "id": "145550723", "name": "", "sampledSeconds": 288.64, "departed": 5.0, "arrived": 3.0, "entered": 4.0, "left": 6.0, "laneChangedFrom": 0.0, "laneChangedTo": 0.0, "traveltime": 31.66, "overlapTraveltime": 34.19, "density": 1.28, "laneDensity": 1.28, "occupancy": 0.61, "waitingTime": 4.0, "timeLoss": 75.72, "speed": 1.98, "speedRelative": 0.71, "teleported": 0.0 }, "geometry": { "type": "LineString", "coordinates": [ [ 4.385693, 50.822862 ], [ 4.38621, 50.822403 ] ] } },
{ "type": "Feature", "properties": { "index": "145550725#0", "element": "edge", "id": "145550725#0", "name": "", "sampledSeconds": 117.06, "departed": 0.0, "arrived": 3.0, "entered": 3.0, "left": 0.0, "laneChangedFrom": 0.0, "laneChangedTo": 0.0, "traveltime": 38.26, "overlapTraveltime": 40.81, "density": 0.43, "laneDensity": 0.43, "occupancy": 0.21, "waitingTime": 0.0, "timeLoss": 29.0, "speed": 1.96, "speedRelative": 0.71, "teleported": 0.0 }, "geometry": { "type": "LineString", "coordinates": [ [ 4.386736, 50.822474 ], [ 4.387014, 50.822224 ], [ 4.387348, 50.821922 ] ] } },
{ "type": "Feature", "properties": { "index": "14626329#0", "element": "edge", "id": "14626329#0", "name": "Avenue Louise - Louizalaan", "sampledSeconds": 134.05, "departed": 4.0, "arrived": 3.0, "entered": 3.0, "left": 4.0, "laneChangedFrom": 0.0, "laneChangedTo": 0.0, "traveltime": 18.91, "overlapTraveltime": 19.64, "density": 0.28, "laneDensity": 0.28, "occupancy": 0.14, "waitingTime": 0.0, "timeLoss": 17.3, "speed": 7.02, "speedRelative": 0.84, "teleported": 0.0 }, "geometry": { "type": "LineString", "coordinates": [ [ 4.370086, 50.820641 ], [ 4.370138, 50.820506 ], [ 4.370469, 50.819559 ], [ 4.370475, 50.819536 ], [ 4.370498, 50.819475 ] ] } },
{ "type": "Feature", "properties": { "index": "14626330#0", "element": "edge", "id": "14626330#0", "name": "", "sampledSeconds": 210.13, "departed": 0.0, "arrived": 2.0, "entered": 42.0, "left": 40.0, "laneChangedFrom": 0.0, "laneChangedTo": 0.0, "traveltime": 4.36, "overlapTraveltime": 5.01, "density": 1.31, "laneDensity": 1.31, "occupancy": 0.59, "waitingTime": 0.0, "timeLoss": 50.23, "speed": 9.91, "speedRelative": 0.71, "teleported": 0.0 }, "geometry": { "type": "LineString", "coordinates": [ [ 4.371199, 50.81815 ], [ 4.371208, 50.818005 ], [ 4.371194, 50.817936 ], [ 4.371185, 50.817858 ], [ 4.371159, 50.81775 ] ] } },
{ "type": "Feature", "properties": { "index": "14626331", "element": "edge", "id": "14626331", "name": "", "sampledSeconds": 32.4, "departed": 0.0, "arrived": 2.0, "entered": 3.0, "left": 1.0, "laneChangedFrom": 0.0, "laneChangedTo": 0.0, "traveltime": 10.23, "overlapTraveltime": 10.94, "density": 0.12, "laneDensity": 0.12, "occupancy": 0.06, "waitingTime": 0.0, "timeLoss": 2.61, "speed": 7.45, "speedRelative": 0.89, "teleported": 0.0 }, "geometry": { "type": "LineString", "coordinates": [ [ 4.37178, 50.817364 ], [ 4.371711, 50.81756 ], [ 4.371699, 50.817586 ], [ 4.371658, 50.817674 ], [ 4.371614, 50.817704 ], [ 4.37151, 50.817722 ], [ 4.371409, 50.817722 ], [ 4.371358, 50.817713 ], [ 4.371309, 50.817697 ], [ 4.371277, 50.81768 ], [ 4.371231, 50.817631 ], [ 4.371225, 50.817587 ] ] } },
{ "type": "Feature", "properties": { "index": "14626335#0", "element": "edge", "id": "14626335#0", "name": "Avenue Louise - Louizalaan", "sampledSeconds": 279.56, "departed": 6.0, "arrived": 6.0, "entered": 27.0, "left": 27.0, "laneChangedFrom": 0.0, "laneChangedTo": 0.0, "traveltime": 7.75, "overlapTraveltime": 8.76, "density": 2.84, "laneDensity": 2.84, "occupancy": 1.3, "waitingTime": 80.0, "timeLoss": 155.57, "speed": 3.69, "speedRelative": 0.44, "teleported": 0.0 }, "geometry": { "type": "LineString", "coordinates": [ [ 4.371827, 50.817435 ], [ 4.371827, 50.817442 ], [ 4.37183, 50.817509 ], [ 4.371832, 50.81755 ], [ 4.371833, 50.817576 ], [ 4.371818, 50.81768 ] ] } },
{ "type": "Feature", "properties": { "index": "14626335#4", "element": "edge", "id": "14626335#4", "name": "Avenue Louise - Louizalaan", "sampledSeconds": 53.68, "departed": 2.0, "arrived": 3.0, "entered": 6.0, "left": 5.0, "laneChangedFrom": 0.0, "laneChangedTo": 0.0, "traveltime": 6.36, "overlapTraveltime": 6.97, "density": 0.32, "laneDensity": 0.32, "occupancy": 0.15, "waitingTime": 0.0, "timeLoss": 8.78, "speed": 7.45, "speedRelative": 0.89, "teleported": 0.0 }, "geometry": { "type": "LineString", "coordinates": [ [ 4.37168, 50.817983 ], [ 4.371646, 50.818013 ], [ 4.37155, 50.818179 ], [ 4.371486, 50.818292 ], [ 4.371471, 50.818329 ], [ 4.371452, 50.818378 ] ] } },
{ "type": "Feature", "properties": { "index": "14858640", "element": "edge", "id": "14858640", "name": "Avenue Marnix - Marnixlaan", "sampledSeconds": 330.0, "departed": 8.0, "arrived": 1.0, "entered": 86.0, "left": 93.0, "laneChangedFrom": 0.0, "laneChangedTo": 0.0, "traveltime": 2.76, "overlapTraveltime": 3.62, "density": 7.79, "laneDensity": 7.79, "occupancy": 3.08, "waitingTime": 42.0, "timeLoss": 164.17, "speed": 4.64, "speedRelative": 0.56, "teleported": 0.0 }, "geometry": { "type": "LineString", "coordinates": [ [ 4.364829, 50.839758 ], [ 4.364819, 50.839795 ], [ 4.364856, 50.839859 ] ] } },
{ "type": "Feature", "properties": { "index": "14858642#0", "element": "edge", "id": "14858642#0", "name": "Avenue Marnix - Marnixlaan", "sampledSeconds": 96.78, "departed": 6.0, "arrived": 3.0, "entered": 217.0, "left": 220.0, "laneChangedFrom": 1.0, "laneChangedTo": 1.0, "traveltime": 0.02, "overlapTraveltime": 0.44, "density": 134.41, "laneDensity": 67.21, "occupancy": 1.3, "waitingTime": 1.0, "timeLoss": 13.17, "speed": 11.94, "speedRelative": 0.86, "teleported": 0.0 }, "geometry": { "type": "LineString", "coordinates": [ [ 4.364847, 50.839926 ], [ 4.364849, 50.839927 ] ] } },
{ "type": "Feature", "properties": { "index": "14858642#1", "element": "edge", "id": "14858642#1", "name": "Avenue Marnix - Marnixlaan", "sampledSeconds": 5471.45, "departed": 4.0, "arrived": 6.0, "entered": 313.0, "left": 313.0, "laneChangedFrom": 67.0, "laneChangedTo": 67.0, "traveltime": 16.18, "overlapTraveltime": 17.23, "density": 24.34, "laneDensity": 12.17, "occupancy": 5.84, "waitingTime": 2544.0, "timeLoss": 3783.32, "speed": 3.91, "speedRelative": 0.28, "teleported": 0.0 }, "geometry": { "type": "LineString", "coordinates": [ [ 4.364974, 50.839992 ], [ 4.365531, 50.840283 ], [ 4.365585, 50.840309 ], [ 4.365636, 50.840334 ], [ 4.365661, 50.840347 ] ] } },
{ "type": "Feature", "properties": { "index": "14858643#0", "element": "edge", "id": "14858643#0", "name": "Avenue Marnix - Marnixlaan", "sampledSeconds": 380.18, "departed": 5.0, "arrived": 3.0, "entered": 185.0, "left": 187.0, "laneChangedFrom": 4.0, "laneChangedTo": 4.0, "traveltime": 1.39, "overlapTraveltime": 2.02, "density": 10.14, "laneDensity": 5.07, "occupancy": 1.74, "waitingTime": 0.0, "timeLoss": 72.22, "speed": 7.63, "speedRelative": 0.92, "teleported": 0.0 }, "geometry": { "type": "LineString", "coordinates": [ [ 4.362246, 50.838635 ], [ 4.362284, 50.838646 ], [ 4.362308, 50.838656 ], [ 4.362358, 50.838677 ], [ 4.362373, 50.838682 ] ] } },
{ "type": "Feature", "properties": { "index": "14858868", "element": "edge", "id": "14858868", "name": "Rue de Hornes - Hoornestraat", "sampledSeconds": 91.16, "departed": 8.0, "arrived": 0.0, "entered": 0.0, "left": 8.0, "laneChangedFrom": 0.0, "laneChangedTo": 0.0, "traveltime": 11.5, "overlapTraveltime": 12.19, "density": 0.35, "laneDensity": 0.35, "occupancy": 0.17, "waitingTime": 0.0, "timeLoss": 19.36, "speed": 6.41, "speedRelative": 0.77, "teleported": 0.0 }, "geometry": { "type": "LineString", "coordinates": [ [ 4.364155, 50.83927 ], [ 4.364789, 50.838766 ], [ 4.364793, 50.838753 ] ] } },
{ "type": "Feature", "properties": { "index": "150275971", "element": "edge", "id": "150275971", "name": "Place Adolphe Sax - Adolphe Saxplein", "sampledSeconds": 44.27, "departed": 2.0, "arrived": 4.0, "entered": 14.0, "left": 12.0, "laneChangedFrom": 0.0, "laneChangedTo": 0.0, "traveltime": 2.15, "overlapTraveltime": 2.94, "density": 0.91, "laneDensity": 0.91, "occupancy": 0.34, "waitingTime": 0.0, "timeLoss": 8.21, "speed": 6.31, "speedRelative": 0.76, "teleported": 0.0 }, "geometry": { "type": "LineString", "coordinates": [ [ 4.380884, 50.825796 ], [ 4.380775, 50.825896 ] ] } },
{ "type": "Feature", "properties": { "index": "150275973#0", "element": "edge", "id": "150275973#0", "name": "Place Adolphe Sax - Adolphe Saxplein", "sampledSeconds": 132.55, "departed": 9.0, "arrived": 0.0, "entered": 0.0, "left": 9.0, "laneChangedFrom": 0.0, "laneChangedTo": 0.0, "traveltime": 14.83, "overlapTraveltime": 15.52, "density": 0.39, "laneDensity": 0.39, "occupancy": 0.19, "waitingTime": 0.0, "timeLoss": 23.27, "speed": 6.46, "speedRelative": 0.78, "teleported": 0.0 }, "geometry": { "type": "LineString", "coordinates": [ [ 4.380356, 50.826707 ], [ 4.380377, 50.826683 ], [ 4.380657, 50.826369 ], [ 4.380917, 50.826053 ], [ 4.38077, 50.82599 ] ] } },
{ "type": "Feature", "properties": { "index": "150275980#0", "element": "edge", "id": "150275980#0", "name": "Rue du Belvédère - Belvédèrestraat", "sampledSeconds": 154.96, "departed": 5.0, "arrived": 1.0, "entered": 7.0, "left": 11.0, "laneChangedFrom": 0.0, "laneChangedTo": 0.0, "traveltime": 12.37, "overlapTraveltime": 13.22, "density": 0.49, "laneDensity": 0.49, "occupancy": 0.23, "waitingTime": 0.0, "timeLoss": 22.76, "speed": 6.96, "speedRelative": 0.84, "teleported": 0.0 }, "geometry": { "type": "LineString", "coordinates": [ [ 4.374098, 50.826809 ], [ 4.373479, 50.826632 ], [ 4.372979, 50.826486 ], [ 4.372975, 50.826484 ] ] } },
{ "type": "Feature", "properties": { "index": "150275984#1", "element": "edge", "id": "150275984#1", "name": "Chaussée de Boondael - Boondaalse Steenweg", "sampledSeconds": 1527.75, "departed": 5.0, "arrived": 3.0, "entered": 88.0, "left": 87.0, "laneChangedFrom": 0.0, "laneChangedTo": 0.0, "traveltime": 16.08, "overlapTraveltime": 16.8, "density": 15.16, "laneDensity": 15.16, "occupancy": 7.28, "waitingTime": 1093.0, "timeLoss": 1160.02, "speed": 1.96, "speedRelative": 0.24, "teleported": 0.0 }, "geometry": { "type": "LineString", "coordinates": [ [ 4.377674, 50.82408 ], [ 4.377465, 50.824294 ] ] } },
{ "type": "Feature", "properties": { "index": "150275984#2", "element": "edge", "id": "150275984#2", "name": "Chaussée de Boondael - Boondaalse Steenweg", "sampledSeconds": 649.49, "departed": 6.0, "arrived": 2.0, "entered": 87.0, "left": 90.0, "laneChangedFrom": 0.0, "laneChangedTo": 0.0, "traveltime": 6.57, "overlapTraveltime": 7.21, "density": 24.71, "laneDensity": 24.71, "occupancy": 11.17, "waitingTime": 484.0, "timeLoss": 514.61, "speed": 1.7, "speedRelative": 0.2, "teleported": 0.0 }, "geometry": { "type": "LineString", "coordinates": [ [ 4.377394, 50.824365 ], [ 4.377339, 50.82442 ] ] } },
{ "type": "Feature", "properties": { "index": "150275984#3", "element": "edge", "id": "150275984#3", "name": "Chaussée de Boondael - Boondaalse Steenweg", "sampledSeconds": 1959.73, "departed": 2.0, "arrived": 2.0, "entered": 90.0, "left": 88.0, "laneChangedFrom": 0.0, "laneChangedTo": 0.0, "traveltime": 20.87, "overlapTraveltime": 21.61, "density": 23.9, "laneDensity": 23.9, "occupancy": 11.57, "waitingTime": 1589.0, "timeLoss": 1652.61, "speed": 1.29, "speedRelative": 0.15, "teleported": 0.0 }, "geometry": { "type": "LineString", "coordinates": [ [ 4.377263, 50.824495 ], [ 4.377089, 50.824668 ] ] } },
{ "type": "Feature", "properties": { "index": "150275984#4", "element": "edge", "id": "150275984#4", "name": "Chaussée de Boondael - Boondaalse Steenweg", "sampledSeconds": 3171.06, "departed": 0.0, "arrived": 2.0, "entered": 88.0, "left": 82.0, "laneChangedFrom": 0.0, "laneChangedTo": 0.0, "traveltime": 35.89, "overlapTraveltime": 36.93, "density": 27.69, "laneDensity": 27.69, "occupancy": 13.57, "waitingTime": 2669.0, "timeLoss": 2777.6, "speed": 1.0, "speedRelative": 0.12, "teleported": 0.0 }, "geometry": { "type": "LineString", "coordinates": [ [ 4.377017, 50.824739 ], [ 4.376798, 50.824953 ], [ 4.376773, 50.824979 ] ] } },
{ "type": "Feature", "properties": { "index": "150275984#5", "element": "edge", "id": "150275984#5", "name": "Chaussée de Boondael - Boondaalse Steenweg", "sampledSeconds": 10075.72, "departed": 6.0, "arrived": 4.0, "entered": 84.0, "left": 76.0, "laneChangedFrom": 0.0, "laneChangedTo": 0.0, "traveltime": 117.73, "overlapTraveltime": 119.38, "density": 38.15, "laneDensity": 38.15, "occupancy": 18.95, "waitingTime": 8934.0, "timeLoss": 9273.76, "speed": 0.66, "speedRelative": 0.08, "teleported": 3.0 }, "geometry": { "type": "LineString", "coordinates": [ [ 4.376661, 50.825089 ], [ 4.376642, 50.825107 ], [ 4.376091, 50.825641 ] ] } },
{ "type": "Feature", "properties": { "index": "150275985#0", "element": "edge", "id": "150275985#0", "name": "Chaussée de Boondael - Boondaalse Steenweg", "sampledSeconds": 110.44, "departed": 12.0, "arrived": 0.0, "entered": 0.0, "left": 12.0, "laneChangedFrom": 0.0, "laneChangedTo": 0.0, "traveltime": 9.36, "overlapTraveltime": 10.03, "density": 0.54, "laneDensity": 0.54, "occupancy": 0.26, "waitingTime": 0.0, "timeLoss": 29.2, "speed": 6.18, "speedRelative": 0.74, "teleported": 0.0 }, "geometry": { "type": "LineString", "coordinates": [ [ 4.382272, 50.819893 ], [ 4.382227, 50.819925 ], [ 4.382187, 50.819953 ], [ 4.382162, 50.81997 ], [ 4.382114, 50.820004 ], [ 4.381917, 50.820139 ], [ 4.381725, 50.820271 ] ] } },
{ "type": "Feature", "properties": { "index": "150275986#0", "element": "edge", "id": "150275986#0", "name": "Chaussée de Boondael - Boondaalse Steenweg", "sampledSeconds": 712.27, "departed": 6.0, "arrived": 2.0, "entered": 33.0, "left": 36.0, "laneChangedFrom": 0.0, "laneChangedTo": 0.0, "traveltime": 17.71, "overlapTraveltime": 18.88, "density": 2.01, "laneDensity": 2.01, "occupancy": 0.96, "waitingTime": 118.0, "timeLoss": 231.76, "speed": 5.49, "speedRelative": 0.66, "teleported": 0.0 }, "geometry": { "type": "LineString", "coordinates": [ [ 4.379515, 50.822151 ], [ 4.379295, 50.822381 ], [ 4.37879, 50.822909 ] ] } },
{ "type": "Feature", "properties": { "index": "150275986#2", "element": "edge", "id": "150275986#2", "name": "Chaussée de Boondael - Boondaalse Steenweg", "sampledSeconds": 509.87, "departed": 5.0, "arrived": 3.0, "entered": 75.0, "left": 77.0, "laneChangedFrom": 0.0, "laneChangedTo": 0.0, "traveltime": 5.73, "overlapTraveltime": 6.43, "density": 3.57, "laneDensity": 3.57, "occupancy": 1.58, "waitingTime": 0.0, "timeLoss": 72.23, "speed": 6.96, "speedRelative": 0.83, "teleported": 0.0 }, "geometry": { "type": "LineString", "coordinates": [ [ 4.378682, 50.82302 ], [ 4.37839, 50.823325 ] ] } },
{ "type": "Feature", "properties": { "index": "150275986#3", "element": "edge", "id": "150275986#3", "name": "Chaussée de Boondael - Boondaalse Steenweg", "sampledSeconds": 203.65, "departed": 7.0, "arrived": 3.0, "entered": 77.0, "left": 81.0, "laneChangedFrom": 0.0, "laneChangedTo": 0.0, "traveltime": 1.74, "overlapTraveltime": 2.5, "density": 4.87, "laneDensity": 4.87, "occupancy": 1.74, "waitingTime": 0.0, "timeLoss": 36.77, "speed": 6.65, "speedRelative": 0.8, "teleported": 0.0 }, "geometry": { "type": "LineString", "coordinates": [ [ 4.378321, 50.823397 ], [ 4.378236, 50.823487 ] ] } },
{ "type": "Feature", "properties": { "index": "150275986#4", "element": "edge", "id": "150275986#4", "name": "Chaussée de Boondael - Boondaalse Steenweg", "sampledSeconds": 73.05, "departed": 4.0, "arrived": 4.0, "entered": 81.0, "left": 81.0, "laneChangedFrom": 0.0, "laneChangedTo": 0.0, "traveltime": 0.06, "overlapTraveltime": 0.88, "density": 101.45, "laneDensity": 101.45, "occupancy": 1.93, "waitingTime": 2.0, "timeLoss": 17.11, "speed": 5.88, "speedRelative": 0.71, "teleported": 0.0 }, "geometry": { "type": "LineString", "coordinates": [ [ 4.378185, 50.82354 ], [ 4.378184, 50.823542 ] ] } },
{ "type": "Feature", "properties": { "index": "150275986#5", "element": "edge", "id": "150275986#5", "name": "Chaussée de Boondael - Boondaalse Steenweg", "sampledSeconds": 1392.32, "departed": 11.0, "arrived": 3.0, "entered": 83.0, "left": 88.0, "laneChangedFrom": 0.0, "laneChangedTo": 0.0, "traveltime": 14.42, "overlapTraveltime": 15.12, "density": 7.94, "laneDensity": 7.94, "occupancy": 3.79, "waitingTime": 668.0, "timeLoss": 782.62, "speed": 3.55, "speedRelative": 0.43, "teleported": 0.0 }, "geometry": { "type": "LineString", "coordinates": [ [ 4.378104, 50.823634 ], [ 4.378102, 50.823636 ], [ 4.378067, 50.823678 ], [ 4.377745, 50.824008 ] ] } },
{ "type": "Feature", "properties": { "index": "150275988#0", "element": "edge", "id": "150275988#0", "name": "Chaussée de Boondael - Boondaalse Steenweg", "sampledSeconds": 848.09, "departed": 2.0, "arrived": 4.0, "entered": 57.0, "left": 55.0, "laneChangedFrom": 0.0, "laneChangedTo": 0.0, "traveltime": 13.35, "overlapTraveltime": 14.42, "density": 3.02, "laneDensity": 3.02, "occupancy": 1.43, "waitingTime": 78.0, "timeLoss": 240.37, "speed": 5.76, "speedRelative": 0.69, "teleported": 0.0 }, "geometry": { "type": "LineString", "coordinates": [ [ 4.381402, 50.820494 ], [ 4.380933, 50.820819 ], [ 4.380685, 50.820992 ], [ 4.380655, 50.821013 ] ] } },
{ "type": "Feature", "properties": { "index": "150275988#3", "element": "edge", "id": "150275988#3", "name": "Chaussée de Boondael - Boondaalse Steenweg", "sampledSeconds": 211.74, "departed": 3.0, "arrived": 3.0, "entered": 55.0, "left": 55.0, "laneChangedFrom": 0.0, "laneChangedTo": 0.0, "traveltime": 3.02, "overlapTraveltime": 3.7, "density": 2.73, "laneDensity": 2.73, "occupancy": 1.11, "waitingTime": 0.0, "timeLoss": 22.58, "speed": 7.19, "speedRelative": 0.86, "teleported": 0.0 }, "geometry": { "type": "LineString", "coordinates": [ [ 4.380566, 50.821076 ], [ 4.380563, 50.821078 ], [ 4.380367, 50.821224 ] ] } },
{ "type": "Feature", "properties": { "index": "150275988#5", "element": "edge", "id": "150275988#5", "name": "Chaussée de Boondael - Boondaalse Steenweg", "sampledSeconds": 720.26, "departed": 3.0, "arrived": 4.0, "entered": 55.0, "left": 54.0, "laneChangedFrom": 0.0, "laneChangedTo": 0.0, "traveltime": 11.54, "overlapTraveltime": 12.47, "density": 2.68, "laneDensity": 2.68, "occupancy": 1.26, "waitingTime": 41.0, "timeLoss": 143.03, "speed": 6.4, "speedRelative": 0.77, "teleported": 0.0 }, "geometry": { "type": "LineString", "coordinates": [ [ 4.380287, 50.821295 ], [ 4.379741, 50.821872 ] ] } },
{ "type": "Feature", "properties": { "index": "150275991#0", "element": "edge", "id": "150275991#0", "name": "Rue Dillens - Dillensstraat", "sampledSeconds": 70.2, "departed": 2.0, "arrived": 3.0, "entered": 14.0, "left": 13.0, "laneChangedFrom": 0.0, "laneChangedTo": 0.0, "traveltime": 3.91, "overlapTraveltime": 4.58, "density": 0.72, "laneDensity": 0.72, "occupancy": 0.31, "waitingTime": 0.0, "timeLoss": 10.46, "speed": 6.99, "speedRelative": 0.84, "teleported": 0.0 }, "geometry": { "type": "LineString", "coordinates": [ [ 4.374441, 50.828634 ], [ 4.374439, 50.828636 ], [ 4.374197, 50.828821 ] ] } },
{ "type": "Feature", "properties": { "index": "150275991#1", "element": "edge", "id": "150275991#1", "name": "Rue Dillens - Dillensstraat", "sampledSeconds": 1068.12, "departed": 4.0, "arrived": 2.0, "entered": 18.0, "left": 20.0, "laneChangedFrom": 0.0, "laneChangedTo": 0.0, "traveltime": 47.97, "overlapTraveltime": 49.02, "density": 2.5, "laneDensity": 2.5, "occupancy": 1.23, "waitingTime": 675.0, "timeLoss": 737.37, "speed": 2.52, "speedRelative": 0.3, "teleported": 0.0 }, "geometry": { "type": "LineString", "coordinates": [ [ 4.374094, 50.828898 ], [ 4.373052, 50.829674 ], [ 4.37301, 50.829695 ], [ 4.372991, 50.8297 ] ] } },
{ "type": "Feature", "properties": { "index": "150275992#0", "element": "edge", "id": "150275992#0", "name": "Chaussée d&apos;Ixelles - Elsense Steenweg", "sampledSeconds": 41430.24, "departed": 0.0, "arrived": 2.0, "entered": 155.0, "left": 146.0, "laneChangedFrom": 0.0, "laneChangedTo": 0.0, "traveltime": 320.99, "overlapTraveltime": 326.09, "density": 94.71, "laneDensity": 94.71, "occupancy": 46.86, "waitingTime": 35651.0, "timeLoss": 39472.02, "speed": 0.39, "speedRelative": 0.05, "teleported": 2.0 }, "geometry": { "type": "LineString", "coordinates": [ [ 4.370528, 50.828852 ], [ 4.371081, 50.828219 ], [ 4.371184, 50.828103 ], [ 4.371333, 50.827936 ], [ 4.371359, 50.827894 ] ] } },
{ "type": "Feature", "properties": { "index": "150275995#0", "element": "edge", "id": "150275995#0", "name": "Place Eugène Flagey - Eugène Flageyplein", "sampledSeconds": 9922.94, "departed": 2.0, "arrived": 2.0, "entered": 228.0, "left": 216.0, "laneChangedFrom": 0.0, "laneChangedTo": 0.0, "traveltime": 50.61, "overlapTraveltime": 51.54, "density": 104.61, "laneDensity": 104.61, "occupancy": 46.66, "waitingTime": 8726.0, "timeLoss": 9182.93, "speed": 0.61, "speedRelative": 0.07, "teleported": 2.0 }, "geometry": { "type": "LineString", "coordinates": [ [ 4.371497, 50.827715 ], [ 4.371512, 50.827692 ], [ 4.371664, 50.827503 ] ] } },
{ "type": "Feature", "properties": { "index": "150275999#0", "element": "edge", "id": "150275999#0", "name": "Place Eugène Flagey - Eugène Flageyplein", "sampledSeconds": 40745.65, "departed": 1.0, "arrived": 4.0, "entered": 270.0, "left": 258.0, "laneChangedFrom": 0.0, "laneChangedTo": 0.0, "traveltime": 171.66, "overlapTraveltime": 177.87, "density": 106.83, "laneDensity": 106.83, "occupancy": 51.06, "waitingTime": 33998.0, "timeLoss": 37632.66, "speed": 0.62, "speedRelative": 0.07, "teleported": 3.0 }, "geometry": { "type": "LineString", "coordinates": [ [ 4.372242, 50.82705 ], [ 4.372274, 50.827059 ], [ 4.3723, 50.827067 ], [ 4.372366, 50.827091 ], [ 4.372417, 50.827111 ], [ 4.372707, 50.827219 ], [ 4.373274, 50.827447 ], [ 4.373481, 50.82753 ], [ 4.373511, 50.827556 ] ] } },
{ "type": "Feature", "properties": { "index": "150276002", "element": "edge", "id": "150276002", "name": "Rue du Couloir - Gangstraat", "sampledSeconds": 167.66, "departed": 3.0, "arrived": 3.0, "entered": 30.0, "left": 30.0, "laneChangedFrom": 0.0, "laneChangedTo": 0.0, "traveltime": 4.41, "overlapTraveltime": 5.17, "density": 1.6, "laneDensity": 1.6, "occupancy": 0.68, "waitingTime": 0.0, "timeLoss": 30.42, "speed": 6.59, "speedRelative": 0.79, "teleported": 0.0 }, "geometry": { "type": "LineString", "coordinates": [ [ 4.370215, 50.829477 ], [ 4.370225, 50.829492 ], [ 4.370463, 50.829686 ] ] } },
{ "type": "Feature", "properties": { "index": "150276003#0", "element": "edge", "id": "150276003#0", "name": "Rue Gray - Graystraat", "sampledSeconds": 68.17, "departed": 1.0, "arrived": 1.0, "entered": 4.0, "left": 4.0, "laneChangedFrom": 0.0, "laneChangedTo": 0.0, "traveltime": 12.35, "overlapTraveltime": 13.86, "density": 0.22, "laneDensity": 0.22, "occupancy": 0.1, "waitingTime": 0.0, "timeLoss": 12.91, "speed": 6.62, "speedRelative": 0.79, "teleported": 0.0 }, "geometry": { "type": "LineString", "coordinates": [ [ 4.374943, 50.828677 ], [ 4.374958, 50.828683 ], [ 4.375009, 50.828712 ], [ 4.375824, 50.829173 ], [ 4.375863, 50.829195 ] ] } },
{ "type": "Feature", "properties": { "index": "150276003#2", "element": "edge", "id": "150276003#2", "name": "Rue Gray - Graystraat", "sampledSeconds": 276.38, "departed": 6.0, "arrived": 2.0, "entered": 4.0, "left": 8.0, "laneChangedFrom": 0.0, "laneChangedTo": 0.0, "traveltime": 27.01, "overlapTraveltime": 28.04, "density": 0.37, "laneDensity": 0.37, "occupancy": 0.18, "waitingTime": 0.0, "timeLoss": 35.57, "speed": 7.64, "speedRelative": 0.92, "teleported": 0.0 }, "geometry": { "type": "LineString", "coordinates": [ [ 4.376059, 50.829305 ], [ 4.376164, 50.829363 ], [ 4.376251, 50.82942 ], [ 4.376325, 50.829469 ], [ 4.376423, 50.82955 ], [ 4.376536, 50.829674 ], [ 4.376617, 50.829777 ], [ 4.37668, 50.829881 ], [ 4.376718, 50.829981 ], [ 4.37674, 50.830082 ], [ 4.376765, 50.831053 ] ] } },
{ "type": "Feature", "properties": { "index": "150276011#0", "element": "edge", "id": "150276011#0", "name": "Rue Scarron - Scarronstraat", "sampledSeconds": 0.0, "departed": 0.0, "arrived": 0.0, "entered": 0.0, "left": 0.0, "laneChangedFrom": 0.0, "laneChangedTo": 0.0, "traveltime": 0.0, "overlapTraveltime": 0.0, "density": 0.0, "laneDensity": 0.0, "occupancy": 0.0, "waitingTime": 0.0, "timeLoss": 0.0, "speed": 0.0, "speedRelative": 0.0, "teleported": 0.0 }, "geometry": { "type": "LineString", "coordinates": [ [ 4.372792, 50.829744 ], [ 4.372783, 50.829745 ], [ 4.372699, 50.829763 ], [ 4.370635, 50.829725 ], [ 4.370626, 50.829724 ] ] } },
{ "type": "Feature", "properties": { "index": "150276013#0", "element": "edge", "id": "150276013#0", "name": "Rue de Venise - Venetiëstraat", "sampledSeconds": 446.93, "departed": 6.0, "arrived": 6.0, "entered": 16.0, "left": 16.0, "laneChangedFrom": 0.0, "laneChangedTo": 0.0, "traveltime": 20.37, "overlapTraveltime": 21.2, "density": 2.9, "laneDensity": 2.9, "occupancy": 1.41, "waitingTime": 301.0, "timeLoss": 327.75, "speed": 2.26, "speedRelative": 0.27, "teleported": 1.0 }, "geometry": { "type": "LineString", "coordinates": [ [ 4.370455, 50.82976 ], [ 4.370454, 50.829761 ], [ 4.370423, 50.82978 ], [ 4.370155, 50.830094 ] ] } },
{ "type": "Feature", "properties": { "index": "150276013#1", "element": "edge", "id": "150276013#1", "name": "Rue de Venise - Venetiëstraat", "sampledSeconds": 1157.94, "departed": 6.0, "arrived": 3.0, "entered": 19.0, "left": 21.0, "laneChangedFrom": 0.0, "laneChangedTo": 0.0, "traveltime": 46.03, "overlapTraveltime": 47.0, "density": 2.74, "laneDensity": 2.74, "occupancy": 1.35, "waitingTime": 723.0, "timeLoss": 793.05, "speed": 2.61, "speedRelative": 0.31, "teleported": 1.0 }, "geometry": { "type": "LineString", "coordinates": [ [ 4.37005, 50.830214 ], [ 4.369229, 50.831124 ], [ 4.369223, 50.831131 ] ] } },
{ "type": "Feature", "properties": { "index": "150276015#0", "element": "edge", "id": "150276015#0", "name": "Rue de Vergnies - de Vergniesstraat", "sampledSeconds": 2058.19, "departed": 8.0, "arrived": 0.0, "entered": 65.0, "left": 74.0, "laneChangedFrom": 0.0, "laneChangedTo": 0.0, "traveltime": 27.08, "overlapTraveltime": 27.91, "density": 3.64, "laneDensity": 3.64, "occupancy": 1.78, "waitingTime": 437.0, "timeLoss": 618.9, "speed": 5.81, "speedRelative": 0.7, "teleported": 1.0 }, "geometry": { "type": "LineString", "coordinates": [ [ 4.372151, 50.828695 ], [ 4.372084, 50.828727 ], [ 4.372011, 50.828763 ], [ 4.371348, 50.829117 ], [ 4.371223, 50.829166 ], [ 4.370343, 50.829396 ], [ 4.37028, 50.829415 ], [ 4.370268, 50.829418 ], [ 4.370264, 50.829419 ] ] } },
{ "type": "Feature", "properties": { "index": "15089551", "element": "edge", "id": "15089551", "name": "Rue Keyenveld - Keienveldstraat", "sampledSeconds": 1996.34, "departed": 5.0, "arrived": 0.0, "entered": 250.0, "left": 254.0, "laneChangedFrom": 0.0, "laneChangedTo": 0.0, "traveltime": 6.99, "overlapTraveltime": 7.85, "density": 12.47, "laneDensity": 12.47, "occupancy": 5.59, "waitingTime": 29.0, "timeLoss": 456.23, "speed": 6.3, "speedRelative": 0.76, "teleported": 0.0 }, "geometry": { "type": "LineString", "coordinates": [ [ 4.36171, 50.834414 ], [ 4.362049, 50.834076 ] ] } },
{ "type": "Feature", "properties": { "index": "15089643", "element": "edge", "id": "15089643", "name": "Place Stéphanie - Stefaniaplein", "sampledSeconds": 1164.61, "departed": 1.0, "arrived": 0.0, "entered": 294.0, "left": 295.0, "laneChangedFrom": 0.0, "laneChangedTo": 0.0, "traveltime": 3.26, "overlapTraveltime": 3.95, "density": 14.05, "laneDensity": 14.05, "occupancy": 5.7, "waitingTime": 0.0, "timeLoss": 165.64, "speed": 7.09, "speedRelative": 0.85, "teleported": 0.0 }, "geometry": { "type": "LineString", "coordinates": [ [ 4.358461, 50.833547 ], [ 4.358779, 50.833498 ] ] } },
{ "type": "Feature", "properties": { "index": "155433040#0", "element": "edge", "id": "155433040#0", "name": "Rue de la Vanne - Verlaatstraat", "sampledSeconds": 148.44, "departed": 3.0, "arrived": 1.0, "entered": 3.0, "left": 5.0, "laneChangedFrom": 0.0, "laneChangedTo": 0.0, "traveltime": 24.31, "overlapTraveltime": 25.17, "density": 0.23, "laneDensity": 0.23, "occupancy": 0.11, "waitingTime": 0.0, "timeLoss": 16.81, "speed": 7.32, "speedRelative": 0.88, "teleported": 0.0 }, "geometry": { "type": "LineString", "coordinates": [ [ 4.364164, 50.829959 ], [ 4.3642, 50.82994 ], [ 4.364358, 50.829772 ], [ 4.365484, 50.828584 ] ] } },
{ "type": "Feature", "properties": { "index": "155433041", "element": "edge", "id": "155433041", "name": "Rue du Couvent - Kloosterstraat", "sampledSeconds": 1036.93, "departed": 6.0, "arrived": 3.0, "entered": 27.0, "left": 31.0, "laneChangedFrom": 0.0, "laneChangedTo": 0.0, "traveltime": 29.99, "overlapTraveltime": 30.84, "density": 1.33, "laneDensity": 1.33, "occupancy": 0.65, "waitingTime": 0.0, "timeLoss": 96.23, "speed": 7.19, "speedRelative": 0.86, "teleported": 0.0 }, "geometry": { "type": "LineString", "coordinates": [ [ 4.366742, 50.829079 ], [ 4.365817, 50.830059 ], [ 4.365184, 50.830728 ], [ 4.365155, 50.830748 ] ] } },
{ "type": "Feature", "properties": { "index": "155472436#0", "element": "edge", "id": "155472436#0", "name": "Avenue de la Folle Chanson - Lied Van Sotternieënlaan", "sampledSeconds": 83.65, "departed": 0.0, "arrived": 5.0, "entered": 5.0, "left": 0.0, "laneChangedFrom": 0.0, "laneChangedTo": 0.0, "traveltime": 16.22, "overlapTraveltime": 16.94, "density": 0.21, "laneDensity": 0.21, "occupancy": 0.1, "waitingTime": 0.0, "timeLoss": 7.99, "speed": 6.69, "speedRelative": 0.8, "teleported": 0.0 }, "geometry": { "type": "LineString", "coordinates": [ [ 4.376437, 50.817448 ], [ 4.376473, 50.817438 ], [ 4.376612, 50.817397 ], [ 4.376704, 50.817359 ], [ 4.377588, 50.816811 ] ] } },
{ "type": "Feature", "properties": { "index": "158331590", "element": "edge", "id": "158331590", "name": "Rue de l&apos;Arbre Bénit - Gewijde-Boomstraat", "sampledSeconds": 13.54, "departed": 3.0, "arrived": 2.0, "entered": 3.0, "left": 4.0, "laneChangedFrom": 0.0, "laneChangedTo": 0.0, "traveltime": 2.05, "overlapTraveltime": 2.86, "density": 0.37, "laneDensity": 0.37, "occupancy": 0.15, "waitingTime": 0.0, "timeLoss": 5.23, "speed": 5.28, "speedRelative": 0.63, "teleported": 0.0 }, "geometry": { "type": "LineString", "coordinates": [ [ 4.363895, 50.834837 ], [ 4.363901, 50.834837 ], [ 4.363954, 50.834827 ], [ 4.363994, 50.834803 ], [ 4.364006, 50.834788 ] ] } },
{ "type": "Feature", "properties": { "index": "159038284", "element": "edge", "id": "159038284", "name": "", "sampledSeconds": 0.0, "departed": 0.0, "arrived": 0.0, "entered": 0.0, "left": 0.0, "laneChangedFrom": 0.0, "laneChangedTo": 0.0, "traveltime": 0.0, "overlapTraveltime": 0.0, "density": 0.0, "laneDensity": 0.0, "occupancy": 0.0, "waitingTime": 0.0, "timeLoss": 0.0, "speed": 0.0, "speedRelative": 0.0, "teleported": 0.0 }, "geometry": { "type": "LineString", "coordinates": [ [ 4.36016, 50.83533 ], [ 4.360275, 50.835223 ], [ 4.360525, 50.835333 ], [ 4.360679, 50.8354 ], [ 4.360693, 50.835406 ] ] } },
{ "type": "Feature", "properties": { "index": "159636082", "element": "edge", "id": "159636082", "name": "Avenue Louise - Louizalaan", "sampledSeconds": 1918.07, "departed": 2.0, "arrived": 0.0, "entered": 14.0, "left": 16.0, "laneChangedFrom": 0.0, "laneChangedTo": 0.0, "traveltime": 499.08, "overlapTraveltime": 325.99, "density": 133.33, "laneDensity": 133.33, "occupancy": 35.48, "waitingTime": 1899.71, "timeLoss": 1913.34, "speed": 0.02, "speedRelative": 0.0, "teleported": 7.0 }, "geometry": { "type": "LineString", "coordinates": [ [ 4.364564, 50.826565 ], [ 4.364566, 50.826564 ] ] } },
{ "type": "Feature", "properties": { "index": "159636083#0", "element": "edge", "id": "159636083#0", "name": "Avenue Louise - Louizalaan", "sampledSeconds": 34490.74, "departed": 1.0, "arrived": 3.0, "entered": 39.0, "left": 34.0, "laneChangedFrom": 0.0, "laneChangedTo": 0.0, "traveltime": 1323.76, "overlapTraveltime": 1363.58, "density": 126.18, "laneDensity": 126.18, "occupancy": 61.95, "waitingTime": 33144.63, "timeLoss": 34240.21, "speed": 0.06, "speedRelative": 0.01, "teleported": 7.0 }, "geometry": { "type": "LineString", "coordinates": [ [ 4.365463, 50.82602 ], [ 4.365375, 50.826038 ], [ 4.365332, 50.826062 ], [ 4.364865, 50.826525 ], [ 4.36483, 50.826556 ] ] } },
{ "type": "Feature", "properties": { "index": "159636083#2", "element": "edge", "id": "159636083#2", "name": "Avenue Louise - Louizalaan", "sampledSeconds": 1891.98, "departed": 3.0, "arrived": 0.0, "entered": 38.0, "left": 41.0, "laneChangedFrom": 0.0, "laneChangedTo": 0.0, "traveltime": 20.39, "overlapTraveltime": 101.92, "density": 133.33, "laneDensity": 133.33, "occupancy": 52.52, "waitingTime": 1845.0, "timeLoss": 1877.02, "speed": 0.05, "speedRelative": 0.01, "teleported": 1.0 }, "geometry": { "type": "LineString", "coordinates": [ [ 4.364739, 50.826636 ], [ 4.364738, 50.826637 ] ] } },
{ "type": "Feature", "properties": { "index": "159636084#0", "element": "edge", "id": "159636084#0", "name": "Avenue Louise - Louizalaan", "sampledSeconds": 3442.49, "departed": 4.0, "arrived": 0.0, "entered": 46.0, "left": 49.0, "laneChangedFrom": 0.0, "laneChangedTo": 0.0, "traveltime": 135.93, "overlapTraveltime": 179.71, "density": 133.33, "laneDensity": 133.33, "occupancy": 76.56, "waitingTime": 3366.0, "timeLoss": 3421.32, "speed": 0.05, "speedRelative": 0.01, "teleported": 7.0 }, "geometry": { "type": "LineString", "coordinates": [ [ 4.364634, 50.826649 ], [ 4.364589, 50.826632 ] ] } },
{ "type": "Feature", "properties": { "index": "159636084#1", "element": "edge", "id": "159636084#1", "name": "Avenue Louise - Louizalaan", "sampledSeconds": 1510.21, "departed": 2.0, "arrived": 2.0, "entered": 33.0, "left": 34.0, "laneChangedFrom": 0.0, "laneChangedTo": 0.0, "traveltime": 70.95, "overlapTraveltime": 67.44, "density": 65.75, "laneDensity": 65.75, "occupancy": 30.9, "waitingTime": 1414.0, "timeLoss": 1479.0, "speed": 0.17, "speedRelative": 0.02, "teleported": 1.0 }, "geometry": { "type": "LineString", "coordinates": [ [ 4.364453, 50.826579 ], [ 4.364421, 50.826567 ], [ 4.364386, 50.826553 ], [ 4.364384, 50.826546 ] ] } },
{ "type": "Feature", "properties": { "index": "159636085#0", "element": "edge", "id": "159636085#0", "name": "Avenue Louise - Louizalaan", "sampledSeconds": 2585.12, "departed": 5.0, "arrived": 2.0, "entered": 23.0, "left": 25.0, "laneChangedFrom": 0.0, "laneChangedTo": 0.0, "traveltime": 235.24, "overlapTraveltime": 237.13, "density": 109.46, "laneDensity": 109.46, "occupancy": 54.54, "waitingTime": 2551.0, "timeLoss": 2569.71, "speed": 0.05, "speedRelative": 0.01, "teleported": 10.0 }, "geometry": { "type": "LineString", "coordinates": [ [ 4.364461, 50.826472 ], [ 4.364469, 50.826471 ], [ 4.364507, 50.826484 ], [ 4.364543, 50.826499 ] ] } },
{ "type": "Feature", "properties": { "index": "159636085#1", "element": "edge", "id": "159636085#1", "name": "Avenue Louise - Louizalaan", "sampledSeconds": 3302.99, "departed": 3.0, "arrived": 3.0, "entered": 35.0, "left": 35.0, "laneChangedFrom": 0.0, "laneChangedTo": 0.0, "traveltime": 167.64, "overlapTraveltime": 324.01, "density": 133.33, "laneDensity": 133.33, "occupancy": 86.05, "waitingTime": 3263.0, "timeLoss": 3292.1, "speed": 0.03, "speedRelative": 0.0, "teleported": 6.0 }, "geometry": { "type": "LineString", "coordinates": [ [ 4.364672, 50.826552 ], [ 4.364715, 50.82657 ] ] } },
{ "type": "Feature", "properties": { "index": "159636087", "element": "edge", "id": "159636087", "name": "", "sampledSeconds": 0.0, "departed": 0.0, "arrived": 0.0, "entered": 0.0, "left": 0.0, "laneChangedFrom": 0.0, "laneChangedTo": 0.0, "traveltime": 0.0, "overlapTraveltime": 0.0, "density": 0.0, "laneDensity": 0.0, "occupancy": 0.0, "waitingTime": 0.0, "timeLoss": 0.0, "speed": 0.0, "speedRelative": 0.0, "teleported": 0.0 }, "geometry": { "type": "LineString", "coordinates": [ [ 4.364507, 50.826685 ], [ 4.364541, 50.82669 ], [ 4.36458, 50.826713 ] ] } },
{ "type": "Feature", "properties": { "index": "159636088#0", "element": "edge", "id": "159636088#0", "name": "", "sampledSeconds": 0.0, "departed": 0.0, "arrived": 0.0, "entered": 0.0, "left": 0.0, "laneChangedFrom": 0.0, "laneChangedTo": 0.0, "traveltime": 0.0, "overlapTraveltime": 0.0, "density": 0.0, "laneDensity": 0.0, "occupancy": 0.0, "waitingTime": 0.0, "timeLoss": 0.0, "speed": 0.0, "speedRelative": 0.0, "teleported": 0.0 }, "geometry": { "type": "LineString", "coordinates": [ [ 4.36467, 50.826697 ], [ 4.364648, 50.826716 ], [ 4.364646, 50.826718 ] ] } },
{ "type": "Feature", "properties": { "index": "159636088#2", "element": "edge", "id": "159636088#2", "name": "", "sampledSeconds": 0.0, "departed": 0.0, "arrived": 0.0, "entered": 0.0, "left": 0.0, "laneChangedFrom": 0.0, "laneChangedTo": 0.0, "traveltime": 0.0, "overlapTraveltime": 0.0, "density": 0.0, "laneDensity": 0.0, "occupancy": 0.0, "waitingTime": 0.0, "timeLoss": 0.0, "speed": 0.0, "speedRelative": 0.0, "teleported": 0.0 }, "geometry": { "type": "LineString", "coordinates": [ [ 4.364555, 50.826796 ], [ 4.364448, 50.826907 ], [ 4.364335, 50.827018 ], [ 4.364297, 50.827045 ], [ 4.364137, 50.826982 ], [ 4.364288, 50.826837 ], [ 4.364386, 50.82674 ] ] } },
{ "type": "Feature", "properties": { "index": "159636088#3", "element": "edge", "id": "159636088#3", "name": "", "sampledSeconds": 0.0, "departed": 0.0, "arrived": 0.0, "entered": 0.0, "left": 0.0, "laneChangedFrom": 0.0, "laneChangedTo": 0.0, "traveltime": 0.0, "overlapTraveltime": 0.0, "density": 0.0, "laneDensity": 0.0, "occupancy": 0.0, "waitingTime": 0.0, "timeLoss": 0.0, "speed": 0.0, "speedRelative": 0.0, "teleported": 0.0 }, "geometry": { "type": "LineString", "coordinates": [ [ 4.364472, 50.826648 ], [ 4.364493, 50.826628 ] ] } },
{ "type": "Feature", "properties": { "index": "16233734#0", "element": "edge", "id": "16233734#0", "name": "Avenue de la Couronne - Kroonlaan", "sampledSeconds": 746.59, "departed": 7.0, "arrived": 4.0, "entered": 54.0, "left": 57.0, "laneChangedFrom": 0.0, "laneChangedTo": 0.0, "traveltime": 11.66, "overlapTraveltime": 12.34, "density": 2.46, "laneDensity": 2.46, "occupancy": 1.17, "waitingTime": 0.0, "timeLoss": 81.01, "speed": 7.23, "speedRelative": 0.87, "teleported": 0.0 }, "geometry": { "type": "LineString", "coordinates": [ [ 4.37662, 50.831629 ], [ 4.376663, 50.831594 ], [ 4.37722, 50.831144 ], [ 4.377357, 50.831033 ] ] } },
{ "type": "Feature", "properties": { "index": "16233735#0", "element": "edge", "id": "16233735#0", "name": "Avenue de la Couronne - Kroonlaan", "sampledSeconds": 1024.87, "departed": 4.0, "arrived": 4.0, "entered": 58.0, "left": 57.0, "laneChangedFrom": 2.0, "laneChangedTo": 2.0, "traveltime": 15.32, "overlapTraveltime": 16.79, "density": 6.0, "laneDensity": 2.0, "occupancy": 0.94, "waitingTime": 439.0, "timeLoss": 625.26, "speed": 3.12, "speedRelative": 0.37, "teleported": 0.0 }, "geometry": { "type": "LineString", "coordinates": [ [ 4.378494, 50.830077 ], [ 4.378695, 50.829916 ], [ 4.378788, 50.829842 ], [ 4.378828, 50.829811 ], [ 4.378844, 50.829797 ], [ 4.378913, 50.829743 ] ] } },
{ "type": "Feature", "properties": { "index": "162611854#0", "element": "edge", "id": "162611854#0", "name": "Avenue Louise - Louizalaan", "sampledSeconds": 57.27, "departed": 6.0, "arrived": 0.0, "entered": 0.0, "left": 6.0, "laneChangedFrom": 0.0, "laneChangedTo": 0.0, "traveltime": 9.7, "overlapTraveltime": 10.39, "density": 0.28, "laneDensity": 0.28, "occupancy": 0.13, "waitingTime": 0.0, "timeLoss": 12.18, "speed": 6.03, "speedRelative": 0.72, "teleported": 0.0 }, "geometry": { "type": "LineString", "coordinates": [ [ 4.372635, 50.815106 ], [ 4.37245, 50.815611 ] ] } },
{ "type": "Feature", "properties": { "index": "162611854#1", "element": "edge", "id": "162611854#1", "name": "Avenue Louise - Louizalaan", "sampledSeconds": 15.89, "departed": 7.0, "arrived": 0.0, "entered": 5.0, "left": 12.0, "laneChangedFrom": 0.0, "laneChangedTo": 0.0, "traveltime": 0.03, "overlapTraveltime": 1.35, "density": 22.07, "laneDensity": 22.07, "occupancy": 0.43, "waitingTime": 0.0, "timeLoss": 8.3, "speed": 3.84, "speedRelative": 0.46, "teleported": 0.0 }, "geometry": { "type": "LineString", "coordinates": [ [ 4.372421, 50.815693 ], [ 4.37242, 50.815695 ] ] } },
{ "type": "Feature", "properties": { "index": "162611854#2", "element": "edge", "id": "162611854#2", "name": "Avenue Louise - Louizalaan", "sampledSeconds": 952.68, "departed": 5.0, "arrived": 0.0, "entered": 33.0, "left": 38.0, "laneChangedFrom": 0.0, "laneChangedTo": 0.0, "traveltime": 24.48, "overlapTraveltime": 25.16, "density": 1.48, "laneDensity": 1.48, "occupancy": 0.72, "waitingTime": 0.0, "timeLoss": 90.57, "speed": 7.29, "speedRelative": 0.87, "teleported": 0.0 }, "geometry": { "type": "LineString", "coordinates": [ [ 4.372387, 50.815782 ], [ 4.372118, 50.81652 ], [ 4.371817, 50.817344 ] ] } },
{ "type": "Feature", "properties": { "index": "17073048#0", "element": "edge", "id": "17073048#0", "name": "Place Raymond Blyckaerts - Raymond Blyckaertsplein", "sampledSeconds": 1565.45, "departed": 3.0, "arrived": 2.0, "entered": 111.0, "left": 114.0, "laneChangedFrom": 6.0, "laneChangedTo": 6.0, "traveltime": 12.5, "overlapTraveltime": 13.71, "density": 28.4, "laneDensity": 9.47, "occupancy": 4.42, "waitingTime": 960.0, "timeLoss": 1273.53, "speed": 1.48, "speedRelative": 0.18, "teleported": 0.0 }, "geometry": { "type": "LineString", "coordinates": [ [ 4.374841, 50.832672 ], [ 4.374933, 50.832717 ], [ 4.374936, 50.832718 ], [ 4.374996, 50.83275 ], [ 4.375011, 50.832758 ] ] } },
{ "type": "Feature", "properties": { "index": "174272149", "element": "edge", "id": "174272149", "name": "", "sampledSeconds": 7982.85, "departed": 3.0, "arrived": 2.0, "entered": 112.0, "left": 108.0, "laneChangedFrom": 0.0, "laneChangedTo": 0.0, "traveltime": 73.84, "overlapTraveltime": 84.88, "density": 97.73, "laneDensity": 97.73, "occupancy": 41.39, "waitingTime": 7309.94, "timeLoss": 7690.44, "speed": 0.33, "speedRelative": 0.04, "teleported": 0.0 }, "geometry": { "type": "LineString", "coordinates": [ [ 4.367034, 50.824441 ], [ 4.366961, 50.824491 ], [ 4.366807, 50.824586 ] ] } },
{ "type": "Feature", "properties": { "index": "174272151", "element": "edge", "id": "174272151", "name": "", "sampledSeconds": 4027.51, "departed": 3.0, "arrived": 1.0, "entered": 74.0, "left": 80.0, "laneChangedFrom": 0.0, "laneChangedTo": 0.0, "traveltime": 50.48, "overlapTraveltime": 51.39, "density": 40.0, "laneDensity": 40.0, "occupancy": 19.61, "waitingTime": 3293.0, "timeLoss": 3728.82, "speed": 0.64, "speedRelative": 0.08, "teleported": 0.0 }, "geometry": { "type": "LineString", "coordinates": [ [ 4.365327, 50.8256 ], [ 4.365404, 50.82556 ], [ 4.365522, 50.825493 ], [ 4.365626, 50.825435 ] ] } },
{ "type": "Feature", "properties": { "index": "174272152", "element": "edge", "id": "174272152", "name": "", "sampledSeconds": 128.66, "departed": 6.0, "arrived": 4.0, "entered": 25.0, "left": 27.0, "laneChangedFrom": 0.0, "laneChangedTo": 0.0, "traveltime": 3.72, "overlapTraveltime": 4.25, "density": 0.89, "laneDensity": 0.89, "occupancy": 0.4, "waitingTime": 0.0, "timeLoss": 26.28, "speed": 10.63, "speedRelative": 0.77, "teleported": 0.0 }, "geometry": { "type": "LineString", "coordinates": [ [ 4.369049, 50.822412 ], [ 4.368924, 50.822568 ], [ 4.368766, 50.822725 ] ] } },
{ "type": "Feature", "properties": { "index": "174272153", "element": "edge", "id": "174272153", "name": "", "sampledSeconds": 14153.94, "departed": 2.0, "arrived": 0.0, "entered": 87.0, "left": 86.0, "laneChangedFrom": 0.0, "laneChangedTo": 0.0, "traveltime": 223.39, "overlapTraveltime": 230.84, "density": 111.79, "laneDensity": 111.79, "occupancy": 52.12, "waitingTime": 13453.0, "timeLoss": 13856.52, "speed": 0.17, "speedRelative": 0.02, "teleported": 2.0 }, "geometry": { "type": "LineString", "coordinates": [ [ 4.365874, 50.825471 ], [ 4.36585, 50.825506 ], [ 4.365777, 50.825627 ], [ 4.365721, 50.825766 ], [ 4.365719, 50.825771 ] ] } },
{ "type": "Feature", "properties": { "index": "174272154#0", "element": "edge", "id": "174272154#0", "name": "", "sampledSeconds": 1911.9, "departed": 5.0, "arrived": 2.0, "entered": 65.0, "left": 67.0, "laneChangedFrom": 0.0, "laneChangedTo": 0.0, "traveltime": 27.24, "overlapTraveltime": 27.82, "density": 21.98, "laneDensity": 21.98, "occupancy": 10.81, "waitingTime": 1688.0, "timeLoss": 1756.19, "speed": 1.05, "speedRelative": 0.08, "teleported": 1.0 }, "geometry": { "type": "LineString", "coordinates": [ [ 4.366596, 50.824485 ], [ 4.366599, 50.824479 ], [ 4.366624, 50.824425 ], [ 4.366666, 50.82434 ], [ 4.3667, 50.824279 ] ] } },
{ "type": "Feature", "properties": { "index": "175206104", "element": "edge", "id": "175206104", "name": "Avenue Louise - Louizalaan", "sampledSeconds": 121.68, "departed": 3.0, "arrived": 1.0, "entered": 5.0, "left": 7.0, "laneChangedFrom": 0.0, "laneChangedTo": 0.0, "traveltime": 14.04, "overlapTraveltime": 15.51, "density": 0.36, "laneDensity": 0.36, "occupancy": 0.17, "waitingTime": 0.0, "timeLoss": 19.93, "speed": 6.41, "speedRelative": 0.77, "teleported": 0.0 }, "geometry": { "type": "LineString", "coordinates": [ [ 4.368929, 50.8227 ], [ 4.368848, 50.822784 ], [ 4.368649, 50.82299 ], [ 4.36831, 50.823311 ], [ 4.368204, 50.823415 ] ] } },
{ "type": "Feature", "properties": { "index": "175206107#0", "element": "edge", "id": "175206107#0", "name": "Rue Vilain XIIII - Vilain XIIII-straat", "sampledSeconds": 166.4, "departed": 3.0, "arrived": 1.0, "entered": 7.0, "left": 9.0, "laneChangedFrom": 0.0, "laneChangedTo": 0.0, "traveltime": 16.05, "overlapTraveltime": 16.9, "density": 0.44, "laneDensity": 0.44, "occupancy": 0.21, "waitingTime": 0.0, "timeLoss": 27.48, "speed": 6.5, "speedRelative": 0.78, "teleported": 0.0 }, "geometry": { "type": "LineString", "coordinates": [ [ 4.368214, 50.823436 ], [ 4.368229, 50.82344 ], [ 4.368267, 50.823452 ], [ 4.369645, 50.823445 ], [ 4.369695, 50.823445 ] ] } },
{ "type": "Feature", "properties": { "index": "175976586#0", "element": "edge", "id": "175976586#0", "name": "Avenue de l&apos;Hippodrome - Renbaanlaan", "sampledSeconds": 151.35, "departed": 9.0, "arrived": 0.0, "entered": 0.0, "left": 9.0, "laneChangedFrom": 0.0, "laneChangedTo": 0.0, "traveltime": 16.89, "overlapTraveltime": 17.58, "density": 0.37, "laneDensity": 0.37, "occupancy": 0.18, "waitingTime": 0.0, "timeLoss": 26.04, "speed": 6.67, "speedRelative": 0.8, "teleported": 0.0 }, "geometry": { "type": "LineString", "coordinates": [ [ 4.379354, 50.818379 ], [ 4.379306, 50.818421 ], [ 4.379239, 50.818485 ], [ 4.379221, 50.818501 ], [ 4.379202, 50.818518 ], [ 4.379061, 50.818646 ], [ 4.378765, 50.818907 ], [ 4.378708, 50.818952 ], [ 4.378416, 50.819195 ] ] } },
{ "type": "Feature", "properties": { "index": "175976586#4", "element": "edge", "id": "175976586#4", "name": "Avenue de l&apos;Hippodrome - Renbaanlaan", "sampledSeconds": 293.11, "departed": 5.0, "arrived": 0.0, "entered": 16.0, "left": 21.0, "laneChangedFrom": 0.0, "laneChangedTo": 0.0, "traveltime": 13.47, "overlapTraveltime": 14.12, "density": 0.82, "laneDensity": 0.82, "occupancy": 0.39, "waitingTime": 0.0, "timeLoss": 31.03, "speed": 7.42, "speedRelative": 0.89, "teleported": 0.0 }, "geometry": { "type": "LineString", "coordinates": [ [ 4.378295, 50.819298 ], [ 4.378082, 50.819462 ], [ 4.37801, 50.819528 ], [ 4.377707, 50.819765 ], [ 4.377409, 50.819997 ] ] } },
{ "type": "Feature", "properties": { "index": "175976586#6", "element": "edge", "id": "175976586#6", "name": "Avenue de l&apos;Hippodrome - Renbaanlaan", "sampledSeconds": 222.33, "departed": 7.0, "arrived": 0.0, "entered": 21.0, "left": 28.0, "laneChangedFrom": 0.0, "laneChangedTo": 0.0, "traveltime": 7.28, "overlapTraveltime": 8.13, "density": 1.21, "laneDensity": 1.21, "occupancy": 0.55, "waitingTime": 3.0, "timeLoss": 35.49, "speed": 6.88, "speedRelative": 0.83, "teleported": 0.0 }, "geometry": { "type": "LineString", "coordinates": [ [ 4.377327, 50.820062 ], [ 4.377216, 50.820152 ], [ 4.377193, 50.820171 ], [ 4.377141, 50.820216 ], [ 4.377071, 50.82028 ], [ 4.377047, 50.820307 ], [ 4.376973, 50.820382 ], [ 4.376923, 50.820441 ] ] } },
{ "type": "Feature", "properties": { "index": "17670100#2", "element": "edge", "id": "17670100#2", "name": "Rue Maria Malibran - Maria Malibranstraat", "sampledSeconds": 2253.21, "departed": 3.0, "arrived": 1.0, "entered": 95.0, "left": 89.0, "laneChangedFrom": 0.0, "laneChangedTo": 0.0, "traveltime": 22.82, "overlapTraveltime": 23.72, "density": 7.12, "laneDensity": 7.12, "occupancy": 3.45, "waitingTime": 966.0, "timeLoss": 1170.3, "speed": 3.92, "speedRelative": 0.47, "teleported": 0.0 }, "geometry": { "type": "LineString", "coordinates": [ [ 4.373044, 50.829921 ], [ 4.373173, 50.830129 ], [ 4.373316, 50.83036 ], [ 4.373466, 50.830603 ], [ 4.373488, 50.830642 ], [ 4.373497, 50.830658 ] ] } },
{ "type": "Feature", "properties": { "index": "17670100#5", "element": "edge", "id": "17670100#5", "name": "Rue Maria Malibran - Maria Malibranstraat", "sampledSeconds": 2123.92, "departed": 4.0, "arrived": 5.0, "entered": 156.0, "left": 155.0, "laneChangedFrom": 0.0, "laneChangedTo": 0.0, "traveltime": 12.66, "overlapTraveltime": 13.37, "density": 6.52, "laneDensity": 6.52, "occupancy": 3.09, "waitingTime": 0.0, "timeLoss": 279.18, "speed": 7.14, "speedRelative": 0.86, "teleported": 0.0 }, "geometry": { "type": "LineString", "coordinates": [ [ 4.373556, 50.83076 ], [ 4.373569, 50.830784 ], [ 4.373602, 50.830843 ], [ 4.373845, 50.83123 ], [ 4.374023, 50.831514 ], [ 4.374025, 50.831517 ] ] } },
{ "type": "Feature", "properties": { "index": "17671153", "element": "edge", "id": "17671153", "name": "Square de Biarritz - Biarritzsquare", "sampledSeconds": 78.95, "departed": 2.0, "arrived": 5.0, "entered": 44.0, "left": 41.0, "laneChangedFrom": 0.0, "laneChangedTo": 0.0, "traveltime": 0.83, "overlapTraveltime": 1.77, "density": 4.68, "laneDensity": 4.68, "occupancy": 1.15, "waitingTime": 0.0, "timeLoss": 16.33, "speed": 5.46, "speedRelative": 0.66, "teleported": 0.0 }, "geometry": { "type": "LineString", "coordinates": [ [ 4.371203, 50.825125 ], [ 4.371226, 50.825126 ], [ 4.371269, 50.82513 ] ] } },
{ "type": "Feature", "properties": { "index": "180020059#0", "element": "edge", "id": "180020059#0", "name": "Rue Keyenveld - Keienveldstraat", "sampledSeconds": 1639.97, "departed": 5.0, "arrived": 2.0, "entered": 126.0, "left": 128.0, "laneChangedFrom": 0.0, "laneChangedTo": 0.0, "traveltime": 11.87, "overlapTraveltime": 12.61, "density": 5.37, "laneDensity": 5.37, "occupancy": 2.54, "waitingTime": 0.0, "timeLoss": 226.97, "speed": 7.12, "speedRelative": 0.86, "teleported": 0.0 }, "geometry": { "type": "LineString", "coordinates": [ [ 4.362167, 50.833971 ], [ 4.362295, 50.83385 ], [ 4.362409, 50.833751 ], [ 4.362543, 50.833633 ], [ 4.362715, 50.833498 ], [ 4.362894, 50.833364 ] ] } },
{ "type": "Feature", "properties": { "index": "180020059#2", "element": "edge", "id": "180020059#2", "name": "Rue Keyenveld - Keienveldstraat", "sampledSeconds": 1042.58, "departed": 4.0, "arrived": 2.0, "entered": 153.0, "left": 154.0, "laneChangedFrom": 0.0, "laneChangedTo": 0.0, "traveltime": 6.0, "overlapTraveltime": 6.7, "density": 6.63, "laneDensity": 6.63, "occupancy": 2.97, "waitingTime": 0.0, "timeLoss": 117.86, "speed": 7.27, "speedRelative": 0.87, "teleported": 0.0 }, "geometry": { "type": "LineString", "coordinates": [ [ 4.362997, 50.833288 ], [ 4.363048, 50.83325 ], [ 4.363167, 50.833163 ], [ 4.363416, 50.832998 ] ] } },
{ "type": "Feature", "properties": { "index": "180020059#4", "element": "edge", "id": "180020059#4", "name": "Rue Keyenveld - Keienveldstraat", "sampledSeconds": 435.94, "departed": 2.0, "arrived": 4.0, "entered": 138.0, "left": 136.0, "laneChangedFrom": 0.0, "laneChangedTo": 0.0, "traveltime": 2.45, "overlapTraveltime": 3.13, "density": 6.71, "laneDensity": 6.71, "occupancy": 2.64, "waitingTime": 0.0, "timeLoss": 46.94, "speed": 7.36, "speedRelative": 0.88, "teleported": 0.0 }, "geometry": { "type": "LineString", "coordinates": [ [ 4.363521, 50.832933 ], [ 4.363711, 50.832823 ] ] } },
{ "type": "Feature", "properties": { "index": "180022161#0", "element": "edge", "id": "180022161#0", "name": "Place de Londres - Londenplein", "sampledSeconds": 323.49, "departed": 5.0, "arrived": 5.0, "entered": 53.0, "left": 54.0, "laneChangedFrom": 0.0, "laneChangedTo": 0.0, "traveltime": 4.54, "overlapTraveltime": 5.62, "density": 4.47, "laneDensity": 4.47, "occupancy": 1.83, "waitingTime": 1.0, "timeLoss": 57.54, "speed": 4.47, "speedRelative": 0.8, "teleported": 0.0 }, "geometry": { "type": "LineString", "coordinates": [ [ 4.368203, 50.837658 ], [ 4.368131, 50.837714 ], [ 4.368028, 50.837789 ], [ 4.368019, 50.837796 ] ] } },
{ "type": "Feature", "properties": { "index": "180156396#0", "element": "edge", "id": "180156396#0", "name": "Avenue Louise - Louizalaan", "sampledSeconds": 15603.38, "departed": 2.0, "arrived": 0.0, "entered": 80.0, "left": 75.0, "laneChangedFrom": 0.0, "laneChangedTo": 0.0, "traveltime": 238.13, "overlapTraveltime": 240.42, "density": 90.98, "laneDensity": 90.98, "occupancy": 41.3, "waitingTime": 14790.0, "timeLoss": 15181.47, "speed": 0.22, "speedRelative": 0.03, "teleported": 1.0 }, "geometry": { "type": "LineString", "coordinates": [ [ 4.357409, 50.833221 ], [ 4.357414, 50.833213 ], [ 4.357472, 50.833154 ], [ 4.35763, 50.833006 ], [ 4.35773, 50.832904 ], [ 4.357778, 50.832862 ] ] } },
{ "type": "Feature", "properties": { "index": "180156396#3", "element": "edge", "id": "180156396#3", "name": "Avenue Louise - Louizalaan", "sampledSeconds": 2180.73, "departed": 6.0, "arrived": 0.0, "entered": 155.0, "left": 158.0, "laneChangedFrom": 0.0, "laneChangedTo": 0.0, "traveltime": 14.29, "overlapTraveltime": 17.17, "density": 123.88, "laneDensity": 123.88, "occupancy": 43.22, "waitingTime": 1948.0, "timeLoss": 2027.67, "speed": 0.58, "speedRelative": 0.07, "teleported": 0.0 }, "geometry": { "type": "LineString", "coordinates": [ [ 4.357878, 50.832774 ], [ 4.357916, 50.832737 ] ] } },
{ "type": "Feature", "properties": { "index": "180156396#4", "element": "edge", "id": "180156396#4", "name": "Avenue Louise - Louizalaan", "sampledSeconds": 2125.8, "departed": 3.0, "arrived": 0.0, "entered": 159.0, "left": 161.0, "laneChangedFrom": 0.0, "laneChangedTo": 0.0, "traveltime": 13.23, "overlapTraveltime": 16.17, "density": 133.33, "laneDensity": 133.33, "occupancy": 31.44, "waitingTime": 1952.0, "timeLoss": 2013.59, "speed": 0.43, "speedRelative": 0.05, "teleported": 2.0 }, "geometry": { "type": "LineString", "coordinates": [ [ 4.357964, 50.83269 ], [ 4.35798, 50.832675 ] ] } },
{ "type": "Feature", "properties": { "index": "180160758#0", "element": "edge", "id": "180160758#0", "name": "", "sampledSeconds": 5973.12, "departed": 2.0, "arrived": 1.0, "entered": 30.0, "left": 27.0, "laneChangedFrom": 0.0, "laneChangedTo": 0.0, "traveltime": 219.48, "overlapTraveltime": 227.65, "density": 55.73, "laneDensity": 55.73, "occupancy": 27.75, "waitingTime": 5724.0, "timeLoss": 5862.93, "speed": 0.15, "speedRelative": 0.02, "teleported": 4.0 }, "geometry": { "type": "LineString", "coordinates": [ [ 4.367316, 50.823689 ], [ 4.36732, 50.823688 ], [ 4.367342, 50.823685 ], [ 4.367398, 50.823679 ], [ 4.367454, 50.823681 ], [ 4.36749, 50.823688 ], [ 4.367527, 50.823699 ], [ 4.367568, 50.823712 ], [ 4.367605, 50.823735 ], [ 4.367629, 50.823758 ], [ 4.367639, 50.823781 ], [ 4.367641, 50.823797 ] ] } },
{ "type": "Feature", "properties": { "index": "181218814#0", "element": "edge", "id": "181218814#0", "name": "Avenue Louise - Louizalaan", "sampledSeconds": 59850.9, "departed": 4.0, "arrived": 2.0, "entered": 112.0, "left": 78.0, "laneChangedFrom": 0.0, "laneChangedTo": 0.0, "traveltime": 651.58, "overlapTraveltime": 654.92, "density": 63.78, "laneDensity": 63.78, "occupancy": 31.85, "waitingTime": 54286.0, "timeLoss": 56871.13, "speed": 0.41, "speedRelative": 0.05, "teleported": 3.0 }, "geometry": { "type": "LineString", "coordinates": [ [ 4.355259, 50.835499 ], [ 4.355294, 50.835492 ], [ 4.35536, 50.835468 ], [ 4.355434, 50.835403 ], [ 4.355834, 50.835008 ], [ 4.355934, 50.83491 ], [ 4.35642, 50.834427 ], [ 4.357082, 50.833803 ], [ 4.357142, 50.833747 ], [ 4.357157, 50.83373 ], [ 4.357202, 50.833667 ], [ 4.357293, 50.833556 ] ] } },
{ "type": "Feature", "properties": { "index": "183251547", "element": "edge", "id": "183251547", "name": "Chaussée de Wavre - Waverse Steenweg", "sampledSeconds": 2440.71, "departed": 6.0, "arrived": 3.0, "entered": 242.0, "left": 244.0, "laneChangedFrom": 0.0, "laneChangedTo": 0.0, "traveltime": 9.2, "overlapTraveltime": 9.88, "density": 10.12, "laneDensity": 10.12, "occupancy": 4.71, "waitingTime": 0.0, "timeLoss": 280.66, "speed": 7.28, "speedRelative": 0.87, "teleported": 0.0 }, "geometry": { "type": "LineString", "coordinates": [ [ 4.365112, 50.836853 ], [ 4.365086, 50.836859 ], [ 4.364211, 50.837045 ] ] } },
{ "type": "Feature", "properties": { "index": "183370113#0", "element": "edge", "id": "183370113#0", "name": "Rue du Champ de Mars - Marsveldstraat", "sampledSeconds": 37.93, "departed": 5.0, "arrived": 4.0, "entered": 39.0, "left": 40.0, "laneChangedFrom": 0.0, "laneChangedTo": 0.0, "traveltime": 0.06, "overlapTraveltime": 0.89, "density": 25.08, "laneDensity": 25.08, "occupancy": 0.99, "waitingTime": 0.0, "timeLoss": 9.45, "speed": 6.06, "speedRelative": 0.73, "teleported": 0.0 }, "geometry": { "type": "LineString", "coordinates": [ [ 4.362891, 50.838674 ], [ 4.362897, 50.838674 ] ] } },
{ "type": "Feature", "properties": { "index": "183370113#2", "element": "edge", "id": "183370113#2", "name": "Rue du Champ de Mars - Marsveldstraat", "sampledSeconds": 307.95, "departed": 7.0, "arrived": 5.0, "entered": 40.0, "left": 42.0, "laneChangedFrom": 0.0, "laneChangedTo": 0.0, "traveltime": 5.99, "overlapTraveltime": 6.69, "density": 2.08, "laneDensity": 2.08, "occupancy": 0.94, "waitingTime": 0.0, "timeLoss": 49.08, "speed": 6.88, "speedRelative": 0.83, "teleported": 0.0 }, "geometry": { "type": "LineString", "coordinates": [ [ 4.363031, 50.838675 ], [ 4.363057, 50.838675 ], [ 4.363614, 50.838683 ] ] } },
{ "type": "Feature", "properties": { "index": "183370113#3", "element": "edge", "id": "183370113#3", "name": "Rue du Champ de Mars - Marsveldstraat", "sampledSeconds": 585.59, "departed": 7.0, "arrived": 3.0, "entered": 51.0, "left": 55.0, "laneChangedFrom": 0.0, "laneChangedTo": 0.0, "traveltime": 9.48, "overlapTraveltime": 10.2, "density": 2.31, "laneDensity": 2.31, "occupancy": 1.08, "waitingTime": 0.0, "timeLoss": 59.67, "speed": 7.4, "speedRelative": 0.89, "teleported": 0.0 }, "geometry": { "type": "LineString", "coordinates": [ [ 4.363725, 50.838684 ], [ 4.364699, 50.838699 ], [ 4.364726, 50.8387 ] ] } },
{ "type": "Feature", "properties": { "index": "183370113#4", "element": "edge", "id": "183370113#4", "name": "Rue du Champ de Mars - Marsveldstraat", "sampledSeconds": 566.86, "departed": 6.0, "arrived": 4.0, "entered": 43.0, "left": 45.0, "laneChangedFrom": 0.0, "laneChangedTo": 0.0, "traveltime": 10.71, "overlapTraveltime": 11.68, "density": 2.1, "laneDensity": 2.1, "occupancy": 0.98, "waitingTime": 9.0, "timeLoss": 90.32, "speed": 6.86, "speedRelative": 0.82, "teleported": 0.0 }, "geometry": { "type": "LineString", "coordinates": [ [ 4.364931, 50.838702 ], [ 4.365919, 50.838724 ], [ 4.365997, 50.838723 ] ] } },
{ "type": "Feature", "properties": { "index": "18657113#0", "element": "edge", "id": "18657113#0", "name": "", "sampledSeconds": 0.0, "departed": 0.0, "arrived": 0.0, "entered": 0.0, "left": 0.0, "laneChangedFrom": 0.0, "laneChangedTo": 0.0, "traveltime": 0.0, "overlapTraveltime": 0.0, "density": 0.0, "laneDensity": 0.0, "occupancy": 0.0, "waitingTime": 0.0, "timeLoss": 0.0, "speed": 0.0, "speedRelative": 0.0, "teleported": 0.0 }, "geometry": { "type": "LineString", "coordinates": [ [ 4.357903, 50.832698 ], [ 4.357866, 50.832683 ], [ 4.357733, 50.832627 ], [ 4.357657, 50.832616 ], [ 4.357612, 50.832589 ], [ 4.357604, 50.832556 ], [ 4.35763, 50.832526 ], [ 4.357686, 50.832514 ], [ 4.357743, 50.832522 ], [ 4.357775, 50.832543 ], [ 4.357798, 50.832566 ], [ 4.35793, 50.832621 ], [ 4.357967, 50.832637 ] ] } },
{ "type": "Feature", "properties": { "index": "198077804#0", "element": "edge", "id": "198077804#0", "name": "Avenue Louise - Louizalaan", "sampledSeconds": 12185.14, "departed": 2.0, "arrived": 4.0, "entered": 232.0, "left": 215.0, "laneChangedFrom": 52.0, "laneChangedTo": 52.0, "traveltime": 50.96, "overlapTraveltime": 53.94, "density": 26.8, "laneDensity": 13.4, "occupancy": 6.51, "waitingTime": 8899.0, "timeLoss": 10007.83, "speed": 2.43, "speedRelative": 0.18, "teleported": 1.0 }, "geometry": { "type": "LineString", "coordinates": [ [ 4.37081, 50.819561 ], [ 4.37078, 50.819644 ], [ 4.370508, 50.820391 ], [ 4.37046, 50.820526 ], [ 4.37045, 50.820553 ], [ 4.370411, 50.820668 ] ] } },
{ "type": "Feature", "properties": { "index": "198077804#4", "element": "edge", "id": "198077804#4", "name": "Avenue Louise - Louizalaan", "sampledSeconds": 16788.02, "departed": 3.0, "arrived": 0.0, "entered": 257.0, "left": 238.0, "laneChangedFrom": 57.0, "laneChangedTo": 57.0, "traveltime": 65.97, "overlapTraveltime": 67.29, "density": 28.4, "laneDensity": 14.2, "occupancy": 7.0, "waitingTime": 12518.11, "timeLoss": 13698.13, "speed": 2.51, "speedRelative": 0.18, "teleported": 0.0 }, "geometry": { "type": "LineString", "coordinates": [ [ 4.370361, 50.820797 ], [ 4.370341, 50.820845 ], [ 4.370266, 50.821018 ], [ 4.370168, 50.821189 ], [ 4.369985, 50.821448 ], [ 4.369674, 50.82174 ], [ 4.369291, 50.822095 ] ] } },
{ "type": "Feature", "properties": { "index": "198077805#0", "element": "edge", "id": "198077805#0", "name": "Avenue Louise - Louizalaan", "sampledSeconds": 1482.53, "departed": 7.0, "arrived": 5.0, "entered": 134.0, "left": 136.0, "laneChangedFrom": 34.0, "laneChangedTo": 34.0, "traveltime": 10.15, "overlapTraveltime": 10.54, "density": 3.25, "laneDensity": 1.63, "occupancy": 0.78, "waitingTime": 0.0, "timeLoss": 119.89, "speed": 12.5, "speedRelative": 0.9, "teleported": 0.0 }, "geometry": { "type": "LineString", "coordinates": [ [ 4.370784, 50.819397 ], [ 4.37081, 50.819339 ], [ 4.371154, 50.818392 ], [ 4.371199, 50.818289 ] ] } },
{ "type": "Feature", "properties": { "index": "198077805#2", "element": "edge", "id": "198077805#2", "name": "Avenue Louise - Louizalaan", "sampledSeconds": 881.42, "departed": 4.0, "arrived": 6.0, "entered": 94.0, "left": 92.0, "laneChangedFrom": 12.0, "laneChangedTo": 12.0, "traveltime": 7.51, "overlapTraveltime": 9.06, "density": 7.32, "laneDensity": 3.66, "occupancy": 1.66, "waitingTime": 312.0, "timeLoss": 588.96, "speed": 4.24, "speedRelative": 0.31, "teleported": 0.0 }, "geometry": { "type": "LineString", "coordinates": [ [ 4.371289, 50.818164 ], [ 4.371317, 50.81813 ], [ 4.371431, 50.81802 ], [ 4.371529, 50.817937 ], [ 4.371556, 50.817916 ] ] } },
{ "type": "Feature", "properties": { "index": "19846377#0", "element": "edge", "id": "19846377#0", "name": "Rue de la Digue - Damstraat", "sampledSeconds": 24282.91, "departed": 1.0, "arrived": 0.0, "entered": 60.0, "left": 52.0, "laneChangedFrom": 0.0, "laneChangedTo": 0.0, "traveltime": 473.13, "overlapTraveltime": 479.59, "density": 83.07, "laneDensity": 83.07, "occupancy": 41.46, "waitingTime": 23114.0, "timeLoss": 23765.92, "speed": 0.18, "speedRelative": 0.02, "teleported": 6.0 }, "geometry": { "type": "LineString", "coordinates": [ [ 4.374413, 50.828494 ], [ 4.374413, 50.828494 ], [ 4.374105, 50.827908 ], [ 4.374079, 50.827836 ], [ 4.37408, 50.827798 ] ] } },
{ "type": "Feature", "properties": { "index": "19846527#0", "element": "edge", "id": "19846527#0", "name": "Rue Marie-Henriette - Maria-Hendrikastraat", "sampledSeconds": 14724.41, "departed": 4.0, "arrived": 2.0, "entered": 72.0, "left": 62.0, "laneChangedFrom": 0.0, "laneChangedTo": 0.0, "traveltime": 209.6, "overlapTraveltime": 211.64, "density": 41.38, "laneDensity": 41.38, "occupancy": 20.61, "waitingTime": 13438.0, "timeLoss": 13862.06, "speed": 0.49, "speedRelative": 0.06, "teleported": 2.0 }, "geometry": { "type": "LineString", "coordinates": [ [ 4.374559, 50.831265 ], [ 4.374557, 50.831254 ], [ 4.374642, 50.830407 ], [ 4.374647, 50.830378 ] ] } },
{ "type": "Feature", "properties": { "index": "19846527#1", "element": "edge", "id": "19846527#1", "name": "Rue Marie-Henriette - Maria-Hendrikastraat", "sampledSeconds": 23355.33, "departed": 2.0, "arrived": 2.0, "entered": 98.0, "left": 84.0, "laneChangedFrom": 0.0, "laneChangedTo": 0.0, "traveltime": 260.14, "overlapTraveltime": 261.91, "density": 59.2, "laneDensity": 59.2, "occupancy": 29.41, "waitingTime": 21344.0, "timeLoss": 22128.16, "speed": 0.44, "speedRelative": 0.05, "teleported": 0.0 }, "geometry": { "type": "LineString", "coordinates": [ [ 4.37466, 50.830282 ], [ 4.374663, 50.830258 ], [ 4.374717, 50.829759 ], [ 4.37476, 50.829336 ], [ 4.374764, 50.829299 ] ] } },
{ "type": "Feature", "properties": { "index": "19846527#2", "element": "edge", "id": "19846527#2", "name": "Rue Marie-Henriette - Maria-Hendrikastraat", "sampledSeconds": 13733.32, "departed": 1.0, "arrived": 3.0, "entered": 84.0, "left": 75.0, "laneChangedFrom": 0.0, "laneChangedTo": 0.0, "traveltime": 174.18, "overlapTraveltime": 178.54, "density": 70.23, "laneDensity": 70.23, "occupancy": 34.63, "waitingTime": 12804.0, "timeLoss": 13189.8, "speed": 0.33, "speedRelative": 0.04, "teleported": 3.0 }, "geometry": { "type": "LineString", "coordinates": [ [ 4.374772, 50.829215 ], [ 4.374788, 50.82904 ], [ 4.37482, 50.828727 ] ] } },
{ "type": "Feature", "properties": { "index": "21766158", "element": "edge", "id": "21766158", "name": "Avenue Louise - Louizalaan", "sampledSeconds": 11491.59, "departed": 5.0, "arrived": 1.0, "entered": 85.0, "left": 81.0, "laneChangedFrom": 0.0, "laneChangedTo": 0.0, "traveltime": 163.94, "overlapTraveltime": 166.32, "density": 96.18, "laneDensity": 96.18, "occupancy": 44.39, "waitingTime": 10844.0, "timeLoss": 11171.08, "speed": 0.23, "speedRelative": 0.03, "teleported": 7.0 }, "geometry": { "type": "LineString", "coordinates": [ [ 4.358211, 50.833041 ], [ 4.358143, 50.833029 ], [ 4.357888, 50.832922 ], [ 4.357853, 50.832907 ], [ 4.357835, 50.83289 ], [ 4.357834, 50.832877 ] ] } },
{ "type": "Feature", "properties": { "index": "220137286#0", "element": "edge", "id": "220137286#0", "name": "Chaussée de Wavre - Waverse Steenweg", "sampledSeconds": 3683.42, "departed": 7.0, "arrived": 3.0, "entered": 211.0, "left": 215.0, "laneChangedFrom": 0.0, "laneChangedTo": 0.0, "traveltime": 16.2, "overlapTraveltime": 16.93, "density": 8.86, "laneDensity": 8.86, "occupancy": 4.25, "waitingTime": 0.0, "timeLoss": 482.24, "speed": 7.12, "speedRelative": 0.85, "teleported": 0.0 }, "geometry": { "type": "LineString", "coordinates": [ [ 4.369598, 50.83555 ], [ 4.369537, 50.835561 ], [ 4.369401, 50.835621 ], [ 4.368784, 50.835935 ], [ 4.368622, 50.836002 ], [ 4.368249, 50.836131 ] ] } },
{ "type": "Feature", "properties": { "index": "220137286#1", "element": "edge", "id": "220137286#1", "name": "Chaussée de Wavre - Waverse Steenweg", "sampledSeconds": 167.73, "departed": 1.0, "arrived": 5.0, "entered": 214.0, "left": 210.0, "laneChangedFrom": 0.0, "laneChangedTo": 0.0, "traveltime": 0.03, "overlapTraveltime": 0.78, "density": 133.33, "laneDensity": 133.33, "occupancy": 4.48, "waitingTime": 0.0, "timeLoss": 23.74, "speed": 6.63, "speedRelative": 0.8, "teleported": 0.0 }, "geometry": { "type": "LineString", "coordinates": [ [ 4.368182, 50.836154 ], [ 4.368179, 50.836155 ] ] } },
{ "type": "Feature", "properties": { "index": "220137286#2", "element": "edge", "id": "220137286#2", "name": "Chaussée de Wavre - Waverse Steenweg", "sampledSeconds": 574.12, "departed": 3.0, "arrived": 2.0, "entered": 184.0, "left": 185.0, "laneChangedFrom": 0.0, "laneChangedTo": 0.0, "traveltime": 2.37, "overlapTraveltime": 3.09, "density": 9.65, "laneDensity": 9.65, "occupancy": 3.72, "waitingTime": 0.0, "timeLoss": 79.96, "speed": 6.98, "speedRelative": 0.84, "teleported": 0.0 }, "geometry": { "type": "LineString", "coordinates": [ [ 4.368086, 50.836184 ], [ 4.367973, 50.83622 ], [ 4.367876, 50.836249 ] ] } },
{ "type": "Feature", "properties": { "index": "220267104#0", "element": "edge", "id": "220267104#0", "name": "Avenue Auguste Rodin - Auguste Rodinlaan", "sampledSeconds": 344.88, "departed": 8.0, "arrived": 4.0, "entered": 46.0, "left": 50.0, "laneChangedFrom": 0.0, "laneChangedTo": 0.0, "traveltime": 5.75, "overlapTraveltime": 6.52, "density": 2.34, "laneDensity": 2.34, "occupancy": 1.05, "waitingTime": 0.0, "timeLoss": 45.32, "speed": 7.04, "speedRelative": 0.85, "teleported": 0.0 }, "geometry": { "type": "LineString", "coordinates": [ [ 4.380242, 50.827183 ], [ 4.380279, 50.827196 ], [ 4.38076, 50.827348 ] ] } },
{ "type": "Feature", "properties": { "index": "220267105#0", "element": "edge", "id": "220267105#0", "name": "Rue Juliette Wytsman - Juliette Wytsmanstraat", "sampledSeconds": 1357.03, "departed": 4.0, "arrived": 2.0, "entered": 43.0, "left": 45.0, "laneChangedFrom": 0.0, "laneChangedTo": 0.0, "traveltime": 28.65, "overlapTraveltime": 29.69, "density": 17.72, "laneDensity": 17.72, "occupancy": 8.64, "waitingTime": 1140.0, "timeLoss": 1215.11, "speed": 0.88, "speedRelative": 0.11, "teleported": 2.0 }, "geometry": { "type": "LineString", "coordinates": [ [ 4.381278, 50.824435 ], [ 4.381492, 50.8243 ] ] } },
{ "type": "Feature", "properties": { "index": "220267105#1", "element": "edge", "id": "220267105#1", "name": "Rue Juliette Wytsman - Juliette Wytsmanstraat", "sampledSeconds": 1947.72, "departed": 3.0, "arrived": 6.0, "entered": 139.0, "left": 136.0, "laneChangedFrom": 0.0, "laneChangedTo": 0.0, "traveltime": 13.05, "overlapTraveltime": 13.75, "density": 6.68, "laneDensity": 6.68, "occupancy": 3.17, "waitingTime": 320.0, "timeLoss": 495.73, "speed": 6.26, "speedRelative": 0.75, "teleported": 1.0 }, "geometry": { "type": "LineString", "coordinates": [ [ 4.3816, 50.82423 ], [ 4.382402, 50.823707 ] ] } },
{ "type": "Feature", "properties": { "index": "220267105#2", "element": "edge", "id": "220267105#2", "name": "Rue Juliette Wytsman - Juliette Wytsmanstraat", "sampledSeconds": 1794.53, "departed": 4.0, "arrived": 2.0, "entered": 122.0, "left": 122.0, "laneChangedFrom": 0.0, "laneChangedTo": 0.0, "traveltime": 13.51, "overlapTraveltime": 14.3, "density": 6.14, "laneDensity": 6.14, "occupancy": 2.92, "waitingTime": 317.0, "timeLoss": 507.46, "speed": 6.03, "speedRelative": 0.72, "teleported": 0.0 }, "geometry": { "type": "LineString", "coordinates": [ [ 4.382526, 50.823632 ], [ 4.383333, 50.82311 ] ] } },
{ "type": "Feature", "properties": { "index": "220267105#3", "element": "edge", "id": "220267105#3", "name": "Rue Juliette Wytsman - Juliette Wytsmanstraat", "sampledSeconds": 526.55, "departed": 3.0, "arrived": 0.0, "entered": 112.0, "left": 115.0, "laneChangedFrom": 0.0, "laneChangedTo": 0.0, "traveltime": 3.92, "overlapTraveltime": 4.6, "density": 5.02, "laneDensity": 5.02, "occupancy": 2.15, "waitingTime": 0.0, "timeLoss": 59.06, "speed": 7.42, "speedRelative": 0.89, "teleported": 0.0 }, "geometry": { "type": "LineString", "coordinates": [ [ 4.383477, 50.823017 ], [ 4.383766, 50.822831 ] ] } },
{ "type": "Feature", "properties": { "index": "220267105#4", "element": "edge", "id": "220267105#4", "name": "Rue Juliette Wytsman - Juliette Wytsmanstraat", "sampledSeconds": 891.66, "departed": 3.0, "arrived": 2.0, "entered": 115.0, "left": 115.0, "laneChangedFrom": 0.0, "laneChangedTo": 0.0, "traveltime": 6.69, "overlapTraveltime": 7.59, "density": 6.18, "laneDensity": 6.18, "occupancy": 2.78, "waitingTime": 68.0, "timeLoss": 246.73, "speed": 5.94, "speedRelative": 0.71, "teleported": 0.0 }, "geometry": { "type": "LineString", "coordinates": [ [ 4.38386, 50.82277 ], [ 4.384259, 50.822513 ] ] } },
{ "type": "Feature", "properties": { "index": "220267106#0", "element": "edge", "id": "220267106#0", "name": "Rue Juliette Wytsman - Juliette Wytsmanstraat", "sampledSeconds": 74.02, "departed": 0.0, "arrived": 3.0, "entered": 3.0, "left": 0.0, "laneChangedFrom": 0.0, "laneChangedTo": 0.0, "traveltime": 24.31, "overlapTraveltime": 24.92, "density": 0.11, "laneDensity": 0.11, "occupancy": 0.05, "waitingTime": 0.0, "timeLoss": 5.5, "speed": 8.05, "speedRelative": 0.97, "teleported": 0.0 }, "geometry": { "type": "LineString", "coordinates": [ [ 4.384412, 50.822417 ], [ 4.386145, 50.821297 ], [ 4.386279, 50.82121 ], [ 4.386304, 50.82119 ], [ 4.386311, 50.821183 ], [ 4.38634, 50.821154 ] ] } },
{ "type": "Feature", "properties": { "index": "220267107#0", "element": "edge", "id": "220267107#0", "name": "Rue Adolphe Mathieu - Adolphe Mathieustraat", "sampledSeconds": 113.69, "departed": 1.0, "arrived": 3.0, "entered": 9.0, "left": 7.0, "laneChangedFrom": 0.0, "laneChangedTo": 0.0, "traveltime": 10.67, "overlapTraveltime": 11.53, "density": 0.42, "laneDensity": 0.42, "occupancy": 0.2, "waitingTime": 0.0, "timeLoss": 13.26, "speed": 6.98, "speedRelative": 0.84, "teleported": 0.0 }, "geometry": { "type": "LineString", "coordinates": [ [ 4.383081, 50.82546 ], [ 4.382238, 50.82504 ] ] } },
{ "type": "Feature", "properties": { "index": "220267107#1", "element": "edge", "id": "220267107#1", "name": "Rue Adolphe Mathieu - Adolphe Mathieustraat", "sampledSeconds": 598.46, "departed": 6.0, "arrived": 2.0, "entered": 6.0, "left": 10.0, "laneChangedFrom": 0.0, "laneChangedTo": 0.0, "traveltime": 50.63, "overlapTraveltime": 51.81, "density": 2.17, "laneDensity": 2.17, "occupancy": 1.07, "waitingTime": 445.0, "timeLoss": 478.23, "speed": 1.57, "speedRelative": 0.19, "teleported": 1.0 }, "geometry": { "type": "LineString", "coordinates": [ [ 4.382121, 50.824981 ], [ 4.38128, 50.824547 ] ] } },
{ "type": "Feature", "properties": { "index": "220267108#0", "element": "edge", "id": "220267108#0", "name": "Avenue Auguste Rodin - Auguste Rodinlaan", "sampledSeconds": 551.63, "departed": 3.0, "arrived": 5.0, "entered": 52.0, "left": 49.0, "laneChangedFrom": 0.0, "laneChangedTo": 0.0, "traveltime": 9.0, "overlapTraveltime": 10.14, "density": 3.32, "laneDensity": 3.32, "occupancy": 1.52, "waitingTime": 80.0, "timeLoss": 202.25, "speed": 5.04, "speedRelative": 0.61, "teleported": 0.0 }, "geometry": { "type": "LineString", "coordinates": [ [ 4.380939, 50.827408 ], [ 4.381377, 50.827562 ], [ 4.381431, 50.827585 ], [ 4.381454, 50.827595 ], [ 4.381504, 50.827616 ] ] } },
{ "type": "Feature", "properties": { "index": "220267247#0", "element": "edge", "id": "220267247#0", "name": "Avenue Émile de Béco - Émile de Bécolaan", "sampledSeconds": 134.85, "departed": 3.0, "arrived": 5.0, "entered": 36.0, "left": 34.0, "laneChangedFrom": 0.0, "laneChangedTo": 0.0, "traveltime": 2.75, "overlapTraveltime": 3.56, "density": 2.07, "laneDensity": 2.07, "occupancy": 0.82, "waitingTime": 0.0, "timeLoss": 23.19, "speed": 6.48, "speedRelative": 0.78, "teleported": 0.0 }, "geometry": { "type": "LineString", "coordinates": [ [ 4.383301, 50.821673 ], [ 4.383478, 50.821555 ] ] } },
{ "type": "Feature", "properties": { "index": "220267247#1", "element": "edge", "id": "220267247#1", "name": "Avenue Émile de Béco - Émile de Bécolaan", "sampledSeconds": 97.61, "departed": 2.0, "arrived": 2.0, "entered": 21.0, "left": 21.0, "laneChangedFrom": 0.0, "laneChangedTo": 0.0, "traveltime": 3.64, "overlapTraveltime": 4.35, "density": 1.09, "laneDensity": 1.09, "occupancy": 0.46, "waitingTime": 0.0, "timeLoss": 13.69, "speed": 6.86, "speedRelative": 0.82, "teleported": 0.0 }, "geometry": { "type": "LineString", "coordinates": [ [ 4.383639, 50.821447 ], [ 4.383881, 50.821284 ] ] } },
{ "type": "Feature", "properties": { "index": "220267247#2", "element": "edge", "id": "220267247#2", "name": "Avenue Émile de Béco - Émile de Bécolaan", "sampledSeconds": 27.49, "departed": 2.0, "arrived": 5.0, "entered": 21.0, "left": 18.0, "laneChangedFrom": 0.0, "laneChangedTo": 0.0, "traveltime": 0.5, "overlapTraveltime": 1.3, "density": 2.14, "laneDensity": 2.14, "occupancy": 0.47, "waitingTime": 0.0, "timeLoss": 4.94, "speed": 6.57, "speedRelative": 0.79, "teleported": 0.0 }, "geometry": { "type": "LineString", "coordinates": [ [ 4.383941, 50.821243 ], [ 4.383976, 50.82122 ] ] } },
{ "type": "Feature", "properties": { "index": "220267247#3", "element": "edge", "id": "220267247#3", "name": "Avenue Émile de Béco - Émile de Bécolaan", "sampledSeconds": 254.99, "departed": 0.0, "arrived": 4.0, "entered": 18.0, "left": 14.0, "laneChangedFrom": 0.0, "laneChangedTo": 0.0, "traveltime": 12.95, "overlapTraveltime": 14.22, "density": 0.81, "laneDensity": 0.81, "occupancy": 0.38, "waitingTime": 0.0, "timeLoss": 36.08, "speed": 6.5, "speedRelative": 0.78, "teleported": 0.0 }, "geometry": { "type": "LineString", "coordinates": [ [ 4.384036, 50.821179 ], [ 4.38416, 50.821096 ], [ 4.384702, 50.820737 ], [ 4.384744, 50.82071 ], [ 4.384764, 50.820697 ], [ 4.384844, 50.820645 ], [ 4.384904, 50.820619 ] ] } },
{ "type": "Feature", "properties": { "index": "23084263#0", "element": "edge", "id": "23084263#0", "name": "Rue De Crayer - De Crayerstraat", "sampledSeconds": 139.23, "departed": 11.0, "arrived": 0.0, "entered": 0.0, "left": 11.0, "laneChangedFrom": 0.0, "laneChangedTo": 0.0, "traveltime": 12.78, "overlapTraveltime": 13.43, "density": 0.46, "laneDensity": 0.46, "occupancy": 0.23, "waitingTime": 0.0, "timeLoss": 25.21, "speed": 6.59, "speedRelative": 0.79, "teleported": 0.0 }, "geometry": { "type": "LineString", "coordinates": [ [ 4.36758, 50.820351 ], [ 4.367638, 50.820393 ], [ 4.368571, 50.820681 ], [ 4.368625, 50.820698 ] ] } },
{ "type": "Feature", "properties": { "index": "23084263#1", "element": "edge", "id": "23084263#1", "name": "Rue De Crayer - De Crayerstraat", "sampledSeconds": 4108.76, "departed": 8.0, "arrived": 2.0, "entered": 19.0, "left": 25.0, "laneChangedFrom": 0.0, "laneChangedTo": 0.0, "traveltime": 155.69, "overlapTraveltime": 157.32, "density": 22.27, "laneDensity": 22.27, "occupancy": 11.08, "waitingTime": 3727.0, "timeLoss": 3923.61, "speed": 0.36, "speedRelative": 0.04, "teleported": 1.0 }, "geometry": { "type": "LineString", "coordinates": [ [ 4.368809, 50.820754 ], [ 4.368846, 50.820766 ], [ 4.369418, 50.820934 ], [ 4.369467, 50.82095 ] ] } },
{ "type": "Feature", "properties": { "index": "23084282", "element": "edge", "id": "23084282", "name": "Rue Jacques Jordaens - Jakob Jordaensstraat", "sampledSeconds": 174.32, "departed": 5.0, "arrived": 2.0, "entered": 2.0, "left": 5.0, "laneChangedFrom": 0.0, "laneChangedTo": 0.0, "traveltime": 24.66, "overlapTraveltime": 25.46, "density": 0.28, "laneDensity": 0.28, "occupancy": 0.14, "waitingTime": 0.0, "timeLoss": 22.31, "speed": 7.05, "speedRelative": 0.85, "teleported": 0.0 }, "geometry": { "type": "LineString", "coordinates": [ [ 4.368683, 50.820803 ], [ 4.368678, 50.820809 ], [ 4.366792, 50.821803 ], [ 4.366776, 50.821805 ] ] } },
{ "type": "Feature", "properties": { "index": "231475823#0", "element": "edge", "id": "231475823#0", "name": "Rue Paul Émile Janson - Paul Émile Jansonstraat", "sampledSeconds": 2168.62, "departed": 8.0, "arrived": 0.0, "entered": 0.0, "left": 7.0, "laneChangedFrom": 0.0, "laneChangedTo": 0.0, "traveltime": 283.62, "overlapTraveltime": 291.06, "density": 6.2, "laneDensity": 6.2, "occupancy": 3.09, "waitingTime": 2003.0, "timeLoss": 2078.93, "speed": 0.35, "speedRelative": 0.04, "teleported": 2.0 }, "geometry": { "type": "LineString", "coordinates": [ [ 4.361358, 50.82769 ], [ 4.361428, 50.827723 ], [ 4.362509, 50.828171 ] ] } },
{ "type": "Feature", "properties": { "index": "231475826#0", "element": "edge", "id": "231475826#0", "name": "Rue du Châtelain - Kasteleinsstraat", "sampledSeconds": 1666.84, "departed": 7.0, "arrived": 0.0, "entered": 0.0, "left": 6.0, "laneChangedFrom": 0.0, "laneChangedTo": 0.0, "traveltime": 254.53, "overlapTraveltime": 260.34, "density": 4.75, "laneDensity": 4.75, "occupancy": 2.37, "waitingTime": 1540.0, "timeLoss": 1590.73, "speed": 0.39, "speedRelative": 0.05, "teleported": 2.0 }, "geometry": { "type": "LineString", "coordinates": [ [ 4.363143, 50.825962 ], [ 4.363221, 50.825994 ], [ 4.364276, 50.826425 ], [ 4.364301, 50.826435 ], [ 4.364305, 50.826437 ] ] } },
{ "type": "Feature", "properties": { "index": "231483312", "element": "edge", "id": "231483312", "name": "Rue Van Aa - Van Aastraat", "sampledSeconds": 277.74, "departed": 2.0, "arrived": 5.0, "entered": 28.0, "left": 25.0, "laneChangedFrom": 0.0, "laneChangedTo": 0.0, "traveltime": 8.59, "overlapTraveltime": 9.35, "density": 1.21, "laneDensity": 1.21, "occupancy": 0.56, "waitingTime": 0.0, "timeLoss": 29.64, "speed": 7.35, "speedRelative": 0.88, "teleported": 0.0 }, "geometry": { "type": "LineString", "coordinates": [ [ 4.36895, 50.833547 ], [ 4.369559, 50.833182 ], [ 4.369608, 50.833154 ] ] } },
{ "type": "Feature", "properties": { "index": "231483313#0", "element": "edge", "id": "231483313#0", "name": "Rue du Conseil - Raadstraat", "sampledSeconds": 57.51, "departed": 4.0, "arrived": 2.0, "entered": 2.0, "left": 4.0, "laneChangedFrom": 0.0, "laneChangedTo": 0.0, "traveltime": 9.21, "overlapTraveltime": 10.15, "density": 0.28, "laneDensity": 0.28, "occupancy": 0.13, "waitingTime": 0.0, "timeLoss": 12.0, "speed": 6.14, "speedRelative": 0.74, "teleported": 0.0 }, "geometry": { "type": "LineString", "coordinates": [ [ 4.368374, 50.833987 ], [ 4.368719, 50.834175 ], [ 4.368993, 50.834315 ], [ 4.368998, 50.834318 ] ] } },
{ "type": "Feature", "properties": { "index": "231483314", "element": "edge", "id": "231483314", "name": "Rue du Viaduc - Viaductstraat", "sampledSeconds": 0.0, "departed": 0.0, "arrived": 0.0, "entered": 0.0, "left": 0.0, "laneChangedFrom": 0.0, "laneChangedTo": 0.0, "traveltime": 0.0, "overlapTraveltime": 0.0, "density": 0.0, "laneDensity": 0.0, "occupancy": 0.0, "waitingTime": 0.0, "timeLoss": 0.0, "speed": 0.0, "speedRelative": 0.0, "teleported": 0.0 }, "geometry": { "type": "LineString", "coordinates": [ [ 4.367369, 50.832099 ], [ 4.367872, 50.832331 ], [ 4.368519, 50.832609 ] ] } },
{ "type": "Feature", "properties": { "index": "231483332#0", "element": "edge", "id": "231483332#0", "name": "Rue d&apos;Idalie - Idaliestraat", "sampledSeconds": 120.07, "departed": 7.0, "arrived": 0.0, "entered": 0.0, "left": 7.0, "laneChangedFrom": 5.0, "laneChangedTo": 5.0, "traveltime": 17.08, "overlapTraveltime": 17.9, "density": 0.29, "laneDensity": 0.14, "occupancy": 0.07, "waitingTime": 1.0, "timeLoss": 22.78, "speed": 6.79, "speedRelative": 0.81, "teleported": 0.0 }, "geometry": { "type": "LineString", "coordinates": [ [ 4.371836, 50.837341 ], [ 4.371753, 50.837287 ], [ 4.371607, 50.837181 ], [ 4.371523, 50.837124 ], [ 4.370736, 50.836621 ], [ 4.370692, 50.836591 ], [ 4.370687, 50.836587 ] ] } },
{ "type": "Feature", "properties": { "index": "231483339#0", "element": "edge", "id": "231483339#0", "name": "Chaussée de Wavre - Waverse Steenweg", "sampledSeconds": 2030.86, "departed": 6.0, "arrived": 4.0, "entered": 115.0, "left": 117.0, "laneChangedFrom": 0.0, "laneChangedTo": 0.0, "traveltime": 16.13, "overlapTraveltime": 16.83, "density": 4.91, "laneDensity": 4.91, "occupancy": 2.35, "waitingTime": 0.0, "timeLoss": 255.45, "speed": 7.13, "speedRelative": 0.86, "teleported": 0.0 }, "geometry": { "type": "LineString", "coordinates": [ [ 4.371333, 50.835781 ], [ 4.371158, 50.835752 ], [ 4.37109, 50.835741 ], [ 4.370586, 50.835657 ], [ 4.370043, 50.835567 ], [ 4.369808, 50.835543 ], [ 4.369748, 50.835541 ] ] } },
{ "type": "Feature", "properties": { "index": "23179512#0", "element": "edge", "id": "23179512#0", "name": "Chaussée de Wavre - Waverse Steenweg", "sampledSeconds": 1620.55, "departed": 2.0, "arrived": 2.0, "entered": 255.0, "left": 255.0, "laneChangedFrom": 0.0, "laneChangedTo": 0.0, "traveltime": 5.64, "overlapTraveltime": 6.31, "density": 10.89, "laneDensity": 10.89, "occupancy": 4.86, "waitingTime": 0.0, "timeLoss": 179.41, "speed": 7.34, "speedRelative": 0.88, "teleported": 0.0 }, "geometry": { "type": "LineString", "coordinates": [ [ 4.364059, 50.837078 ], [ 4.363506, 50.837203 ] ] } },
{ "type": "Feature", "properties": { "index": "23179512#1", "element": "edge", "id": "23179512#1", "name": "Chaussée de Wavre - Waverse Steenweg", "sampledSeconds": 3622.26, "departed": 8.0, "arrived": 5.0, "entered": 255.0, "left": 257.0, "laneChangedFrom": 0.0, "laneChangedTo": 0.0, "traveltime": 12.89, "overlapTraveltime": 13.82, "density": 11.0, "laneDensity": 11.0, "occupancy": 5.18, "waitingTime": 0.0, "timeLoss": 499.52, "speed": 6.98, "speedRelative": 0.84, "teleported": 0.0 }, "geometry": { "type": "LineString", "coordinates": [ [ 4.363381, 50.837232 ], [ 4.363182, 50.837276 ], [ 4.363076, 50.8373 ], [ 4.362184, 50.837496 ], [ 4.362155, 50.837503 ] ] } },
{ "type": "Feature", "properties": { "index": "231940830#0", "element": "edge", "id": "231940830#0", "name": "Rue du Trône - Troonstraat", "sampledSeconds": 1213.14, "departed": 5.0, "arrived": 1.0, "entered": 49.0, "left": 53.0, "laneChangedFrom": 0.0, "laneChangedTo": 0.0, "traveltime": 21.88, "overlapTraveltime": 22.53, "density": 1.99, "laneDensity": 1.99, "occupancy": 0.96, "waitingTime": 0.0, "timeLoss": 104.22, "speed": 7.76, "speedRelative": 0.93, "teleported": 0.0 }, "geometry": { "type": "LineString", "coordinates": [ [ 4.373034, 50.83451 ], [ 4.373065, 50.834486 ], [ 4.373406, 50.834221 ], [ 4.373888, 50.833825 ], [ 4.374506, 50.833321 ], [ 4.374519, 50.833308 ] ] } },
{ "type": "Feature", "properties": { "index": "231945290#0", "element": "edge", "id": "231945290#0", "name": "Avenue Louise - Louizalaan", "sampledSeconds": 107.23, "departed": 2.0, "arrived": 1.0, "entered": 14.0, "left": 15.0, "laneChangedFrom": 0.0, "laneChangedTo": 0.0, "traveltime": 6.24, "overlapTraveltime": 6.98, "density": 0.7, "laneDensity": 0.7, "occupancy": 0.32, "waitingTime": 0.0, "timeLoss": 16.54, "speed": 6.77, "speedRelative": 0.81, "teleported": 0.0 }, "geometry": { "type": "LineString", "coordinates": [ [ 4.362269, 50.82919 ], [ 4.362257, 50.829203 ], [ 4.361936, 50.829507 ] ] } },
{ "type": "Feature", "properties": { "index": "231945290#2", "element": "edge", "id": "231945290#2", "name": "Avenue Louise - Louizalaan", "sampledSeconds": 541.88, "departed": 3.0, "arrived": 2.0, "entered": 48.0, "left": 49.0, "laneChangedFrom": 0.0, "laneChangedTo": 0.0, "traveltime": 9.97, "overlapTraveltime": 10.68, "density": 2.03, "laneDensity": 2.03, "occupancy": 0.95, "waitingTime": 0.0, "timeLoss": 51.46, "speed": 7.41, "speedRelative": 0.89, "teleported": 0.0 }, "geometry": { "type": "LineString", "coordinates": [ [ 4.361848, 50.829591 ], [ 4.36127, 50.830148 ] ] } },
{ "type": "Feature", "properties": { "index": "231945290#3", "element": "edge", "id": "231945290#3", "name": "Avenue Louise - Louizalaan", "sampledSeconds": 889.65, "departed": 3.0, "arrived": 3.0, "entered": 33.0, "left": 29.0, "laneChangedFrom": 0.0, "laneChangedTo": 0.0, "traveltime": 24.98, "overlapTraveltime": 26.06, "density": 5.59, "laneDensity": 5.59, "occupancy": 2.72, "waitingTime": 634.0, "timeLoss": 685.75, "speed": 1.89, "speedRelative": 0.23, "teleported": 0.0 }, "geometry": { "type": "LineString", "coordinates": [ [ 4.361201, 50.830216 ], [ 4.36086, 50.830549 ] ] } },
{ "type": "Feature", "properties": { "index": "231945290#4", "element": "edge", "id": "231945290#4", "name": "Avenue Louise - Louizalaan", "sampledSeconds": 569.95, "departed": 6.0, "arrived": 1.0, "entered": 126.0, "left": 131.0, "laneChangedFrom": 0.0, "laneChangedTo": 0.0, "traveltime": 3.12, "overlapTraveltime": 4.41, "density": 27.49, "laneDensity": 27.49, "occupancy": 9.75, "waitingTime": 357.0, "timeLoss": 399.01, "speed": 2.44, "speedRelative": 0.29, "teleported": 0.0 }, "geometry": { "type": "LineString", "coordinates": [ [ 4.360797, 50.830611 ], [ 4.360753, 50.830654 ] ] } },
{ "type": "Feature", "properties": { "index": "231945290#5", "element": "edge", "id": "231945290#5", "name": "Avenue Louise - Louizalaan", "sampledSeconds": 561.06, "departed": 6.0, "arrived": 2.0, "entered": 47.0, "left": 51.0, "laneChangedFrom": 0.0, "laneChangedTo": 0.0, "traveltime": 9.97, "overlapTraveltime": 10.68, "density": 2.1, "laneDensity": 2.1, "occupancy": 0.99, "waitingTime": 0.0, "timeLoss": 55.44, "speed": 7.43, "speedRelative": 0.89, "teleported": 0.0 }, "geometry": { "type": "LineString", "coordinates": [ [ 4.360689, 50.830715 ], [ 4.360629, 50.830772 ], [ 4.360113, 50.831275 ] ] } },
{ "type": "Feature", "properties": { "index": "231945290#6", "element": "edge", "id": "231945290#6", "name": "Avenue Louise - Louizalaan", "sampledSeconds": 4766.58, "departed": 6.0, "arrived": 1.0, "entered": 30.0, "left": 31.0, "laneChangedFrom": 0.0, "laneChangedTo": 0.0, "traveltime": 136.84, "overlapTraveltime": 139.61, "density": 24.1, "laneDensity": 24.1, "occupancy": 11.99, "waitingTime": 4383.0, "timeLoss": 4521.28, "speed": 0.43, "speedRelative": 0.05, "teleported": 3.0 }, "geometry": { "type": "LineString", "coordinates": [ [ 4.360039, 50.831347 ], [ 4.359797, 50.831583 ], [ 4.359617, 50.831762 ] ] } },
{ "type": "Feature", "properties": { "index": "23226843", "element": "edge", "id": "23226843", "name": "Avenue Marnix - Marnixlaan", "sampledSeconds": 0.0, "departed": 0.0, "arrived": 0.0, "entered": 0.0, "left": 0.0, "laneChangedFrom": 0.0, "laneChangedTo": 0.0, "traveltime": 0.0, "overlapTraveltime": 0.0, "density": 0.0, "laneDensity": 0.0, "occupancy": 0.0, "waitingTime": 0.0, "timeLoss": 0.0, "speed": 0.0, "speedRelative": 0.0, "teleported": 0.0 }, "geometry": { "type": "LineString", "coordinates": [ [ 4.362862, 50.838803 ], [ 4.363018, 50.83888 ], [ 4.363747, 50.839257 ], [ 4.364667, 50.839718 ], [ 4.364702, 50.839741 ], [ 4.364743, 50.839796 ], [ 4.364758, 50.839809 ] ] } },
{ "type": "Feature", "properties": { "index": "232541313#0", "element": "edge", "id": "232541313#0", "name": "", "sampledSeconds": 0.0, "departed": 0.0, "arrived": 0.0, "entered": 0.0, "left": 0.0, "laneChangedFrom": 0.0, "laneChangedTo": 0.0, "traveltime": 0.0, "overlapTraveltime": 0.0, "density": 0.0, "laneDensity": 0.0, "occupancy": 0.0, "waitingTime": 0.0, "timeLoss": 0.0, "speed": 0.0, "speedRelative": 0.0, "teleported": 0.0 }, "geometry": { "type": "LineString", "coordinates": [ [ 4.362194, 50.828875 ], [ 4.362211, 50.828857 ], [ 4.362768, 50.828308 ], [ 4.362798, 50.828279 ], [ 4.36282, 50.828257 ], [ 4.363394, 50.827702 ], [ 4.363425, 50.827685 ], [ 4.363461, 50.827677 ], [ 4.363499, 50.827679 ], [ 4.363529, 50.827687 ], [ 4.363555, 50.827704 ], [ 4.363568, 50.82772 ], [ 4.363572, 50.827741 ], [ 4.363567, 50.82776 ], [ 4.363445, 50.827876 ] ] } },
{ "type": "Feature", "properties": { "index": "232541315#0", "element": "edge", "id": "232541315#0", "name": "", "sampledSeconds": 0.0, "departed": 0.0, "arrived": 0.0, "entered": 0.0, "left": 0.0, "laneChangedFrom": 0.0, "laneChangedTo": 0.0, "traveltime": 0.0, "overlapTraveltime": 0.0, "density": 0.0, "laneDensity": 0.0, "occupancy": 0.0, "waitingTime": 0.0, "timeLoss": 0.0, "speed": 0.0, "speedRelative": 0.0, "teleported": 0.0 }, "geometry": { "type": "LineString", "coordinates": [ [ 4.362143, 50.828926 ], [ 4.362144, 50.828925 ] ] } },
{ "type": "Feature", "properties": { "index": "232541316#1", "element": "edge", "id": "232541316#1", "name": "", "sampledSeconds": 0.0, "departed": 0.0, "arrived": 0.0, "entered": 0.0, "left": 0.0, "laneChangedFrom": 0.0, "laneChangedTo": 0.0, "traveltime": 0.0, "overlapTraveltime": 0.0, "density": 0.0, "laneDensity": 0.0, "occupancy": 0.0, "waitingTime": 0.0, "timeLoss": 0.0, "speed": 0.0, "speedRelative": 0.0, "teleported": 0.0 }, "geometry": { "type": "LineString", "coordinates": [ [ 4.36339, 50.827929 ], [ 4.363313, 50.828003 ] ] } },
{ "type": "Feature", "properties": { "index": "232541316#2", "element": "edge", "id": "232541316#2", "name": "", "sampledSeconds": 0.0, "departed": 0.0, "arrived": 0.0, "entered": 0.0, "left": 0.0, "laneChangedFrom": 0.0, "laneChangedTo": 0.0, "traveltime": 0.0, "overlapTraveltime": 0.0, "density": 0.0, "laneDensity": 0.0, "occupancy": 0.0, "waitingTime": 0.0, "timeLoss": 0.0, "speed": 0.0, "speedRelative": 0.0, "teleported": 0.0 }, "geometry": { "type": "LineString", "coordinates": [ [ 4.36326, 50.828054 ], [ 4.363063, 50.828249 ], [ 4.362977, 50.828321 ], [ 4.362952, 50.828346 ], [ 4.362926, 50.828372 ], [ 4.362687, 50.828613 ], [ 4.362373, 50.828925 ], [ 4.362349, 50.828938 ], [ 4.36232, 50.828945 ], [ 4.36229, 50.828948 ], [ 4.362259, 50.828946 ], [ 4.36223, 50.828938 ], [ 4.36221, 50.828926 ] ] } },
{ "type": "Feature", "properties": { "index": "235542996#0", "element": "edge", "id": "235542996#0", "name": "Rue du Commerce - Handelsstraat", "sampledSeconds": 154.37, "departed": 3.0, "arrived": 5.0, "entered": 6.0, "left": 4.0, "laneChangedFrom": 3.0, "laneChangedTo": 3.0, "traveltime": 16.55, "overlapTraveltime": 17.54, "density": 0.46, "laneDensity": 0.23, "occupancy": 0.11, "waitingTime": 21.0, "timeLoss": 47.9, "speed": 5.58, "speedRelative": 0.67, "teleported": 0.0 }, "geometry": { "type": "LineString", "coordinates": [ [ 4.367534, 50.840201 ], [ 4.367532, 50.840195 ], [ 4.367152, 50.839476 ], [ 4.36713, 50.839433 ], [ 4.367117, 50.839409 ] ] } },
{ "type": "Feature", "properties": { "index": "236306864#0", "element": "edge", "id": "236306864#0", "name": "Rue du Trône - Troonstraat", "sampledSeconds": 0.0, "departed": 0.0, "arrived": 0.0, "entered": 0.0, "left": 0.0, "laneChangedFrom": 0.0, "laneChangedTo": 0.0, "traveltime": 0.0, "overlapTraveltime": 0.0, "density": 0.0, "laneDensity": 0.0, "occupancy": 0.0, "waitingTime": 0.0, "timeLoss": 0.0, "speed": 0.0, "speedRelative": 0.0, "teleported": 0.0 }, "geometry": { "type": "LineString", "coordinates": [ [ 4.367625, 50.83889 ], [ 4.367628, 50.838888 ], [ 4.367657, 50.838865 ], [ 4.367693, 50.838836 ], [ 4.368441, 50.838232 ], [ 4.368476, 50.838204 ], [ 4.368495, 50.838189 ], [ 4.368504, 50.838181 ] ] } },
{ "type": "Feature", "properties": { "index": "237344387", "element": "edge", "id": "237344387", "name": "Place Fernand Cocq - Fernand Cocqplein", "sampledSeconds": 7052.67, "departed": 5.0, "arrived": 1.0, "entered": 220.0, "left": 219.0, "laneChangedFrom": 0.0, "laneChangedTo": 0.0, "traveltime": 31.42, "overlapTraveltime": 32.54, "density": 51.3, "laneDensity": 51.3, "occupancy": 24.8, "waitingTime": 4913.0, "timeLoss": 5350.09, "speed": 1.33, "speedRelative": 0.24, "teleported": 1.0 }, "geometry": { "type": "LineString", "coordinates": [ [ 4.366364, 50.833334 ], [ 4.366423, 50.833239 ], [ 4.366513, 50.833063 ], [ 4.366537, 50.833009 ] ] } },
{ "type": "Feature", "properties": { "index": "23912283#0", "element": "edge", "id": "23912283#0", "name": "Avenue Louise - Louizalaan", "sampledSeconds": 0.0, "departed": 0.0, "arrived": 0.0, "entered": 0.0, "left": 0.0, "laneChangedFrom": 0.0, "laneChangedTo": 0.0, "traveltime": 0.0, "overlapTraveltime": 0.0, "density": 0.0, "laneDensity": 0.0, "occupancy": 0.0, "waitingTime": 0.0, "timeLoss": 0.0, "speed": 0.0, "speedRelative": 0.0, "teleported": 0.0 }, "geometry": { "type": "LineString", "coordinates": [ [ 4.363718, 50.827273 ], [ 4.363746, 50.827286 ], [ 4.364026, 50.827405 ] ] } },
{ "type": "Feature", "properties": { "index": "239757763", "element": "edge", "id": "239757763", "name": "Rue Vilain XIIII - Vilain XIIII-straat", "sampledSeconds": 14509.86, "departed": 3.0, "arrived": 0.0, "entered": 181.0, "left": 171.0, "laneChangedFrom": 0.0, "laneChangedTo": 0.0, "traveltime": 80.83, "overlapTraveltime": 81.87, "density": 38.61, "laneDensity": 38.61, "occupancy": 19.12, "waitingTime": 11268.0, "timeLoss": 12186.43, "speed": 1.34, "speedRelative": 0.16, "teleported": 1.0 }, "geometry": { "type": "LineString", "coordinates": [ [ 4.371104, 50.82342 ], [ 4.372586, 50.823418 ] ] } },
{ "type": "Feature", "properties": { "index": "239757874#0", "element": "edge", "id": "239757874#0", "name": "Rue de la Vallée - Dalstraat", "sampledSeconds": 376.45, "departed": 8.0, "arrived": 3.0, "entered": 10.0, "left": 15.0, "laneChangedFrom": 0.0, "laneChangedTo": 0.0, "traveltime": 20.28, "overlapTraveltime": 21.26, "density": 0.71, "laneDensity": 0.71, "occupancy": 0.35, "waitingTime": 2.0, "timeLoss": 49.25, "speed": 7.12, "speedRelative": 0.86, "teleported": 0.0 }, "geometry": { "type": "LineString", "coordinates": [ [ 4.371032, 50.823501 ], [ 4.371058, 50.823674 ], [ 4.371117, 50.824315 ], [ 4.371122, 50.824505 ], [ 4.371117, 50.824815 ] ] } },
{ "type": "Feature", "properties": { "index": "239757874#3", "element": "edge", "id": "239757874#3", "name": "Rue de la Vallée - Dalstraat", "sampledSeconds": 43.85, "departed": 3.0, "arrived": 3.0, "entered": 18.0, "left": 18.0, "laneChangedFrom": 0.0, "laneChangedTo": 0.0, "traveltime": 1.46, "overlapTraveltime": 2.3, "density": 1.39, "laneDensity": 1.39, "occupancy": 0.47, "waitingTime": 0.0, "timeLoss": 8.85, "speed": 5.99, "speedRelative": 0.72, "teleported": 0.0 }, "geometry": { "type": "LineString", "coordinates": [ [ 4.371101, 50.825 ], [ 4.371113, 50.825054 ], [ 4.371118, 50.825077 ] ] } },
{ "type": "Feature", "properties": { "index": "239889169#0", "element": "edge", "id": "239889169#0", "name": "Rue Mercelis - Mercelisstraat", "sampledSeconds": 522.7, "departed": 4.0, "arrived": 2.0, "entered": 32.0, "left": 33.0, "laneChangedFrom": 0.0, "laneChangedTo": 0.0, "traveltime": 13.84, "overlapTraveltime": 14.75, "density": 1.41, "laneDensity": 1.41, "occupancy": 0.67, "waitingTime": 0.0, "timeLoss": 53.68, "speed": 7.33, "speedRelative": 0.88, "teleported": 0.0 }, "geometry": { "type": "LineString", "coordinates": [ [ 4.362904, 50.830286 ], [ 4.361956, 50.82958 ] ] } },
{ "type": "Feature", "properties": { "index": "239923867#0", "element": "edge", "id": "239923867#0", "name": "Rue Dautzenberg - Dautzenbergstraat", "sampledSeconds": 3678.94, "departed": 4.0, "arrived": 2.0, "entered": 18.0, "left": 20.0, "laneChangedFrom": 0.0, "laneChangedTo": 0.0, "traveltime": 167.05, "overlapTraveltime": 169.17, "density": 5.12, "laneDensity": 5.12, "occupancy": 2.55, "waitingTime": 2957.0, "timeLoss": 3132.25, "speed": 1.21, "speedRelative": 0.15, "teleported": 3.0 }, "geometry": { "type": "LineString", "coordinates": [ [ 4.366884, 50.826286 ], [ 4.368707, 50.827599 ], [ 4.368714, 50.827646 ] ] } },
{ "type": "Feature", "properties": { "index": "240549300#0", "element": "edge", "id": "240549300#0", "name": "Avenue Louise - Louizalaan", "sampledSeconds": 8.48, "departed": 2.0, "arrived": 1.0, "entered": 3.0, "left": 4.0, "laneChangedFrom": 0.0, "laneChangedTo": 0.0, "traveltime": 1.16, "overlapTraveltime": 2.06, "density": 0.36, "laneDensity": 0.36, "occupancy": 0.12, "waitingTime": 0.0, "timeLoss": 3.06, "speed": 5.59, "speedRelative": 0.67, "teleported": 0.0 }, "geometry": { "type": "LineString", "coordinates": [ [ 4.370995, 50.819633 ], [ 4.370973, 50.81969 ] ] } },
{ "type": "Feature", "properties": { "index": "240549300#2", "element": "edge", "id": "240549300#2", "name": "Avenue Louise - Louizalaan", "sampledSeconds": 1159.18, "departed": 7.0, "arrived": 3.0, "entered": 12.0, "left": 16.0, "laneChangedFrom": 0.0, "laneChangedTo": 0.0, "traveltime": 61.3, "overlapTraveltime": 62.12, "density": 2.97, "laneDensity": 2.97, "occupancy": 1.47, "waitingTime": 845.0, "timeLoss": 906.78, "speed": 1.83, "speedRelative": 0.22, "teleported": 0.0 }, "geometry": { "type": "LineString", "coordinates": [ [ 4.370942, 50.819774 ], [ 4.370939, 50.819781 ], [ 4.370669, 50.820516 ], [ 4.370655, 50.820555 ], [ 4.370642, 50.820583 ], [ 4.370596, 50.820723 ] ] } },
{ "type": "Feature", "properties": { "index": "240549301", "element": "edge", "id": "240549301", "name": "Chaussée de Vleurgat - Vleurgatse Steenweg", "sampledSeconds": 5052.81, "departed": 2.0, "arrived": 1.0, "entered": 71.0, "left": 71.0, "laneChangedFrom": 0.0, "laneChangedTo": 0.0, "traveltime": 75.05, "overlapTraveltime": 76.86, "density": 65.04, "laneDensity": 65.04, "occupancy": 32.17, "waitingTime": 4695.0, "timeLoss": 4841.75, "speed": 0.35, "speedRelative": 0.04, "teleported": 4.0 }, "geometry": { "type": "LineString", "coordinates": [ [ 4.367645, 50.823432 ], [ 4.367653, 50.823441 ], [ 4.367692, 50.823485 ], [ 4.367778, 50.823584 ], [ 4.367794, 50.823601 ] ] } },
{ "type": "Feature", "properties": { "index": "244422543#0", "element": "edge", "id": "244422543#0", "name": "Rue Antoine Labarre - Antoine Labarrestraat", "sampledSeconds": 2220.42, "departed": 4.0, "arrived": 0.0, "entered": 35.0, "left": 39.0, "laneChangedFrom": 0.0, "laneChangedTo": 0.0, "traveltime": 56.42, "overlapTraveltime": 57.16, "density": 4.92, "laneDensity": 4.92, "occupancy": 2.43, "waitingTime": 1524.0, "timeLoss": 1615.87, "speed": 2.28, "speedRelative": 0.27, "teleported": 0.0 }, "geometry": { "type": "LineString", "coordinates": [ [ 4.374586, 50.824722 ], [ 4.3746, 50.824734 ], [ 4.374699, 50.824851 ], [ 4.374911, 50.825059 ], [ 4.375075, 50.825191 ], [ 4.375416, 50.825409 ], [ 4.375738, 50.825566 ] ] } },
{ "type": "Feature", "properties": { "index": "244422544#0", "element": "edge", "id": "244422544#0", "name": "Rue Maria Malibran - Maria Malibranstraat", "sampledSeconds": 3592.56, "departed": 0.0, "arrived": 3.0, "entered": 209.0, "left": 207.0, "laneChangedFrom": 0.0, "laneChangedTo": 0.0, "traveltime": 16.28, "overlapTraveltime": 17.13, "density": 8.78, "laneDensity": 8.78, "occupancy": 4.2, "waitingTime": 26.0, "timeLoss": 586.82, "speed": 6.93, "speedRelative": 0.83, "teleported": 0.0 }, "geometry": { "type": "LineString", "coordinates": [ [ 4.374108, 50.831651 ], [ 4.374115, 50.831663 ], [ 4.374403, 50.83214 ], [ 4.374682, 50.832607 ] ] } },
{ "type": "Feature", "properties": { "index": "244422545", "element": "edge", "id": "244422545", "name": "", "sampledSeconds": 4.09, "departed": 0.0, "arrived": 0.0, "entered": 3.0, "left": 3.0, "laneChangedFrom": 0.0, "laneChangedTo": 0.0, "traveltime": 0.64, "overlapTraveltime": 1.36, "density": 0.25, "laneDensity": 0.25, "occupancy": 0.06, "waitingTime": 0.0, "timeLoss": 0.37, "speed": 7.02, "speedRelative": 0.84, "teleported": 0.0 }, "geometry": { "type": "LineString", "coordinates": [ [ 4.374285, 50.824095 ], [ 4.374295, 50.824077 ], [ 4.374318, 50.824061 ] ] } },
{ "type": "Feature", "properties": { "index": "249386315", "element": "edge", "id": "249386315", "name": "Boulevard de Waterloo - Waterloolaan", "sampledSeconds": 992.05, "departed": 6.0, "arrived": 5.0, "entered": 66.0, "left": 66.0, "laneChangedFrom": 0.0, "laneChangedTo": 0.0, "traveltime": 14.53, "overlapTraveltime": 15.23, "density": 48.35, "laneDensity": 48.35, "occupancy": 22.77, "waitingTime": 859.0, "timeLoss": 922.29, "speed": 0.7, "speedRelative": 0.08, "teleported": 2.0 }, "geometry": { "type": "LineString", "coordinates": [ [ 4.355825, 50.836378 ], [ 4.355858, 50.836333 ], [ 4.355857, 50.836331 ] ] } },
{ "type": "Feature", "properties": { "index": "258274083#0", "element": "edge", "id": "258274083#0", "name": "Rue Gray - Graystraat", "sampledSeconds": 138.6, "departed": 10.0, "arrived": 0.0, "entered": 0.0, "left": 9.0, "laneChangedFrom": 0.0, "laneChangedTo": 0.0, "traveltime": 15.09, "overlapTraveltime": 15.84, "density": 0.38, "laneDensity": 0.38, "occupancy": 0.19, "waitingTime": 0.0, "timeLoss": 28.24, "speed": 6.67, "speedRelative": 0.8, "teleported": 0.0 }, "geometry": { "type": "LineString", "coordinates": [ [ 4.377336, 50.831999 ], [ 4.377218, 50.83185 ], [ 4.377207, 50.831835 ], [ 4.377179, 50.831799 ], [ 4.376994, 50.831565 ], [ 4.376794, 50.831305 ], [ 4.376735, 50.831215 ], [ 4.37673, 50.831182 ] ] } },
{ "type": "Feature", "properties": { "index": "265113916#0", "element": "edge", "id": "265113916#0", "name": "Rue du Serpentin - Spiraalbuisstraat", "sampledSeconds": 151.65, "departed": 7.0, "arrived": 2.0, "entered": 7.0, "left": 11.0, "laneChangedFrom": 0.0, "laneChangedTo": 0.0, "traveltime": 10.78, "overlapTraveltime": 11.8, "density": 0.58, "laneDensity": 0.58, "occupancy": 0.27, "waitingTime": 0.0, "timeLoss": 25.21, "speed": 6.54, "speedRelative": 0.78, "teleported": 0.0 }, "geometry": { "type": "LineString", "coordinates": [ [ 4.374911, 50.827864 ], [ 4.374912, 50.827843 ], [ 4.374955, 50.827401 ], [ 4.374929, 50.827283 ], [ 4.374898, 50.82722 ] ] } },
{ "type": "Feature", "properties": { "index": "265113917#0", "element": "edge", "id": "265113917#0", "name": "Rue de la Brasserie - Brouwerijstraat", "sampledSeconds": 15657.95, "departed": 2.0, "arrived": 1.0, "entered": 211.0, "left": 204.0, "laneChangedFrom": 0.0, "laneChangedTo": 0.0, "traveltime": 86.02, "overlapTraveltime": 87.04, "density": 90.59, "laneDensity": 90.59, "occupancy": 42.54, "waitingTime": 13866.0, "timeLoss": 14504.93, "speed": 0.61, "speedRelative": 0.07, "teleported": 5.0 }, "geometry": { "type": "LineString", "coordinates": [ [ 4.374806, 50.827925 ], [ 4.374731, 50.827905 ], [ 4.374172, 50.827768 ] ] } },
{ "type": "Feature", "properties": { "index": "265117578", "element": "edge", "id": "265117578", "name": "Rue du Collège - Collegestraat", "sampledSeconds": 2509.04, "departed": 3.0, "arrived": 3.0, "entered": 111.0, "left": 108.0, "laneChangedFrom": 0.0, "laneChangedTo": 0.0, "traveltime": 21.45, "overlapTraveltime": 22.17, "density": 4.59, "laneDensity": 4.59, "occupancy": 2.23, "waitingTime": 83.0, "timeLoss": 372.03, "speed": 7.07, "speedRelative": 0.85, "teleported": 0.0 }, "geometry": { "type": "LineString", "coordinates": [ [ 4.369869, 50.832165 ], [ 4.371193, 50.831114 ], [ 4.371211, 50.831097 ] ] } },
{ "type": "Feature", "properties": { "index": "26555672", "element": "edge", "id": "26555672", "name": "", "sampledSeconds": 0.0, "departed": 0.0, "arrived": 0.0, "entered": 0.0, "left": 0.0, "laneChangedFrom": 0.0, "laneChangedTo": 0.0, "traveltime": 0.0, "overlapTraveltime": 0.0, "density": 0.0, "laneDensity": 0.0, "occupancy": 0.0, "waitingTime": 0.0, "timeLoss": 0.0, "speed": 0.0, "speedRelative": 0.0, "teleported": 0.0 }, "geometry": { "type": "LineString", "coordinates": [ [ 4.354075, 50.835576 ], [ 4.35215, 50.834772 ], [ 4.352006, 50.834714 ], [ 4.351452, 50.834485 ], [ 4.351203, 50.834385 ], [ 4.351127, 50.834356 ] ] } },
{ "type": "Feature", "properties": { "index": "27807643#0", "element": "edge", "id": "27807643#0", "name": "Rue Ducale - Hertogstraat", "sampledSeconds": 22.78, "departed": 3.0, "arrived": 4.0, "entered": 12.0, "left": 11.0, "laneChangedFrom": 0.0, "laneChangedTo": 0.0, "traveltime": 1.01, "overlapTraveltime": 1.8, "density": 0.96, "laneDensity": 0.96, "occupancy": 0.3, "waitingTime": 0.0, "timeLoss": 5.31, "speed": 6.44, "speedRelative": 0.77, "teleported": 0.0 }, "geometry": { "type": "LineString", "coordinates": [ [ 4.365416, 50.840698 ], [ 4.365407, 50.8407 ], [ 4.365343, 50.840712 ], [ 4.365326, 50.840715 ] ] } },
{ "type": "Feature", "properties": { "index": "27882418#0", "element": "edge", "id": "27882418#0", "name": "Rue du Buisson - Braambosstraat", "sampledSeconds": 131.44, "departed": 8.0, "arrived": 2.0, "entered": 5.0, "left": 11.0, "laneChangedFrom": 0.0, "laneChangedTo": 0.0, "traveltime": 10.5, "overlapTraveltime": 11.4, "density": 1.48, "laneDensity": 1.48, "occupancy": 0.7, "waitingTime": 66.0, "timeLoss": 88.04, "speed": 2.6, "speedRelative": 0.31, "teleported": 0.0 }, "geometry": { "type": "LineString", "coordinates": [ [ 4.373103, 50.821907 ], [ 4.373426, 50.821821 ] ] } },
{ "type": "Feature", "properties": { "index": "27882429#0", "element": "edge", "id": "27882429#0", "name": "Rue de Belle Vue - Bellevuestraat", "sampledSeconds": 297.08, "departed": 2.0, "arrived": 3.0, "entered": 13.0, "left": 13.0, "laneChangedFrom": 0.0, "laneChangedTo": 0.0, "traveltime": 18.49, "overlapTraveltime": 19.46, "density": 0.62, "laneDensity": 0.62, "occupancy": 0.3, "waitingTime": 0.0, "timeLoss": 35.37, "speed": 7.08, "speedRelative": 0.85, "teleported": 0.0 }, "geometry": { "type": "LineString", "coordinates": [ [ 4.37294, 50.821889 ], [ 4.372888, 50.821824 ], [ 4.372325, 50.821129 ], [ 4.372082, 50.820826 ] ] } },
{ "type": "Feature", "properties": { "index": "28208884#0", "element": "edge", "id": "28208884#0", "name": "Rue du Viaduc - Viaductstraat", "sampledSeconds": 147.37, "departed": 0.0, "arrived": 9.0, "entered": 9.0, "left": 0.0, "laneChangedFrom": 0.0, "laneChangedTo": 0.0, "traveltime": 15.91, "overlapTraveltime": 16.55, "density": 0.34, "laneDensity": 0.34, "occupancy": 0.16, "waitingTime": 0.0, "timeLoss": 12.44, "speed": 7.56, "speedRelative": 0.91, "teleported": 0.0 }, "geometry": { "type": "LineString", "coordinates": [ [ 4.373075, 50.834608 ], [ 4.373087, 50.834613 ], [ 4.37353, 50.834802 ], [ 4.37362, 50.834841 ], [ 4.373629, 50.834845 ], [ 4.374479, 50.835222 ] ] } },
{ "type": "Feature", "properties": { "index": "28275167", "element": "edge", "id": "28275167", "name": "Rue du Collège - Collegestraat", "sampledSeconds": 137.36, "departed": 2.0, "arrived": 2.0, "entered": 17.0, "left": 17.0, "laneChangedFrom": 0.0, "laneChangedTo": 0.0, "traveltime": 6.51, "overlapTraveltime": 7.36, "density": 0.87, "laneDensity": 0.87, "occupancy": 0.39, "waitingTime": 0.0, "timeLoss": 16.1, "speed": 6.66, "speedRelative": 0.8, "teleported": 0.0 }, "geometry": { "type": "LineString", "coordinates": [ [ 4.368587, 50.832734 ], [ 4.368565, 50.832749 ], [ 4.368049, 50.832934 ] ] } },
{ "type": "Feature", "properties": { "index": "28574666#0", "element": "edge", "id": "28574666#0", "name": "", "sampledSeconds": 0.0, "departed": 0.0, "arrived": 0.0, "entered": 0.0, "left": 0.0, "laneChangedFrom": 0.0, "laneChangedTo": 0.0, "traveltime": 0.0, "overlapTraveltime": 0.0, "density": 0.0, "laneDensity": 0.0, "occupancy": 0.0, "waitingTime": 0.0, "timeLoss": 0.0, "speed": 0.0, "speedRelative": 0.0, "teleported": 0.0 }, "geometry": { "type": "LineString", "coordinates": [ [ 4.374423, 50.819009 ], [ 4.374922, 50.81913 ], [ 4.374933, 50.819112 ] ] } },
{ "type": "Feature", "properties": { "index": "28575360", "element": "edge", "id": "28575360", "name": "Chaussée d&apos;Ixelles - Elsense Steenweg", "sampledSeconds": 0.0, "departed": 0.0, "arrived": 0.0, "entered": 3.0, "left": 3.0, "laneChangedFrom": 0.0, "laneChangedTo": 0.0, "traveltime": 0.0, "overlapTraveltime": 0.0, "density": 0.0, "laneDensity": 0.0, "occupancy": 0.0, "waitingTime": 0.0, "timeLoss": 0.0, "speed": 0.0, "speedRelative": 0.0, "teleported": 0.0 }, "geometry": { "type": "LineString", "coordinates": [ [ 4.363675, 50.835453 ], [ 4.363704, 50.835423 ], [ 4.364016, 50.835101 ], [ 4.364084, 50.835032 ] ] } },
{ "type": "Feature", "properties": { "index": "29000804#0", "element": "edge", "id": "29000804#0", "name": "Place du Champ de Mars - Marsveldplein", "sampledSeconds": 118.53, "departed": 5.0, "arrived": 3.0, "entered": 7.0, "left": 9.0, "laneChangedFrom": 0.0, "laneChangedTo": 0.0, "traveltime": 9.56, "overlapTraveltime": 10.18, "density": 0.47, "laneDensity": 0.47, "occupancy": 0.22, "waitingTime": 0.0, "timeLoss": 18.37, "speed": 7.41, "speedRelative": 0.89, "teleported": 0.0 }, "geometry": { "type": "LineString", "coordinates": [ [ 4.362875, 50.838558 ], [ 4.363027, 50.838424 ], [ 4.363079, 50.838415 ], [ 4.363094, 50.838414 ], [ 4.363121, 50.838412 ], [ 4.363158, 50.838416 ], [ 4.36319, 50.838426 ], [ 4.363629, 50.83864 ], [ 4.36364, 50.838647 ] ] } },
{ "type": "Feature", "properties": { "index": "290172305#0", "element": "edge", "id": "290172305#0", "name": "Avenue Général de Gaulle - Generaal de Gaullelaan", "sampledSeconds": 218.48, "departed": 5.0, "arrived": 5.0, "entered": 22.0, "left": 22.0, "laneChangedFrom": 0.0, "laneChangedTo": 0.0, "traveltime": 7.47, "overlapTraveltime": 8.29, "density": 1.2, "laneDensity": 1.2, "occupancy": 0.55, "waitingTime": 0.0, "timeLoss": 40.37, "speed": 6.68, "speedRelative": 0.8, "teleported": 0.0 }, "geometry": { "type": "LineString", "coordinates": [ [ 4.373391, 50.822327 ], [ 4.373453, 50.822214 ], [ 4.37351, 50.821988 ], [ 4.373523, 50.821884 ] ] } },
{ "type": "Feature", "properties": { "index": "290172305#1", "element": "edge", "id": "290172305#1", "name": "Avenue Général de Gaulle - Generaal de Gaullelaan", "sampledSeconds": 665.83, "departed": 8.0, "arrived": 4.0, "entered": 22.0, "left": 26.0, "laneChangedFrom": 0.0, "laneChangedTo": 0.0, "traveltime": 21.15, "overlapTraveltime": 22.43, "density": 1.25, "laneDensity": 1.25, "occupancy": 0.6, "waitingTime": 21.0, "timeLoss": 120.54, "speed": 6.81, "speedRelative": 0.82, "teleported": 0.0 }, "geometry": { "type": "LineString", "coordinates": [ [ 4.373537, 50.821747 ], [ 4.373595, 50.821133 ], [ 4.373579, 50.820964 ], [ 4.373499, 50.820862 ], [ 4.373263, 50.820562 ], [ 4.373213, 50.820499 ], [ 4.373196, 50.820478 ] ] } },
{ "type": "Feature", "properties": { "index": "290172673#0", "element": "edge", "id": "290172673#0", "name": "Chaussée de Boondael - Boondaalse Steenweg", "sampledSeconds": 120.53, "departed": 6.0, "arrived": 2.0, "entered": 16.0, "left": 21.0, "laneChangedFrom": 0.0, "laneChangedTo": 0.0, "traveltime": 4.8, "overlapTraveltime": 5.69, "density": 1.07, "laneDensity": 1.07, "occupancy": 0.47, "waitingTime": 0.0, "timeLoss": 21.66, "speed": 6.36, "speedRelative": 0.76, "teleported": 0.0 }, "geometry": { "type": "LineString", "coordinates": [ [ 4.37363, 50.827558 ], [ 4.373739, 50.827498 ], [ 4.373968, 50.827378 ] ] } },
{ "type": "Feature", "properties": { "index": "290174549#0", "element": "edge", "id": "290174549#0", "name": "Rue de Belle Vue - Bellevuestraat", "sampledSeconds": 3888.09, "departed": 7.0, "arrived": 4.0, "entered": 175.0, "left": 171.0, "laneChangedFrom": 0.0, "laneChangedTo": 0.0, "traveltime": 20.72, "overlapTraveltime": 21.63, "density": 9.16, "laneDensity": 9.16, "occupancy": 4.42, "waitingTime": 513.0, "timeLoss": 1203.42, "speed": 5.68, "speedRelative": 0.68, "teleported": 0.0 }, "geometry": { "type": "LineString", "coordinates": [ [ 4.371991, 50.820708 ], [ 4.371446, 50.820037 ], [ 4.37122, 50.819767 ] ] } },
{ "type": "Feature", "properties": { "index": "290174549#1", "element": "edge", "id": "290174549#1", "name": "Rue de Belle Vue - Bellevuestraat", "sampledSeconds": 597.16, "departed": 4.0, "arrived": 2.0, "entered": 165.0, "left": 166.0, "laneChangedFrom": 0.0, "laneChangedTo": 0.0, "traveltime": 2.66, "overlapTraveltime": 3.57, "density": 14.19, "laneDensity": 14.19, "occupancy": 5.52, "waitingTime": 76.0, "timeLoss": 290.41, "speed": 4.68, "speedRelative": 0.56, "teleported": 0.0 }, "geometry": { "type": "LineString", "coordinates": [ [ 4.371171, 50.819706 ], [ 4.37113, 50.819654 ], [ 4.371117, 50.819635 ], [ 4.371087, 50.819616 ] ] } },
{ "type": "Feature", "properties": { "index": "290174551#0", "element": "edge", "id": "290174551#0", "name": "Chaussée de Boondael - Boondaalse Steenweg", "sampledSeconds": 4929.26, "departed": 7.0, "arrived": 3.0, "entered": 27.0, "left": 25.0, "laneChangedFrom": 0.0, "laneChangedTo": 0.0, "traveltime": 154.75, "overlapTraveltime": 157.43, "density": 19.91, "laneDensity": 19.91, "occupancy": 9.91, "waitingTime": 4542.0, "timeLoss": 4653.46, "speed": 0.47, "speedRelative": 0.06, "teleported": 2.0 }, "geometry": { "type": "LineString", "coordinates": [ [ 4.374925, 50.826877 ], [ 4.375029, 50.826825 ], [ 4.375216, 50.826713 ], [ 4.37534, 50.826613 ], [ 4.375497, 50.82639 ] ] } },
{ "type": "Feature", "properties": { "index": "290174551#1", "element": "edge", "id": "290174551#1", "name": "Chaussée de Boondael - Boondaalse Steenweg", "sampledSeconds": 1072.66, "departed": 5.0, "arrived": 0.0, "entered": 25.0, "left": 29.0, "laneChangedFrom": 0.0, "laneChangedTo": 0.0, "traveltime": 44.17, "overlapTraveltime": 41.82, "density": 54.08, "laneDensity": 54.08, "occupancy": 26.39, "waitingTime": 1010.0, "timeLoss": 1035.94, "speed": 0.25, "speedRelative": 0.03, "teleported": 1.0 }, "geometry": { "type": "LineString", "coordinates": [ [ 4.375552, 50.826313 ], [ 4.375555, 50.826308 ], [ 4.375585, 50.826268 ] ] } },
{ "type": "Feature", "properties": { "index": "29023713#0", "element": "edge", "id": "29023713#0", "name": "Avenue Louise - Louizalaan", "sampledSeconds": 1356.42, "departed": 8.0, "arrived": 0.0, "entered": 30.0, "left": 38.0, "laneChangedFrom": 0.0, "laneChangedTo": 0.0, "traveltime": 34.96, "overlapTraveltime": 35.86, "density": 1.47, "laneDensity": 1.47, "occupancy": 0.72, "waitingTime": 0.0, "timeLoss": 148.84, "speed": 7.3, "speedRelative": 0.88, "teleported": 0.0 }, "geometry": { "type": "LineString", "coordinates": [ [ 4.357399, 50.833619 ], [ 4.357304, 50.833722 ], [ 4.357182, 50.833842 ], [ 4.356667, 50.834346 ], [ 4.356538, 50.834473 ], [ 4.356047, 50.834956 ], [ 4.355532, 50.835439 ], [ 4.355462, 50.835507 ], [ 4.355443, 50.835533 ], [ 4.355422, 50.83556 ] ] } },
{ "type": "Feature", "properties": { "index": "29023870#0", "element": "edge", "id": "29023870#0", "name": "Chaussée de Charleroi - Charleroise Steenweg", "sampledSeconds": 3861.93, "departed": 6.0, "arrived": 1.0, "entered": 31.0, "left": 35.0, "laneChangedFrom": 0.0, "laneChangedTo": 0.0, "traveltime": 115.28, "overlapTraveltime": 149.58, "density": 80.12, "laneDensity": 80.12, "occupancy": 37.65, "waitingTime": 3731.0, "timeLoss": 3802.08, "speed": 0.12, "speedRelative": 0.01, "teleported": 4.0 }, "geometry": { "type": "LineString", "coordinates": [ [ 4.357137, 50.833198 ], [ 4.357194, 50.83322 ], [ 4.357284, 50.833274 ] ] } },
{ "type": "Feature", "properties": { "index": "29063062#0", "element": "edge", "id": "29063062#0", "name": "Place Eugène Flagey - Eugène Flageyplein", "sampledSeconds": 0.0, "departed": 0.0, "arrived": 0.0, "entered": 0.0, "left": 0.0, "laneChangedFrom": 0.0, "laneChangedTo": 0.0, "traveltime": 0.0, "overlapTraveltime": 0.0, "density": 0.0, "laneDensity": 0.0, "occupancy": 0.0, "waitingTime": 0.0, "timeLoss": 0.0, "speed": 0.0, "speedRelative": 0.0, "teleported": 0.0 }, "geometry": { "type": "LineString", "coordinates": [ [ 4.37155, 50.827747 ], [ 4.371578, 50.827734 ], [ 4.371614, 50.827706 ], [ 4.371988, 50.827289 ], [ 4.372051, 50.827214 ], [ 4.372093, 50.827161 ], [ 4.372121, 50.827125 ], [ 4.372129, 50.827112 ] ] } },
{ "type": "Feature", "properties": { "index": "291949061#0", "element": "edge", "id": "291949061#0", "name": "Avenue Général de Gaulle - Generaal de Gaullelaan", "sampledSeconds": 717.59, "departed": 6.0, "arrived": 3.0, "entered": 12.0, "left": 15.0, "laneChangedFrom": 0.0, "laneChangedTo": 0.0, "traveltime": 39.17, "overlapTraveltime": 40.31, "density": 1.01, "laneDensity": 1.01, "occupancy": 0.5, "waitingTime": 0.0, "timeLoss": 88.51, "speed": 5.0, "speedRelative": 0.9, "teleported": 0.0 }, "geometry": { "type": "LineString", "coordinates": [ [ 4.371273, 50.826936 ], [ 4.37115, 50.826764 ], [ 4.371073, 50.826588 ], [ 4.371024, 50.826415 ], [ 4.371003, 50.826271 ], [ 4.370991, 50.826067 ], [ 4.371047, 50.825721 ], [ 4.371118, 50.825507 ], [ 4.371133, 50.82547 ], [ 4.371149, 50.82543 ], [ 4.371314, 50.825229 ] ] } },
{ "type": "Feature", "properties": { "index": "30215395#0", "element": "edge", "id": "30215395#0", "name": "Rue du Grand Cerf - Grotehertstraat", "sampledSeconds": 114.81, "departed": 8.0, "arrived": 0.0, "entered": 0.0, "left": 8.0, "laneChangedFrom": 0.0, "laneChangedTo": 0.0, "traveltime": 14.49, "overlapTraveltime": 15.31, "density": 0.42, "laneDensity": 0.42, "occupancy": 0.2, "waitingTime": 13.0, "timeLoss": 34.89, "speed": 5.33, "speedRelative": 0.64, "teleported": 0.0 }, "geometry": { "type": "LineString", "coordinates": [ [ 4.355134, 50.836975 ], [ 4.355351, 50.836812 ], [ 4.355759, 50.836443 ], [ 4.355782, 50.836423 ] ] } },
{ "type": "Feature", "properties": { "index": "302657565#0", "element": "edge", "id": "302657565#0", "name": "Rue Émile Claus - Émile Clausstraat", "sampledSeconds": 261.94, "departed": 0.0, "arrived": 9.0, "entered": 9.0, "left": 0.0, "laneChangedFrom": 0.0, "laneChangedTo": 0.0, "traveltime": 28.61, "overlapTraveltime": 29.29, "density": 0.34, "laneDensity": 0.34, "occupancy": 0.17, "waitingTime": 0.0, "timeLoss": 21.06, "speed": 7.41, "speedRelative": 0.89, "teleported": 0.0 }, "geometry": { "type": "LineString", "coordinates": [ [ 4.371481, 50.816436 ], [ 4.368568, 50.815952 ] ] } },
{ "type": "Feature", "properties": { "index": "305670610", "element": "edge", "id": "305670610", "name": "Rue de l&apos;Abbaye - Abdijstraat", "sampledSeconds": 51.41, "departed": 6.0, "arrived": 4.0, "entered": 24.0, "left": 26.0, "laneChangedFrom": 0.0, "laneChangedTo": 0.0, "traveltime": 0.76, "overlapTraveltime": 1.92, "density": 3.49, "laneDensity": 3.49, "occupancy": 0.81, "waitingTime": 0.0, "timeLoss": 25.17, "speed": 4.72, "speedRelative": 0.21, "teleported": 0.0 }, "geometry": { "type": "LineString", "coordinates": [ [ 4.370649, 50.819453 ], [ 4.370627, 50.819448 ], [ 4.370594, 50.819441 ] ] } },
{ "type": "Feature", "properties": { "index": "307372337#0", "element": "edge", "id": "307372337#0", "name": "Avenue Louise - Louizalaan", "sampledSeconds": 11016.48, "departed": 5.0, "arrived": 1.0, "entered": 31.0, "left": 35.0, "laneChangedFrom": 7.0, "laneChangedTo": 7.0, "traveltime": 369.82, "overlapTraveltime": 380.53, "density": 102.38, "laneDensity": 51.19, "occupancy": 25.5, "waitingTime": 10640.0, "timeLoss": 10894.23, "speed": 0.09, "speedRelative": 0.01, "teleported": 7.0 }, "geometry": { "type": "LineString", "coordinates": [ [ 4.36393, 50.827487 ], [ 4.363691, 50.827374 ], [ 4.36366, 50.827362 ], [ 4.363621, 50.827344 ], [ 4.363592, 50.827329 ] ] } },
{ "type": "Feature", "properties": { "index": "307372339#0", "element": "edge", "id": "307372339#0", "name": "Avenue Louise - Louizalaan", "sampledSeconds": 9961.72, "departed": 2.0, "arrived": 0.0, "entered": 115.0, "left": 117.0, "laneChangedFrom": 0.0, "laneChangedTo": 0.0, "traveltime": 86.78, "overlapTraveltime": 88.05, "density": 99.39, "laneDensity": 49.7, "occupancy": 24.01, "waitingTime": 9019.0, "timeLoss": 9513.45, "speed": 0.37, "speedRelative": 0.04, "teleported": 3.0 }, "geometry": { "type": "LineString", "coordinates": [ [ 4.363738, 50.827203 ], [ 4.363766, 50.827205 ], [ 4.364044, 50.827322 ], [ 4.36407, 50.827334 ] ] } },
{ "type": "Feature", "properties": { "index": "307954760#0", "element": "edge", "id": "307954760#0", "name": "Avenue Louise - Louizalaan", "sampledSeconds": 290.93, "departed": 5.0, "arrived": 3.0, "entered": 13.0, "left": 15.0, "laneChangedFrom": 0.0, "laneChangedTo": 0.0, "traveltime": 15.66, "overlapTraveltime": 16.36, "density": 0.7, "laneDensity": 0.7, "occupancy": 0.34, "waitingTime": 0.0, "timeLoss": 31.35, "speed": 7.36, "speedRelative": 0.88, "teleported": 0.0 }, "geometry": { "type": "LineString", "coordinates": [ [ 4.371415, 50.818476 ], [ 4.371114, 50.819318 ], [ 4.3711, 50.819356 ], [ 4.37109, 50.819384 ], [ 4.371051, 50.819488 ] ] } },
{ "type": "Feature", "properties": { "index": "308337938", "element": "edge", "id": "308337938", "name": "Place Eugène Flagey - Eugène Flageyplein", "sampledSeconds": 1963.05, "departed": 6.0, "arrived": 5.0, "entered": 269.0, "left": 270.0, "laneChangedFrom": 0.0, "laneChangedTo": 0.0, "traveltime": 0.04, "overlapTraveltime": 8.37, "density": 133.33, "laneDensity": 133.33, "occupancy": 54.28, "waitingTime": 1669.0, "timeLoss": 1814.01, "speed": 0.62, "speedRelative": 0.07, "teleported": 0.0 }, "geometry": { "type": "LineString", "coordinates": [ [ 4.372249, 50.827051 ], [ 4.372252, 50.827051 ] ] } },
{ "type": "Feature", "properties": { "index": "308431231#0", "element": "edge", "id": "308431231#0", "name": "", "sampledSeconds": 2184.04, "departed": 0.0, "arrived": 0.0, "entered": 328.0, "left": 325.0, "laneChangedFrom": 0.0, "laneChangedTo": 0.0, "traveltime": 3.48, "overlapTraveltime": 7.66, "density": 104.96, "laneDensity": 104.96, "occupancy": 21.66, "waitingTime": 1672.05, "timeLoss": 1812.12, "speed": 1.41, "speedRelative": 0.17, "teleported": 0.0 }, "geometry": { "type": "LineString", "coordinates": [ [ 4.377151, 50.82747 ], [ 4.377152, 50.827472 ], [ 4.377156, 50.827494 ], [ 4.377153, 50.827517 ], [ 4.37715, 50.827522 ] ] } },
{ "type": "Feature", "properties": { "index": "308431231#1", "element": "edge", "id": "308431231#1", "name": "", "sampledSeconds": 1871.32, "departed": 0.0, "arrived": 0.0, "entered": 339.0, "left": 339.0, "laneChangedFrom": 0.0, "laneChangedTo": 0.0, "traveltime": 0.1, "overlapTraveltime": 6.31, "density": 133.33, "laneDensity": 133.33, "occupancy": 51.18, "waitingTime": 1579.0, "timeLoss": 1664.23, "speed": 0.89, "speedRelative": 0.11, "teleported": 0.0 }, "geometry": { "type": "LineString", "coordinates": [ [ 4.377002, 50.827593 ], [ 4.376999, 50.827594 ], [ 4.376994, 50.827593 ] ] } },
{ "type": "Feature", "properties": { "index": "308617262", "element": "edge", "id": "308617262", "name": "", "sampledSeconds": 0.0, "departed": 0.0, "arrived": 0.0, "entered": 0.0, "left": 0.0, "laneChangedFrom": 0.0, "laneChangedTo": 0.0, "traveltime": 0.0, "overlapTraveltime": 0.0, "density": 0.0, "laneDensity": 0.0, "occupancy": 0.0, "waitingTime": 0.0, "timeLoss": 0.0, "speed": 0.0, "speedRelative": 0.0, "teleported": 0.0 }, "geometry": { "type": "LineString", "coordinates": [ [ 4.362426, 50.836061 ], [ 4.362244, 50.836196 ] ] } },
{ "type": "Feature", "properties": { "index": "31389747", "element": "edge", "id": "31389747", "name": "", "sampledSeconds": 10586.04, "departed": 0.0, "arrived": 2.0, "entered": 90.0, "left": 83.0, "laneChangedFrom": 0.0, "laneChangedTo": 0.0, "traveltime": 126.03, "overlapTraveltime": 128.21, "density": 87.28, "laneDensity": 87.28, "occupancy": 39.53, "waitingTime": 9923.0, "timeLoss": 10199.75, "speed": 0.3, "speedRelative": 0.04, "teleported": 5.0 }, "geometry": { "type": "LineString", "coordinates": [ [ 4.359478, 50.831715 ], [ 4.359408, 50.831827 ], [ 4.359305, 50.831998 ] ] } },
{ "type": "Feature", "properties": { "index": "31389787", "element": "edge", "id": "31389787", "name": "", "sampledSeconds": 15029.76, "departed": 2.0, "arrived": 3.0, "entered": 134.0, "left": 126.0, "laneChangedFrom": 0.0, "laneChangedTo": 0.0, "traveltime": 140.38, "overlapTraveltime": 142.58, "density": 108.75, "laneDensity": 108.75, "occupancy": 47.18, "waitingTime": 13934.0, "timeLoss": 14499.68, "speed": 0.3, "speedRelative": 0.04, "teleported": 8.0 }, "geometry": { "type": "LineString", "coordinates": [ [ 4.358897, 50.831839 ], [ 4.359038, 50.831752 ], [ 4.35919, 50.83165 ], [ 4.359278, 50.831592 ] ] } },
{ "type": "Feature", "properties": { "index": "31411680#0", "element": "edge", "id": "31411680#0", "name": "Rue de la Crèche - Kribbestraat", "sampledSeconds": 1685.12, "departed": 7.0, "arrived": 1.0, "entered": 124.0, "left": 131.0, "laneChangedFrom": 0.0, "laneChangedTo": 0.0, "traveltime": 12.08, "overlapTraveltime": 12.89, "density": 6.17, "laneDensity": 6.17, "occupancy": 2.91, "waitingTime": 98.0, "timeLoss": 399.77, "speed": 6.27, "speedRelative": 0.75, "teleported": 0.0 }, "geometry": { "type": "LineString", "coordinates": [ [ 4.36742, 50.834421 ], [ 4.367647, 50.834299 ], [ 4.367958, 50.834127 ], [ 4.368178, 50.834006 ], [ 4.368228, 50.833971 ] ] } },
{ "type": "Feature", "properties": { "index": "31411842#0", "element": "edge", "id": "31411842#0", "name": "Rue Jules Bouillon - Jules Bouillonstraat", "sampledSeconds": 206.25, "departed": 9.0, "arrived": 0.0, "entered": 3.0, "left": 12.0, "laneChangedFrom": 0.0, "laneChangedTo": 0.0, "traveltime": 16.81, "overlapTraveltime": 18.04, "density": 0.75, "laneDensity": 0.75, "occupancy": 0.36, "waitingTime": 0.0, "timeLoss": 37.81, "speed": 4.5, "speedRelative": 0.81, "teleported": 0.0 }, "geometry": { "type": "LineString", "coordinates": [ [ 4.36634, 50.835011 ], [ 4.366369, 50.835002 ], [ 4.367153, 50.83457 ], [ 4.367159, 50.834566 ] ] } },
{ "type": "Feature", "properties": { "index": "31411969", "element": "edge", "id": "31411969", "name": "", "sampledSeconds": 0.0, "departed": 0.0, "arrived": 0.0, "entered": 0.0, "left": 0.0, "laneChangedFrom": 0.0, "laneChangedTo": 0.0, "traveltime": 0.0, "overlapTraveltime": 0.0, "density": 0.0, "laneDensity": 0.0, "occupancy": 0.0, "waitingTime": 0.0, "timeLoss": 0.0, "speed": 0.0, "speedRelative": 0.0, "teleported": 0.0 }, "geometry": { "type": "LineString", "coordinates": [ [ 4.367618, 50.83274 ], [ 4.36769, 50.832776 ], [ 4.367963, 50.832918 ] ] } },
{ "type": "Feature", "properties": { "index": "31412878", "element": "edge", "id": "31412878", "name": "Petite Rue Malibran - Korte Malibranstraat", "sampledSeconds": 238.68, "departed": 4.0, "arrived": 2.0, "entered": 3.0, "left": 5.0, "laneChangedFrom": 0.0, "laneChangedTo": 0.0, "traveltime": 33.8, "overlapTraveltime": 34.81, "density": 0.42, "laneDensity": 0.42, "occupancy": 0.21, "waitingTime": 0.0, "timeLoss": 32.19, "speed": 4.64, "speedRelative": 0.83, "teleported": 0.0 }, "geometry": { "type": "LineString", "coordinates": [ [ 4.37316, 50.829872 ], [ 4.373341, 50.829792 ], [ 4.373731, 50.829507 ], [ 4.373809, 50.829477 ], [ 4.37399, 50.829461 ], [ 4.374139, 50.829462 ], [ 4.374225, 50.82944 ], [ 4.374301, 50.82936 ], [ 4.374288, 50.829114 ], [ 4.374231, 50.828942 ], [ 4.374221, 50.828912 ], [ 4.374202, 50.828898 ] ] } },
{ "type": "Feature", "properties": { "index": "31414790#0", "element": "edge", "id": "31414790#0", "name": "Rue Saint-Boniface - Sint-Bonifaasstraat", "sampledSeconds": 38.94, "departed": 4.0, "arrived": 3.0, "entered": 3.0, "left": 4.0, "laneChangedFrom": 0.0, "laneChangedTo": 0.0, "traveltime": 5.39, "overlapTraveltime": 6.17, "density": 0.33, "laneDensity": 0.33, "occupancy": 0.15, "waitingTime": 0.0, "timeLoss": 9.92, "speed": 6.05, "speedRelative": 0.73, "teleported": 0.0 }, "geometry": { "type": "LineString", "coordinates": [ [ 4.365067, 50.835781 ], [ 4.364974, 50.835824 ], [ 4.364945, 50.835834 ], [ 4.364907, 50.835834 ], [ 4.364876, 50.835823 ], [ 4.364858, 50.835806 ], [ 4.364853, 50.835787 ], [ 4.36486, 50.835771 ], [ 4.364877, 50.835756 ], [ 4.364963, 50.835704 ] ] } },
{ "type": "Feature", "properties": { "index": "31427180", "element": "edge", "id": "31427180", "name": "Porte de Namur - Naamsepoort", "sampledSeconds": 266.99, "departed": 3.0, "arrived": 6.0, "entered": 396.0, "left": 393.0, "laneChangedFrom": 4.0, "laneChangedTo": 4.0, "traveltime": 0.03, "overlapTraveltime": 0.72, "density": 266.67, "laneDensity": 133.33, "occupancy": 3.57, "waitingTime": 0.0, "timeLoss": 34.35, "speed": 7.24, "speedRelative": 0.87, "teleported": 0.0 }, "geometry": { "type": "LineString", "coordinates": [ [ 4.361937, 50.838478 ], [ 4.361939, 50.83848 ] ] } },
{ "type": "Feature", "properties": { "index": "31427215#0", "element": "edge", "id": "31427215#0", "name": "Avenue des Arts - Kunstlaan", "sampledSeconds": 50.3, "departed": 0.0, "arrived": 6.0, "entered": 6.0, "left": 0.0, "laneChangedFrom": 0.0, "laneChangedTo": 0.0, "traveltime": 8.01, "overlapTraveltime": 8.38, "density": 0.13, "laneDensity": 0.07, "occupancy": 0.03, "waitingTime": 0.0, "timeLoss": 2.45, "speed": 13.12, "speedRelative": 0.94, "teleported": 0.0 }, "geometry": { "type": "LineString", "coordinates": [ [ 4.365828, 50.840667 ], [ 4.365831, 50.840715 ], [ 4.365847, 50.840746 ], [ 4.3659, 50.840805 ], [ 4.366052, 50.840962 ], [ 4.366168, 50.841107 ], [ 4.36626, 50.841223 ], [ 4.366444, 50.84152 ] ] } },
{ "type": "Feature", "properties": { "index": "31427257#0", "element": "edge", "id": "31427257#0", "name": "Boulevard de Waterloo - Waterloolaan", "sampledSeconds": 1054.83, "departed": 4.0, "arrived": 6.0, "entered": 504.0, "left": 500.0, "laneChangedFrom": 14.0, "laneChangedTo": 14.0, "traveltime": 1.58, "overlapTraveltime": 2.09, "density": 17.33, "laneDensity": 8.66, "occupancy": 3.33, "waitingTime": 68.0, "timeLoss": 220.18, "speed": 10.5, "speedRelative": 0.76, "teleported": 0.0 }, "geometry": { "type": "LineString", "coordinates": [ [ 4.361683, 50.838639 ], [ 4.361633, 50.838619 ], [ 4.361486, 50.838553 ] ] } },
{ "type": "Feature", "properties": { "index": "31427257#3", "element": "edge", "id": "31427257#3", "name": "Boulevard de Waterloo - Waterloolaan", "sampledSeconds": 5696.63, "departed": 4.0, "arrived": 6.0, "entered": 453.0, "left": 438.0, "laneChangedFrom": 8.0, "laneChangedTo": 8.0, "traveltime": 12.04, "overlapTraveltime": 12.64, "density": 15.93, "laneDensity": 7.96, "occupancy": 3.82, "waitingTime": 1591.0, "timeLoss": 2281.03, "speed": 8.25, "speedRelative": 0.59, "teleported": 0.0 }, "geometry": { "type": "LineString", "coordinates": [ [ 4.361361, 50.838493 ], [ 4.36134, 50.838482 ], [ 4.360502, 50.838137 ], [ 4.360182, 50.838002 ] ] } },
{ "type": "Feature", "properties": { "index": "31427257#4", "element": "edge", "id": "31427257#4", "name": "Boulevard de Waterloo - Waterloolaan", "sampledSeconds": 124.81, "departed": 4.0, "arrived": 4.0, "entered": 66.0, "left": 66.0, "laneChangedFrom": 1.0, "laneChangedTo": 1.0, "traveltime": 1.42, "overlapTraveltime": 1.82, "density": 2.04, "laneDensity": 1.02, "occupancy": 0.4, "waitingTime": 0.0, "timeLoss": 15.58, "speed": 12.07, "speedRelative": 0.87, "teleported": 0.0 }, "geometry": { "type": "LineString", "coordinates": [ [ 4.359934, 50.8379 ], [ 4.359733, 50.837817 ] ] } },
{ "type": "Feature", "properties": { "index": "31427257#5", "element": "edge", "id": "31427257#5", "name": "Boulevard de Waterloo - Waterloolaan", "sampledSeconds": 532.6, "departed": 4.0, "arrived": 4.0, "entered": 90.0, "left": 91.0, "laneChangedFrom": 9.0, "laneChangedTo": 9.0, "traveltime": 5.28, "overlapTraveltime": 5.66, "density": 2.23, "laneDensity": 1.11, "occupancy": 0.52, "waitingTime": 0.0, "timeLoss": 47.7, "speed": 12.61, "speedRelative": 0.91, "teleported": 0.0 }, "geometry": { "type": "LineString", "coordinates": [ [ 4.359456, 50.837702 ], [ 4.359251, 50.83762 ], [ 4.358666, 50.837377 ] ] } },
{ "type": "Feature", "properties": { "index": "31427257#6", "element": "edge", "id": "31427257#6", "name": "Boulevard de Waterloo - Waterloolaan", "sampledSeconds": 245.21, "departed": 4.0, "arrived": 4.0, "entered": 91.0, "left": 91.0, "laneChangedFrom": 3.0, "laneChangedTo": 3.0, "traveltime": 2.22, "overlapTraveltime": 2.6, "density": 2.46, "laneDensity": 1.23, "occupancy": 0.53, "waitingTime": 0.0, "timeLoss": 23.41, "speed": 12.56, "speedRelative": 0.9, "teleported": 0.0 }, "geometry": { "type": "LineString", "coordinates": [ [ 4.358554, 50.837331 ], [ 4.358224, 50.837195 ] ] } },
{ "type": "Feature", "properties": { "index": "31427257#7", "element": "edge", "id": "31427257#7", "name": "Boulevard de Waterloo - Waterloolaan", "sampledSeconds": 306.22, "departed": 12.0, "arrived": 3.0, "entered": 91.0, "left": 100.0, "laneChangedFrom": 8.0, "laneChangedTo": 8.0, "traveltime": 2.58, "overlapTraveltime": 3.03, "density": 3.17, "laneDensity": 1.59, "occupancy": 0.69, "waitingTime": 0.0, "timeLoss": 67.27, "speed": 10.51, "speedRelative": 0.76, "teleported": 0.0 }, "geometry": { "type": "LineString", "coordinates": [ [ 4.358114, 50.837148 ], [ 4.357834, 50.837025 ], [ 4.357802, 50.83701 ] ] } },
{ "type": "Feature", "properties": { "index": "31427257#8", "element": "edge", "id": "31427257#8", "name": "Boulevard de Waterloo - Waterloolaan", "sampledSeconds": 8674.5, "departed": 3.0, "arrived": 2.0, "entered": 77.0, "left": 63.0, "laneChangedFrom": 54.0, "laneChangedTo": 54.0, "traveltime": 116.02, "overlapTraveltime": 117.16, "density": 18.46, "laneDensity": 9.23, "occupancy": 4.6, "waitingTime": 7588.0, "timeLoss": 7944.73, "speed": 1.16, "speedRelative": 0.08, "teleported": 3.0 }, "geometry": { "type": "LineString", "coordinates": [ [ 4.357492, 50.836867 ], [ 4.357445, 50.836847 ], [ 4.35627, 50.836354 ], [ 4.356162, 50.836314 ], [ 4.356065, 50.836291 ], [ 4.355924, 50.836282 ], [ 4.355907, 50.836281 ] ] } },
{ "type": "Feature", "properties": { "index": "31428221#0", "element": "edge", "id": "31428221#0", "name": "Square de la Croix Rouge - Rode-Kruissquare", "sampledSeconds": 1017.63, "departed": 7.0, "arrived": 2.0, "entered": 70.0, "left": 75.0, "laneChangedFrom": 0.0, "laneChangedTo": 0.0, "traveltime": 12.52, "overlapTraveltime": 13.29, "density": 3.07, "laneDensity": 3.07, "occupancy": 1.46, "waitingTime": 0.0, "timeLoss": 103.57, "speed": 7.3, "speedRelative": 0.88, "teleported": 0.0 }, "geometry": { "type": "LineString", "coordinates": [ [ 4.37373, 50.820315 ], [ 4.37385, 50.820309 ], [ 4.373973, 50.820288 ], [ 4.374118, 50.820264 ], [ 4.374413, 50.820197 ], [ 4.374693, 50.820123 ], [ 4.374924, 50.820011 ] ] } },
{ "type": "Feature", "properties": { "index": "31431101#0", "element": "edge", "id": "31431101#0", "name": "Rue Jean Paquot - Jean Paquotstraat", "sampledSeconds": 2622.82, "departed": 2.0, "arrived": 2.0, "entered": 128.0, "left": 132.0, "laneChangedFrom": 0.0, "laneChangedTo": 0.0, "traveltime": 18.92, "overlapTraveltime": 19.88, "density": 6.11, "laneDensity": 6.11, "occupancy": 2.93, "waitingTime": 196.0, "timeLoss": 638.99, "speed": 6.25, "speedRelative": 0.75, "teleported": 0.0 }, "geometry": { "type": "LineString", "coordinates": [ [ 4.377135, 50.827372 ], [ 4.377153, 50.827361 ], [ 4.37717, 50.827347 ], [ 4.378062, 50.826653 ], [ 4.378205, 50.826542 ] ] } },
{ "type": "Feature", "properties": { "index": "31431101#2", "element": "edge", "id": "31431101#2", "name": "Rue Jean Paquot - Jean Paquotstraat", "sampledSeconds": 882.77, "departed": 9.0, "arrived": 2.0, "entered": 122.0, "left": 124.0, "laneChangedFrom": 0.0, "laneChangedTo": 0.0, "traveltime": 6.27, "overlapTraveltime": 6.95, "density": 7.16, "laneDensity": 7.16, "occupancy": 3.2, "waitingTime": 188.0, "timeLoss": 279.91, "speed": 5.65, "speedRelative": 0.68, "teleported": 0.0 }, "geometry": { "type": "LineString", "coordinates": [ [ 4.378367, 50.826432 ], [ 4.378462, 50.826355 ], [ 4.378666, 50.82619 ] ] } },
{ "type": "Feature", "properties": { "index": "31431101#3", "element": "edge", "id": "31431101#3", "name": "Rue Jean Paquot - Jean Paquotstraat", "sampledSeconds": 3571.57, "departed": 10.0, "arrived": 2.0, "entered": 124.0, "left": 127.0, "laneChangedFrom": 0.0, "laneChangedTo": 0.0, "traveltime": 26.66, "overlapTraveltime": 27.44, "density": 18.6, "laneDensity": 18.6, "occupancy": 9.07, "waitingTime": 2437.0, "timeLoss": 2654.23, "speed": 2.13, "speedRelative": 0.26, "teleported": 1.0 }, "geometry": { "type": "LineString", "coordinates": [ [ 4.378746, 50.826121 ], [ 4.37911, 50.825792 ], [ 4.379178, 50.825727 ] ] } },
{ "type": "Feature", "properties": { "index": "31431101#5", "element": "edge", "id": "31431101#5", "name": "Rue Jean Paquot - Jean Paquotstraat", "sampledSeconds": 3015.23, "departed": 3.0, "arrived": 0.0, "entered": 127.0, "left": 128.0, "laneChangedFrom": 0.0, "laneChangedTo": 0.0, "traveltime": 19.42, "overlapTraveltime": 23.77, "density": 47.0, "laneDensity": 47.0, "occupancy": 21.37, "waitingTime": 2457.0, "timeLoss": 2656.42, "speed": 0.96, "speedRelative": 0.12, "teleported": 2.0 }, "geometry": { "type": "LineString", "coordinates": [ [ 4.379249, 50.825654 ], [ 4.379371, 50.825513 ] ] } },
{ "type": "Feature", "properties": { "index": "31431343#0", "element": "edge", "id": "31431343#0", "name": "Rue Adolphe Mathieu - Adolphe Mathieustraat", "sampledSeconds": 164.1, "departed": 4.0, "arrived": 3.0, "entered": 18.0, "left": 19.0, "laneChangedFrom": 0.0, "laneChangedTo": 0.0, "traveltime": 6.82, "overlapTraveltime": 7.62, "density": 0.96, "laneDensity": 0.96, "occupancy": 0.44, "waitingTime": 0.0, "timeLoss": 24.35, "speed": 6.87, "speedRelative": 0.82, "teleported": 0.0 }, "geometry": { "type": "LineString", "coordinates": [ [ 4.383768, 50.825805 ], [ 4.383742, 50.825792 ], [ 4.383699, 50.825771 ], [ 4.383241, 50.825541 ] ] } },
{ "type": "Feature", "properties": { "index": "31431544#0", "element": "edge", "id": "31431544#0", "name": "Avenue Marguerite Yourcenar - Marguerite Yourcenarlaan", "sampledSeconds": 597.54, "departed": 9.0, "arrived": 4.0, "entered": 26.0, "left": 31.0, "laneChangedFrom": 0.0, "laneChangedTo": 0.0, "traveltime": 16.54, "overlapTraveltime": 17.27, "density": 1.42, "laneDensity": 1.42, "occupancy": 0.68, "waitingTime": 0.0, "timeLoss": 68.7, "speed": 7.06, "speedRelative": 0.85, "teleported": 0.0 }, "geometry": { "type": "LineString", "coordinates": [ [ 4.382129, 50.825047 ], [ 4.382122, 50.825052 ], [ 4.381835, 50.825259 ], [ 4.381108, 50.82578 ], [ 4.381068, 50.82579 ], [ 4.381035, 50.82579 ], [ 4.380996, 50.825782 ] ] } },
{ "type": "Feature", "properties": { "index": "31431544#3", "element": "edge", "id": "31431544#3", "name": "Avenue Marguerite Yourcenar - Marguerite Yourcenarlaan", "sampledSeconds": 1202.69, "departed": 5.0, "arrived": 6.0, "entered": 17.0, "left": 16.0, "laneChangedFrom": 0.0, "laneChangedTo": 0.0, "traveltime": 55.54, "overlapTraveltime": 57.6, "density": 7.61, "laneDensity": 7.61, "occupancy": 3.77, "waitingTime": 1034.0, "timeLoss": 1074.43, "speed": 0.85, "speedRelative": 0.1, "teleported": 2.0 }, "geometry": { "type": "LineString", "coordinates": [ [ 4.380875, 50.82572 ], [ 4.380433, 50.825442 ] ] } },
{ "type": "Feature", "properties": { "index": "31431544#4", "element": "edge", "id": "31431544#4", "name": "Avenue Marguerite Yourcenar - Marguerite Yourcenarlaan", "sampledSeconds": 3200.62, "departed": 5.0, "arrived": 2.0, "entered": 31.0, "left": 33.0, "laneChangedFrom": 0.0, "laneChangedTo": 0.0, "traveltime": 102.48, "overlapTraveltime": 104.25, "density": 53.08, "laneDensity": 53.08, "occupancy": 24.17, "waitingTime": 3027.0, "timeLoss": 3112.18, "speed": 0.21, "speedRelative": 0.03, "teleported": 0.0 }, "geometry": { "type": "LineString", "coordinates": [ [ 4.380332, 50.825377 ], [ 4.380173, 50.825274 ], [ 4.380165, 50.82527 ] ] } },
{ "type": "Feature", "properties": { "index": "31431608", "element": "edge", "id": "31431608", "name": "Avenue Hergé - Hergélaan", "sampledSeconds": 730.45, "departed": 4.0, "arrived": 1.0, "entered": 19.0, "left": 22.0, "laneChangedFrom": 0.0, "laneChangedTo": 0.0, "traveltime": 31.08, "overlapTraveltime": 31.89, "density": 0.86, "laneDensity": 0.86, "occupancy": 0.42, "waitingTime": 0.0, "timeLoss": 70.34, "speed": 7.54, "speedRelative": 0.91, "teleported": 0.0 }, "geometry": { "type": "LineString", "coordinates": [ [ 4.383053, 50.82562 ], [ 4.382399, 50.826126 ], [ 4.381278, 50.827025 ], [ 4.380976, 50.827279 ] ] } },
{ "type": "Feature", "properties": { "index": "31432061#0", "element": "edge", "id": "31432061#0", "name": "", "sampledSeconds": 428.09, "departed": 0.0, "arrived": 0.0, "entered": 158.0, "left": 158.0, "laneChangedFrom": 0.0, "laneChangedTo": 0.0, "traveltime": 0.04, "overlapTraveltime": 2.75, "density": 133.33, "laneDensity": 133.33, "occupancy": 5.15, "waitingTime": 298.0, "timeLoss": 329.74, "speed": 1.89, "speedRelative": 0.23, "teleported": 0.0 }, "geometry": { "type": "LineString", "coordinates": [ [ 4.376855, 50.827527 ], [ 4.376855, 50.827525 ] ] } },
{ "type": "Feature", "properties": { "index": "31432061#1", "element": "edge", "id": "31432061#1", "name": "", "sampledSeconds": 451.39, "departed": 0.0, "arrived": 0.0, "entered": 184.0, "left": 184.0, "laneChangedFrom": 0.0, "laneChangedTo": 0.0, "traveltime": 0.03, "overlapTraveltime": 2.49, "density": 133.33, "laneDensity": 133.33, "occupancy": 12.38, "waitingTime": 299.0, "timeLoss": 336.48, "speed": 2.08, "speedRelative": 0.25, "teleported": 0.0 }, "geometry": { "type": "LineString", "coordinates": [ [ 4.376871, 50.827444 ], [ 4.376873, 50.827442 ] ] } },
{ "type": "Feature", "properties": { "index": "31432061#2", "element": "edge", "id": "31432061#2", "name": "", "sampledSeconds": 697.8, "departed": 0.0, "arrived": 0.0, "entered": 260.0, "left": 260.0, "laneChangedFrom": 0.0, "laneChangedTo": 0.0, "traveltime": 0.04, "overlapTraveltime": 2.78, "density": 133.33, "laneDensity": 133.33, "occupancy": 13.45, "waitingTime": 495.0, "timeLoss": 538.37, "speed": 1.87, "speedRelative": 0.22, "teleported": 0.0 }, "geometry": { "type": "LineString", "coordinates": [ [ 4.377022, 50.827399 ], [ 4.377025, 50.827399 ] ] } },
{ "type": "Feature", "properties": { "index": "31432981#0", "element": "edge", "id": "31432981#0", "name": "Passage de Milan - Milaanpassage", "sampledSeconds": 0.0, "departed": 0.0, "arrived": 0.0, "entered": 0.0, "left": 0.0, "laneChangedFrom": 0.0, "laneChangedTo": 0.0, "traveltime": 0.0, "overlapTraveltime": 0.0, "density": 0.0, "laneDensity": 0.0, "occupancy": 0.0, "waitingTime": 0.0, "timeLoss": 0.0, "speed": 0.0, "speedRelative": 0.0, "teleported": 0.0 }, "geometry": { "type": "LineString", "coordinates": [ [ 4.358319, 50.837489 ], [ 4.358305, 50.837502 ], [ 4.358296, 50.837511 ], [ 4.358259, 50.837545 ], [ 4.35784, 50.837937 ] ] } },
{ "type": "Feature", "properties": { "index": "31445160#0", "element": "edge", "id": "31445160#0", "name": "Rue de Hennin - de Henninstraat", "sampledSeconds": 1624.46, "departed": 6.0, "arrived": 2.0, "entered": 72.0, "left": 75.0, "laneChangedFrom": 0.0, "laneChangedTo": 0.0, "traveltime": 20.1, "overlapTraveltime": 20.85, "density": 3.96, "laneDensity": 3.96, "occupancy": 1.91, "waitingTime": 305.0, "timeLoss": 474.59, "speed": 5.7, "speedRelative": 0.68, "teleported": 0.0 }, "geometry": { "type": "LineString", "coordinates": [ [ 4.368523, 50.829186 ], [ 4.368484, 50.829163 ], [ 4.367377, 50.828472 ], [ 4.36737, 50.828468 ] ] } },
{ "type": "Feature", "properties": { "index": "31445160#1", "element": "edge", "id": "31445160#1", "name": "Rue de Hennin - de Henninstraat", "sampledSeconds": 27151.94, "departed": 5.0, "arrived": 1.0, "entered": 51.0, "left": 43.0, "laneChangedFrom": 0.0, "laneChangedTo": 0.0, "traveltime": 544.39, "overlapTraveltime": 548.89, "density": 65.29, "laneDensity": 65.29, "occupancy": 32.59, "waitingTime": 25515.0, "timeLoss": 26417.17, "speed": 0.22, "speedRelative": 0.03, "teleported": 1.0 }, "geometry": { "type": "LineString", "coordinates": [ [ 4.36726, 50.828399 ], [ 4.366163, 50.827748 ], [ 4.366128, 50.827718 ], [ 4.366092, 50.827678 ], [ 4.366092, 50.827674 ] ] } },
{ "type": "Feature", "properties": { "index": "31448934#0", "element": "edge", "id": "31448934#0", "name": "Rue du Conseil - Raadstraat", "sampledSeconds": 419.49, "departed": 10.0, "arrived": 2.0, "entered": 41.0, "left": 49.0, "laneChangedFrom": 0.0, "laneChangedTo": 0.0, "traveltime": 7.65, "overlapTraveltime": 8.37, "density": 2.19, "laneDensity": 2.19, "occupancy": 1.01, "waitingTime": 0.0, "timeLoss": 65.14, "speed": 6.96, "speedRelative": 0.84, "teleported": 0.0 }, "geometry": { "type": "LineString", "coordinates": [ [ 4.370339, 50.835046 ], [ 4.369765, 50.834734 ] ] } },
{ "type": "Feature", "properties": { "index": "31448934#1", "element": "edge", "id": "31448934#1", "name": "Rue du Conseil - Raadstraat", "sampledSeconds": 337.51, "departed": 5.0, "arrived": 4.0, "entered": 42.0, "left": 44.0, "laneChangedFrom": 0.0, "laneChangedTo": 0.0, "traveltime": 6.36, "overlapTraveltime": 7.15, "density": 2.02, "laneDensity": 2.02, "occupancy": 0.91, "waitingTime": 0.0, "timeLoss": 38.66, "speed": 7.19, "speedRelative": 0.86, "teleported": 0.0 }, "geometry": { "type": "LineString", "coordinates": [ [ 4.36961, 50.834649 ], [ 4.369177, 50.834408 ], [ 4.369114, 50.834373 ] ] } },
{ "type": "Feature", "properties": { "index": "31448937#0", "element": "edge", "id": "31448937#0", "name": "Rue du Viaduc - Viaductstraat", "sampledSeconds": 664.09, "departed": 1.0, "arrived": 3.0, "entered": 60.0, "left": 58.0, "laneChangedFrom": 0.0, "laneChangedTo": 0.0, "traveltime": 10.07, "overlapTraveltime": 10.9, "density": 2.64, "laneDensity": 2.64, "occupancy": 1.23, "waitingTime": 7.0, "timeLoss": 92.58, "speed": 6.86, "speedRelative": 0.82, "teleported": 0.0 }, "geometry": { "type": "LineString", "coordinates": [ [ 4.370557, 50.833508 ], [ 4.370547, 50.833504 ], [ 4.36975, 50.833151 ], [ 4.369745, 50.833149 ] ] } },
{ "type": "Feature", "properties": { "index": "31448937#1", "element": "edge", "id": "31448937#1", "name": "Rue du Viaduc - Viaductstraat", "sampledSeconds": 658.72, "departed": 7.0, "arrived": 3.0, "entered": 54.0, "left": 59.0, "laneChangedFrom": 0.0, "laneChangedTo": 0.0, "traveltime": 10.0, "overlapTraveltime": 10.72, "density": 2.53, "laneDensity": 2.53, "occupancy": 1.18, "waitingTime": 0.0, "timeLoss": 69.51, "speed": 7.21, "speedRelative": 0.87, "teleported": 0.0 }, "geometry": { "type": "LineString", "coordinates": [ [ 4.369602, 50.833087 ], [ 4.36951, 50.833048 ], [ 4.368824, 50.832744 ], [ 4.368754, 50.83272 ] ] } },
{ "type": "Feature", "properties": { "index": "31449007", "element": "edge", "id": "31449007", "name": "Rue de la Croix - Kruisstraat", "sampledSeconds": 11138.89, "departed": 2.0, "arrived": 1.0, "entered": 77.0, "left": 69.0, "laneChangedFrom": 0.0, "laneChangedTo": 0.0, "traveltime": 148.22, "overlapTraveltime": 149.99, "density": 44.74, "laneDensity": 44.74, "occupancy": 21.72, "waitingTime": 10062.0, "timeLoss": 10469.94, "speed": 0.49, "speedRelative": 0.06, "teleported": 2.0 }, "geometry": { "type": "LineString", "coordinates": [ [ 4.366352, 50.831666 ], [ 4.367153, 50.832026 ] ] } },
{ "type": "Feature", "properties": { "index": "31449010#0", "element": "edge", "id": "31449010#0", "name": "Rue de la Croix - Kruisstraat", "sampledSeconds": 1289.18, "departed": 6.0, "arrived": 4.0, "entered": 96.0, "left": 94.0, "laneChangedFrom": 0.0, "laneChangedTo": 0.0, "traveltime": 12.39, "overlapTraveltime": 13.09, "density": 14.43, "laneDensity": 14.43, "occupancy": 6.49, "waitingTime": 867.0, "timeLoss": 933.71, "speed": 2.28, "speedRelative": 0.27, "teleported": 0.0 }, "geometry": { "type": "LineString", "coordinates": [ [ 4.365144, 50.830819 ], [ 4.365368, 50.830992 ] ] } },
{ "type": "Feature", "properties": { "index": "31449010#1", "element": "edge", "id": "31449010#1", "name": "Rue de la Croix - Kruisstraat", "sampledSeconds": 6738.39, "departed": 1.0, "arrived": 1.0, "entered": 94.0, "left": 84.0, "laneChangedFrom": 0.0, "laneChangedTo": 0.0, "traveltime": 73.6, "overlapTraveltime": 74.64, "density": 23.14, "laneDensity": 23.14, "occupancy": 11.46, "waitingTime": 5480.0, "timeLoss": 5793.41, "speed": 1.15, "speedRelative": 0.14, "teleported": 0.0 }, "geometry": { "type": "LineString", "coordinates": [ [ 4.365452, 50.831057 ], [ 4.365499, 50.831095 ], [ 4.365516, 50.831108 ], [ 4.365795, 50.831327 ], [ 4.366219, 50.831597 ] ] } },
{ "type": "Feature", "properties": { "index": "31449018", "element": "edge", "id": "31449018", "name": "Rue Mercelis - Mercelisstraat", "sampledSeconds": 1499.32, "departed": 2.0, "arrived": 3.0, "entered": 58.0, "left": 59.0, "laneChangedFrom": 0.0, "laneChangedTo": 0.0, "traveltime": 23.73, "overlapTraveltime": 24.5, "density": 2.41, "laneDensity": 2.41, "occupancy": 1.17, "waitingTime": 3.0, "timeLoss": 186.96, "speed": 7.26, "speedRelative": 0.87, "teleported": 0.0 }, "geometry": { "type": "LineString", "coordinates": [ [ 4.365554, 50.832275 ], [ 4.365546, 50.832268 ], [ 4.365045, 50.831903 ], [ 4.36433, 50.831367 ], [ 4.363977, 50.831098 ], [ 4.363966, 50.83109 ] ] } },
{ "type": "Feature", "properties": { "index": "31449245", "element": "edge", "id": "31449245", "name": "Rue du Collège - Collegestraat", "sampledSeconds": 1500.37, "departed": 4.0, "arrived": 2.0, "entered": 111.0, "left": 115.0, "laneChangedFrom": 0.0, "laneChangedTo": 0.0, "traveltime": 12.28, "overlapTraveltime": 12.97, "density": 4.63, "laneDensity": 4.63, "occupancy": 2.19, "waitingTime": 0.0, "timeLoss": 175.2, "speed": 7.32, "speedRelative": 0.88, "teleported": 0.0 }, "geometry": { "type": "LineString", "coordinates": [ [ 4.368764, 50.832666 ], [ 4.36981, 50.832201 ] ] } },
{ "type": "Feature", "properties": { "index": "31459223#0", "element": "edge", "id": "31459223#0", "name": "Avenue des Éperons d&apos;Or - Gulden-Sporenlaan", "sampledSeconds": 2065.22, "departed": 4.0, "arrived": 6.0, "entered": 70.0, "left": 69.0, "laneChangedFrom": 0.0, "laneChangedTo": 0.0, "traveltime": 27.07, "overlapTraveltime": 28.15, "density": 9.83, "laneDensity": 9.83, "occupancy": 4.78, "waitingTime": 1358.0, "timeLoss": 1495.78, "speed": 2.25, "speedRelative": 0.27, "teleported": 2.0 }, "geometry": { "type": "LineString", "coordinates": [ [ 4.372352, 50.826255 ], [ 4.372395, 50.826086 ], [ 4.372495, 50.825758 ], [ 4.372502, 50.825739 ] ] } },
{ "type": "Feature", "properties": { "index": "31512978#0", "element": "edge", "id": "31512978#0", "name": "Rue Capitaine Crespel - Kapitein Crespelstraat", "sampledSeconds": 138.97, "departed": 4.0, "arrived": 2.0, "entered": 37.0, "left": 39.0, "laneChangedFrom": 0.0, "laneChangedTo": 0.0, "traveltime": 2.55, "overlapTraveltime": 3.5, "density": 2.83, "laneDensity": 2.83, "occupancy": 1.08, "waitingTime": 14.0, "timeLoss": 48.54, "speed": 5.31, "speedRelative": 0.64, "teleported": 0.0 }, "geometry": { "type": "LineString", "coordinates": [ [ 4.357961, 50.836518 ], [ 4.357893, 50.836588 ], [ 4.357855, 50.83662 ] ] } },
{ "type": "Feature", "properties": { "index": "31512978#2", "element": "edge", "id": "31512978#2", "name": "Rue Capitaine Crespel - Kapitein Crespelstraat", "sampledSeconds": 85.69, "departed": 2.0, "arrived": 3.0, "entered": 50.0, "left": 49.0, "laneChangedFrom": 0.0, "laneChangedTo": 0.0, "traveltime": 0.05, "overlapTraveltime": 1.78, "density": 119.02, "laneDensity": 119.02, "occupancy": 2.32, "waitingTime": 0.0, "timeLoss": 45.98, "speed": 2.92, "speedRelative": 0.35, "teleported": 0.0 }, "geometry": { "type": "LineString", "coordinates": [ [ 4.357781, 50.836685 ], [ 4.357779, 50.836686 ] ] } },
{ "type": "Feature", "properties": { "index": "31516327#0", "element": "edge", "id": "31516327#0", "name": "Square Sans-Souci - Sans-Soucisquare", "sampledSeconds": 0.0, "departed": 0.0, "arrived": 0.0, "entered": 0.0, "left": 0.0, "laneChangedFrom": 0.0, "laneChangedTo": 0.0, "traveltime": 0.0, "overlapTraveltime": 0.0, "density": 0.0, "laneDensity": 0.0, "occupancy": 0.0, "waitingTime": 0.0, "timeLoss": 0.0, "speed": 0.0, "speedRelative": 0.0, "teleported": 0.0 }, "geometry": { "type": "LineString", "coordinates": [ [ 4.372152, 50.832978 ], [ 4.372211, 50.832962 ], [ 4.372553, 50.833177 ], [ 4.372433, 50.833245 ] ] } },
{ "type": "Feature", "properties": { "index": "31516327#1", "element": "edge", "id": "31516327#1", "name": "Square Sans-Souci - Sans-Soucisquare", "sampledSeconds": 0.0, "departed": 0.0, "arrived": 0.0, "entered": 0.0, "left": 0.0, "laneChangedFrom": 0.0, "laneChangedTo": 0.0, "traveltime": 0.0, "overlapTraveltime": 0.0, "density": 0.0, "laneDensity": 0.0, "occupancy": 0.0, "waitingTime": 0.0, "timeLoss": 0.0, "speed": 0.0, "speedRelative": 0.0, "teleported": 0.0 }, "geometry": { "type": "LineString", "coordinates": [ [ 4.372338, 50.833242 ], [ 4.372064, 50.83306 ], [ 4.372077, 50.83303 ] ] } },
{ "type": "Feature", "properties": { "index": "31518448#0", "element": "edge", "id": "31518448#0", "name": "Rue des Cygnes - Zwanenstraat", "sampledSeconds": 256.6, "departed": 4.0, "arrived": 2.0, "entered": 8.0, "left": 10.0, "laneChangedFrom": 0.0, "laneChangedTo": 0.0, "traveltime": 20.98, "overlapTraveltime": 21.84, "density": 0.61, "laneDensity": 0.3, "occupancy": 0.15, "waitingTime": 46.0, "timeLoss": 75.52, "speed": 5.58, "speedRelative": 0.67, "teleported": 0.0 }, "geometry": { "type": "LineString", "coordinates": [ [ 4.372706, 50.828331 ], [ 4.372771, 50.828345 ], [ 4.373181, 50.828398 ], [ 4.374311, 50.828553 ], [ 4.374328, 50.828554 ] ] } },
{ "type": "Feature", "properties": { "index": "31518959#0", "element": "edge", "id": "31518959#0", "name": "Rue de la Tulipe - Tulpstraat", "sampledSeconds": 8839.36, "departed": 6.0, "arrived": 5.0, "entered": 107.0, "left": 94.0, "laneChangedFrom": 0.0, "laneChangedTo": 0.0, "traveltime": 74.52, "overlapTraveltime": 83.59, "density": 22.36, "laneDensity": 22.36, "occupancy": 10.06, "waitingTime": 6941.0, "timeLoss": 7329.48, "speed": 1.37, "speedRelative": 0.16, "teleported": 0.0 }, "geometry": { "type": "LineString", "coordinates": [ [ 4.367306, 50.834413 ], [ 4.367305, 50.834412 ], [ 4.366907, 50.834048 ], [ 4.366682, 50.833618 ], [ 4.366626, 50.833535 ] ] } },
{ "type": "Feature", "properties": { "index": "31519076#0", "element": "edge", "id": "31519076#0", "name": "Chaussée d&apos;Ixelles - Elsense Steenweg", "sampledSeconds": 386.42, "departed": 3.0, "arrived": 3.0, "entered": 73.0, "left": 73.0, "laneChangedFrom": 0.0, "laneChangedTo": 0.0, "traveltime": 4.1, "overlapTraveltime": 5.14, "density": 5.56, "laneDensity": 5.56, "occupancy": 2.22, "waitingTime": 0.0, "timeLoss": 53.92, "speed": 4.73, "speedRelative": 0.85, "teleported": 0.0 }, "geometry": { "type": "LineString", "coordinates": [ [ 4.365945, 50.833734 ], [ 4.365754, 50.833859 ] ] } },
{ "type": "Feature", "properties": { "index": "31519076#1", "element": "edge", "id": "31519076#1", "name": "Chaussée d&apos;Ixelles - Elsense Steenweg", "sampledSeconds": 1010.24, "departed": 5.0, "arrived": 3.0, "entered": 73.0, "left": 76.0, "laneChangedFrom": 0.0, "laneChangedTo": 0.0, "traveltime": 11.88, "overlapTraveltime": 12.91, "density": 4.96, "laneDensity": 4.96, "occupancy": 2.29, "waitingTime": 0.0, "timeLoss": 137.27, "speed": 4.77, "speedRelative": 0.86, "teleported": 0.0 }, "geometry": { "type": "LineString", "coordinates": [ [ 4.365661, 50.833919 ], [ 4.365101, 50.834285 ] ] } },
{ "type": "Feature", "properties": { "index": "31519076#2", "element": "edge", "id": "31519076#2", "name": "Chaussée d&apos;Ixelles - Elsense Steenweg", "sampledSeconds": 1423.18, "departed": 2.0, "arrived": 7.0, "entered": 76.0, "left": 71.0, "laneChangedFrom": 0.0, "laneChangedTo": 0.0, "traveltime": 17.39, "overlapTraveltime": 18.53, "density": 4.77, "laneDensity": 4.77, "occupancy": 2.25, "waitingTime": 5.0, "timeLoss": 206.29, "speed": 4.74, "speedRelative": 0.85, "teleported": 0.0 }, "geometry": { "type": "LineString", "coordinates": [ [ 4.365012, 50.834345 ], [ 4.364739, 50.834539 ], [ 4.364301, 50.83487 ], [ 4.364255, 50.834915 ] ] } },
{ "type": "Feature", "properties": { "index": "31520175#0", "element": "edge", "id": "31520175#0", "name": "Rue de la Tulipe - Tulpstraat", "sampledSeconds": 2870.03, "departed": 6.0, "arrived": 3.0, "entered": 291.0, "left": 289.0, "laneChangedFrom": 0.0, "laneChangedTo": 0.0, "traveltime": 9.0, "overlapTraveltime": 9.75, "density": 15.85, "laneDensity": 15.85, "occupancy": 7.34, "waitingTime": 570.0, "timeLoss": 884.99, "speed": 5.67, "speedRelative": 0.68, "teleported": 0.0 }, "geometry": { "type": "LineString", "coordinates": [ [ 4.367771, 50.834932 ], [ 4.367302, 50.834591 ] ] } },
{ "type": "Feature", "properties": { "index": "31520176#0", "element": "edge", "id": "31520176#0", "name": "Rue Sans Souci - Sans Soucistraat", "sampledSeconds": 1639.73, "departed": 3.0, "arrived": 2.0, "entered": 117.0, "left": 116.0, "laneChangedFrom": 0.0, "laneChangedTo": 0.0, "traveltime": 12.93, "overlapTraveltime": 13.85, "density": 4.8, "laneDensity": 4.8, "occupancy": 2.25, "waitingTime": 10.0, "timeLoss": 217.7, "speed": 7.21, "speedRelative": 0.87, "teleported": 0.0 }, "geometry": { "type": "LineString", "coordinates": [ [ 4.368998, 50.834373 ], [ 4.368971, 50.834386 ], [ 4.36881, 50.834473 ], [ 4.368595, 50.834581 ], [ 4.367959, 50.834917 ] ] } },
{ "type": "Feature", "properties": { "index": "32200291", "element": "edge", "id": "32200291", "name": "Rue Juliette Wytsman - Juliette Wytsmanstraat", "sampledSeconds": 2198.98, "departed": 4.0, "arrived": 2.0, "entered": 59.0, "left": 63.0, "laneChangedFrom": 0.0, "laneChangedTo": 0.0, "traveltime": 33.69, "overlapTraveltime": 34.51, "density": 6.93, "laneDensity": 6.93, "occupancy": 3.4, "waitingTime": 1354.0, "timeLoss": 1488.21, "speed": 2.7, "speedRelative": 0.32, "teleported": 2.0 }, "geometry": { "type": "LineString", "coordinates": [ [ 4.380258, 50.825093 ], [ 4.380275, 50.825082 ], [ 4.381134, 50.824527 ] ] } },
{ "type": "Feature", "properties": { "index": "32200299", "element": "edge", "id": "32200299", "name": "Square Albert Verhaeren - Albert Verhaerensquare", "sampledSeconds": 0.0, "departed": 0.0, "arrived": 0.0, "entered": 0.0, "left": 0.0, "laneChangedFrom": 0.0, "laneChangedTo": 0.0, "traveltime": 0.0, "overlapTraveltime": 0.0, "density": 0.0, "laneDensity": 0.0, "occupancy": 0.0, "waitingTime": 0.0, "timeLoss": 0.0, "speed": 0.0, "speedRelative": 0.0, "teleported": 0.0 }, "geometry": { "type": "LineString", "coordinates": [ [ 4.379778, 50.824898 ], [ 4.380099, 50.825071 ], [ 4.380146, 50.825096 ] ] } },
{ "type": "Feature", "properties": { "index": "327412184", "element": "edge", "id": "327412184", "name": "Rue de l&apos;Ermitage - Kluisstraat", "sampledSeconds": 515.19, "departed": 6.0, "arrived": 3.0, "entered": 23.0, "left": 26.0, "laneChangedFrom": 0.0, "laneChangedTo": 0.0, "traveltime": 16.93, "overlapTraveltime": 17.94, "density": 1.19, "laneDensity": 1.19, "occupancy": 0.57, "waitingTime": 0.0, "timeLoss": 58.27, "speed": 7.0, "speedRelative": 0.84, "teleported": 0.0 }, "geometry": { "type": "LineString", "coordinates": [ [ 4.3685, 50.829268 ], [ 4.368454, 50.829271 ], [ 4.368158, 50.829279 ], [ 4.367836, 50.829265 ], [ 4.367586, 50.82924 ], [ 4.367188, 50.829161 ], [ 4.36685, 50.829057 ] ] } },
{ "type": "Feature", "properties": { "index": "33301531", "element": "edge", "id": "33301531", "name": "Place Stéphanie - Stefaniaplein", "sampledSeconds": 129.87, "departed": 0.0, "arrived": 0.0, "entered": 43.0, "left": 43.0, "laneChangedFrom": 0.0, "laneChangedTo": 0.0, "traveltime": 2.23, "overlapTraveltime": 3.02, "density": 2.31, "laneDensity": 2.31, "occupancy": 0.87, "waitingTime": 0.0, "timeLoss": 15.44, "speed": 6.82, "speedRelative": 0.82, "teleported": 0.0 }, "geometry": { "type": "LineString", "coordinates": [ [ 4.357699, 50.833562 ], [ 4.357657, 50.83358 ], [ 4.357599, 50.833593 ], [ 4.357514, 50.833596 ], [ 4.357491, 50.833592 ] ] } },
{ "type": "Feature", "properties": { "index": "33301560#0", "element": "edge", "id": "33301560#0", "name": "Rue de la Concorde - Eendrachtsstraat", "sampledSeconds": 8135.42, "departed": 1.0, "arrived": 1.0, "entered": 41.0, "left": 37.0, "laneChangedFrom": 0.0, "laneChangedTo": 0.0, "traveltime": 241.51, "overlapTraveltime": 252.54, "density": 92.09, "laneDensity": 92.09, "occupancy": 38.52, "waitingTime": 7838.0, "timeLoss": 8009.37, "speed": 0.12, "speedRelative": 0.01, "teleported": 6.0 }, "geometry": { "type": "LineString", "coordinates": [ [ 4.359653, 50.832204 ], [ 4.35942, 50.832041 ] ] } },
{ "type": "Feature", "properties": { "index": "33301663#0", "element": "edge", "id": "33301663#0", "name": "Place de Londres - Londenplein", "sampledSeconds": 46.33, "departed": 4.0, "arrived": 0.0, "entered": 1.0, "left": 5.0, "laneChangedFrom": 0.0, "laneChangedTo": 0.0, "traveltime": 9.16, "overlapTraveltime": 10.15, "density": 0.31, "laneDensity": 0.31, "occupancy": 0.14, "waitingTime": 0.0, "timeLoss": 8.72, "speed": 4.62, "speedRelative": 0.83, "teleported": 0.0 }, "geometry": { "type": "LineString", "coordinates": [ [ 4.36849, 50.838108 ], [ 4.368471, 50.838099 ], [ 4.368423, 50.838076 ], [ 4.368012, 50.837885 ] ] } },
{ "type": "Feature", "properties": { "index": "33301680#0", "element": "edge", "id": "33301680#0", "name": "Place de Londres - Londenplein", "sampledSeconds": 0.0, "departed": 0.0, "arrived": 0.0, "entered": 0.0, "left": 0.0, "laneChangedFrom": 0.0, "laneChangedTo": 0.0, "traveltime": 0.0, "overlapTraveltime": 0.0, "density": 0.0, "laneDensity": 0.0, "occupancy": 0.0, "waitingTime": 0.0, "timeLoss": 0.0, "speed": 0.0, "speedRelative": 0.0, "teleported": 0.0 }, "geometry": { "type": "LineString", "coordinates": [ [ 4.368352, 50.837959 ], [ 4.36826, 50.837664 ] ] } },
{ "type": "Feature", "properties": { "index": "33301688#0", "element": "edge", "id": "33301688#0", "name": "Rue Caroly - Carolystraat", "sampledSeconds": 89.39, "departed": 5.0, "arrived": 0.0, "entered": 0.0, "left": 5.0, "laneChangedFrom": 0.0, "laneChangedTo": 0.0, "traveltime": 17.53, "overlapTraveltime": 18.82, "density": 0.26, "laneDensity": 0.26, "occupancy": 0.12, "waitingTime": 10.0, "timeLoss": 32.06, "speed": 5.41, "speedRelative": 0.65, "teleported": 0.0 }, "geometry": { "type": "LineString", "coordinates": [ [ 4.369887, 50.838572 ], [ 4.36875, 50.83822 ], [ 4.368686, 50.8382 ], [ 4.368651, 50.83819 ] ] } },
{ "type": "Feature", "properties": { "index": "34065519", "element": "edge", "id": "34065519", "name": "Place Fernand Cocq - Fernand Cocqplein", "sampledSeconds": 4844.81, "departed": 4.0, "arrived": 1.0, "entered": 137.0, "left": 136.0, "laneChangedFrom": 0.0, "laneChangedTo": 0.0, "traveltime": 34.87, "overlapTraveltime": 36.14, "density": 46.5, "laneDensity": 46.5, "occupancy": 22.52, "waitingTime": 3749.0, "timeLoss": 4007.0, "speed": 0.94, "speedRelative": 0.17, "teleported": 1.0 }, "geometry": { "type": "LineString", "coordinates": [ [ 4.366058, 50.833617 ], [ 4.366109, 50.833576 ], [ 4.366202, 50.833495 ], [ 4.366297, 50.833405 ] ] } },
{ "type": "Feature", "properties": { "index": "36786443#0", "element": "edge", "id": "36786443#0", "name": "Chaussée de Wavre - Waverse Steenweg", "sampledSeconds": 101.32, "departed": 0.0, "arrived": 5.0, "entered": 5.0, "left": 0.0, "laneChangedFrom": 0.0, "laneChangedTo": 0.0, "traveltime": 19.81, "overlapTraveltime": 20.43, "density": 0.18, "laneDensity": 0.18, "occupancy": 0.09, "waitingTime": 0.0, "timeLoss": 9.37, "speed": 8.08, "speedRelative": 0.97, "teleported": 0.0 }, "geometry": { "type": "LineString", "coordinates": [ [ 4.371643, 50.835818 ], [ 4.371739, 50.83583 ], [ 4.371803, 50.835838 ], [ 4.372311, 50.835912 ], [ 4.37249, 50.835938 ], [ 4.372557, 50.835949 ], [ 4.372657, 50.835961 ], [ 4.372802, 50.835966 ], [ 4.373043, 50.835955 ], [ 4.373727, 50.835895 ], [ 4.373882, 50.835881 ] ] } },
{ "type": "Feature", "properties": { "index": "36786444#0", "element": "edge", "id": "36786444#0", "name": "Rue du Trône - Troonstraat", "sampledSeconds": 148.24, "departed": 1.0, "arrived": 0.0, "entered": 19.0, "left": 20.0, "laneChangedFrom": 0.0, "laneChangedTo": 0.0, "traveltime": 6.81, "overlapTraveltime": 7.45, "density": 0.78, "laneDensity": 0.78, "occupancy": 0.36, "waitingTime": 0.0, "timeLoss": 14.9, "speed": 7.72, "speedRelative": 0.93, "teleported": 0.0 }, "geometry": { "type": "LineString", "coordinates": [ [ 4.370662, 50.836451 ], [ 4.370688, 50.836429 ], [ 4.370724, 50.836401 ], [ 4.370764, 50.83637 ], [ 4.370802, 50.83634 ], [ 4.371129, 50.836083 ] ] } },
{ "type": "Feature", "properties": { "index": "36786445#0", "element": "edge", "id": "36786445#0", "name": "Rue du Trône - Troonstraat", "sampledSeconds": 282.53, "departed": 7.0, "arrived": 4.0, "entered": 33.0, "left": 37.0, "laneChangedFrom": 0.0, "laneChangedTo": 0.0, "traveltime": 6.52, "overlapTraveltime": 7.18, "density": 1.72, "laneDensity": 1.72, "occupancy": 0.77, "waitingTime": 0.0, "timeLoss": 41.57, "speed": 7.06, "speedRelative": 0.85, "teleported": 0.0 }, "geometry": { "type": "LineString", "coordinates": [ [ 4.371523, 50.835733 ], [ 4.371525, 50.83573 ], [ 4.37156, 50.835701 ], [ 4.371709, 50.835573 ], [ 4.371915, 50.835406 ] ] } },
{ "type": "Feature", "properties": { "index": "36801001#1", "element": "edge", "id": "36801001#1", "name": "Boulevard du Régent - Regentlaan", "sampledSeconds": 989.78, "departed": 8.0, "arrived": 7.0, "entered": 430.0, "left": 431.0, "laneChangedFrom": 7.0, "laneChangedTo": 7.0, "traveltime": 1.86, "overlapTraveltime": 2.27, "density": 12.23, "laneDensity": 6.12, "occupancy": 2.52, "waitingTime": 0.0, "timeLoss": 119.08, "speed": 12.1, "speedRelative": 0.87, "teleported": 0.0 }, "geometry": { "type": "LineString", "coordinates": [ [ 4.363796, 50.839676 ], [ 4.363552, 50.839546 ] ] } },
{ "type": "Feature", "properties": { "index": "36801001#2", "element": "edge", "id": "36801001#2", "name": "Boulevard du Régent - Regentlaan", "sampledSeconds": 1710.31, "departed": 5.0, "arrived": 0.0, "entered": 442.0, "left": 448.0, "laneChangedFrom": 8.0, "laneChangedTo": 8.0, "traveltime": 3.42, "overlapTraveltime": 3.83, "density": 11.35, "laneDensity": 5.68, "occupancy": 2.54, "waitingTime": 0.0, "timeLoss": 191.31, "speed": 12.23, "speedRelative": 0.88, "teleported": 0.0 }, "geometry": { "type": "LineString", "coordinates": [ [ 4.363334, 50.839429 ], [ 4.362873, 50.839191 ] ] } },
{ "type": "Feature", "properties": { "index": "36801002#0", "element": "edge", "id": "36801002#0", "name": "Boulevard du Régent - Regentlaan", "sampledSeconds": 280.57, "departed": 2.0, "arrived": 0.0, "entered": 6.0, "left": 8.0, "laneChangedFrom": 0.0, "laneChangedTo": 0.0, "traveltime": 33.64, "overlapTraveltime": 35.32, "density": 0.44, "laneDensity": 0.44, "occupancy": 0.21, "waitingTime": 52.0, "timeLoss": 102.29, "speed": 5.2, "speedRelative": 0.62, "teleported": 0.0 }, "geometry": { "type": "LineString", "coordinates": [ [ 4.363817, 50.839914 ], [ 4.363669, 50.839842 ], [ 4.362782, 50.839391 ], [ 4.362568, 50.839282 ], [ 4.362487, 50.839238 ], [ 4.362214, 50.839101 ], [ 4.361979, 50.838975 ], [ 4.36195, 50.838958 ], [ 4.361851, 50.8389 ] ] } },
{ "type": "Feature", "properties": { "index": "36801004#0", "element": "edge", "id": "36801004#0", "name": "Avenue Marnix - Marnixlaan", "sampledSeconds": 1422.46, "departed": 9.0, "arrived": 2.0, "entered": 167.0, "left": 175.0, "laneChangedFrom": 48.0, "laneChangedTo": 48.0, "traveltime": 7.66, "overlapTraveltime": 8.06, "density": 4.18, "laneDensity": 2.09, "occupancy": 0.99, "waitingTime": 0.0, "timeLoss": 155.93, "speed": 12.35, "speedRelative": 0.89, "teleported": 0.0 }, "geometry": { "type": "LineString", "coordinates": [ [ 4.362505, 50.838751 ], [ 4.362546, 50.838779 ], [ 4.363558, 50.839277 ] ] } },
{ "type": "Feature", "properties": { "index": "36801004#1", "element": "edge", "id": "36801004#1", "name": "Avenue Marnix - Marnixlaan", "sampledSeconds": 219.43, "departed": 5.0, "arrived": 3.0, "entered": 153.0, "left": 155.0, "laneChangedFrom": 3.0, "laneChangedTo": 3.0, "traveltime": 1.01, "overlapTraveltime": 1.41, "density": 4.83, "laneDensity": 2.41, "occupancy": 0.88, "waitingTime": 0.0, "timeLoss": 22.12, "speed": 12.54, "speedRelative": 0.9, "teleported": 0.0 }, "geometry": { "type": "LineString", "coordinates": [ [ 4.363812, 50.839406 ], [ 4.363952, 50.839477 ] ] } },
{ "type": "Feature", "properties": { "index": "36801004#2", "element": "edge", "id": "36801004#2", "name": "Avenue Marnix - Marnixlaan", "sampledSeconds": 825.67, "departed": 2.0, "arrived": 1.0, "entered": 216.0, "left": 217.0, "laneChangedFrom": 41.0, "laneChangedTo": 41.0, "traveltime": 3.41, "overlapTraveltime": 3.79, "density": 5.29, "laneDensity": 2.64, "occupancy": 1.18, "waitingTime": 0.0, "timeLoss": 65.0, "speed": 12.76, "speedRelative": 0.92, "teleported": 0.0 }, "geometry": { "type": "LineString", "coordinates": [ [ 4.364198, 50.839601 ], [ 4.36468, 50.839843 ] ] } },
{ "type": "Feature", "properties": { "index": "37535329#0", "element": "edge", "id": "37535329#0", "name": "", "sampledSeconds": 1547.75, "departed": 11.0, "arrived": 0.0, "entered": 143.0, "left": 152.0, "laneChangedFrom": 22.0, "laneChangedTo": 22.0, "traveltime": 6.87, "overlapTraveltime": 12.45, "density": 266.67, "laneDensity": 133.33, "occupancy": 16.89, "waitingTime": 1388.76, "timeLoss": 1465.14, "speed": 0.42, "speedRelative": 0.05, "teleported": 2.0 }, "geometry": { "type": "LineString", "coordinates": [ [ 4.362256, 50.829122 ], [ 4.362253, 50.829122 ] ] } },
{ "type": "Feature", "properties": { "index": "37535329#1", "element": "edge", "id": "37535329#1", "name": "", "sampledSeconds": 3729.54, "departed": 2.0, "arrived": 0.0, "entered": 46.0, "left": 46.0, "laneChangedFrom": 5.0, "laneChangedTo": 5.0, "traveltime": 81.63, "overlapTraveltime": 97.46, "density": 132.48, "laneDensity": 66.24, "occupancy": 29.94, "waitingTime": 3571.0, "timeLoss": 3668.68, "speed": 0.13, "speedRelative": 0.02, "teleported": 3.0 }, "geometry": { "type": "LineString", "coordinates": [ [ 4.362153, 50.8291 ], [ 4.362061, 50.829061 ] ] } },
{ "type": "Feature", "properties": { "index": "37535329#2", "element": "edge", "id": "37535329#2", "name": "", "sampledSeconds": 5212.88, "departed": 2.0, "arrived": 3.0, "entered": 45.0, "left": 33.0, "laneChangedFrom": 2.0, "laneChangedTo": 2.0, "traveltime": 146.22, "overlapTraveltime": 154.62, "density": 165.87, "laneDensity": 82.93, "occupancy": 24.58, "waitingTime": 5068.0, "timeLoss": 5153.19, "speed": 0.09, "speedRelative": 0.01, "teleported": 4.0 }, "geometry": { "type": "LineString", "coordinates": [ [ 4.361987, 50.829031 ], [ 4.361962, 50.829021 ], [ 4.361913, 50.829002 ], [ 4.361884, 50.82899 ] ] } },
{ "type": "Feature", "properties": { "index": "377719664", "element": "edge", "id": "377719664", "name": "Rue de l&apos;Ermitage - Kluisstraat", "sampledSeconds": 1592.45, "departed": 8.0, "arrived": 2.0, "entered": 4.0, "left": 9.0, "laneChangedFrom": 0.0, "laneChangedTo": 0.0, "traveltime": 137.07, "overlapTraveltime": 139.24, "density": 5.17, "laneDensity": 5.17, "occupancy": 2.57, "waitingTime": 1421.0, "timeLoss": 1469.38, "speed": 0.65, "speedRelative": 0.08, "teleported": 1.0 }, "geometry": { "type": "LineString", "coordinates": [ [ 4.368815, 50.829226 ], [ 4.368857, 50.829218 ], [ 4.368915, 50.829213 ], [ 4.368973, 50.829211 ], [ 4.36915, 50.829212 ], [ 4.369305, 50.829222 ], [ 4.369432, 50.829236 ], [ 4.369578, 50.829258 ], [ 4.369709, 50.82928 ], [ 4.369984, 50.829352 ], [ 4.369993, 50.829355 ] ] } },
{ "type": "Feature", "properties": { "index": "377719665", "element": "edge", "id": "377719665", "name": "Chaussée d&apos;Ixelles - Elsense Steenweg", "sampledSeconds": 12781.2, "departed": 5.0, "arrived": 2.0, "entered": 153.0, "left": 149.0, "laneChangedFrom": 0.0, "laneChangedTo": 0.0, "traveltime": 95.96, "overlapTraveltime": 97.19, "density": 70.39, "laneDensity": 70.39, "occupancy": 34.59, "waitingTime": 11480.0, "timeLoss": 11897.79, "speed": 0.57, "speedRelative": 0.07, "teleported": 3.0 }, "geometry": { "type": "LineString", "coordinates": [ [ 4.370101, 50.829335 ], [ 4.370157, 50.829269 ], [ 4.370451, 50.82894 ] ] } },
{ "type": "Feature", "properties": { "index": "393494867", "element": "edge", "id": "393494867", "name": "Tunnel Stéphanie - Stefaniatunnel", "sampledSeconds": 52.16, "departed": 0.0, "arrived": 5.0, "entered": 5.0, "left": 0.0, "laneChangedFrom": 0.0, "laneChangedTo": 0.0, "traveltime": 10.18, "overlapTraveltime": 10.59, "density": 0.12, "laneDensity": 0.12, "occupancy": 0.06, "waitingTime": 0.0, "timeLoss": 2.73, "speed": 12.11, "speedRelative": 0.87, "teleported": 0.0 }, "geometry": { "type": "LineString", "coordinates": [ [ 4.355405, 50.835549 ], [ 4.35443, 50.83647 ] ] } },
{ "type": "Feature", "properties": { "index": "393494868", "element": "edge", "id": "393494868", "name": "Tunnel Stéphanie - Stefaniatunnel", "sampledSeconds": 79478.48, "departed": 3.0, "arrived": 0.0, "entered": 281.0, "left": 234.0, "laneChangedFrom": 0.0, "laneChangedTo": 0.0, "traveltime": 300.4, "overlapTraveltime": 307.22, "density": 54.52, "laneDensity": 54.52, "occupancy": 26.78, "waitingTime": 63307.0, "timeLoss": 71802.14, "speed": 1.33, "speedRelative": 0.1, "teleported": 0.0 }, "geometry": { "type": "LineString", "coordinates": [ [ 4.354809, 50.835999 ], [ 4.357971, 50.832958 ] ] } },
{ "type": "Feature", "properties": { "index": "395073288#0", "element": "edge", "id": "395073288#0", "name": "Avenue de la Toison d&apos;Or - Gulden-Vlieslaan", "sampledSeconds": 152.61, "departed": 8.0, "arrived": 1.0, "entered": 0.0, "left": 7.0, "laneChangedFrom": 0.0, "laneChangedTo": 0.0, "traveltime": 18.93, "overlapTraveltime": 19.87, "density": 0.35, "laneDensity": 0.35, "occupancy": 0.17, "waitingTime": 0.0, "timeLoss": 26.96, "speed": 6.43, "speedRelative": 0.77, "teleported": 0.0 }, "geometry": { "type": "LineString", "coordinates": [ [ 4.356248, 50.836016 ], [ 4.356257, 50.836016 ], [ 4.356362, 50.836042 ], [ 4.357703, 50.836613 ], [ 4.357708, 50.836615 ] ] } },
{ "type": "Feature", "properties": { "index": "395153043", "element": "edge", "id": "395153043", "name": "", "sampledSeconds": 62.56, "departed": 4.0, "arrived": 1.0, "entered": 1.0, "left": 4.0, "laneChangedFrom": 0.0, "laneChangedTo": 0.0, "traveltime": 53.04, "overlapTraveltime": 16.0, "density": 86.9, "laneDensity": 86.9, "occupancy": 1.73, "waitingTime": 53.0, "timeLoss": 59.56, "speed": 0.33, "speedRelative": 0.04, "teleported": 0.0 }, "geometry": { "type": "LineString", "coordinates": [ [ 4.362242, 50.829079 ], [ 4.362241, 50.82908 ] ] } },
{ "type": "Feature", "properties": { "index": "395800497#0", "element": "edge", "id": "395800497#0", "name": "Place Louise - Louizaplein", "sampledSeconds": 1352.53, "departed": 0.0, "arrived": 0.0, "entered": 14.0, "left": 13.0, "laneChangedFrom": 0.0, "laneChangedTo": 0.0, "traveltime": 61.02, "overlapTraveltime": 100.1, "density": 18.09, "laneDensity": 18.09, "occupancy": 7.61, "waitingTime": 1265.0, "timeLoss": 1310.4, "speed": 0.26, "speedRelative": 0.03, "teleported": 0.0 }, "geometry": { "type": "LineString", "coordinates": [ [ 4.355447, 50.835824 ], [ 4.355426, 50.835851 ], [ 4.355301, 50.835974 ], [ 4.355288, 50.835981 ] ] } },
{ "type": "Feature", "properties": { "index": "395800497#2", "element": "edge", "id": "395800497#2", "name": "Place Louise - Louizaplein", "sampledSeconds": 1073.66, "departed": 0.0, "arrived": 0.0, "entered": 144.0, "left": 144.0, "laneChangedFrom": 0.0, "laneChangedTo": 0.0, "traveltime": 0.15, "overlapTraveltime": 7.98, "density": 133.33, "laneDensity": 133.33, "occupancy": 29.31, "waitingTime": 927.0, "timeLoss": 979.39, "speed": 0.73, "speedRelative": 0.09, "teleported": 0.0 }, "geometry": { "type": "LineString", "coordinates": [ [ 4.355208, 50.836015 ], [ 4.355197, 50.836017 ] ] } },
{ "type": "Feature", "properties": { "index": "395800498", "element": "edge", "id": "395800498", "name": "Place Louise - Louizaplein", "sampledSeconds": 2390.45, "departed": 0.0, "arrived": 0.0, "entered": 135.0, "left": 134.0, "laneChangedFrom": 0.0, "laneChangedTo": 0.0, "traveltime": 12.03, "overlapTraveltime": 18.92, "density": 67.14, "laneDensity": 67.14, "occupancy": 20.3, "waitingTime": 2060.0, "timeLoss": 2163.22, "speed": 0.79, "speedRelative": 0.09, "teleported": 0.0 }, "geometry": { "type": "LineString", "coordinates": [ [ 4.35494, 50.83602 ], [ 4.354891, 50.836009 ], [ 4.35485, 50.835992 ], [ 4.354823, 50.835974 ] ] } },
{ "type": "Feature", "properties": { "index": "396062728#0", "element": "edge", "id": "396062728#0", "name": "Rond-Point René Cliquet - René Cliquetplein", "sampledSeconds": 30.66, "departed": 0.0, "arrived": 0.0, "entered": 46.0, "left": 46.0, "laneChangedFrom": 0.0, "laneChangedTo": 0.0, "traveltime": 0.03, "overlapTraveltime": 0.67, "density": 42.58, "laneDensity": 42.58, "occupancy": 0.82, "waitingTime": 0.0, "timeLoss": 7.45, "speed": 7.8, "speedRelative": 0.94, "teleported": 0.0 }, "geometry": { "type": "LineString", "coordinates": [ [ 4.357593, 50.836821 ], [ 4.357594, 50.836819 ] ] } },
{ "type": "Feature", "properties": { "index": "396062728#1", "element": "edge", "id": "396062728#1", "name": "Rond-Point René Cliquet - René Cliquetplein", "sampledSeconds": 27.44, "departed": 0.0, "arrived": 0.0, "entered": 46.0, "left": 46.0, "laneChangedFrom": 0.0, "laneChangedTo": 0.0, "traveltime": 0.03, "overlapTraveltime": 0.6, "density": 38.11, "laneDensity": 38.11, "occupancy": 0.73, "waitingTime": 0.0, "timeLoss": 6.13, "speed": 8.72, "speedRelative": 1.05, "teleported": 0.0 }, "geometry": { "type": "LineString", "coordinates": [ [ 4.357633, 50.836779 ], [ 4.357635, 50.836778 ] ] } },
{ "type": "Feature", "properties": { "index": "396062729", "element": "edge", "id": "396062729", "name": "", "sampledSeconds": 0.0, "departed": 0.0, "arrived": 0.0, "entered": 0.0, "left": 0.0, "laneChangedFrom": 0.0, "laneChangedTo": 0.0, "traveltime": 0.0, "overlapTraveltime": 0.0, "density": 0.0, "laneDensity": 0.0, "occupancy": 0.0, "waitingTime": 0.0, "timeLoss": 0.0, "speed": 0.0, "speedRelative": 0.0, "teleported": 0.0 }, "geometry": { "type": "LineString", "coordinates": [ [ 4.35785, 50.836674 ], [ 4.35795, 50.836714 ] ] } },
{ "type": "Feature", "properties": { "index": "396062730", "element": "edge", "id": "396062730", "name": "", "sampledSeconds": 0.0, "departed": 0.0, "arrived": 0.0, "entered": 0.0, "left": 0.0, "laneChangedFrom": 0.0, "laneChangedTo": 0.0, "traveltime": 0.0, "overlapTraveltime": 0.0, "density": 0.0, "laneDensity": 0.0, "occupancy": 0.0, "waitingTime": 0.0, "timeLoss": 0.0, "speed": 0.0, "speedRelative": 0.0, "teleported": 0.0 }, "geometry": { "type": "LineString", "coordinates": [ [ 4.358, 50.836718 ], [ 4.358556, 50.836938 ] ] } },
{ "type": "Feature", "properties": { "index": "396102064", "element": "edge", "id": "396102064", "name": "Boulevard de la Cambre - Terkamerenlaan", "sampledSeconds": 19.39, "departed": 6.0, "arrived": 6.0, "entered": 12.0, "left": 12.0, "laneChangedFrom": 0.0, "laneChangedTo": 0.0, "traveltime": 0.04, "overlapTraveltime": 1.29, "density": 26.93, "laneDensity": 26.93, "occupancy": 0.52, "waitingTime": 0.0, "timeLoss": 6.91, "speed": 4.03, "speedRelative": 0.48, "teleported": 0.0 }, "geometry": { "type": "LineString", "coordinates": [ [ 4.37575, 50.816309 ], [ 4.375747, 50.816308 ] ] } },
{ "type": "Feature", "properties": { "index": "39642340", "element": "edge", "id": "39642340", "name": "Place Stéphanie - Stefaniaplein", "sampledSeconds": 123.35, "departed": 0.0, "arrived": 0.0, "entered": 29.0, "left": 27.0, "laneChangedFrom": 20.0, "laneChangedTo": 20.0, "traveltime": 3.65, "overlapTraveltime": 4.32, "density": 1.24, "laneDensity": 0.62, "occupancy": 0.26, "waitingTime": 0.0, "timeLoss": 10.24, "speed": 7.53, "speedRelative": 0.9, "teleported": 0.0 }, "geometry": { "type": "LineString", "coordinates": [ [ 4.357494, 50.833272 ], [ 4.35751, 50.83327 ], [ 4.357556, 50.833269 ], [ 4.357625, 50.833278 ], [ 4.357688, 50.833298 ], [ 4.35774, 50.833328 ], [ 4.357777, 50.833365 ], [ 4.35779, 50.833395 ] ] } },
{ "type": "Feature", "properties": { "index": "396636211", "element": "edge", "id": "396636211", "name": "", "sampledSeconds": 0.0, "departed": 0.0, "arrived": 0.0, "entered": 0.0, "left": 0.0, "laneChangedFrom": 0.0, "laneChangedTo": 0.0, "traveltime": 0.0, "overlapTraveltime": 0.0, "density": 0.0, "laneDensity": 0.0, "occupancy": 0.0, "waitingTime": 0.0, "timeLoss": 0.0, "speed": 0.0, "speedRelative": 0.0, "teleported": 0.0 }, "geometry": { "type": "LineString", "coordinates": [ [ 4.354333, 50.835597 ], [ 4.354568, 50.835379 ] ] } },
{ "type": "Feature", "properties": { "index": "396926515", "element": "edge", "id": "396926515", "name": "Avenue Géo Bernier - Géo Bernierlaan", "sampledSeconds": 62.05, "departed": 5.0, "arrived": 1.0, "entered": 29.0, "left": 33.0, "laneChangedFrom": 0.0, "laneChangedTo": 0.0, "traveltime": 0.92, "overlapTraveltime": 1.93, "density": 9.22, "laneDensity": 9.22, "occupancy": 1.17, "waitingTime": 12.0, "timeLoss": 29.89, "speed": 3.56, "speedRelative": 0.43, "teleported": 0.0 }, "geometry": { "type": "LineString", "coordinates": [ [ 4.375, 50.820011 ], [ 4.375024, 50.820018 ] ] } },
{ "type": "Feature", "properties": { "index": "396926516#0", "element": "edge", "id": "396926516#0", "name": "Avenue Géo Bernier - Géo Bernierlaan", "sampledSeconds": 65.3, "departed": 9.0, "arrived": 4.0, "entered": 12.0, "left": 17.0, "laneChangedFrom": 0.0, "laneChangedTo": 0.0, "traveltime": 3.51, "overlapTraveltime": 4.05, "density": 3.87, "laneDensity": 3.87, "occupancy": 1.44, "waitingTime": 34.0, "timeLoss": 44.73, "speed": 2.39, "speedRelative": 0.29, "teleported": 0.0 }, "geometry": { "type": "LineString", "coordinates": [ [ 4.37517, 50.820065 ], [ 4.375229, 50.820085 ] ] } },
{ "type": "Feature", "properties": { "index": "396926518", "element": "edge", "id": "396926518", "name": "Square de la Croix Rouge - Rode-Kruissquare", "sampledSeconds": 1081.45, "departed": 2.0, "arrived": 3.0, "entered": 251.0, "left": 250.0, "laneChangedFrom": 0.0, "laneChangedTo": 0.0, "traveltime": 3.48, "overlapTraveltime": 4.28, "density": 12.5, "laneDensity": 12.5, "occupancy": 5.16, "waitingTime": 0.0, "timeLoss": 171.37, "speed": 6.78, "speedRelative": 0.81, "teleported": 0.0 }, "geometry": { "type": "LineString", "coordinates": [ [ 4.373728, 50.820344 ], [ 4.373439, 50.820366 ], [ 4.373392, 50.820376 ] ] } },
{ "type": "Feature", "properties": { "index": "396956282", "element": "edge", "id": "396956282", "name": "", "sampledSeconds": 0.0, "departed": 0.0, "arrived": 0.0, "entered": 0.0, "left": 0.0, "laneChangedFrom": 0.0, "laneChangedTo": 0.0, "traveltime": 0.0, "overlapTraveltime": 0.0, "density": 0.0, "laneDensity": 0.0, "occupancy": 0.0, "waitingTime": 0.0, "timeLoss": 0.0, "speed": 0.0, "speedRelative": 0.0, "teleported": 0.0 }, "geometry": { "type": "LineString", "coordinates": [ [ 4.367787, 50.828013 ], [ 4.367798, 50.828017 ], [ 4.367863, 50.828038 ] ] } },
{ "type": "Feature", "properties": { "index": "399914534#0", "element": "edge", "id": "399914534#0", "name": "Rue Souveraine - Opperstraat", "sampledSeconds": 240.5, "departed": 6.0, "arrived": 4.0, "entered": 16.0, "left": 18.0, "laneChangedFrom": 0.0, "laneChangedTo": 0.0, "traveltime": 10.42, "overlapTraveltime": 11.19, "density": 0.92, "laneDensity": 0.92, "occupancy": 0.44, "waitingTime": 0.0, "timeLoss": 35.59, "speed": 6.92, "speedRelative": 0.83, "teleported": 0.0 }, "geometry": { "type": "LineString", "coordinates": [ [ 4.361283, 50.830214 ], [ 4.361288, 50.830219 ], [ 4.361887, 50.830741 ] ] } },
{ "type": "Feature", "properties": { "index": "399914535", "element": "edge", "id": "399914535", "name": "Rue de la Longue Haie - Langehaagstraat", "sampledSeconds": 85.62, "departed": 2.0, "arrived": 1.0, "entered": 10.0, "left": 11.0, "laneChangedFrom": 0.0, "laneChangedTo": 0.0, "traveltime": 6.64, "overlapTraveltime": 7.27, "density": 0.48, "laneDensity": 0.48, "occupancy": 0.22, "waitingTime": 0.0, "timeLoss": 10.92, "speed": 7.5, "speedRelative": 0.9, "teleported": 0.0 }, "geometry": { "type": "LineString", "coordinates": [ [ 4.363853, 50.829906 ], [ 4.363557, 50.830046 ], [ 4.363285, 50.830169 ] ] } },
{ "type": "Feature", "properties": { "index": "399914536#0", "element": "edge", "id": "399914536#0", "name": "Rue de la Longue Haie - Langehaagstraat", "sampledSeconds": 13552.86, "departed": 1.0, "arrived": 5.0, "entered": 50.0, "left": 39.0, "laneChangedFrom": 0.0, "laneChangedTo": 0.0, "traveltime": 294.66, "overlapTraveltime": 300.64, "density": 67.15, "laneDensity": 67.15, "occupancy": 33.5, "waitingTime": 12886.0, "timeLoss": 13217.67, "speed": 0.2, "speedRelative": 0.02, "teleported": 5.0 }, "geometry": { "type": "LineString", "coordinates": [ [ 4.360313, 50.831542 ], [ 4.359805, 50.831774 ], [ 4.359708, 50.831804 ], [ 4.359647, 50.831811 ] ] } },
{ "type": "Feature", "properties": { "index": "400062404", "element": "edge", "id": "400062404", "name": "Chaussée d&apos;Ixelles - Elsense Steenweg", "sampledSeconds": 426.99, "departed": 1.0, "arrived": 2.0, "entered": 139.0, "left": 137.0, "laneChangedFrom": 0.0, "laneChangedTo": 0.0, "traveltime": 2.03, "overlapTraveltime": 3.19, "density": 33.04, "laneDensity": 33.04, "occupancy": 6.32, "waitingTime": 160.0, "timeLoss": 216.83, "speed": 2.69, "speedRelative": 0.48, "teleported": 0.0 }, "geometry": { "type": "LineString", "coordinates": [ [ 4.366022, 50.833641 ], [ 4.366056, 50.833618 ] ] } },
{ "type": "Feature", "properties": { "index": "400062406#0", "element": "edge", "id": "400062406#0", "name": "Place Fernand Cocq - Fernand Cocqplein", "sampledSeconds": 130.12, "departed": 3.0, "arrived": 3.0, "entered": 19.0, "left": 19.0, "laneChangedFrom": 0.0, "laneChangedTo": 0.0, "traveltime": 5.09, "overlapTraveltime": 6.14, "density": 1.54, "laneDensity": 1.54, "occupancy": 0.65, "waitingTime": 0.0, "timeLoss": 17.56, "speed": 4.64, "speedRelative": 0.84, "teleported": 0.0 }, "geometry": { "type": "LineString", "coordinates": [ [ 4.367527, 50.833139 ], [ 4.367428, 50.833154 ], [ 4.367362, 50.833176 ], [ 4.367229, 50.833229 ] ] } },
{ "type": "Feature", "properties": { "index": "400062407#0", "element": "edge", "id": "400062407#0", "name": "Rue de la Tulipe - Tulpstraat", "sampledSeconds": 3508.64, "departed": 2.0, "arrived": 0.0, "entered": 94.0, "left": 93.0, "laneChangedFrom": 0.0, "laneChangedTo": 0.0, "traveltime": 35.87, "overlapTraveltime": 37.3, "density": 49.47, "laneDensity": 49.47, "occupancy": 23.49, "waitingTime": 2870.0, "timeLoss": 3085.54, "speed": 0.66, "speedRelative": 0.12, "teleported": 0.0 }, "geometry": { "type": "LineString", "coordinates": [ [ 4.366625, 50.833533 ], [ 4.366617, 50.833522 ], [ 4.366559, 50.833463 ], [ 4.366438, 50.833412 ], [ 4.366433, 50.83341 ] ] } },
{ "type": "Feature", "properties": { "index": "400062408", "element": "edge", "id": "400062408", "name": "Rue du Conseil - Raadstraat", "sampledSeconds": 313.54, "departed": 6.0, "arrived": 2.0, "entered": 17.0, "left": 21.0, "laneChangedFrom": 0.0, "laneChangedTo": 0.0, "traveltime": 13.09, "overlapTraveltime": 13.88, "density": 0.96, "laneDensity": 0.96, "occupancy": 0.45, "waitingTime": 0.0, "timeLoss": 38.54, "speed": 6.92, "speedRelative": 0.83, "teleported": 0.0 }, "geometry": { "type": "LineString", "coordinates": [ [ 4.367237, 50.833368 ], [ 4.368222, 50.833899 ] ] } },
{ "type": "Feature", "properties": { "index": "400586988#0", "element": "edge", "id": "400586988#0", "name": "Boulevard de Waterloo - Waterloolaan", "sampledSeconds": 41.28, "departed": 2.0, "arrived": 4.0, "entered": 45.0, "left": 43.0, "laneChangedFrom": 0.0, "laneChangedTo": 0.0, "traveltime": 0.04, "overlapTraveltime": 0.93, "density": 57.33, "laneDensity": 57.33, "occupancy": 1.1, "waitingTime": 0.0, "timeLoss": 13.5, "speed": 5.58, "speedRelative": 0.67, "teleported": 0.0 }, "geometry": { "type": "LineString", "coordinates": [ [ 4.361384, 50.838557 ], [ 4.361382, 50.838558 ] ] } },
{ "type": "Feature", "properties": { "index": "400586988#1", "element": "edge", "id": "400586988#1", "name": "Boulevard de Waterloo - Waterloolaan", "sampledSeconds": 42.78, "departed": 5.0, "arrived": 1.0, "entered": 43.0, "left": 47.0, "laneChangedFrom": 0.0, "laneChangedTo": 0.0, "traveltime": 0.03, "overlapTraveltime": 0.91, "density": 59.41, "laneDensity": 59.41, "occupancy": 1.15, "waitingTime": 0.0, "timeLoss": 13.42, "speed": 5.71, "speedRelative": 0.69, "teleported": 0.0 }, "geometry": { "type": "LineString", "coordinates": [ [ 4.361365, 50.838573 ], [ 4.361364, 50.838575 ] ] } },
{ "type": "Feature", "properties": { "index": "400586988#2", "element": "edge", "id": "400586988#2", "name": "Boulevard de Waterloo - Waterloolaan", "sampledSeconds": 240.56, "departed": 4.0, "arrived": 4.0, "entered": 47.0, "left": 47.0, "laneChangedFrom": 0.0, "laneChangedTo": 0.0, "traveltime": 4.14, "overlapTraveltime": 4.79, "density": 2.19, "laneDensity": 2.19, "occupancy": 0.95, "waitingTime": 0.0, "timeLoss": 26.42, "speed": 7.4, "speedRelative": 0.89, "teleported": 0.0 }, "geometry": { "type": "LineString", "coordinates": [ [ 4.361295, 50.838602 ], [ 4.361238, 50.838618 ], [ 4.360928, 50.83849 ] ] } },
{ "type": "Feature", "properties": { "index": "400587003", "element": "edge", "id": "400587003", "name": "", "sampledSeconds": 0.0, "departed": 0.0, "arrived": 0.0, "entered": 0.0, "left": 0.0, "laneChangedFrom": 0.0, "laneChangedTo": 0.0, "traveltime": 0.0, "overlapTraveltime": 0.0, "density": 0.0, "laneDensity": 0.0, "occupancy": 0.0, "waitingTime": 0.0, "timeLoss": 0.0, "speed": 0.0, "speedRelative": 0.0, "teleported": 0.0 }, "geometry": { "type": "LineString", "coordinates": [ [ 4.359076, 50.83766 ], [ 4.358858, 50.837584 ] ] } },
{ "type": "Feature", "properties": { "index": "400587006", "element": "edge", "id": "400587006", "name": "", "sampledSeconds": 0.0, "departed": 0.0, "arrived": 0.0, "entered": 0.0, "left": 0.0, "laneChangedFrom": 0.0, "laneChangedTo": 0.0, "traveltime": 0.0, "overlapTraveltime": 0.0, "density": 0.0, "laneDensity": 0.0, "occupancy": 0.0, "waitingTime": 0.0, "timeLoss": 0.0, "speed": 0.0, "speedRelative": 0.0, "teleported": 0.0 }, "geometry": { "type": "LineString", "coordinates": [ [ 4.360875, 50.838449 ], [ 4.360851, 50.838422 ], [ 4.360796, 50.8384 ], [ 4.360746, 50.838378 ], [ 4.360731, 50.838371 ], [ 4.36071, 50.838359 ], [ 4.360702, 50.838352 ], [ 4.360686, 50.838333 ], [ 4.360674, 50.838325 ], [ 4.36052, 50.838261 ], [ 4.359903, 50.838006 ], [ 4.359548, 50.83786 ], [ 4.359534, 50.837818 ], [ 4.359176, 50.83767 ], [ 4.359167, 50.83767 ] ] } },
{ "type": "Feature", "properties": { "index": "400587008", "element": "edge", "id": "400587008", "name": "", "sampledSeconds": 0.0, "departed": 0.0, "arrived": 0.0, "entered": 0.0, "left": 0.0, "laneChangedFrom": 0.0, "laneChangedTo": 0.0, "traveltime": 0.0, "overlapTraveltime": 0.0, "density": 0.0, "laneDensity": 0.0, "occupancy": 0.0, "waitingTime": 0.0, "timeLoss": 0.0, "speed": 0.0, "speedRelative": 0.0, "teleported": 0.0 }, "geometry": { "type": "LineString", "coordinates": [ [ 4.358766, 50.837514 ], [ 4.358757, 50.837505 ], [ 4.358663, 50.837467 ], [ 4.358655, 50.837466 ] ] } },
{ "type": "Feature", "properties": { "index": "400587009", "element": "edge", "id": "400587009", "name": "", "sampledSeconds": 0.0, "departed": 0.0, "arrived": 0.0, "entered": 0.0, "left": 0.0, "laneChangedFrom": 0.0, "laneChangedTo": 0.0, "traveltime": 0.0, "overlapTraveltime": 0.0, "density": 0.0, "laneDensity": 0.0, "occupancy": 0.0, "waitingTime": 0.0, "timeLoss": 0.0, "speed": 0.0, "speedRelative": 0.0, "teleported": 0.0 }, "geometry": { "type": "LineString", "coordinates": [ [ 4.361301, 50.838564 ], [ 4.36126, 50.838545 ], [ 4.360922, 50.838401 ] ] } },
{ "type": "Feature", "properties": { "index": "400587011", "element": "edge", "id": "400587011", "name": "", "sampledSeconds": 0.0, "departed": 0.0, "arrived": 0.0, "entered": 0.0, "left": 0.0, "laneChangedFrom": 0.0, "laneChangedTo": 0.0, "traveltime": 0.0, "overlapTraveltime": 0.0, "density": 0.0, "laneDensity": 0.0, "occupancy": 0.0, "waitingTime": 0.0, "timeLoss": 0.0, "speed": 0.0, "speedRelative": 0.0, "teleported": 0.0 }, "geometry": { "type": "LineString", "coordinates": [ [ 4.35722, 50.837113 ], [ 4.357167, 50.837137 ], [ 4.356985, 50.837306 ] ] } },
{ "type": "Feature", "properties": { "index": "400587013", "element": "edge", "id": "400587013", "name": "", "sampledSeconds": 0.0, "departed": 0.0, "arrived": 0.0, "entered": 0.0, "left": 0.0, "laneChangedFrom": 0.0, "laneChangedTo": 0.0, "traveltime": 0.0, "overlapTraveltime": 0.0, "density": 0.0, "laneDensity": 0.0, "occupancy": 0.0, "waitingTime": 0.0, "timeLoss": 0.0, "speed": 0.0, "speedRelative": 0.0, "teleported": 0.0 }, "geometry": { "type": "LineString", "coordinates": [ [ 4.358692, 50.837561 ], [ 4.358602, 50.837526 ], [ 4.358597, 50.83752 ] ] } },
{ "type": "Feature", "properties": { "index": "400587015", "element": "edge", "id": "400587015", "name": "", "sampledSeconds": 0.0, "departed": 0.0, "arrived": 0.0, "entered": 0.0, "left": 0.0, "laneChangedFrom": 0.0, "laneChangedTo": 0.0, "traveltime": 0.0, "overlapTraveltime": 0.0, "density": 0.0, "laneDensity": 0.0, "occupancy": 0.0, "waitingTime": 0.0, "timeLoss": 0.0, "speed": 0.0, "speedRelative": 0.0, "teleported": 0.0 }, "geometry": { "type": "LineString", "coordinates": [ [ 4.358709, 50.83753 ], [ 4.358638, 50.837499 ] ] } },
{ "type": "Feature", "properties": { "index": "400587016#0", "element": "edge", "id": "400587016#0", "name": "", "sampledSeconds": 0.0, "departed": 0.0, "arrived": 0.0, "entered": 0.0, "left": 0.0, "laneChangedFrom": 0.0, "laneChangedTo": 0.0, "traveltime": 0.0, "overlapTraveltime": 0.0, "density": 0.0, "laneDensity": 0.0, "occupancy": 0.0, "waitingTime": 0.0, "timeLoss": 0.0, "speed": 0.0, "speedRelative": 0.0, "teleported": 0.0 }, "geometry": { "type": "LineString", "coordinates": [ [ 4.358459, 50.837479 ], [ 4.358467, 50.837471 ] ] } },
{ "type": "Feature", "properties": { "index": "400587016#1", "element": "edge", "id": "400587016#1", "name": "", "sampledSeconds": 0.0, "departed": 0.0, "arrived": 0.0, "entered": 0.0, "left": 0.0, "laneChangedFrom": 0.0, "laneChangedTo": 0.0, "traveltime": 0.0, "overlapTraveltime": 0.0, "density": 0.0, "laneDensity": 0.0, "occupancy": 0.0, "waitingTime": 0.0, "timeLoss": 0.0, "speed": 0.0, "speedRelative": 0.0, "teleported": 0.0 }, "geometry": { "type": "LineString", "coordinates": [ [ 4.358535, 50.837402 ], [ 4.358554, 50.837382 ] ] } },
{ "type": "Feature", "properties": { "index": "400587017", "element": "edge", "id": "400587017", "name": "", "sampledSeconds": 0.0, "departed": 0.0, "arrived": 0.0, "entered": 0.0, "left": 0.0, "laneChangedFrom": 0.0, "laneChangedTo": 0.0, "traveltime": 0.0, "overlapTraveltime": 0.0, "density": 0.0, "laneDensity": 0.0, "occupancy": 0.0, "waitingTime": 0.0, "timeLoss": 0.0, "speed": 0.0, "speedRelative": 0.0, "teleported": 0.0 }, "geometry": { "type": "LineString", "coordinates": [ [ 4.361342, 50.838545 ], [ 4.361287, 50.838521 ], [ 4.361261, 50.838511 ], [ 4.360946, 50.838378 ] ] } },
{ "type": "Feature", "properties": { "index": "400603376#0", "element": "edge", "id": "400603376#0", "name": "", "sampledSeconds": 0.0, "departed": 0.0, "arrived": 0.0, "entered": 0.0, "left": 0.0, "laneChangedFrom": 0.0, "laneChangedTo": 0.0, "traveltime": 0.0, "overlapTraveltime": 0.0, "density": 0.0, "laneDensity": 0.0, "occupancy": 0.0, "waitingTime": 0.0, "timeLoss": 0.0, "speed": 0.0, "speedRelative": 0.0, "teleported": 0.0 }, "geometry": { "type": "LineString", "coordinates": [ [ 4.357229, 50.837066 ], [ 4.357254, 50.837042 ] ] } },
{ "type": "Feature", "properties": { "index": "400665639", "element": "edge", "id": "400665639", "name": "", "sampledSeconds": 0.0, "departed": 0.0, "arrived": 0.0, "entered": 0.0, "left": 0.0, "laneChangedFrom": 0.0, "laneChangedTo": 0.0, "traveltime": 0.0, "overlapTraveltime": 0.0, "density": 0.0, "laneDensity": 0.0, "occupancy": 0.0, "waitingTime": 0.0, "timeLoss": 0.0, "speed": 0.0, "speedRelative": 0.0, "teleported": 0.0 }, "geometry": { "type": "LineString", "coordinates": [ [ 4.35869, 50.837001 ], [ 4.359264, 50.837225 ] ] } },
{ "type": "Feature", "properties": { "index": "400961599#0", "element": "edge", "id": "400961599#0", "name": "Place du Trône - Troonplein", "sampledSeconds": 58.57, "departed": 6.0, "arrived": 0.0, "entered": 0.0, "left": 6.0, "laneChangedFrom": 0.0, "laneChangedTo": 0.0, "traveltime": 9.21, "overlapTraveltime": 10.68, "density": 0.3, "laneDensity": 0.3, "occupancy": 0.14, "waitingTime": 0.0, "timeLoss": 17.55, "speed": 5.55, "speedRelative": 0.67, "teleported": 0.0 }, "geometry": { "type": "LineString", "coordinates": [ [ 4.363346, 50.840318 ], [ 4.363776, 50.83997 ], [ 4.363798, 50.839952 ], [ 4.363821, 50.839934 ] ] } },
{ "type": "Feature", "properties": { "index": "400961616", "element": "edge", "id": "400961616", "name": "", "sampledSeconds": 0.0, "departed": 0.0, "arrived": 0.0, "entered": 0.0, "left": 0.0, "laneChangedFrom": 0.0, "laneChangedTo": 0.0, "traveltime": 0.0, "overlapTraveltime": 0.0, "density": 0.0, "laneDensity": 0.0, "occupancy": 0.0, "waitingTime": 0.0, "timeLoss": 0.0, "speed": 0.0, "speedRelative": 0.0, "teleported": 0.0 }, "geometry": { "type": "LineString", "coordinates": [ [ 4.362941, 50.838646 ], [ 4.36294, 50.838606 ], [ 4.362947, 50.838588 ], [ 4.362951, 50.838585 ] ] } },
{ "type": "Feature", "properties": { "index": "400961618", "element": "edge", "id": "400961618", "name": "", "sampledSeconds": 0.0, "departed": 0.0, "arrived": 0.0, "entered": 0.0, "left": 0.0, "laneChangedFrom": 0.0, "laneChangedTo": 0.0, "traveltime": 0.0, "overlapTraveltime": 0.0, "density": 0.0, "laneDensity": 0.0, "occupancy": 0.0, "waitingTime": 0.0, "timeLoss": 0.0, "speed": 0.0, "speedRelative": 0.0, "teleported": 0.0 }, "geometry": { "type": "LineString", "coordinates": [ [ 4.363157, 50.838597 ], [ 4.363114, 50.838597 ], [ 4.363028, 50.838597 ], [ 4.363006, 50.838597 ] ] } },
{ "type": "Feature", "properties": { "index": "400961620", "element": "edge", "id": "400961620", "name": "", "sampledSeconds": 0.0, "departed": 0.0, "arrived": 0.0, "entered": 0.0, "left": 0.0, "laneChangedFrom": 0.0, "laneChangedTo": 0.0, "traveltime": 0.0, "overlapTraveltime": 0.0, "density": 0.0, "laneDensity": 0.0, "occupancy": 0.0, "waitingTime": 0.0, "timeLoss": 0.0, "speed": 0.0, "speedRelative": 0.0, "teleported": 0.0 }, "geometry": { "type": "LineString", "coordinates": [ [ 4.363003, 50.83857 ], [ 4.363028, 50.838569 ], [ 4.363113, 50.83857 ], [ 4.363157, 50.83857 ] ] } },
{ "type": "Feature", "properties": { "index": "400961623", "element": "edge", "id": "400961623", "name": "", "sampledSeconds": 0.0, "departed": 0.0, "arrived": 0.0, "entered": 0.0, "left": 0.0, "laneChangedFrom": 0.0, "laneChangedTo": 0.0, "traveltime": 0.0, "overlapTraveltime": 0.0, "density": 0.0, "laneDensity": 0.0, "occupancy": 0.0, "waitingTime": 0.0, "timeLoss": 0.0, "speed": 0.0, "speedRelative": 0.0, "teleported": 0.0 }, "geometry": { "type": "LineString", "coordinates": [ [ 4.36316, 50.83857 ], [ 4.363194, 50.838566 ], [ 4.363217, 50.83856 ], [ 4.363232, 50.838551 ], [ 4.363271, 50.838516 ] ] } },
{ "type": "Feature", "properties": { "index": "400961625#0", "element": "edge", "id": "400961625#0", "name": "", "sampledSeconds": 85.49, "departed": 4.0, "arrived": 6.0, "entered": 24.0, "left": 22.0, "laneChangedFrom": 0.0, "laneChangedTo": 0.0, "traveltime": 2.26, "overlapTraveltime": 3.3, "density": 2.2, "laneDensity": 2.2, "occupancy": 0.86, "waitingTime": 7.0, "timeLoss": 42.45, "speed": 4.79, "speedRelative": 0.34, "teleported": 0.0 }, "geometry": { "type": "LineString", "coordinates": [ [ 4.362285, 50.83884 ], [ 4.36238, 50.838763 ] ] } },
{ "type": "Feature", "properties": { "index": "40151775", "element": "edge", "id": "40151775", "name": "Avenue Émile Duray - Émile Duraylaan", "sampledSeconds": 152.26, "departed": 3.0, "arrived": 4.0, "entered": 62.0, "left": 61.0, "laneChangedFrom": 0.0, "laneChangedTo": 0.0, "traveltime": 1.59, "overlapTraveltime": 2.4, "density": 6.93, "laneDensity": 6.93, "occupancy": 2.2, "waitingTime": 20.0, "timeLoss": 66.64, "speed": 4.63, "speedRelative": 0.56, "teleported": 0.0 }, "geometry": { "type": "LineString", "coordinates": [ [ 4.375053, 50.820085 ], [ 4.375005, 50.82013 ] ] } },
{ "type": "Feature", "properties": { "index": "40151778", "element": "edge", "id": "40151778", "name": "Square de la Croix Rouge - Rode-Kruissquare", "sampledSeconds": 2922.69, "departed": 4.0, "arrived": 1.0, "entered": 250.0, "left": 251.0, "laneChangedFrom": 0.0, "laneChangedTo": 0.0, "traveltime": 10.87, "overlapTraveltime": 11.57, "density": 10.44, "laneDensity": 10.44, "occupancy": 4.91, "waitingTime": 0.0, "timeLoss": 381.37, "speed": 7.16, "speedRelative": 0.86, "teleported": 0.0 }, "geometry": { "type": "LineString", "coordinates": [ [ 4.374813, 50.820205 ], [ 4.374516, 50.820266 ], [ 4.374276, 50.820291 ], [ 4.373986, 50.820322 ], [ 4.373734, 50.820343 ] ] } },
{ "type": "Feature", "properties": { "index": "40151779#0", "element": "edge", "id": "40151779#0", "name": "Avenue Géo Bernier - Géo Bernierlaan", "sampledSeconds": 595.73, "departed": 1.0, "arrived": 5.0, "entered": 246.0, "left": 241.0, "laneChangedFrom": 0.0, "laneChangedTo": 0.0, "traveltime": 1.73, "overlapTraveltime": 2.42, "density": 13.3, "laneDensity": 13.3, "occupancy": 4.75, "waitingTime": 0.0, "timeLoss": 73.64, "speed": 7.2, "speedRelative": 0.86, "teleported": 0.0 }, "geometry": { "type": "LineString", "coordinates": [ [ 4.375203, 50.820144 ], [ 4.375149, 50.820141 ], [ 4.375084, 50.820149 ], [ 4.37503, 50.82016 ] ] } },
{ "type": "Feature", "properties": { "index": "40151780#0", "element": "edge", "id": "40151780#0", "name": "Avenue Émile Duray - Émile Duraylaan", "sampledSeconds": 401.81, "departed": 6.0, "arrived": 5.0, "entered": 40.0, "left": 41.0, "laneChangedFrom": 0.0, "laneChangedTo": 0.0, "traveltime": 7.89, "overlapTraveltime": 8.98, "density": 3.38, "laneDensity": 3.38, "occupancy": 1.55, "waitingTime": 101.0, "timeLoss": 196.12, "speed": 4.24, "speedRelative": 0.51, "teleported": 0.0 }, "geometry": { "type": "LineString", "coordinates": [ [ 4.375377, 50.81974 ], [ 4.375217, 50.819919 ], [ 4.375141, 50.819997 ] ] } },
{ "type": "Feature", "properties": { "index": "403882372", "element": "edge", "id": "403882372", "name": "Porte de Namur - Naamsepoort", "sampledSeconds": 187.87, "departed": 5.0, "arrived": 3.0, "entered": 136.0, "left": 138.0, "laneChangedFrom": 5.0, "laneChangedTo": 5.0, "traveltime": 0.29, "overlapTraveltime": 1.33, "density": 260.92, "laneDensity": 130.46, "occupancy": 2.32, "waitingTime": 59.86, "timeLoss": 97.41, "speed": 3.9, "speedRelative": 0.47, "teleported": 0.0 }, "geometry": { "type": "LineString", "coordinates": [ [ 4.361845, 50.838464 ], [ 4.361847, 50.838463 ] ] } },
{ "type": "Feature", "properties": { "index": "403882373", "element": "edge", "id": "403882373", "name": "Porte de Namur - Naamsepoort", "sampledSeconds": 1360.76, "departed": 6.0, "arrived": 4.0, "entered": 419.0, "left": 422.0, "laneChangedFrom": 95.0, "laneChangedTo": 95.0, "traveltime": 2.14, "overlapTraveltime": 3.21, "density": 28.44, "laneDensity": 14.22, "occupancy": 4.88, "waitingTime": 208.0, "timeLoss": 423.36, "speed": 5.7, "speedRelative": 0.68, "teleported": 0.0 }, "geometry": { "type": "LineString", "coordinates": [ [ 4.361991, 50.838511 ], [ 4.362083, 50.838552 ], [ 4.362112, 50.838567 ], [ 4.362135, 50.838586 ] ] } },
{ "type": "Feature", "properties": { "index": "403882374", "element": "edge", "id": "403882374", "name": "Porte de Namur - Naamsepoort", "sampledSeconds": 64.56, "departed": 4.0, "arrived": 2.0, "entered": 23.0, "left": 26.0, "laneChangedFrom": 5.0, "laneChangedTo": 5.0, "traveltime": 1.4, "overlapTraveltime": 2.45, "density": 89.67, "laneDensity": 44.83, "occupancy": 0.66, "waitingTime": 30.58, "timeLoss": 48.16, "speed": 2.12, "speedRelative": 0.25, "teleported": 0.0 }, "geometry": { "type": "LineString", "coordinates": [ [ 4.361921, 50.838498 ], [ 4.361924, 50.838498 ] ] } },
{ "type": "Feature", "properties": { "index": "40487477#0", "element": "edge", "id": "40487477#0", "name": "", "sampledSeconds": 0.0, "departed": 0.0, "arrived": 0.0, "entered": 0.0, "left": 0.0, "laneChangedFrom": 0.0, "laneChangedTo": 0.0, "traveltime": 0.0, "overlapTraveltime": 0.0, "density": 0.0, "laneDensity": 0.0, "occupancy": 0.0, "waitingTime": 0.0, "timeLoss": 0.0, "speed": 0.0, "speedRelative": 0.0, "teleported": 0.0 }, "geometry": { "type": "LineString", "coordinates": [ [ 4.355812, 50.836066 ], [ 4.35593, 50.836115 ], [ 4.356004, 50.836134 ], [ 4.357531, 50.836769 ], [ 4.357569, 50.836785 ] ] } },
{ "type": "Feature", "properties": { "index": "40487768#0", "element": "edge", "id": "40487768#0", "name": "Boulevard de Waterloo - Waterloolaan", "sampledSeconds": 0.0, "departed": 0.0, "arrived": 0.0, "entered": 0.0, "left": 0.0, "laneChangedFrom": 0.0, "laneChangedTo": 0.0, "traveltime": 0.0, "overlapTraveltime": 0.0, "density": 0.0, "laneDensity": 0.0, "occupancy": 0.0, "waitingTime": 0.0, "timeLoss": 0.0, "speed": 0.0, "speedRelative": 0.0, "teleported": 0.0 }, "geometry": { "type": "LineString", "coordinates": [ [ 4.358031, 50.837221 ], [ 4.35799, 50.837212 ], [ 4.357304, 50.836926 ], [ 4.356092, 50.836422 ], [ 4.356059, 50.836415 ], [ 4.356037, 50.836418 ], [ 4.35602, 50.836425 ], [ 4.355992, 50.836448 ] ] } },
{ "type": "Feature", "properties": { "index": "40487883#0", "element": "edge", "id": "40487883#0", "name": "Rue du Trône - Troonstraat", "sampledSeconds": 2370.75, "departed": 4.0, "arrived": 2.0, "entered": 213.0, "left": 215.0, "laneChangedFrom": 0.0, "laneChangedTo": 0.0, "traveltime": 10.27, "overlapTraveltime": 10.94, "density": 8.75, "laneDensity": 8.75, "occupancy": 4.08, "waitingTime": 1.0, "timeLoss": 272.76, "speed": 7.33, "speedRelative": 0.88, "teleported": 0.0 }, "geometry": { "type": "LineString", "coordinates": [ [ 4.365791, 50.84033 ], [ 4.36584, 50.840291 ], [ 4.365908, 50.840235 ], [ 4.365929, 50.840219 ], [ 4.365968, 50.840187 ], [ 4.366079, 50.840099 ], [ 4.366453, 50.839799 ] ] } },
{ "type": "Feature", "properties": { "index": "40493384#0", "element": "edge", "id": "40493384#0", "name": "Avenue Louise - Louizalaan", "sampledSeconds": 6290.87, "departed": 2.0, "arrived": 1.0, "entered": 165.0, "left": 157.0, "laneChangedFrom": 0.0, "laneChangedTo": 0.0, "traveltime": 40.35, "overlapTraveltime": 47.95, "density": 41.58, "laneDensity": 41.58, "occupancy": 17.49, "waitingTime": 5250.0, "timeLoss": 5534.73, "speed": 0.98, "speedRelative": 0.12, "teleported": 0.0 }, "geometry": { "type": "LineString", "coordinates": [ [ 4.363934, 50.827569 ], [ 4.36361, 50.827886 ] ] } },
{ "type": "Feature", "properties": { "index": "40493384#2", "element": "edge", "id": "40493384#2", "name": "Avenue Louise - Louizalaan", "sampledSeconds": 3527.03, "departed": 0.0, "arrived": 2.0, "entered": 156.0, "left": 150.0, "laneChangedFrom": 0.0, "laneChangedTo": 0.0, "traveltime": 26.9, "overlapTraveltime": 27.72, "density": 48.69, "laneDensity": 48.69, "occupancy": 22.54, "waitingTime": 3006.0, "timeLoss": 3134.44, "speed": 0.91, "speedRelative": 0.11, "teleported": 2.0 }, "geometry": { "type": "LineString", "coordinates": [ [ 4.363556, 50.827939 ], [ 4.363402, 50.828091 ] ] } },
{ "type": "Feature", "properties": { "index": "40493384#3", "element": "edge", "id": "40493384#3", "name": "Avenue Louise - Louizalaan", "sampledSeconds": 10784.11, "departed": 2.0, "arrived": 4.0, "entered": 149.0, "left": 138.0, "laneChangedFrom": 0.0, "laneChangedTo": 0.0, "traveltime": 87.38, "overlapTraveltime": 88.38, "density": 46.63, "laneDensity": 46.63, "occupancy": 23.13, "waitingTime": 9306.0, "timeLoss": 9742.49, "speed": 0.78, "speedRelative": 0.09, "teleported": 2.0 }, "geometry": { "type": "LineString", "coordinates": [ [ 4.363349, 50.828143 ], [ 4.363085, 50.8284 ], [ 4.362849, 50.828626 ] ] } },
{ "type": "Feature", "properties": { "index": "40493385#0", "element": "edge", "id": "40493385#0", "name": "Avenue Louise - Louizalaan", "sampledSeconds": 8777.36, "departed": 4.0, "arrived": 1.0, "entered": 112.0, "left": 108.0, "laneChangedFrom": 0.0, "laneChangedTo": 0.0, "traveltime": 88.97, "overlapTraveltime": 94.21, "density": 55.49, "laneDensity": 55.49, "occupancy": 26.4, "waitingTime": 7828.34, "timeLoss": 8217.7, "speed": 0.52, "speedRelative": 0.06, "teleported": 2.0 }, "geometry": { "type": "LineString", "coordinates": [ [ 4.362731, 50.828739 ], [ 4.362439, 50.829019 ], [ 4.362423, 50.829035 ], [ 4.362388, 50.829069 ] ] } },
{ "type": "Feature", "properties": { "index": "40493386#0", "element": "edge", "id": "40493386#0", "name": "Rue Lesbroussart - Lesbroussartstraat", "sampledSeconds": 21412.58, "departed": 5.0, "arrived": 1.0, "entered": 98.0, "left": 94.0, "laneChangedFrom": 0.0, "laneChangedTo": 0.0, "traveltime": 213.52, "overlapTraveltime": 215.1, "density": 50.45, "laneDensity": 50.45, "occupancy": 25.13, "waitingTime": 18643.0, "timeLoss": 19927.45, "speed": 0.57, "speedRelative": 0.07, "teleported": 2.0 }, "geometry": { "type": "LineString", "coordinates": [ [ 4.366224, 50.8276 ], [ 4.366309, 50.827602 ], [ 4.367104, 50.827635 ], [ 4.36767, 50.827657 ], [ 4.367894, 50.827665 ] ] } },
{ "type": "Feature", "properties": { "index": "40493418", "element": "edge", "id": "40493418", "name": "Rue de l&apos;Arbre Bénit - Gewijde-Boomstraat", "sampledSeconds": 385.71, "departed": 8.0, "arrived": 1.0, "entered": 23.0, "left": 30.0, "laneChangedFrom": 0.0, "laneChangedTo": 0.0, "traveltime": 11.96, "overlapTraveltime": 12.65, "density": 1.23, "laneDensity": 1.23, "occupancy": 0.59, "waitingTime": 0.0, "timeLoss": 44.47, "speed": 7.27, "speedRelative": 0.87, "teleported": 0.0 }, "geometry": { "type": "LineString", "coordinates": [ [ 4.363928, 50.831003 ], [ 4.363929, 50.830999 ], [ 4.364026, 50.830369 ], [ 4.364056, 50.830226 ] ] } },
{ "type": "Feature", "properties": { "index": "40493501#0", "element": "edge", "id": "40493501#0", "name": "Chaussée d&apos;Ixelles - Elsense Steenweg", "sampledSeconds": 5225.21, "departed": 2.0, "arrived": 5.0, "entered": 209.0, "left": 203.0, "laneChangedFrom": 0.0, "laneChangedTo": 0.0, "traveltime": 26.05, "overlapTraveltime": 26.82, "density": 59.24, "laneDensity": 59.24, "occupancy": 26.63, "waitingTime": 4337.0, "timeLoss": 4524.71, "speed": 1.1, "speedRelative": 0.13, "teleported": 2.0 }, "geometry": { "type": "LineString", "coordinates": [ [ 4.367333, 50.832006 ], [ 4.367338, 50.832004 ], [ 4.367586, 50.831855 ] ] } },
{ "type": "Feature", "properties": { "index": "40493501#1", "element": "edge", "id": "40493501#1", "name": "Chaussée d&apos;Ixelles - Elsense Steenweg", "sampledSeconds": 11712.0, "departed": 1.0, "arrived": 2.0, "entered": 202.0, "left": 193.0, "laneChangedFrom": 0.0, "laneChangedTo": 0.0, "traveltime": 60.25, "overlapTraveltime": 63.24, "density": 60.33, "laneDensity": 60.33, "occupancy": 28.94, "waitingTime": 9903.0, "timeLoss": 10381.02, "speed": 0.93, "speedRelative": 0.11, "teleported": 1.0 }, "geometry": { "type": "LineString", "coordinates": [ [ 4.367683, 50.831797 ], [ 4.36803, 50.831597 ], [ 4.368119, 50.83154 ], [ 4.368223, 50.831455 ] ] } },
{ "type": "Feature", "properties": { "index": "40493501#2", "element": "edge", "id": "40493501#2", "name": "Chaussée d&apos;Ixelles - Elsense Steenweg", "sampledSeconds": 5123.2, "departed": 6.0, "arrived": 4.0, "entered": 192.0, "left": 191.0, "laneChangedFrom": 0.0, "laneChangedTo": 0.0, "traveltime": 27.13, "overlapTraveltime": 28.25, "density": 66.81, "laneDensity": 66.81, "occupancy": 32.41, "waitingTime": 4319.0, "timeLoss": 4535.57, "speed": 0.93, "speedRelative": 0.11, "teleported": 2.0 }, "geometry": { "type": "LineString", "coordinates": [ [ 4.368273, 50.831407 ], [ 4.368356, 50.83131 ], [ 4.368423, 50.83124 ] ] } },
{ "type": "Feature", "properties": { "index": "40493501#3", "element": "edge", "id": "40493501#3", "name": "Chaussée d&apos;Ixelles - Elsense Steenweg", "sampledSeconds": 37772.36, "departed": 3.0, "arrived": 3.0, "entered": 219.0, "left": 196.0, "laneChangedFrom": 0.0, "laneChangedTo": 0.0, "traveltime": 191.88, "overlapTraveltime": 193.11, "density": 66.22, "laneDensity": 66.22, "occupancy": 32.96, "waitingTime": 31890.0, "timeLoss": 33862.47, "speed": 0.85, "speedRelative": 0.1, "teleported": 2.0 }, "geometry": { "type": "LineString", "coordinates": [ [ 4.368496, 50.83116 ], [ 4.368505, 50.831151 ], [ 4.369521, 50.82999 ], [ 4.369575, 50.82993 ], [ 4.369588, 50.829915 ] ] } },
{ "type": "Feature", "properties": { "index": "40493501#4", "element": "edge", "id": "40493501#4", "name": "Chaussée d&apos;Ixelles - Elsense Steenweg", "sampledSeconds": 12043.87, "departed": 1.0, "arrived": 3.0, "entered": 161.0, "left": 151.0, "laneChangedFrom": 0.0, "laneChangedTo": 0.0, "traveltime": 86.36, "overlapTraveltime": 87.39, "density": 69.55, "laneDensity": 69.55, "occupancy": 32.96, "waitingTime": 10762.0, "timeLoss": 11150.75, "speed": 0.61, "speedRelative": 0.07, "teleported": 2.0 }, "geometry": { "type": "LineString", "coordinates": [ [ 4.36969, 50.829801 ], [ 4.369717, 50.829771 ], [ 4.369992, 50.829463 ], [ 4.370025, 50.829424 ] ] } },
{ "type": "Feature", "properties": { "index": "40493502", "element": "edge", "id": "40493502", "name": "Place Fernand Cocq - Fernand Cocqplein", "sampledSeconds": 6013.33, "departed": 6.0, "arrived": 0.0, "entered": 157.0, "left": 160.0, "laneChangedFrom": 0.0, "laneChangedTo": 0.0, "traveltime": 29.9, "overlapTraveltime": 38.42, "density": 58.57, "laneDensity": 58.57, "occupancy": 23.97, "waitingTime": 4719.0, "timeLoss": 5052.27, "speed": 0.87, "speedRelative": 0.16, "teleported": 0.0 }, "geometry": { "type": "LineString", "coordinates": [ [ 4.366579, 50.832917 ], [ 4.366631, 50.8328 ], [ 4.366678, 50.832669 ] ] } },
{ "type": "Feature", "properties": { "index": "40493652", "element": "edge", "id": "40493652", "name": "Porte de Namur - Naamsepoort", "sampledSeconds": 227.12, "departed": 6.0, "arrived": 6.0, "entered": 36.0, "left": 36.0, "laneChangedFrom": 0.0, "laneChangedTo": 0.0, "traveltime": 4.98, "overlapTraveltime": 6.1, "density": 133.33, "laneDensity": 133.33, "occupancy": 4.49, "waitingTime": 174.81, "timeLoss": 204.83, "speed": 0.85, "speedRelative": 0.1, "teleported": 0.0 }, "geometry": { "type": "LineString", "coordinates": [ [ 4.361789, 50.838823 ], [ 4.361791, 50.838822 ] ] } },
{ "type": "Feature", "properties": { "index": "40598675#0", "element": "edge", "id": "40598675#0", "name": "Chaussée de Vleurgat - Vleurgatse Steenweg", "sampledSeconds": 121.65, "departed": 9.0, "arrived": 0.0, "entered": 0.0, "left": 9.0, "laneChangedFrom": 0.0, "laneChangedTo": 0.0, "traveltime": 13.57, "overlapTraveltime": 14.27, "density": 0.37, "laneDensity": 0.37, "occupancy": 0.18, "waitingTime": 0.0, "timeLoss": 22.55, "speed": 6.77, "speedRelative": 0.81, "teleported": 0.0 }, "geometry": { "type": "LineString", "coordinates": [ [ 4.366463, 50.820928 ], [ 4.366499, 50.821114 ], [ 4.366503, 50.821131 ], [ 4.366513, 50.821173 ], [ 4.366592, 50.821479 ], [ 4.36667, 50.821741 ] ] } },
{ "type": "Feature", "properties": { "index": "40598675#3", "element": "edge", "id": "40598675#3", "name": "Chaussée de Vleurgat - Vleurgatse Steenweg", "sampledSeconds": 553.16, "departed": 3.0, "arrived": 2.0, "entered": 17.0, "left": 18.0, "laneChangedFrom": 0.0, "laneChangedTo": 0.0, "traveltime": 27.07, "overlapTraveltime": 27.85, "density": 1.25, "laneDensity": 1.25, "occupancy": 0.61, "waitingTime": 187.0, "timeLoss": 236.93, "speed": 4.61, "speedRelative": 0.55, "teleported": 0.0 }, "geometry": { "type": "LineString", "coordinates": [ [ 4.366708, 50.821868 ], [ 4.366756, 50.822038 ], [ 4.366769, 50.822084 ], [ 4.366886, 50.822503 ], [ 4.366934, 50.822608 ], [ 4.367201, 50.82292 ] ] } },
{ "type": "Feature", "properties": { "index": "40598677#0", "element": "edge", "id": "40598677#0", "name": "Place Eugène Flagey - Eugène Flageyplein", "sampledSeconds": 10480.46, "departed": 3.0, "arrived": 1.0, "entered": 352.0, "left": 348.0, "laneChangedFrom": 0.0, "laneChangedTo": 0.0, "traveltime": 33.02, "overlapTraveltime": 33.96, "density": 112.66, "laneDensity": 112.66, "occupancy": 50.81, "waitingTime": 8704.0, "timeLoss": 9295.37, "speed": 0.91, "speedRelative": 0.11, "teleported": 5.0 }, "geometry": { "type": "LineString", "coordinates": [ [ 4.372551, 50.828356 ], [ 4.372308, 50.828531 ] ] } },
{ "type": "Feature", "properties": { "index": "410939625", "element": "edge", "id": "410939625", "name": "", "sampledSeconds": 153.87, "departed": 0.0, "arrived": 3.0, "entered": 26.0, "left": 23.0, "laneChangedFrom": 0.0, "laneChangedTo": 0.0, "traveltime": 5.55, "overlapTraveltime": 5.94, "density": 0.59, "laneDensity": 0.29, "occupancy": 0.14, "waitingTime": 0.0, "timeLoss": 8.26, "speed": 13.05, "speedRelative": 0.94, "teleported": 0.0 }, "geometry": { "type": "LineString", "coordinates": [ [ 4.364055, 50.839621 ], [ 4.364834, 50.840047 ] ] } },
{ "type": "Feature", "properties": { "index": "410939626", "element": "edge", "id": "410939626", "name": "", "sampledSeconds": 25.47, "departed": 4.0, "arrived": 2.0, "entered": 22.0, "left": 24.0, "laneChangedFrom": 0.0, "laneChangedTo": 0.0, "traveltime": 0.15, "overlapTraveltime": 0.99, "density": 35.38, "laneDensity": 35.38, "occupancy": 0.64, "waitingTime": 2.0, "timeLoss": 15.57, "speed": 5.28, "speedRelative": 0.38, "teleported": 0.0 }, "geometry": { "type": "LineString", "coordinates": [ [ 4.363679, 50.839381 ], [ 4.36368, 50.839383 ] ] } },
{ "type": "Feature", "properties": { "index": "410939627", "element": "edge", "id": "410939627", "name": "", "sampledSeconds": 59.07, "departed": 7.0, "arrived": 1.0, "entered": 56.0, "left": 62.0, "laneChangedFrom": 0.0, "laneChangedTo": 0.0, "traveltime": 0.11, "overlapTraveltime": 0.95, "density": 82.04, "laneDensity": 82.04, "occupancy": 1.51, "waitingTime": 3.0, "timeLoss": 35.43, "speed": 5.45, "speedRelative": 0.39, "teleported": 0.0 }, "geometry": { "type": "LineString", "coordinates": [ [ 4.364004, 50.839548 ], [ 4.364006, 50.839549 ] ] } },
{ "type": "Feature", "properties": { "index": "413722446", "element": "edge", "id": "413722446", "name": "Avenue Émile De Mot - Émile De Motlaan", "sampledSeconds": 59.46, "departed": 2.0, "arrived": 5.0, "entered": 77.0, "left": 74.0, "laneChangedFrom": 2.0, "laneChangedTo": 2.0, "traveltime": 0.05, "overlapTraveltime": 0.76, "density": 82.59, "laneDensity": 41.29, "occupancy": 0.8, "waitingTime": 2.0, "timeLoss": 17.63, "speed": 6.85, "speedRelative": 0.49, "teleported": 0.0 }, "geometry": { "type": "LineString", "coordinates": [ [ 4.375732, 50.816241 ], [ 4.375734, 50.81624 ] ] } },
{ "type": "Feature", "properties": { "index": "413722450", "element": "edge", "id": "413722450", "name": "Boulevard de la Cambre - Terkamerenlaan", "sampledSeconds": 718.78, "departed": 5.0, "arrived": 2.0, "entered": 18.0, "left": 21.0, "laneChangedFrom": 0.0, "laneChangedTo": 0.0, "traveltime": 30.65, "overlapTraveltime": 31.42, "density": 0.91, "laneDensity": 0.91, "occupancy": 0.44, "waitingTime": 0.0, "timeLoss": 75.59, "speed": 7.16, "speedRelative": 0.86, "teleported": 0.0 }, "geometry": { "type": "LineString", "coordinates": [ [ 4.375542, 50.816247 ], [ 4.375449, 50.81622 ], [ 4.375373, 50.816204 ], [ 4.373206, 50.815844 ], [ 4.373169, 50.815841 ], [ 4.37312, 50.81584 ], [ 4.373086, 50.815836 ], [ 4.372533, 50.815752 ], [ 4.372524, 50.815752 ] ] } },
{ "type": "Feature", "properties": { "index": "413722453#0", "element": "edge", "id": "413722453#0", "name": "Boulevard de la Cambre - Terkamerenlaan", "sampledSeconds": 97.21, "departed": 2.0, "arrived": 0.0, "entered": 1.0, "left": 3.0, "laneChangedFrom": 0.0, "laneChangedTo": 0.0, "traveltime": 32.2, "overlapTraveltime": 32.88, "density": 0.12, "laneDensity": 0.12, "occupancy": 0.06, "waitingTime": 0.0, "timeLoss": 11.27, "speed": 7.1, "speedRelative": 0.85, "teleported": 0.0 }, "geometry": { "type": "LineString", "coordinates": [ [ 4.372551, 50.815675 ], [ 4.37256, 50.815677 ], [ 4.374849, 50.816048 ], [ 4.375431, 50.816148 ], [ 4.375487, 50.816158 ], [ 4.375565, 50.816171 ], [ 4.375663, 50.816184 ], [ 4.37569, 50.816188 ] ] } },
{ "type": "Feature", "properties": { "index": "414404581#0", "element": "edge", "id": "414404581#0", "name": "Rue de la Brasserie - Brouwerijstraat", "sampledSeconds": 9768.65, "departed": 1.0, "arrived": 2.0, "entered": 259.0, "left": 252.0, "laneChangedFrom": 0.0, "laneChangedTo": 0.0, "traveltime": 44.05, "overlapTraveltime": 44.94, "density": 91.64, "laneDensity": 91.64, "occupancy": 45.04, "waitingTime": 8541.0, "timeLoss": 8865.86, "speed": 0.77, "speedRelative": 0.09, "teleported": 7.0 }, "geometry": { "type": "LineString", "coordinates": [ [ 4.37403, 50.827734 ], [ 4.373752, 50.827672 ], [ 4.373633, 50.827646 ] ] } },
{ "type": "Feature", "properties": { "index": "419709604#0", "element": "edge", "id": "419709604#0", "name": "", "sampledSeconds": 2404.78, "departed": 8.0, "arrived": 1.0, "entered": 33.0, "left": 36.0, "laneChangedFrom": 21.0, "laneChangedTo": 21.0, "traveltime": 76.56, "overlapTraveltime": 74.78, "density": 75.82, "laneDensity": 37.91, "occupancy": 18.2, "waitingTime": 2304.0, "timeLoss": 2351.8, "speed": 0.18, "speedRelative": 0.02, "teleported": 3.0 }, "geometry": { "type": "LineString", "coordinates": [ [ 4.361965, 50.828904 ], [ 4.36198, 50.828908 ], [ 4.362036, 50.828932 ] ] } },
{ "type": "Feature", "properties": { "index": "419709604#1", "element": "edge", "id": "419709604#1", "name": "", "sampledSeconds": 3211.2, "departed": 7.0, "arrived": 1.0, "entered": 40.0, "left": 45.0, "laneChangedFrom": 0.0, "laneChangedTo": 0.0, "traveltime": 44.27, "overlapTraveltime": 89.49, "density": 142.26, "laneDensity": 71.13, "occupancy": 19.91, "waitingTime": 3106.0, "timeLoss": 3162.98, "speed": 0.13, "speedRelative": 0.02, "teleported": 2.0 }, "geometry": { "type": "LineString", "coordinates": [ [ 4.362146, 50.828977 ], [ 4.362215, 50.829005 ], [ 4.362221, 50.829007 ] ] } },
{ "type": "Feature", "properties": { "index": "430147229#0", "element": "edge", "id": "430147229#0", "name": "Rue Ducale - Hertogstraat", "sampledSeconds": 0.0, "departed": 0.0, "arrived": 0.0, "entered": 0.0, "left": 0.0, "laneChangedFrom": 0.0, "laneChangedTo": 0.0, "traveltime": 0.0, "overlapTraveltime": 0.0, "density": 0.0, "laneDensity": 0.0, "occupancy": 0.0, "waitingTime": 0.0, "timeLoss": 0.0, "speed": 0.0, "speedRelative": 0.0, "teleported": 0.0 }, "geometry": { "type": "LineString", "coordinates": [ [ 4.364848, 50.840518 ], [ 4.364852, 50.840483 ], [ 4.364838, 50.840432 ] ] } },
{ "type": "Feature", "properties": { "index": "430855719", "element": "edge", "id": "430855719", "name": "Rue de la Grosse Tour - Wollendriestorenstraat", "sampledSeconds": 3442.46, "departed": 2.0, "arrived": 3.0, "entered": 33.0, "left": 30.0, "laneChangedFrom": 0.0, "laneChangedTo": 0.0, "traveltime": 98.03, "overlapTraveltime": 99.45, "density": 7.08, "laneDensity": 7.08, "occupancy": 3.52, "waitingTime": 2753.0, "timeLoss": 2861.05, "speed": 1.41, "speedRelative": 0.17, "teleported": 3.0 }, "geometry": { "type": "LineString", "coordinates": [ [ 4.358839, 50.833459 ], [ 4.359903, 50.83245 ] ] } },
{ "type": "Feature", "properties": { "index": "4312572#0", "element": "edge", "id": "4312572#0", "name": "Avenue Émile Duray - Émile Duraylaan", "sampledSeconds": 1503.81, "departed": 5.0, "arrived": 4.0, "entered": 50.0, "left": 51.0, "laneChangedFrom": 0.0, "laneChangedTo": 0.0, "traveltime": 26.47, "overlapTraveltime": 27.42, "density": 2.16, "laneDensity": 2.16, "occupancy": 1.05, "waitingTime": 0.0, "timeLoss": 153.83, "speed": 7.24, "speedRelative": 0.87, "teleported": 0.0 }, "geometry": { "type": "LineString", "coordinates": [ [ 4.375346, 50.819719 ], [ 4.376058, 50.819209 ], [ 4.376246, 50.819048 ], [ 4.376344, 50.81895 ], [ 4.376471, 50.818756 ], [ 4.376556, 50.818566 ], [ 4.376597, 50.818426 ], [ 4.376618, 50.818234 ] ] } },
{ "type": "Feature", "properties": { "index": "4312634#0", "element": "edge", "id": "4312634#0", "name": "Square du Val de la Cambre - Terkamerendalsquare", "sampledSeconds": 135.51, "departed": 0.0, "arrived": 0.0, "entered": 25.0, "left": 25.0, "laneChangedFrom": 0.0, "laneChangedTo": 0.0, "traveltime": 4.73, "overlapTraveltime": 5.42, "density": 1.08, "laneDensity": 1.08, "occupancy": 0.47, "waitingTime": 0.0, "timeLoss": 11.01, "speed": 7.37, "speedRelative": 0.88, "teleported": 0.0 }, "geometry": { "type": "LineString", "coordinates": [ [ 4.37737, 50.818082 ], [ 4.377423, 50.818049 ], [ 4.377508, 50.818036 ], [ 4.377592, 50.818046 ], [ 4.37766, 50.818085 ], [ 4.377688, 50.818129 ], [ 4.377681, 50.818181 ] ] } },
{ "type": "Feature", "properties": { "index": "4312634#1", "element": "edge", "id": "4312634#1", "name": "Square du Val de la Cambre - Terkamerendalsquare", "sampledSeconds": 56.97, "departed": 0.0, "arrived": 0.0, "entered": 20.0, "left": 20.0, "laneChangedFrom": 0.0, "laneChangedTo": 0.0, "traveltime": 2.16, "overlapTraveltime": 2.85, "density": 1.01, "laneDensity": 1.01, "occupancy": 0.38, "waitingTime": 0.0, "timeLoss": 5.15, "speed": 7.27, "speedRelative": 0.87, "teleported": 0.0 }, "geometry": { "type": "LineString", "coordinates": [ [ 4.377563, 50.818254 ], [ 4.377485, 50.818256 ], [ 4.37741, 50.818236 ], [ 4.377369, 50.818205 ] ] } },
{ "type": "Feature", "properties": { "index": "4318228#0", "element": "edge", "id": "4318228#0", "name": "Avenue de l&apos;Hippodrome - Renbaanlaan", "sampledSeconds": 1305.66, "departed": 2.0, "arrived": 2.0, "entered": 33.0, "left": 33.0, "laneChangedFrom": 0.0, "laneChangedTo": 0.0, "traveltime": 36.61, "overlapTraveltime": 37.36, "density": 1.36, "laneDensity": 1.36, "occupancy": 0.67, "waitingTime": 0.0, "timeLoss": 138.9, "speed": 7.25, "speedRelative": 0.87, "teleported": 0.0 }, "geometry": { "type": "LineString", "coordinates": [ [ 4.374923, 50.822691 ], [ 4.374956, 50.822653 ], [ 4.37529, 50.822275 ], [ 4.375628, 50.821887 ], [ 4.376231, 50.821198 ], [ 4.376524, 50.820867 ], [ 4.376736, 50.820618 ], [ 4.376749, 50.8206 ] ] } },
{ "type": "Feature", "properties": { "index": "4318237#0", "element": "edge", "id": "4318237#0", "name": "Avenue Géo Bernier - Géo Bernierlaan", "sampledSeconds": 140.27, "departed": 2.0, "arrived": 2.0, "entered": 6.0, "left": 6.0, "laneChangedFrom": 0.0, "laneChangedTo": 0.0, "traveltime": 16.29, "overlapTraveltime": 17.77, "density": 0.35, "laneDensity": 0.35, "occupancy": 0.17, "waitingTime": 4.0, "timeLoss": 34.55, "speed": 6.56, "speedRelative": 0.79, "teleported": 0.0 }, "geometry": { "type": "LineString", "coordinates": [ [ 4.375275, 50.820105 ], [ 4.375991, 50.820273 ], [ 4.376704, 50.820422 ], [ 4.376743, 50.820433 ], [ 4.376769, 50.82044 ] ] } },
{ "type": "Feature", "properties": { "index": "4318239#0", "element": "edge", "id": "4318239#0", "name": "Allée du Cloître - Kloosterdreef", "sampledSeconds": 491.61, "departed": 0.0, "arrived": 6.0, "entered": 18.0, "left": 12.0, "laneChangedFrom": 0.0, "laneChangedTo": 0.0, "traveltime": 26.11, "overlapTraveltime": 27.4, "density": 0.72, "laneDensity": 0.72, "occupancy": 0.35, "waitingTime": 0.0, "timeLoss": 49.77, "speed": 7.09, "speedRelative": 0.85, "teleported": 0.0 }, "geometry": { "type": "LineString", "coordinates": [ [ 4.373692, 50.819572 ], [ 4.373649, 50.819554 ], [ 4.373576, 50.819324 ], [ 4.373499, 50.819159 ], [ 4.373414, 50.81908 ], [ 4.373098, 50.81893 ], [ 4.371938, 50.81838 ] ] } },
{ "type": "Feature", "properties": { "index": "4318240#1", "element": "edge", "id": "4318240#1", "name": "Abbaye de la Cambre - Abdij ter Kameren", "sampledSeconds": 0.0, "departed": 0.0, "arrived": 0.0, "entered": 0.0, "left": 0.0, "laneChangedFrom": 0.0, "laneChangedTo": 0.0, "traveltime": 0.0, "overlapTraveltime": 0.0, "density": 0.0, "laneDensity": 0.0, "occupancy": 0.0, "waitingTime": 0.0, "timeLoss": 0.0, "speed": 0.0, "speedRelative": 0.0, "teleported": 0.0 }, "geometry": { "type": "LineString", "coordinates": [ [ 4.374093, 50.819117 ], [ 4.374119, 50.819119 ], [ 4.374192, 50.81911 ], [ 4.374256, 50.819085 ], [ 4.374304, 50.819049 ], [ 4.374308, 50.819042 ] ] } },
{ "type": "Feature", "properties": { "index": "4318240#2", "element": "edge", "id": "4318240#2", "name": "Abbaye de la Cambre - Abdij ter Kameren", "sampledSeconds": 0.0, "departed": 0.0, "arrived": 0.0, "entered": 0.0, "left": 0.0, "laneChangedFrom": 0.0, "laneChangedTo": 0.0, "traveltime": 0.0, "overlapTraveltime": 0.0, "density": 0.0, "laneDensity": 0.0, "occupancy": 0.0, "waitingTime": 0.0, "timeLoss": 0.0, "speed": 0.0, "speedRelative": 0.0, "teleported": 0.0 }, "geometry": { "type": "LineString", "coordinates": [ [ 4.374355, 50.818963 ], [ 4.374468, 50.818771 ], [ 4.374491, 50.818724 ], [ 4.374487, 50.818676 ], [ 4.374459, 50.818633 ], [ 4.37439, 50.818598 ], [ 4.37426, 50.818571 ], [ 4.374193, 50.818575 ], [ 4.374101, 50.818614 ], [ 4.374049, 50.818682 ], [ 4.373907, 50.81892 ], [ 4.373889, 50.818968 ], [ 4.373896, 50.819015 ], [ 4.373927, 50.819058 ], [ 4.373978, 50.819092 ], [ 4.373988, 50.819095 ] ] } },
{ "type": "Feature", "properties": { "index": "4318242#0", "element": "edge", "id": "4318242#0", "name": "Rue du Monastère - Munsterstraat", "sampledSeconds": 279.57, "departed": 9.0, "arrived": 5.0, "entered": 14.0, "left": 18.0, "laneChangedFrom": 0.0, "laneChangedTo": 0.0, "traveltime": 11.66, "overlapTraveltime": 12.5, "density": 0.97, "laneDensity": 0.97, "occupancy": 0.46, "waitingTime": 0.0, "timeLoss": 37.21, "speed": 6.78, "speedRelative": 0.81, "teleported": 0.0 }, "geometry": { "type": "LineString", "coordinates": [ [ 4.373303, 50.820292 ], [ 4.373392, 50.820228 ], [ 4.373725, 50.819632 ] ] } },
{ "type": "Feature", "properties": { "index": "433333438#0", "element": "edge", "id": "433333438#0", "name": "Rue Ducale - Hertogstraat", "sampledSeconds": 45.6, "departed": 0.0, "arrived": 7.0, "entered": 11.0, "left": 4.0, "laneChangedFrom": 0.0, "laneChangedTo": 0.0, "traveltime": 3.26, "overlapTraveltime": 4.31, "density": 0.54, "laneDensity": 0.54, "occupancy": 0.22, "waitingTime": 0.0, "timeLoss": 7.69, "speed": 6.62, "speedRelative": 0.8, "teleported": 0.0 }, "geometry": { "type": "LineString", "coordinates": [ [ 4.365217, 50.840734 ], [ 4.3652, 50.840737 ], [ 4.365006, 50.840778 ], [ 4.364974, 50.840787 ], [ 4.364952, 50.840806 ], [ 4.364935, 50.840829 ] ] } },
{ "type": "Feature", "properties": { "index": "4392761#0", "element": "edge", "id": "4392761#0", "name": "Avenue de la Toison d&apos;Or - Gulden-Vlieslaan", "sampledSeconds": 196.75, "departed": 3.0, "arrived": 4.0, "entered": 63.0, "left": 62.0, "laneChangedFrom": 8.0, "laneChangedTo": 8.0, "traveltime": 2.61, "overlapTraveltime": 3.03, "density": 2.25, "laneDensity": 1.12, "occupancy": 0.47, "waitingTime": 0.0, "timeLoss": 59.55, "speed": 9.66, "speedRelative": 0.7, "teleported": 0.0 }, "geometry": { "type": "LineString", "coordinates": [ [ 4.355539, 50.835771 ], [ 4.355627, 50.835802 ], [ 4.355837, 50.835881 ] ] } },
{ "type": "Feature", "properties": { "index": "4392761#2", "element": "edge", "id": "4392761#2", "name": "Avenue de la Toison d&apos;Or - Gulden-Vlieslaan", "sampledSeconds": 113.41, "departed": 3.0, "arrived": 5.0, "entered": 62.0, "left": 60.0, "laneChangedFrom": 11.0, "laneChangedTo": 11.0, "traveltime": 1.38, "overlapTraveltime": 1.77, "density": 1.92, "laneDensity": 0.96, "occupancy": 0.38, "waitingTime": 0.0, "timeLoss": 14.81, "speed": 12.06, "speedRelative": 0.87, "teleported": 0.0 }, "geometry": { "type": "LineString", "coordinates": [ [ 4.355951, 50.835927 ], [ 4.35605, 50.835968 ], [ 4.356074, 50.83598 ], [ 4.356139, 50.836014 ] ] } },
{ "type": "Feature", "properties": { "index": "4392761#3", "element": "edge", "id": "4392761#3", "name": "Avenue de la Toison d&apos;Or - Gulden-Vlieslaan", "sampledSeconds": 662.42, "departed": 5.0, "arrived": 2.0, "entered": 60.0, "left": 63.0, "laneChangedFrom": 4.0, "laneChangedTo": 4.0, "traveltime": 9.76, "overlapTraveltime": 10.22, "density": 1.5, "laneDensity": 0.75, "occupancy": 0.36, "waitingTime": 0.0, "timeLoss": 60.1, "speed": 12.46, "speedRelative": 0.9, "teleported": 0.0 }, "geometry": { "type": "LineString", "coordinates": [ [ 4.356208, 50.836059 ], [ 4.356313, 50.836128 ], [ 4.356423, 50.836191 ], [ 4.357624, 50.836685 ], [ 4.35763, 50.836687 ] ] } },
{ "type": "Feature", "properties": { "index": "4392761#5", "element": "edge", "id": "4392761#5", "name": "Avenue de la Toison d&apos;Or - Gulden-Vlieslaan", "sampledSeconds": 100.63, "departed": 3.0, "arrived": 0.0, "entered": 106.0, "left": 109.0, "laneChangedFrom": 14.0, "laneChangedTo": 14.0, "traveltime": 0.1, "overlapTraveltime": 0.92, "density": 139.76, "laneDensity": 69.88, "occupancy": 1.31, "waitingTime": 4.0, "timeLoss": 56.37, "speed": 5.63, "speedRelative": 0.41, "teleported": 0.0 }, "geometry": { "type": "LineString", "coordinates": [ [ 4.357732, 50.836725 ], [ 4.357735, 50.836726 ] ] } },
{ "type": "Feature", "properties": { "index": "43963512#0", "element": "edge", "id": "43963512#0", "name": "Rue Paul Lauters - Paul Lautersstraat", "sampledSeconds": 0.0, "departed": 0.0, "arrived": 0.0, "entered": 0.0, "left": 0.0, "laneChangedFrom": 0.0, "laneChangedTo": 0.0, "traveltime": 0.0, "overlapTraveltime": 0.0, "density": 0.0, "laneDensity": 0.0, "occupancy": 0.0, "waitingTime": 0.0, "timeLoss": 0.0, "speed": 0.0, "speedRelative": 0.0, "teleported": 0.0 }, "geometry": { "type": "LineString", "coordinates": [ [ 4.370416, 50.817325 ], [ 4.370494, 50.817342 ], [ 4.371138, 50.817436 ], [ 4.371155, 50.817438 ] ] } },
{ "type": "Feature", "properties": { "index": "4422176", "element": "edge", "id": "4422176", "name": "", "sampledSeconds": 2044.04, "departed": 6.0, "arrived": 5.0, "entered": 135.0, "left": 135.0, "laneChangedFrom": 2.0, "laneChangedTo": 2.0, "traveltime": 14.19, "overlapTraveltime": 14.62, "density": 3.16, "laneDensity": 1.58, "occupancy": 0.77, "waitingTime": 0.0, "timeLoss": 166.03, "speed": 12.64, "speedRelative": 0.91, "teleported": 0.0 }, "geometry": { "type": "LineString", "coordinates": [ [ 4.357961, 50.836907 ], [ 4.360094, 50.837795 ] ] } },
{ "type": "Feature", "properties": { "index": "4422177", "element": "edge", "id": "4422177", "name": "", "sampledSeconds": 195.57, "departed": 3.0, "arrived": 2.0, "entered": 16.0, "left": 17.0, "laneChangedFrom": 0.0, "laneChangedTo": 0.0, "traveltime": 9.99, "overlapTraveltime": 10.38, "density": 0.44, "laneDensity": 0.22, "occupancy": 0.11, "waitingTime": 0.0, "timeLoss": 18.88, "speed": 12.51, "speedRelative": 0.9, "teleported": 0.0 }, "geometry": { "type": "LineString", "coordinates": [ [ 4.36166, 50.838541 ], [ 4.360571, 50.83808 ], [ 4.360275, 50.837958 ], [ 4.360184, 50.83792 ] ] } },
{ "type": "Feature", "properties": { "index": "4426074#0", "element": "edge", "id": "4426074#0", "name": "Rue de Florence - Florencestraat", "sampledSeconds": 460.04, "departed": 4.0, "arrived": 0.0, "entered": 0.0, "left": 4.0, "laneChangedFrom": 0.0, "laneChangedTo": 0.0, "traveltime": 116.54, "overlapTraveltime": 117.67, "density": 0.44, "laneDensity": 0.44, "occupancy": 0.22, "waitingTime": 301.0, "timeLoss": 320.65, "speed": 2.49, "speedRelative": 0.3, "teleported": 1.0 }, "geometry": { "type": "LineString", "coordinates": [ [ 4.357348, 50.828455 ], [ 4.358226, 50.828814 ], [ 4.358292, 50.828842 ], [ 4.358358, 50.828869 ], [ 4.359495, 50.829345 ], [ 4.359603, 50.829391 ], [ 4.359712, 50.829435 ], [ 4.36077, 50.829865 ] ] } },
{ "type": "Feature", "properties": { "index": "4426075#0", "element": "edge", "id": "4426075#0", "name": "Rue Blanche - Blanchestraat", "sampledSeconds": 1139.91, "departed": 9.0, "arrived": 0.0, "entered": 0.0, "left": 6.0, "laneChangedFrom": 0.0, "laneChangedTo": 0.0, "traveltime": 130.57, "overlapTraveltime": 132.32, "density": 1.35, "laneDensity": 1.35, "occupancy": 0.67, "waitingTime": 839.0, "timeLoss": 888.23, "speed": 1.81, "speedRelative": 0.22, "teleported": 1.0 }, "geometry": { "type": "LineString", "coordinates": [ [ 4.357022, 50.829623 ], [ 4.357079, 50.829645 ], [ 4.35856, 50.830271 ], [ 4.358658, 50.830312 ], [ 4.35875, 50.830349 ], [ 4.359817, 50.830777 ] ] } },
{ "type": "Feature", "properties": { "index": "4426076#0", "element": "edge", "id": "4426076#0", "name": "Rue de la Bonté - Goedheidstraat", "sampledSeconds": 77.55, "departed": 4.0, "arrived": 0.0, "entered": 10.0, "left": 14.0, "laneChangedFrom": 0.0, "laneChangedTo": 0.0, "traveltime": 5.12, "overlapTraveltime": 5.77, "density": 0.7, "laneDensity": 0.7, "occupancy": 0.3, "waitingTime": 0.0, "timeLoss": 18.14, "speed": 6.22, "speedRelative": 0.75, "teleported": 0.0 }, "geometry": { "type": "LineString", "coordinates": [ [ 4.357707, 50.831253 ], [ 4.358073, 50.831406 ] ] } },
{ "type": "Feature", "properties": { "index": "4426076#1", "element": "edge", "id": "4426076#1", "name": "Rue de la Bonté - Goedheidstraat", "sampledSeconds": 148.25, "departed": 4.0, "arrived": 1.0, "entered": 14.0, "left": 16.0, "laneChangedFrom": 0.0, "laneChangedTo": 0.0, "traveltime": 7.98, "overlapTraveltime": 8.85, "density": 0.73, "laneDensity": 0.73, "occupancy": 0.34, "waitingTime": 0.0, "timeLoss": 17.49, "speed": 6.9, "speedRelative": 0.83, "teleported": 0.0 }, "geometry": { "type": "LineString", "coordinates": [ [ 4.358184, 50.831452 ], [ 4.358849, 50.831729 ] ] } },
{ "type": "Feature", "properties": { "index": "4441057#1", "element": "edge", "id": "4441057#1", "name": "Tunnel Louise - Louizatunnel", "sampledSeconds": 16.82, "departed": 0.0, "arrived": 3.0, "entered": 13.0, "left": 10.0, "laneChangedFrom": 0.0, "laneChangedTo": 0.0, "traveltime": 0.9, "overlapTraveltime": 1.3, "density": 0.41, "laneDensity": 0.21, "occupancy": 0.07, "waitingTime": 0.0, "timeLoss": 0.89, "speed": 12.51, "speedRelative": 0.9, "teleported": 0.0 }, "geometry": { "type": "LineString", "coordinates": [ [ 4.354385, 50.835509 ], [ 4.354251, 50.835453 ] ] } },
{ "type": "Feature", "properties": { "index": "4441059#1", "element": "edge", "id": "4441059#1", "name": "Tunnel Louise - Louizatunnel", "sampledSeconds": 186.5, "departed": 5.0, "arrived": 2.0, "entered": 132.0, "left": 135.0, "laneChangedFrom": 0.0, "laneChangedTo": 0.0, "traveltime": 0.96, "overlapTraveltime": 1.38, "density": 4.86, "laneDensity": 2.43, "occupancy": 0.84, "waitingTime": 0.0, "timeLoss": 33.49, "speed": 11.35, "speedRelative": 0.82, "teleported": 0.0 }, "geometry": { "type": "LineString", "coordinates": [ [ 4.357832, 50.836852 ], [ 4.357957, 50.836906 ] ] } },
{ "type": "Feature", "properties": { "index": "4441061", "element": "edge", "id": "4441061", "name": "Tunnel Porte de Namur - Naamsepoorttunnel", "sampledSeconds": 328.48, "departed": 6.0, "arrived": 2.0, "entered": 51.0, "left": 56.0, "laneChangedFrom": 1.0, "laneChangedTo": 1.0, "traveltime": 5.33, "overlapTraveltime": 5.72, "density": 1.4, "laneDensity": 0.7, "occupancy": 0.33, "waitingTime": 0.0, "timeLoss": 34.8, "speed": 12.26, "speedRelative": 0.88, "teleported": 0.0 }, "geometry": { "type": "LineString", "coordinates": [ [ 4.361697, 50.838472 ], [ 4.362447, 50.838815 ] ] } },
{ "type": "Feature", "properties": { "index": "4441062", "element": "edge", "id": "4441062", "name": "Tunnel Porte de Namur - Naamsepoorttunnel", "sampledSeconds": 91.91, "departed": 2.0, "arrived": 1.0, "entered": 15.0, "left": 16.0, "laneChangedFrom": 0.0, "laneChangedTo": 0.0, "traveltime": 5.08, "overlapTraveltime": 5.46, "density": 0.41, "laneDensity": 0.2, "occupancy": 0.1, "waitingTime": 0.0, "timeLoss": 9.77, "speed": 12.35, "speedRelative": 0.89, "teleported": 0.0 }, "geometry": { "type": "LineString", "coordinates": [ [ 4.362381, 50.838871 ], [ 4.361663, 50.838542 ] ] } },
{ "type": "Feature", "properties": { "index": "4441063", "element": "edge", "id": "4441063", "name": "", "sampledSeconds": 509.68, "departed": 4.0, "arrived": 2.0, "entered": 56.0, "left": 58.0, "laneChangedFrom": 0.0, "laneChangedTo": 0.0, "traveltime": 8.06, "overlapTraveltime": 8.52, "density": 1.44, "laneDensity": 0.72, "occupancy": 0.34, "waitingTime": 0.0, "timeLoss": 59.24, "speed": 12.09, "speedRelative": 0.87, "teleported": 0.0 }, "geometry": { "type": "LineString", "coordinates": [ [ 4.362449, 50.838817 ], [ 4.363547, 50.839358 ] ] } },
{ "type": "Feature", "properties": { "index": "450186403", "element": "edge", "id": "450186403", "name": "Rue de la Longue Haie - Langehaagstraat / Rue de la Longue Haie - Lange-Haagstraat", "sampledSeconds": 52.88, "departed": 2.0, "arrived": 3.0, "entered": 11.0, "left": 10.0, "laneChangedFrom": 0.0, "laneChangedTo": 0.0, "traveltime": 3.47, "overlapTraveltime": 4.23, "density": 0.64, "laneDensity": 0.64, "occupancy": 0.27, "waitingTime": 0.0, "timeLoss": 10.79, "speed": 6.62, "speedRelative": 0.79, "teleported": 0.0 }, "geometry": { "type": "LineString", "coordinates": [ [ 4.363282, 50.83017 ], [ 4.363027, 50.830279 ], [ 4.363014, 50.830288 ] ] } },
{ "type": "Feature", "properties": { "index": "450186404", "element": "edge", "id": "450186404", "name": "Rue de la Longue Haie - Langehaagstraat / Rue de la Longue Haie - Lange-Haagstraat", "sampledSeconds": 1115.08, "departed": 4.0, "arrived": 1.0, "entered": 54.0, "left": 57.0, "laneChangedFrom": 0.0, "laneChangedTo": 0.0, "traveltime": 18.6, "overlapTraveltime": 19.33, "density": 4.09, "laneDensity": 4.09, "occupancy": 1.97, "waitingTime": 463.0, "timeLoss": 555.07, "speed": 4.17, "speedRelative": 0.5, "teleported": 0.0 }, "geometry": { "type": "LineString", "coordinates": [ [ 4.362899, 50.83036 ], [ 4.362023, 50.830754 ] ] } },
{ "type": "Feature", "properties": { "index": "450925440", "element": "edge", "id": "450925440", "name": "Rue Marie-Henriette - Maria-Hendrikastraat", "sampledSeconds": 1323.7, "departed": 4.0, "arrived": 1.0, "entered": 118.0, "left": 121.0, "laneChangedFrom": 0.0, "laneChangedTo": 0.0, "traveltime": 9.91, "overlapTraveltime": 10.98, "density": 9.76, "laneDensity": 9.76, "occupancy": 4.51, "waitingTime": 370.0, "timeLoss": 700.23, "speed": 3.89, "speedRelative": 0.47, "teleported": 0.0 }, "geometry": { "type": "LineString", "coordinates": [ [ 4.374563, 50.831332 ], [ 4.374522, 50.831354 ], [ 4.374158, 50.831554 ] ] } },
{ "type": "Feature", "properties": { "index": "4690591#0", "element": "edge", "id": "4690591#0", "name": "Boulevard du Régent - Regentlaan", "sampledSeconds": 4701.33, "departed": 6.0, "arrived": 5.0, "entered": 445.0, "left": 442.0, "laneChangedFrom": 21.0, "laneChangedTo": 21.0, "traveltime": 10.08, "overlapTraveltime": 10.49, "density": 10.7, "laneDensity": 5.35, "occupancy": 2.56, "waitingTime": 0.0, "timeLoss": 565.14, "speed": 12.11, "speedRelative": 0.87, "teleported": 0.0 }, "geometry": { "type": "LineString", "coordinates": [ [ 4.36535, 50.840544 ], [ 4.364874, 50.840274 ], [ 4.364334, 50.839967 ], [ 4.364056, 50.839815 ] ] } },
{ "type": "Feature", "properties": { "index": "4690593", "element": "edge", "id": "4690593", "name": "Place Louise - Louizaplein", "sampledSeconds": 64.44, "departed": 0.0, "arrived": 0.0, "entered": 38.0, "left": 38.0, "laneChangedFrom": 0.0, "laneChangedTo": 0.0, "traveltime": 1.06, "overlapTraveltime": 1.71, "density": 2.3, "laneDensity": 2.3, "occupancy": 0.7, "waitingTime": 0.0, "timeLoss": 6.87, "speed": 7.45, "speedRelative": 0.89, "teleported": 0.0 }, "geometry": { "type": "LineString", "coordinates": [ [ 4.355261, 50.835537 ], [ 4.355312, 50.835553 ], [ 4.355334, 50.835561 ], [ 4.355348, 50.835571 ], [ 4.355353, 50.835574 ] ] } },
{ "type": "Feature", "properties": { "index": "4690638#0", "element": "edge", "id": "4690638#0", "name": "Rue des Quatre Bras - Quatre Brasstraat", "sampledSeconds": 110.71, "departed": 0.0, "arrived": 6.0, "entered": 6.0, "left": 0.0, "laneChangedFrom": 0.0, "laneChangedTo": 0.0, "traveltime": 18.18, "overlapTraveltime": 18.85, "density": 0.23, "laneDensity": 0.23, "occupancy": 0.11, "waitingTime": 0.0, "timeLoss": 9.76, "speed": 7.33, "speedRelative": 0.88, "teleported": 0.0 }, "geometry": { "type": "LineString", "coordinates": [ [ 4.354952, 50.836059 ], [ 4.354898, 50.836089 ], [ 4.354848, 50.83613 ], [ 4.354498, 50.836473 ], [ 4.35429, 50.836676 ], [ 4.353834, 50.83702 ] ] } },
{ "type": "Feature", "properties": { "index": "4690639#0", "element": "edge", "id": "4690639#0", "name": "Rue des Quatre Bras - Quatre Brasstraat", "sampledSeconds": 926.6, "departed": 13.0, "arrived": 0.0, "entered": 0.0, "left": 13.0, "laneChangedFrom": 0.0, "laneChangedTo": 0.0, "traveltime": 37.1, "overlapTraveltime": 73.3, "density": 1.4, "laneDensity": 1.4, "occupancy": 0.47, "waitingTime": 574.0, "timeLoss": 635.71, "speed": 2.58, "speedRelative": 0.31, "teleported": 0.0 }, "geometry": { "type": "LineString", "coordinates": [ [ 4.352912, 50.837153 ], [ 4.35316, 50.837023 ], [ 4.353222, 50.836991 ], [ 4.353399, 50.836866 ], [ 4.353531, 50.836783 ], [ 4.353952, 50.836508 ], [ 4.354161, 50.836367 ], [ 4.354295, 50.836266 ], [ 4.354349, 50.836225 ], [ 4.35451, 50.836085 ], [ 4.35463, 50.83598 ], [ 4.354687, 50.83594 ] ] } },
{ "type": "Feature", "properties": { "index": "4690640#0", "element": "edge", "id": "4690640#0", "name": "Boulevard de Waterloo - Waterloolaan", "sampledSeconds": 126.91, "departed": 0.0, "arrived": 5.0, "entered": 5.0, "left": 0.0, "laneChangedFrom": 3.0, "laneChangedTo": 3.0, "traveltime": 25.01, "overlapTraveltime": 25.38, "density": 0.11, "laneDensity": 0.05, "occupancy": 0.03, "waitingTime": 0.0, "timeLoss": 5.3, "speed": 13.36, "speedRelative": 0.96, "teleported": 0.0 }, "geometry": { "type": "LineString", "coordinates": [ [ 4.354134, 50.83554 ], [ 4.354038, 50.835454 ], [ 4.353962, 50.835413 ], [ 4.353104, 50.835056 ], [ 4.352949, 50.834991 ], [ 4.352165, 50.834668 ], [ 4.351147, 50.834264 ], [ 4.350952, 50.834236 ], [ 4.350773, 50.834205 ], [ 4.350325, 50.834016 ], [ 4.350301, 50.834006 ], [ 4.350255, 50.833985 ], [ 4.350155, 50.833942 ] ] } },
{ "type": "Feature", "properties": { "index": "4690691", "element": "edge", "id": "4690691", "name": "Rue Bosquet - Bosquetstraat", "sampledSeconds": 2137.4, "departed": 6.0, "arrived": 1.0, "entered": 10.0, "left": 13.0, "laneChangedFrom": 0.0, "laneChangedTo": 0.0, "traveltime": 137.09, "overlapTraveltime": 140.05, "density": 7.95, "laneDensity": 7.95, "occupancy": 3.95, "waitingTime": 1850.0, "timeLoss": 1913.31, "speed": 0.57, "speedRelative": 0.1, "teleported": 2.0 }, "geometry": { "type": "LineString", "coordinates": [ [ 4.356152, 50.83321 ], [ 4.356112, 50.833172 ], [ 4.356079, 50.833116 ], [ 4.356074, 50.833083 ], [ 4.356112, 50.833057 ], [ 4.356181, 50.833034 ], [ 4.35683, 50.832855 ] ] } },
{ "type": "Feature", "properties": { "index": "47027406", "element": "edge", "id": "47027406", "name": "Avenue Hergé - Hergélaan", "sampledSeconds": 9.88, "departed": 2.0, "arrived": 0.0, "entered": 0.0, "left": 2.0, "laneChangedFrom": 0.0, "laneChangedTo": 0.0, "traveltime": 8.48, "overlapTraveltime": 8.11, "density": 0.34, "laneDensity": 0.34, "occupancy": 0.14, "waitingTime": 2.0, "timeLoss": 7.27, "speed": 1.61, "speedRelative": 0.19, "teleported": 0.0 }, "geometry": { "type": "LineString", "coordinates": [ [ 4.383029, 50.825591 ], [ 4.383083, 50.825542 ], [ 4.383094, 50.825532 ] ] } },
{ "type": "Feature", "properties": { "index": "47027743#0", "element": "edge", "id": "47027743#0", "name": "Rue de la Levure - Giststraat", "sampledSeconds": 5798.87, "departed": 2.0, "arrived": 1.0, "entered": 139.0, "left": 141.0, "laneChangedFrom": 0.0, "laneChangedTo": 0.0, "traveltime": 40.1, "overlapTraveltime": 40.96, "density": 19.41, "laneDensity": 19.41, "occupancy": 9.52, "waitingTime": 3839.0, "timeLoss": 4288.72, "speed": 2.15, "speedRelative": 0.26, "teleported": 1.0 }, "geometry": { "type": "LineString", "coordinates": [ [ 4.37609, 50.828179 ], [ 4.376125, 50.828154 ], [ 4.376622, 50.827771 ], [ 4.376807, 50.82763 ], [ 4.376824, 50.827618 ], [ 4.376839, 50.827603 ] ] } },
{ "type": "Feature", "properties": { "index": "47027857#0", "element": "edge", "id": "47027857#0", "name": "Place du Champ de Mars - Marsveldplein", "sampledSeconds": 16.7, "departed": 7.0, "arrived": 0.0, "entered": 0.0, "left": 6.0, "laneChangedFrom": 0.0, "laneChangedTo": 0.0, "traveltime": 0.0, "overlapTraveltime": 4.98, "density": 1.17, "laneDensity": 1.17, "occupancy": 0.38, "waitingTime": 6.0, "timeLoss": 11.4, "speed": 1.8, "speedRelative": 0.22, "teleported": 0.0 }, "geometry": { "type": "LineString", "coordinates": [ [ 4.362853, 50.838586 ], [ 4.362835, 50.838619 ] ] } },
{ "type": "Feature", "properties": { "index": "4726679#0", "element": "edge", "id": "4726679#0", "name": "Rue des Drapiers - Lakenweversstraat", "sampledSeconds": 326.2, "departed": 6.0, "arrived": 3.0, "entered": 9.0, "left": 12.0, "laneChangedFrom": 0.0, "laneChangedTo": 0.0, "traveltime": 20.93, "overlapTraveltime": 22.14, "density": 0.66, "laneDensity": 0.66, "occupancy": 0.32, "waitingTime": 29.0, "timeLoss": 82.68, "speed": 6.38, "speedRelative": 0.77, "teleported": 0.0 }, "geometry": { "type": "LineString", "coordinates": [ [ 4.360479, 50.834115 ], [ 4.360467, 50.834128 ], [ 4.359928, 50.834643 ], [ 4.359405, 50.835135 ] ] } },
{ "type": "Feature", "properties": { "index": "4726679#1", "element": "edge", "id": "4726679#1", "name": "Rue des Drapiers - Lakenweversstraat", "sampledSeconds": 260.41, "departed": 4.0, "arrived": 5.0, "entered": 32.0, "left": 31.0, "laneChangedFrom": 0.0, "laneChangedTo": 0.0, "traveltime": 6.68, "overlapTraveltime": 7.34, "density": 1.51, "laneDensity": 1.51, "occupancy": 0.68, "waitingTime": 0.0, "timeLoss": 33.93, "speed": 7.21, "speedRelative": 0.87, "teleported": 0.0 }, "geometry": { "type": "LineString", "coordinates": [ [ 4.359288, 50.835233 ], [ 4.358913, 50.835592 ] ] } },
{ "type": "Feature", "properties": { "index": "4726679#2", "element": "edge", "id": "4726679#2", "name": "Rue des Drapiers - Lakenweversstraat", "sampledSeconds": 532.85, "departed": 5.0, "arrived": 3.0, "entered": 31.0, "left": 33.0, "laneChangedFrom": 0.0, "laneChangedTo": 0.0, "traveltime": 14.25, "overlapTraveltime": 14.91, "density": 1.37, "laneDensity": 1.37, "occupancy": 0.66, "waitingTime": 0.0, "timeLoss": 51.28, "speed": 7.59, "speedRelative": 0.91, "teleported": 0.0 }, "geometry": { "type": "LineString", "coordinates": [ [ 4.35884, 50.835662 ], [ 4.358082, 50.836395 ], [ 4.357988, 50.836471 ] ] } },
{ "type": "Feature", "properties": { "index": "4726680", "element": "edge", "id": "4726680", "name": "Rue Capitaine Crespel - Kapitein Crespelstraat", "sampledSeconds": 248.57, "departed": 4.0, "arrived": 3.0, "entered": 3.0, "left": 4.0, "laneChangedFrom": 0.0, "laneChangedTo": 0.0, "traveltime": 35.34, "overlapTraveltime": 36.08, "density": 0.26, "laneDensity": 0.26, "occupancy": 0.13, "waitingTime": 0.0, "timeLoss": 26.2, "speed": 7.37, "speedRelative": 0.88, "teleported": 0.0 }, "geometry": { "type": "LineString", "coordinates": [ [ 4.358799, 50.834414 ], [ 4.357853, 50.834952 ], [ 4.357765, 50.835051 ], [ 4.357733, 50.835192 ], [ 4.357827, 50.836109 ], [ 4.357879, 50.8364 ], [ 4.357926, 50.836466 ] ] } },
{ "type": "Feature", "properties": { "index": "4726681#0", "element": "edge", "id": "4726681#0", "name": "Rue de Stassart - de Stassartstraat", "sampledSeconds": 5292.39, "departed": 6.0, "arrived": 1.0, "entered": 141.0, "left": 148.0, "laneChangedFrom": 0.0, "laneChangedTo": 0.0, "traveltime": 35.33, "overlapTraveltime": 36.08, "density": 5.84, "laneDensity": 5.84, "occupancy": 2.85, "waitingTime": 6.0, "timeLoss": 655.17, "speed": 7.12, "speedRelative": 0.85, "teleported": 0.0 }, "geometry": { "type": "LineString", "coordinates": [ [ 4.361755, 50.837905 ], [ 4.361298, 50.837676 ], [ 4.360526, 50.83623 ], [ 4.360125, 50.835974 ], [ 4.360115, 50.835968 ] ] } },
{ "type": "Feature", "properties": { "index": "4726681#1", "element": "edge", "id": "4726681#1", "name": "Rue de Stassart - de Stassartstraat", "sampledSeconds": 3441.24, "departed": 5.0, "arrived": 2.0, "entered": 264.0, "left": 268.0, "laneChangedFrom": 0.0, "laneChangedTo": 0.0, "traveltime": 12.05, "overlapTraveltime": 12.78, "density": 10.92, "laneDensity": 10.92, "occupancy": 5.15, "waitingTime": 0.0, "timeLoss": 418.2, "speed": 7.24, "speedRelative": 0.87, "teleported": 0.0 }, "geometry": { "type": "LineString", "coordinates": [ [ 4.360008, 50.835899 ], [ 4.359598, 50.835636 ], [ 4.359379, 50.835242 ] ] } },
{ "type": "Feature", "properties": { "index": "4726681#2", "element": "edge", "id": "4726681#2", "name": "Rue de Stassart - de Stassartstraat", "sampledSeconds": 3002.37, "departed": 1.0, "arrived": 2.0, "entered": 248.0, "left": 248.0, "laneChangedFrom": 0.0, "laneChangedTo": 0.0, "traveltime": 11.35, "overlapTraveltime": 12.04, "density": 10.18, "laneDensity": 10.18, "occupancy": 4.8, "waitingTime": 0.0, "timeLoss": 387.39, "speed": 7.22, "speedRelative": 0.87, "teleported": 0.0 }, "geometry": { "type": "LineString", "coordinates": [ [ 4.359312, 50.835126 ], [ 4.358898, 50.834438 ] ] } },
{ "type": "Feature", "properties": { "index": "4726681#3", "element": "edge", "id": "4726681#3", "name": "Rue de Stassart - de Stassartstraat", "sampledSeconds": 3522.97, "departed": 1.0, "arrived": 2.0, "entered": 244.0, "left": 243.0, "laneChangedFrom": 0.0, "laneChangedTo": 0.0, "traveltime": 13.41, "overlapTraveltime": 14.38, "density": 11.21, "laneDensity": 11.21, "occupancy": 5.29, "waitingTime": 93.0, "timeLoss": 726.43, "speed": 6.42, "speedRelative": 0.77, "teleported": 0.0 }, "geometry": { "type": "LineString", "coordinates": [ [ 4.358842, 50.834343 ], [ 4.358429, 50.833643 ], [ 4.358409, 50.833608 ] ] } },
{ "type": "Feature", "properties": { "index": "4726684#0", "element": "edge", "id": "4726684#0", "name": "Place Stéphanie - Stefaniaplein", "sampledSeconds": 284.66, "departed": 4.0, "arrived": 3.0, "entered": 50.0, "left": 51.0, "laneChangedFrom": 0.0, "laneChangedTo": 0.0, "traveltime": 4.66, "overlapTraveltime": 5.34, "density": 2.33, "laneDensity": 2.33, "occupancy": 1.02, "waitingTime": 0.0, "timeLoss": 32.64, "speed": 7.29, "speedRelative": 0.88, "teleported": 0.0 }, "geometry": { "type": "LineString", "coordinates": [ [ 4.35786, 50.83352 ], [ 4.357964, 50.833558 ], [ 4.358045, 50.833592 ], [ 4.358135, 50.833588 ], [ 4.358307, 50.833568 ] ] } },
{ "type": "Feature", "properties": { "index": "4726685#0", "element": "edge", "id": "4726685#0", "name": "Rue du Prince Royal - Koninklijke-Prinsstraat", "sampledSeconds": 4858.48, "departed": 2.0, "arrived": 2.0, "entered": 262.0, "left": 262.0, "laneChangedFrom": 0.0, "laneChangedTo": 0.0, "traveltime": 17.7, "overlapTraveltime": 18.41, "density": 10.68, "laneDensity": 10.68, "occupancy": 5.14, "waitingTime": 0.0, "timeLoss": 659.99, "speed": 7.13, "speedRelative": 0.86, "teleported": 0.0 }, "geometry": { "type": "LineString", "coordinates": [ [ 4.358871, 50.833505 ], [ 4.358988, 50.83354 ], [ 4.360386, 50.834025 ], [ 4.360448, 50.834046 ] ] } },
{ "type": "Feature", "properties": { "index": "4726685#1", "element": "edge", "id": "4726685#1", "name": "Rue du Prince Royal - Koninklijke-Prinsstraat", "sampledSeconds": 3288.43, "departed": 9.0, "arrived": 5.0, "entered": 253.0, "left": 257.0, "laneChangedFrom": 0.0, "laneChangedTo": 0.0, "traveltime": 11.74, "overlapTraveltime": 12.58, "density": 11.35, "laneDensity": 11.35, "occupancy": 5.33, "waitingTime": 0.0, "timeLoss": 529.69, "speed": 6.8, "speedRelative": 0.82, "teleported": 0.0 }, "geometry": { "type": "LineString", "coordinates": [ [ 4.360587, 50.834095 ], [ 4.360606, 50.834101 ], [ 4.361594, 50.834437 ] ] } },
{ "type": "Feature", "properties": { "index": "4726694#0", "element": "edge", "id": "4726694#0", "name": "Rue Keyenveld - Keienveldstraat", "sampledSeconds": 274.25, "departed": 3.0, "arrived": 2.0, "entered": 7.0, "left": 8.0, "laneChangedFrom": 0.0, "laneChangedTo": 0.0, "traveltime": 26.7, "overlapTraveltime": 27.89, "density": 0.65, "laneDensity": 0.65, "occupancy": 0.32, "waitingTime": 3.0, "timeLoss": 42.82, "speed": 4.36, "speedRelative": 0.78, "teleported": 0.0 }, "geometry": { "type": "LineString", "coordinates": [ [ 4.361639, 50.834511 ], [ 4.360756, 50.835399 ] ] } },
{ "type": "Feature", "properties": { "index": "4726694#2", "element": "edge", "id": "4726694#2", "name": "Rue Keyenveld - Keienveldstraat", "sampledSeconds": 1697.38, "departed": 6.0, "arrived": 5.0, "entered": 99.0, "left": 99.0, "laneChangedFrom": 0.0, "laneChangedTo": 0.0, "traveltime": 15.3, "overlapTraveltime": 16.4, "density": 7.8, "laneDensity": 7.8, "occupancy": 3.66, "waitingTime": 217.0, "timeLoss": 506.88, "speed": 3.99, "speedRelative": 0.72, "teleported": 0.0 }, "geometry": { "type": "LineString", "coordinates": [ [ 4.360663, 50.83548 ], [ 4.360111, 50.835896 ] ] } },
{ "type": "Feature", "properties": { "index": "4726706#0", "element": "edge", "id": "4726706#0", "name": "Rue de l&apos;Arbre Bénit - Gewijde-Boomstraat", "sampledSeconds": 495.86, "departed": 2.0, "arrived": 3.0, "entered": 15.0, "left": 14.0, "laneChangedFrom": 0.0, "laneChangedTo": 0.0, "traveltime": 28.45, "overlapTraveltime": 29.28, "density": 0.66, "laneDensity": 0.66, "occupancy": 0.32, "waitingTime": 2.0, "timeLoss": 54.45, "speed": 7.32, "speedRelative": 0.88, "teleported": 0.0 }, "geometry": { "type": "LineString", "coordinates": [ [ 4.364016, 50.8347 ], [ 4.363719, 50.834171 ], [ 4.363712, 50.83416 ], [ 4.363704, 50.834141 ], [ 4.363701, 50.834131 ], [ 4.363701, 50.834119 ], [ 4.363748, 50.833902 ], [ 4.363755, 50.83387 ], [ 4.363775, 50.833829 ], [ 4.363788, 50.833797 ], [ 4.363792, 50.833442 ], [ 4.36379, 50.833387 ], [ 4.36379, 50.833356 ], [ 4.36378, 50.832856 ] ] } },
{ "type": "Feature", "properties": { "index": "4726706#5", "element": "edge", "id": "4726706#5", "name": "Rue de l&apos;Arbre Bénit - Gewijde-Boomstraat", "sampledSeconds": 1020.79, "departed": 3.0, "arrived": 1.0, "entered": 150.0, "left": 154.0, "laneChangedFrom": 0.0, "laneChangedTo": 0.0, "traveltime": 5.59, "overlapTraveltime": 6.65, "density": 8.3, "laneDensity": 8.3, "occupancy": 3.62, "waitingTime": 25.0, "timeLoss": 234.12, "speed": 5.89, "speedRelative": 0.71, "teleported": 0.0 }, "geometry": { "type": "LineString", "coordinates": [ [ 4.363778, 50.832766 ], [ 4.36377, 50.832459 ] ] } },
{ "type": "Feature", "properties": { "index": "4726706#6", "element": "edge", "id": "4726706#6", "name": "Rue de l&apos;Arbre Bénit - Gewijde-Boomstraat", "sampledSeconds": 888.9, "departed": 3.0, "arrived": 5.0, "entered": 46.0, "left": 44.0, "laneChangedFrom": 0.0, "laneChangedTo": 0.0, "traveltime": 17.53, "overlapTraveltime": 18.2, "density": 1.87, "laneDensity": 1.87, "occupancy": 0.9, "waitingTime": 0.0, "timeLoss": 81.49, "speed": 7.55, "speedRelative": 0.91, "teleported": 0.0 }, "geometry": { "type": "LineString", "coordinates": [ [ 4.363759, 50.832285 ], [ 4.363752, 50.831949 ], [ 4.36391, 50.8311 ] ] } },
{ "type": "Feature", "properties": { "index": "4726710#0", "element": "edge", "id": "4726710#0", "name": "Rue du Berger - Herdersstraat", "sampledSeconds": 805.12, "departed": 1.0, "arrived": 3.0, "entered": 95.0, "left": 93.0, "laneChangedFrom": 0.0, "laneChangedTo": 0.0, "traveltime": 7.39, "overlapTraveltime": 8.41, "density": 6.19, "laneDensity": 6.19, "occupancy": 2.72, "waitingTime": 0.0, "timeLoss": 109.9, "speed": 4.89, "speedRelative": 0.88, "teleported": 0.0 }, "geometry": { "type": "LineString", "coordinates": [ [ 4.362629, 50.836456 ], [ 4.362223, 50.836258 ] ] } },
{ "type": "Feature", "properties": { "index": "4726710#1", "element": "edge", "id": "4726710#1", "name": "Rue du Berger - Herdersstraat", "sampledSeconds": 321.55, "departed": 6.0, "arrived": 1.0, "entered": 93.0, "left": 98.0, "laneChangedFrom": 0.0, "laneChangedTo": 0.0, "traveltime": 2.25, "overlapTraveltime": 3.32, "density": 8.38, "laneDensity": 8.38, "occupancy": 2.89, "waitingTime": 0.0, "timeLoss": 49.72, "speed": 4.71, "speedRelative": 0.85, "teleported": 0.0 }, "geometry": { "type": "LineString", "coordinates": [ [ 4.362117, 50.836204 ], [ 4.362, 50.836143 ] ] } },
{ "type": "Feature", "properties": { "index": "4726711#0", "element": "edge", "id": "4726711#0", "name": "Rue de la Concorde - Eendrachtstraat", "sampledSeconds": 221.32, "departed": 3.0, "arrived": 2.0, "entered": 9.0, "left": 10.0, "laneChangedFrom": 0.0, "laneChangedTo": 0.0, "traveltime": 17.83, "overlapTraveltime": 18.69, "density": 0.48, "laneDensity": 0.48, "occupancy": 0.23, "waitingTime": 0.0, "timeLoss": 24.59, "speed": 7.08, "speedRelative": 0.85, "teleported": 0.0 }, "geometry": { "type": "LineString", "coordinates": [ [ 4.36203, 50.833995 ], [ 4.362027, 50.833993 ], [ 4.360873, 50.833116 ] ] } },
{ "type": "Feature", "properties": { "index": "4726711#1", "element": "edge", "id": "4726711#1", "name": "Rue de la Concorde - Eendrachtstraat", "sampledSeconds": 2864.0, "departed": 4.0, "arrived": 3.0, "entered": 13.0, "left": 11.0, "laneChangedFrom": 0.0, "laneChangedTo": 0.0, "traveltime": 172.8, "overlapTraveltime": 176.83, "density": 9.29, "laneDensity": 9.29, "occupancy": 4.62, "waitingTime": 2604.0, "timeLoss": 2687.74, "speed": 0.51, "speedRelative": 0.06, "teleported": 2.0 }, "geometry": { "type": "LineString", "coordinates": [ [ 4.360771, 50.833038 ], [ 4.359992, 50.832447 ] ] } },
{ "type": "Feature", "properties": { "index": "4726712#0", "element": "edge", "id": "4726712#0", "name": "Rue du Prince Albert - Prins Albertstraat", "sampledSeconds": 2917.3, "departed": 2.0, "arrived": 0.0, "entered": 145.0, "left": 147.0, "laneChangedFrom": 0.0, "laneChangedTo": 0.0, "traveltime": 18.95, "overlapTraveltime": 19.86, "density": 5.89, "laneDensity": 5.89, "occupancy": 2.82, "waitingTime": 0.0, "timeLoss": 373.07, "speed": 7.18, "speedRelative": 0.86, "teleported": 0.0 }, "geometry": { "type": "LineString", "coordinates": [ [ 4.362196, 50.834076 ], [ 4.362574, 50.834259 ], [ 4.362845, 50.834391 ], [ 4.36376, 50.834816 ] ] } },
{ "type": "Feature", "properties": { "index": "4726717", "element": "edge", "id": "4726717", "name": "Tunnel Stéphanie - Stefaniatunnel", "sampledSeconds": 3285.26, "departed": 6.0, "arrived": 0.0, "entered": 115.0, "left": 122.0, "laneChangedFrom": 20.0, "laneChangedTo": 20.0, "traveltime": 26.61, "overlapTraveltime": 27.06, "density": 2.71, "laneDensity": 1.35, "occupancy": 0.67, "waitingTime": 0.0, "timeLoss": 261.32, "speed": 12.65, "speedRelative": 0.91, "teleported": 0.0 }, "geometry": { "type": "LineString", "coordinates": [ [ 4.358078, 50.832961 ], [ 4.355457, 50.8355 ] ] } },
{ "type": "Feature", "properties": { "index": "4726718", "element": "edge", "id": "4726718", "name": "Tunnel Stéphanie - Stefaniatunnel", "sampledSeconds": 384.14, "departed": 7.0, "arrived": 0.0, "entered": 0.0, "left": 6.0, "laneChangedFrom": 0.0, "laneChangedTo": 0.0, "traveltime": 61.36, "overlapTraveltime": 62.62, "density": 2.53, "laneDensity": 2.53, "occupancy": 1.25, "waitingTime": 330.0, "timeLoss": 363.98, "speed": 0.75, "speedRelative": 0.05, "teleported": 0.0 }, "geometry": { "type": "LineString", "coordinates": [ [ 4.354301, 50.836391 ], [ 4.354631, 50.836188 ], [ 4.354702, 50.836113 ] ] } },
{ "type": "Feature", "properties": { "index": "4726737", "element": "edge", "id": "4726737", "name": "Avenue Louise - Louizalaan", "sampledSeconds": 49361.84, "departed": 2.0, "arrived": 1.0, "entered": 233.0, "left": 212.0, "laneChangedFrom": 47.0, "laneChangedTo": 47.0, "traveltime": 220.15, "overlapTraveltime": 220.97, "density": 81.06, "laneDensity": 40.53, "occupancy": 19.97, "waitingTime": 44297.0, "timeLoss": 46536.57, "speed": 0.79, "speedRelative": 0.06, "teleported": 3.0 }, "geometry": { "type": "LineString", "coordinates": [ [ 4.358033, 50.832898 ], [ 4.359341, 50.831622 ] ] } },
{ "type": "Feature", "properties": { "index": "4726786#1", "element": "edge", "id": "4726786#1", "name": "Avenue Louise - Louizalaan", "sampledSeconds": 2922.96, "departed": 5.0, "arrived": 3.0, "entered": 165.0, "left": 158.0, "laneChangedFrom": 54.0, "laneChangedTo": 54.0, "traveltime": 16.86, "overlapTraveltime": 17.4, "density": 4.72, "laneDensity": 2.36, "occupancy": 1.14, "waitingTime": 398.0, "timeLoss": 700.05, "speed": 10.18, "speedRelative": 0.73, "teleported": 0.0 }, "geometry": { "type": "LineString", "coordinates": [ [ 4.371621, 50.817956 ], [ 4.3716, 50.817972 ], [ 4.371502, 50.818057 ], [ 4.371403, 50.818157 ], [ 4.371313, 50.818258 ], [ 4.371278, 50.818326 ], [ 4.371237, 50.818413 ], [ 4.370896, 50.81933 ], [ 4.370887, 50.819353 ], [ 4.370865, 50.819411 ] ] } },
{ "type": "Feature", "properties": { "index": "4726787#1", "element": "edge", "id": "4726787#1", "name": "Avenue Louise - Louizalaan", "sampledSeconds": 1998.56, "departed": 7.0, "arrived": 0.0, "entered": 230.0, "left": 237.0, "laneChangedFrom": 22.0, "laneChangedTo": 22.0, "traveltime": 8.06, "overlapTraveltime": 8.45, "density": 5.39, "laneDensity": 2.7, "occupancy": 1.29, "waitingTime": 0.0, "timeLoss": 128.89, "speed": 12.77, "speedRelative": 0.92, "teleported": 0.0 }, "geometry": { "type": "LineString", "coordinates": [ [ 4.366668, 50.824512 ], [ 4.36746, 50.823734 ] ] } },
{ "type": "Feature", "properties": { "index": "4730609", "element": "edge", "id": "4730609", "name": "Avenue Louise - Louizalaan", "sampledSeconds": 28482.36, "departed": 1.0, "arrived": 4.0, "entered": 122.0, "left": 96.0, "laneChangedFrom": 78.0, "laneChangedTo": 78.0, "traveltime": 263.58, "overlapTraveltime": 265.96, "density": 91.6, "laneDensity": 45.8, "occupancy": 22.44, "waitingTime": 26806.0, "timeLoss": 27284.94, "speed": 0.34, "speedRelative": 0.04, "teleported": 5.0 }, "geometry": { "type": "LineString", "coordinates": [ [ 4.368647, 50.822845 ], [ 4.368281, 50.823213 ], [ 4.368024, 50.823468 ], [ 4.367991, 50.823501 ] ] } },
{ "type": "Feature", "properties": { "index": "4730616#0", "element": "edge", "id": "4730616#0", "name": "Rue de la Paix - Vredestraat", "sampledSeconds": 366.55, "departed": 3.0, "arrived": 2.0, "entered": 235.0, "left": 236.0, "laneChangedFrom": 0.0, "laneChangedTo": 0.0, "traveltime": 0.85, "overlapTraveltime": 1.55, "density": 16.58, "laneDensity": 16.58, "occupancy": 4.58, "waitingTime": 0.0, "timeLoss": 49.73, "speed": 7.19, "speedRelative": 0.86, "teleported": 0.0 }, "geometry": { "type": "LineString", "coordinates": [ [ 4.364924, 50.835584 ], [ 4.364947, 50.835601 ], [ 4.364979, 50.835626 ] ] } },
{ "type": "Feature", "properties": { "index": "4730616#1", "element": "edge", "id": "4730616#1", "name": "Rue de la Paix - Vredestraat", "sampledSeconds": 193.86, "departed": 6.0, "arrived": 5.0, "entered": 240.0, "left": 241.0, "laneChangedFrom": 0.0, "laneChangedTo": 0.0, "traveltime": 0.08, "overlapTraveltime": 0.8, "density": 91.27, "laneDensity": 91.27, "occupancy": 4.84, "waitingTime": 0.0, "timeLoss": 29.29, "speed": 7.03, "speedRelative": 0.84, "teleported": 0.0 }, "geometry": { "type": "LineString", "coordinates": [ [ 4.365081, 50.835703 ], [ 4.365086, 50.835708 ] ] } },
{ "type": "Feature", "properties": { "index": "4730616#2", "element": "edge", "id": "4730616#2", "name": "Rue de la Paix - Vredestraat", "sampledSeconds": 346.89, "departed": 5.0, "arrived": 5.0, "entered": 238.0, "left": 238.0, "laneChangedFrom": 0.0, "laneChangedTo": 0.0, "traveltime": 0.73, "overlapTraveltime": 1.45, "density": 18.22, "laneDensity": 18.22, "occupancy": 4.71, "waitingTime": 0.0, "timeLoss": 49.42, "speed": 7.12, "speedRelative": 0.85, "teleported": 0.0 }, "geometry": { "type": "LineString", "coordinates": [ [ 4.36519, 50.835784 ], [ 4.365222, 50.835807 ], [ 4.36524, 50.835819 ] ] } },
{ "type": "Feature", "properties": { "index": "4730618", "element": "edge", "id": "4730618", "name": "Rue d&apos;Édimbourg - Edinburgstraat", "sampledSeconds": 629.82, "departed": 8.0, "arrived": 1.0, "entered": 16.0, "left": 23.0, "laneChangedFrom": 0.0, "laneChangedTo": 0.0, "traveltime": 25.34, "overlapTraveltime": 26.51, "density": 0.98, "laneDensity": 0.98, "occupancy": 0.48, "waitingTime": 14.0, "timeLoss": 104.55, "speed": 6.89, "speedRelative": 0.83, "teleported": 0.0 }, "geometry": { "type": "LineString", "coordinates": [ [ 4.36483, 50.838651 ], [ 4.364166, 50.837129 ], [ 4.364158, 50.83711 ] ] } },
{ "type": "Feature", "properties": { "index": "4730619", "element": "edge", "id": "4730619", "name": "Rue de Naples - Napelsstraat", "sampledSeconds": 3123.7, "departed": 5.0, "arrived": 3.0, "entered": 103.0, "left": 105.0, "laneChangedFrom": 0.0, "laneChangedTo": 0.0, "traveltime": 28.29, "overlapTraveltime": 28.96, "density": 4.15, "laneDensity": 4.15, "occupancy": 2.02, "waitingTime": 0.0, "timeLoss": 313.72, "speed": 7.4, "speedRelative": 0.89, "teleported": 0.0 }, "geometry": { "type": "LineString", "coordinates": [ [ 4.365216, 50.836884 ], [ 4.365218, 50.836889 ], [ 4.365226, 50.836906 ], [ 4.366035, 50.838676 ], [ 4.366041, 50.838692 ] ] } },
{ "type": "Feature", "properties": { "index": "4730620", "element": "edge", "id": "4730620", "name": "Rue Anoul - Anoulstraat", "sampledSeconds": 732.67, "departed": 7.0, "arrived": 3.0, "entered": 39.0, "left": 43.0, "laneChangedFrom": 0.0, "laneChangedTo": 0.0, "traveltime": 14.93, "overlapTraveltime": 16.07, "density": 2.11, "laneDensity": 2.11, "occupancy": 1.0, "waitingTime": 35.0, "timeLoss": 155.32, "speed": 6.33, "speedRelative": 0.76, "teleported": 0.0 }, "geometry": { "type": "LineString", "coordinates": [ [ 4.36674, 50.835622 ], [ 4.367687, 50.836225 ], [ 4.367706, 50.83624 ] ] } },
{ "type": "Feature", "properties": { "index": "4730623", "element": "edge", "id": "4730623", "name": "Rue de l&apos;Athénée - Atheneumstraat", "sampledSeconds": 1172.86, "departed": 2.0, "arrived": 4.0, "entered": 60.0, "left": 57.0, "laneChangedFrom": 0.0, "laneChangedTo": 0.0, "traveltime": 17.81, "overlapTraveltime": 19.14, "density": 2.45, "laneDensity": 2.45, "occupancy": 1.16, "waitingTime": 6.0, "timeLoss": 146.19, "speed": 7.21, "speedRelative": 0.87, "teleported": 0.0 }, "geometry": { "type": "LineString", "coordinates": [ [ 4.36623, 50.83503 ], [ 4.366203, 50.835029 ], [ 4.364344, 50.834969 ] ] } },
{ "type": "Feature", "properties": { "index": "4730624", "element": "edge", "id": "4730624", "name": "Rue Souveraine - Opperstraat", "sampledSeconds": 18021.37, "departed": 4.0, "arrived": 2.0, "entered": 141.0, "left": 119.0, "laneChangedFrom": 0.0, "laneChangedTo": 0.0, "traveltime": 133.11, "overlapTraveltime": 134.96, "density": 25.36, "laneDensity": 25.36, "occupancy": 12.56, "waitingTime": 13377.0, "timeLoss": 14681.87, "speed": 1.5, "speedRelative": 0.18, "teleported": 1.0 }, "geometry": { "type": "LineString", "coordinates": [ [ 4.363848, 50.832442 ], [ 4.365885, 50.83363 ], [ 4.365894, 50.833635 ], [ 4.365909, 50.833644 ] ] } },
{ "type": "Feature", "properties": { "index": "4730627#0", "element": "edge", "id": "4730627#0", "name": "Rue Mercelis - Mercelisstraat", "sampledSeconds": 1359.49, "departed": 8.0, "arrived": 3.0, "entered": 97.0, "left": 102.0, "laneChangedFrom": 0.0, "laneChangedTo": 0.0, "traveltime": 12.3, "overlapTraveltime": 13.03, "density": 4.21, "laneDensity": 4.21, "occupancy": 1.99, "waitingTime": 0.0, "timeLoss": 146.99, "speed": 7.27, "speedRelative": 0.87, "teleported": 0.0 }, "geometry": { "type": "LineString", "coordinates": [ [ 4.366485, 50.832947 ], [ 4.366482, 50.832946 ], [ 4.366461, 50.832937 ], [ 4.366423, 50.832916 ], [ 4.365645, 50.832342 ] ] } },
{ "type": "Feature", "properties": { "index": "4730631#0", "element": "edge", "id": "4730631#0", "name": "Rue de la Cité - Woonwijkstraat", "sampledSeconds": 110.15, "departed": 7.0, "arrived": 3.0, "entered": 5.0, "left": 9.0, "laneChangedFrom": 0.0, "laneChangedTo": 0.0, "traveltime": 8.92, "overlapTraveltime": 9.68, "density": 0.52, "laneDensity": 0.52, "occupancy": 0.24, "waitingTime": 0.0, "timeLoss": 21.21, "speed": 6.61, "speedRelative": 0.79, "teleported": 0.0 }, "geometry": { "type": "LineString", "coordinates": [ [ 4.369872, 50.832205 ], [ 4.369888, 50.832215 ], [ 4.370465, 50.832579 ] ] } },
{ "type": "Feature", "properties": { "index": "4730631#1", "element": "edge", "id": "4730631#1", "name": "Rue de la Cité - Woonwijkstraat", "sampledSeconds": 209.86, "departed": 7.0, "arrived": 3.0, "entered": 11.0, "left": 15.0, "laneChangedFrom": 0.0, "laneChangedTo": 0.0, "traveltime": 10.96, "overlapTraveltime": 12.03, "density": 0.84, "laneDensity": 0.84, "occupancy": 0.39, "waitingTime": 4.0, "timeLoss": 43.02, "speed": 6.19, "speedRelative": 0.74, "teleported": 0.0 }, "geometry": { "type": "LineString", "coordinates": [ [ 4.370576, 50.832648 ], [ 4.371276, 50.833088 ] ] } },
{ "type": "Feature", "properties": { "index": "4730633#0", "element": "edge", "id": "4730633#0", "name": "Rue Goffart - Goffartstraat", "sampledSeconds": 1062.28, "departed": 1.0, "arrived": 2.0, "entered": 94.0, "left": 94.0, "laneChangedFrom": 0.0, "laneChangedTo": 0.0, "traveltime": 10.22, "overlapTraveltime": 11.11, "density": 4.65, "laneDensity": 4.65, "occupancy": 2.17, "waitingTime": 59.0, "timeLoss": 264.3, "speed": 6.17, "speedRelative": 0.74, "teleported": 0.0 }, "geometry": { "type": "LineString", "coordinates": [ [ 4.370355, 50.83512 ], [ 4.369758, 50.835434 ], [ 4.369716, 50.835463 ], [ 4.369701, 50.835488 ], [ 4.369692, 50.8355 ] ] } },
{ "type": "Feature", "properties": { "index": "4730634#0", "element": "edge", "id": "4730634#0", "name": "Rue d&apos;Egmont - Egmontstraat", "sampledSeconds": 1432.39, "departed": 9.0, "arrived": 2.0, "entered": 68.0, "left": 75.0, "laneChangedFrom": 0.0, "laneChangedTo": 0.0, "traveltime": 17.95, "overlapTraveltime": 18.69, "density": 3.11, "laneDensity": 3.11, "occupancy": 1.49, "waitingTime": 5.0, "timeLoss": 186.42, "speed": 7.12, "speedRelative": 0.85, "teleported": 0.0 }, "geometry": { "type": "LineString", "coordinates": [ [ 4.366025, 50.838764 ], [ 4.365988, 50.838818 ], [ 4.364925, 50.839679 ] ] } },
{ "type": "Feature", "properties": { "index": "4730636#0", "element": "edge", "id": "4730636#0", "name": "Rue de Londres - Londenstraat", "sampledSeconds": 981.36, "departed": 3.0, "arrived": 2.0, "entered": 44.0, "left": 45.0, "laneChangedFrom": 0.0, "laneChangedTo": 0.0, "traveltime": 19.92, "overlapTraveltime": 20.97, "density": 2.94, "laneDensity": 2.94, "occupancy": 1.4, "waitingTime": 0.0, "timeLoss": 135.0, "speed": 4.66, "speedRelative": 0.84, "teleported": 0.0 }, "geometry": { "type": "LineString", "coordinates": [ [ 4.367907, 50.837882 ], [ 4.367179, 50.838458 ], [ 4.367109, 50.838513 ], [ 4.367074, 50.838525 ] ] } },
{ "type": "Feature", "properties": { "index": "4730637#0", "element": "edge", "id": "4730637#0", "name": "Rue Sans Souci - Sans Soucistraat", "sampledSeconds": 817.41, "departed": 3.0, "arrived": 1.0, "entered": 69.0, "left": 71.0, "laneChangedFrom": 0.0, "laneChangedTo": 0.0, "traveltime": 10.72, "overlapTraveltime": 11.38, "density": 2.84, "laneDensity": 2.84, "occupancy": 1.34, "waitingTime": 0.0, "timeLoss": 77.53, "speed": 7.45, "speedRelative": 0.89, "teleported": 0.0 }, "geometry": { "type": "LineString", "coordinates": [ [ 4.373958, 50.831649 ], [ 4.373928, 50.831667 ], [ 4.373129, 50.832116 ], [ 4.373111, 50.832126 ] ] } },
{ "type": "Feature", "properties": { "index": "4730637#1", "element": "edge", "id": "4730637#1", "name": "Rue Sans Souci - Sans Soucistraat", "sampledSeconds": 1555.06, "departed": 4.0, "arrived": 4.0, "entered": 104.0, "left": 104.0, "laneChangedFrom": 0.0, "laneChangedTo": 0.0, "traveltime": 13.75, "overlapTraveltime": 14.43, "density": 4.23, "laneDensity": 4.23, "occupancy": 2.01, "waitingTime": 0.0, "timeLoss": 150.99, "speed": 7.43, "speedRelative": 0.89, "teleported": 0.0 }, "geometry": { "type": "LineString", "coordinates": [ [ 4.372993, 50.832193 ], [ 4.372967, 50.832208 ], [ 4.371912, 50.832807 ] ] } },
{ "type": "Feature", "properties": { "index": "4730637#2", "element": "edge", "id": "4730637#2", "name": "Rue Sans Souci - Sans Soucistraat", "sampledSeconds": 627.72, "departed": 2.0, "arrived": 2.0, "entered": 104.0, "left": 104.0, "laneChangedFrom": 0.0, "laneChangedTo": 0.0, "traveltime": 5.26, "overlapTraveltime": 5.94, "density": 4.47, "laneDensity": 4.47, "occupancy": 1.98, "waitingTime": 0.0, "timeLoss": 63.76, "speed": 7.42, "speedRelative": 0.89, "teleported": 0.0 }, "geometry": { "type": "LineString", "coordinates": [ [ 4.371812, 50.832863 ], [ 4.371395, 50.833091 ], [ 4.371393, 50.833092 ] ] } },
{ "type": "Feature", "properties": { "index": "4730637#3", "element": "edge", "id": "4730637#3", "name": "Rue Sans Souci - Sans Soucistraat", "sampledSeconds": 1054.33, "departed": 4.0, "arrived": 4.0, "entered": 119.0, "left": 119.0, "laneChangedFrom": 0.0, "laneChangedTo": 0.0, "traveltime": 7.86, "overlapTraveltime": 8.6, "density": 5.12, "laneDensity": 5.12, "occupancy": 2.35, "waitingTime": 0.0, "timeLoss": 113.86, "speed": 7.23, "speedRelative": 0.87, "teleported": 0.0 }, "geometry": { "type": "LineString", "coordinates": [ [ 4.371274, 50.833158 ], [ 4.370671, 50.833502 ] ] } },
{ "type": "Feature", "properties": { "index": "4730637#4", "element": "edge", "id": "4730637#4", "name": "Rue Sans Souci - Sans Soucistraat", "sampledSeconds": 1388.21, "departed": 5.0, "arrived": 4.0, "entered": 68.0, "left": 69.0, "laneChangedFrom": 0.0, "laneChangedTo": 0.0, "traveltime": 18.33, "overlapTraveltime": 19.08, "density": 2.92, "laneDensity": 2.92, "occupancy": 1.41, "waitingTime": 18.0, "timeLoss": 181.82, "speed": 7.18, "speedRelative": 0.86, "teleported": 0.0 }, "geometry": { "type": "LineString", "coordinates": [ [ 4.370563, 50.833564 ], [ 4.37055, 50.833571 ], [ 4.370527, 50.833584 ], [ 4.369142, 50.834305 ], [ 4.369115, 50.834318 ] ] } },
{ "type": "Feature", "properties": { "index": "4730638", "element": "edge", "id": "4730638", "name": "Rue Bouré - Bouréstraat", "sampledSeconds": 264.07, "departed": 4.0, "arrived": 3.0, "entered": 20.0, "left": 21.0, "laneChangedFrom": 0.0, "laneChangedTo": 0.0, "traveltime": 10.42, "overlapTraveltime": 11.16, "density": 0.98, "laneDensity": 0.98, "occupancy": 0.46, "waitingTime": 0.0, "timeLoss": 30.33, "speed": 7.12, "speedRelative": 0.86, "teleported": 0.0 }, "geometry": { "type": "LineString", "coordinates": [ [ 4.366314, 50.835081 ], [ 4.366312, 50.835106 ], [ 4.366245, 50.83564 ], [ 4.366238, 50.835662 ], [ 4.366241, 50.835681 ], [ 4.366266, 50.835712 ], [ 4.366309, 50.83573 ] ] } },
{ "type": "Feature", "properties": { "index": "4730644", "element": "edge", "id": "4730644", "name": "Rue Isidore Verheyden - Isidore Verheydenstraat", "sampledSeconds": 168.58, "departed": 5.0, "arrived": 3.0, "entered": 9.0, "left": 11.0, "laneChangedFrom": 0.0, "laneChangedTo": 0.0, "traveltime": 11.57, "overlapTraveltime": 12.41, "density": 0.59, "laneDensity": 0.59, "occupancy": 0.28, "waitingTime": 0.0, "timeLoss": 24.94, "speed": 6.79, "speedRelative": 0.82, "teleported": 0.0 }, "geometry": { "type": "LineString", "coordinates": [ [ 4.361782, 50.832569 ], [ 4.360918, 50.833026 ] ] } },
{ "type": "Feature", "properties": { "index": "4730647#0", "element": "edge", "id": "4730647#0", "name": "Rue du Président - Voorzittersstraat", "sampledSeconds": 401.55, "departed": 4.0, "arrived": 3.0, "entered": 21.0, "left": 22.0, "laneChangedFrom": 0.0, "laneChangedTo": 0.0, "traveltime": 15.99, "overlapTraveltime": 16.89, "density": 5.73, "laneDensity": 5.73, "occupancy": 2.75, "waitingTime": 305.0, "timeLoss": 330.09, "speed": 1.45, "speedRelative": 0.17, "teleported": 1.0 }, "geometry": { "type": "LineString", "coordinates": [ [ 4.360129, 50.831342 ], [ 4.360316, 50.831471 ] ] } },
{ "type": "Feature", "properties": { "index": "4730647#2", "element": "edge", "id": "4730647#2", "name": "Rue du Président - Voorzittersstraat", "sampledSeconds": 749.49, "departed": 5.0, "arrived": 3.0, "entered": 32.0, "left": 34.0, "laneChangedFrom": 0.0, "laneChangedTo": 0.0, "traveltime": 19.64, "overlapTraveltime": 20.37, "density": 1.45, "laneDensity": 1.45, "occupancy": 0.7, "waitingTime": 0.0, "timeLoss": 73.5, "speed": 7.29, "speedRelative": 0.88, "teleported": 0.0 }, "geometry": { "type": "LineString", "coordinates": [ [ 4.360419, 50.831544 ], [ 4.361247, 50.832132 ], [ 4.361789, 50.832497 ], [ 4.361791, 50.832498 ] ] } },
{ "type": "Feature", "properties": { "index": "4730647#3", "element": "edge", "id": "4730647#3", "name": "Rue du Président - Voorzittersstraat", "sampledSeconds": 445.62, "departed": 4.0, "arrived": 4.0, "entered": 25.0, "left": 25.0, "laneChangedFrom": 0.0, "laneChangedTo": 0.0, "traveltime": 14.64, "overlapTraveltime": 15.52, "density": 1.17, "laneDensity": 1.17, "occupancy": 0.56, "waitingTime": 0.0, "timeLoss": 44.63, "speed": 7.14, "speedRelative": 0.86, "teleported": 0.0 }, "geometry": { "type": "LineString", "coordinates": [ [ 4.361896, 50.832573 ], [ 4.362888, 50.833289 ] ] } },
{ "type": "Feature", "properties": { "index": "4730648#0", "element": "edge", "id": "4730648#0", "name": "Rue du Beau Site - Welgelegenstraat", "sampledSeconds": 580.18, "departed": 5.0, "arrived": 1.0, "entered": 39.0, "left": 44.0, "laneChangedFrom": 0.0, "laneChangedTo": 0.0, "traveltime": 12.55, "overlapTraveltime": 13.22, "density": 1.75, "laneDensity": 1.75, "occupancy": 0.83, "waitingTime": 0.0, "timeLoss": 64.18, "speed": 7.36, "speedRelative": 0.88, "teleported": 0.0 }, "geometry": { "type": "LineString", "coordinates": [ [ 4.362869, 50.828725 ], [ 4.363546, 50.829436 ] ] } },
{ "type": "Feature", "properties": { "index": "4730648#2", "element": "edge", "id": "4730648#2", "name": "Rue du Beau Site - Welgelegenstraat", "sampledSeconds": 313.48, "departed": 2.0, "arrived": 0.0, "entered": 44.0, "left": 46.0, "laneChangedFrom": 0.0, "laneChangedTo": 0.0, "traveltime": 6.02, "overlapTraveltime": 6.85, "density": 2.1, "laneDensity": 2.1, "occupancy": 0.94, "waitingTime": 2.0, "timeLoss": 53.93, "speed": 6.77, "speedRelative": 0.81, "teleported": 0.0 }, "geometry": { "type": "LineString", "coordinates": [ [ 4.363615, 50.829509 ], [ 4.363918, 50.829827 ] ] } },
{ "type": "Feature", "properties": { "index": "4730648#3", "element": "edge", "id": "4730648#3", "name": "Rue du Beau Site - Welgelegenstraat", "sampledSeconds": 75.53, "departed": 4.0, "arrived": 0.0, "entered": 39.0, "left": 43.0, "laneChangedFrom": 0.0, "laneChangedTo": 0.0, "traveltime": 1.08, "overlapTraveltime": 1.83, "density": 2.93, "laneDensity": 2.93, "occupancy": 0.89, "waitingTime": 0.0, "timeLoss": 13.11, "speed": 6.66, "speedRelative": 0.8, "teleported": 0.0 }, "geometry": { "type": "LineString", "coordinates": [ [ 4.363994, 50.829905 ], [ 4.364017, 50.829931 ], [ 4.364053, 50.829958 ] ] } },
{ "type": "Feature", "properties": { "index": "4730649", "element": "edge", "id": "4730649", "name": "Rue Jean d&apos;Ardenne - Jean d&apos;Ardennestraat", "sampledSeconds": 881.54, "departed": 3.0, "arrived": 4.0, "entered": 16.0, "left": 15.0, "laneChangedFrom": 0.0, "laneChangedTo": 0.0, "traveltime": 45.72, "overlapTraveltime": 46.63, "density": 0.98, "laneDensity": 0.98, "occupancy": 0.48, "waitingTime": 195.0, "timeLoss": 263.14, "speed": 5.47, "speedRelative": 0.66, "teleported": 0.0 }, "geometry": { "type": "LineString", "coordinates": [ [ 4.363417, 50.832928 ], [ 4.363102, 50.832688 ], [ 4.362443, 50.832224 ], [ 4.362209, 50.832053 ], [ 4.362107, 50.831951 ], [ 4.361964, 50.831843 ], [ 4.361112, 50.831221 ] ] } },
{ "type": "Feature", "properties": { "index": "4730651", "element": "edge", "id": "4730651", "name": "Rue Mercelis - Mercelisstraat", "sampledSeconds": 1162.0, "departed": 6.0, "arrived": 10.0, "entered": 80.0, "left": 76.0, "laneChangedFrom": 0.0, "laneChangedTo": 0.0, "traveltime": 12.82, "overlapTraveltime": 13.58, "density": 3.43, "laneDensity": 3.43, "occupancy": 1.63, "waitingTime": 0.0, "timeLoss": 127.72, "speed": 7.31, "speedRelative": 0.88, "teleported": 0.0 }, "geometry": { "type": "LineString", "coordinates": [ [ 4.36387, 50.831013 ], [ 4.363861, 50.831006 ], [ 4.36301, 50.830364 ] ] } },
{ "type": "Feature", "properties": { "index": "4730654", "element": "edge", "id": "4730654", "name": "Rue Souveraine - Opperstraat", "sampledSeconds": 923.87, "departed": 6.0, "arrived": 0.0, "entered": 26.0, "left": 33.0, "laneChangedFrom": 0.0, "laneChangedTo": 0.0, "traveltime": 27.83, "overlapTraveltime": 28.64, "density": 1.27, "laneDensity": 1.27, "occupancy": 0.62, "waitingTime": 0.0, "timeLoss": 91.26, "speed": 7.25, "speedRelative": 0.87, "teleported": 0.0 }, "geometry": { "type": "LineString", "coordinates": [ [ 4.362007, 50.830821 ], [ 4.363687, 50.8323 ] ] } },
{ "type": "Feature", "properties": { "index": "4731082#0", "element": "edge", "id": "4731082#0", "name": "Avenue Louise - Louizalaan", "sampledSeconds": 331.87, "departed": 0.0, "arrived": 4.0, "entered": 23.0, "left": 19.0, "laneChangedFrom": 0.0, "laneChangedTo": 0.0, "traveltime": 13.78, "overlapTraveltime": 14.47, "density": 0.91, "laneDensity": 0.91, "occupancy": 0.44, "waitingTime": 0.0, "timeLoss": 27.0, "speed": 7.31, "speedRelative": 0.88, "teleported": 0.0 }, "geometry": { "type": "LineString", "coordinates": [ [ 4.371257, 50.817385 ], [ 4.371305, 50.817259 ], [ 4.371428, 50.816923 ], [ 4.371584, 50.816503 ] ] } },
{ "type": "Feature", "properties": { "index": "4731082#1", "element": "edge", "id": "4731082#1", "name": "Avenue Louise - Louizalaan", "sampledSeconds": 238.88, "departed": 0.0, "arrived": 10.0, "entered": 10.0, "left": 0.0, "laneChangedFrom": 0.0, "laneChangedTo": 0.0, "traveltime": 23.49, "overlapTraveltime": 24.16, "density": 0.38, "laneDensity": 0.38, "occupancy": 0.19, "waitingTime": 0.0, "timeLoss": 19.54, "speed": 7.45, "speedRelative": 0.89, "teleported": 0.0 }, "geometry": { "type": "LineString", "coordinates": [ [ 4.371631, 50.816378 ], [ 4.37188, 50.815683 ], [ 4.371898, 50.81562 ], [ 4.371904, 50.815606 ], [ 4.371909, 50.815592 ], [ 4.371928, 50.815544 ], [ 4.372121, 50.815025 ], [ 4.37214, 50.814972 ], [ 4.372209, 50.814909 ], [ 4.372251, 50.814861 ] ] } },
{ "type": "Feature", "properties": { "index": "47426237#0", "element": "edge", "id": "47426237#0", "name": "Avenue Guillaume Macau - Guillaume Macaulaan", "sampledSeconds": 6393.65, "departed": 4.0, "arrived": 1.0, "entered": 82.0, "left": 79.0, "laneChangedFrom": 0.0, "laneChangedTo": 0.0, "traveltime": 77.48, "overlapTraveltime": 79.1, "density": 45.84, "laneDensity": 45.84, "occupancy": 21.02, "waitingTime": 5688.0, "timeLoss": 5946.74, "speed": 0.55, "speedRelative": 0.07, "teleported": 3.0 }, "geometry": { "type": "LineString", "coordinates": [ [ 4.374225, 50.824112 ], [ 4.374208, 50.824103 ], [ 4.37383, 50.823955 ], [ 4.373803, 50.823944 ], [ 4.373757, 50.823928 ] ] } },
{ "type": "Feature", "properties": { "index": "47426240#0", "element": "edge", "id": "47426240#0", "name": "Place Adolphe Sax - Adolphe Saxplein", "sampledSeconds": 5299.15, "departed": 10.0, "arrived": 4.0, "entered": 15.0, "left": 15.0, "laneChangedFrom": 0.0, "laneChangedTo": 0.0, "traveltime": 230.34, "overlapTraveltime": 235.0, "density": 17.66, "laneDensity": 17.66, "occupancy": 8.81, "waitingTime": 4923.0, "timeLoss": 5050.22, "speed": 0.38, "speedRelative": 0.05, "teleported": 2.0 }, "geometry": { "type": "LineString", "coordinates": [ [ 4.38065, 50.825926 ], [ 4.380071, 50.825722 ], [ 4.380069, 50.825681 ], [ 4.380189, 50.825568 ], [ 4.380335, 50.825446 ] ] } },
{ "type": "Feature", "properties": { "index": "47426241#0", "element": "edge", "id": "47426241#0", "name": "Avenue des Éperons d&apos;Or - Gulden-Sporenlaan", "sampledSeconds": 1363.22, "departed": 2.0, "arrived": 4.0, "entered": 36.0, "left": 34.0, "laneChangedFrom": 0.0, "laneChangedTo": 0.0, "traveltime": 34.72, "overlapTraveltime": 35.93, "density": 1.85, "laneDensity": 1.85, "occupancy": 0.9, "waitingTime": 247.45, "timeLoss": 384.75, "speed": 5.84, "speedRelative": 0.7, "teleported": 0.0 }, "geometry": { "type": "LineString", "coordinates": [ [ 4.372545, 50.825641 ], [ 4.372578, 50.825557 ], [ 4.372647, 50.825393 ], [ 4.37272, 50.825234 ], [ 4.372813, 50.825058 ], [ 4.372917, 50.824872 ], [ 4.372997, 50.82474 ], [ 4.373169, 50.824483 ], [ 4.37335, 50.824242 ], [ 4.373444, 50.824124 ], [ 4.37348, 50.824078 ], [ 4.373545, 50.824006 ], [ 4.373613, 50.823934 ] ] } },
{ "type": "Feature", "properties": { "index": "47426244#0", "element": "edge", "id": "47426244#0", "name": "Rue Léon Cuissez - Léon Cuissezstraat", "sampledSeconds": 736.12, "departed": 6.0, "arrived": 0.0, "entered": 141.0, "left": 147.0, "laneChangedFrom": 0.0, "laneChangedTo": 0.0, "traveltime": 4.36, "overlapTraveltime": 5.04, "density": 6.47, "laneDensity": 6.47, "occupancy": 2.79, "waitingTime": 0.0, "timeLoss": 85.44, "speed": 7.27, "speedRelative": 0.87, "teleported": 0.0 }, "geometry": { "type": "LineString", "coordinates": [ [ 4.380368, 50.823714 ], [ 4.380002, 50.823549 ] ] } },
{ "type": "Feature", "properties": { "index": "47426244#1", "element": "edge", "id": "47426244#1", "name": "Rue Léon Cuissez - Léon Cuissezstraat", "sampledSeconds": 626.69, "departed": 5.0, "arrived": 4.0, "entered": 147.0, "left": 148.0, "laneChangedFrom": 0.0, "laneChangedTo": 0.0, "traveltime": 3.48, "overlapTraveltime": 4.15, "density": 6.81, "laneDensity": 6.81, "occupancy": 2.86, "waitingTime": 0.0, "timeLoss": 65.99, "speed": 7.36, "speedRelative": 0.88, "teleported": 0.0 }, "geometry": { "type": "LineString", "coordinates": [ [ 4.379894, 50.8235 ], [ 4.379598, 50.823367 ] ] } },
{ "type": "Feature", "properties": { "index": "47426244#2", "element": "edge", "id": "47426244#2", "name": "Rue Léon Cuissez - Léon Cuissezstraat", "sampledSeconds": 1918.09, "departed": 7.0, "arrived": 5.0, "entered": 148.0, "left": 150.0, "laneChangedFrom": 0.0, "laneChangedTo": 0.0, "traveltime": 11.37, "overlapTraveltime": 12.43, "density": 8.89, "laneDensity": 8.89, "occupancy": 4.16, "waitingTime": 330.0, "timeLoss": 689.17, "speed": 5.22, "speedRelative": 0.63, "teleported": 0.0 }, "geometry": { "type": "LineString", "coordinates": [ [ 4.37949, 50.823318 ], [ 4.378797, 50.823005 ] ] } },
{ "type": "Feature", "properties": { "index": "47446166", "element": "edge", "id": "47446166", "name": "Rue Gray - Graystraat", "sampledSeconds": 41.02, "departed": 4.0, "arrived": 2.0, "entered": 8.0, "left": 10.0, "laneChangedFrom": 0.0, "laneChangedTo": 0.0, "traveltime": 2.83, "overlapTraveltime": 3.85, "density": 0.79, "laneDensity": 0.79, "occupancy": 0.31, "waitingTime": 0.0, "timeLoss": 10.79, "speed": 5.05, "speedRelative": 0.61, "teleported": 0.0 }, "geometry": { "type": "LineString", "coordinates": [ [ 4.374557, 50.828571 ], [ 4.374752, 50.828611 ] ] } },
{ "type": "Feature", "properties": { "index": "47461591#0", "element": "edge", "id": "47461591#0", "name": "Rue des Chevaliers - Riddersstraat", "sampledSeconds": 20.33, "departed": 3.0, "arrived": 6.0, "entered": 19.0, "left": 16.0, "laneChangedFrom": 0.0, "laneChangedTo": 0.0, "traveltime": 0.07, "overlapTraveltime": 1.07, "density": 13.77, "laneDensity": 13.77, "occupancy": 0.53, "waitingTime": 0.0, "timeLoss": 7.75, "speed": 5.07, "speedRelative": 0.61, "teleported": 0.0 }, "geometry": { "type": "LineString", "coordinates": [ [ 4.358621, 50.83701 ], [ 4.358624, 50.837007 ] ] } },
{ "type": "Feature", "properties": { "index": "47461591#1", "element": "edge", "id": "47461591#1", "name": "Rue des Chevaliers - Riddersstraat", "sampledSeconds": 404.52, "departed": 4.0, "arrived": 3.0, "entered": 16.0, "left": 17.0, "laneChangedFrom": 0.0, "laneChangedTo": 0.0, "traveltime": 19.55, "overlapTraveltime": 20.36, "density": 0.78, "laneDensity": 0.78, "occupancy": 0.37, "waitingTime": 0.0, "timeLoss": 41.07, "speed": 7.36, "speedRelative": 0.88, "teleported": 0.0 }, "geometry": { "type": "LineString", "coordinates": [ [ 4.358678, 50.836962 ], [ 4.358718, 50.83693 ], [ 4.359646, 50.836248 ], [ 4.360012, 50.83597 ] ] } },
{ "type": "Feature", "properties": { "index": "4760584#0", "element": "edge", "id": "4760584#0", "name": "Place Sainte-Croix - Heilig-Kruisplein", "sampledSeconds": 787.15, "departed": 4.0, "arrived": 1.0, "entered": 66.0, "left": 70.0, "laneChangedFrom": 0.0, "laneChangedTo": 0.0, "traveltime": 10.52, "overlapTraveltime": 11.19, "density": 2.79, "laneDensity": 2.79, "occupancy": 1.32, "waitingTime": 0.0, "timeLoss": 74.25, "speed": 7.45, "speedRelative": 0.89, "teleported": 0.0 }, "geometry": { "type": "LineString", "coordinates": [ [ 4.372206, 50.82698 ], [ 4.372219, 50.826951 ], [ 4.372231, 50.82692 ], [ 4.372244, 50.826878 ], [ 4.37227, 50.826766 ], [ 4.372286, 50.826651 ], [ 4.3723, 50.826562 ], [ 4.372313, 50.826478 ], [ 4.372332, 50.826383 ], [ 4.372353, 50.826282 ] ] } },
{ "type": "Feature", "properties": { "index": "47895849#0", "element": "edge", "id": "47895849#0", "name": "Chaussée d&apos;Ixelles - Elsense Steenweg", "sampledSeconds": 824.66, "departed": 3.0, "arrived": 4.0, "entered": 122.0, "left": 120.0, "laneChangedFrom": 0.0, "laneChangedTo": 0.0, "traveltime": 5.65, "overlapTraveltime": 6.69, "density": 8.39, "laneDensity": 8.39, "occupancy": 3.55, "waitingTime": 0.0, "timeLoss": 114.26, "speed": 4.83, "speedRelative": 0.87, "teleported": 0.0 }, "geometry": { "type": "LineString", "coordinates": [ [ 4.362055, 50.837468 ], [ 4.362095, 50.837375 ], [ 4.362189, 50.837238 ] ] } },
{ "type": "Feature", "properties": { "index": "47895849#1", "element": "edge", "id": "47895849#1", "name": "Chaussée d&apos;Ixelles - Elsense Steenweg", "sampledSeconds": 2186.45, "departed": 8.0, "arrived": 7.0, "entered": 121.0, "left": 123.0, "laneChangedFrom": 0.0, "laneChangedTo": 0.0, "traveltime": 15.88, "overlapTraveltime": 16.97, "density": 8.01, "laneDensity": 8.01, "occupancy": 3.77, "waitingTime": 4.0, "timeLoss": 322.42, "speed": 4.76, "speedRelative": 0.86, "teleported": 0.0 }, "geometry": { "type": "LineString", "coordinates": [ [ 4.362243, 50.837161 ], [ 4.362322, 50.837051 ], [ 4.362597, 50.836643 ], [ 4.362674, 50.836537 ] ] } },
{ "type": "Feature", "properties": { "index": "47895849#4", "element": "edge", "id": "47895849#4", "name": "Chaussée d&apos;Ixelles - Elsense Steenweg", "sampledSeconds": 1080.22, "departed": 2.0, "arrived": 5.0, "entered": 123.0, "left": 120.0, "laneChangedFrom": 0.0, "laneChangedTo": 0.0, "traveltime": 7.61, "overlapTraveltime": 8.69, "density": 8.27, "laneDensity": 8.27, "occupancy": 3.65, "waitingTime": 12.0, "timeLoss": 163.56, "speed": 4.76, "speedRelative": 0.86, "teleported": 0.0 }, "geometry": { "type": "LineString", "coordinates": [ [ 4.36276, 50.836417 ], [ 4.362841, 50.836303 ], [ 4.363002, 50.83613 ] ] } },
{ "type": "Feature", "properties": { "index": "47896065", "element": "edge", "id": "47896065", "name": "Chaussée d&apos;Ixelles - Elsense Steenweg", "sampledSeconds": 1599.23, "departed": 3.0, "arrived": 5.0, "entered": 105.0, "left": 103.0, "laneChangedFrom": 0.0, "laneChangedTo": 0.0, "traveltime": 13.62, "overlapTraveltime": 15.26, "density": 6.83, "laneDensity": 6.83, "occupancy": 3.12, "waitingTime": 1.0, "timeLoss": 254.62, "speed": 4.59, "speedRelative": 0.83, "teleported": 0.0 }, "geometry": { "type": "LineString", "coordinates": [ [ 4.363083, 50.836047 ], [ 4.363577, 50.835553 ] ] } },
{ "type": "Feature", "properties": { "index": "47999869#0", "element": "edge", "id": "47999869#0", "name": "", "sampledSeconds": 185.13, "departed": 0.0, "arrived": 0.0, "entered": 245.0, "left": 245.0, "laneChangedFrom": 0.0, "laneChangedTo": 0.0, "traveltime": 0.07, "overlapTraveltime": 0.76, "density": 98.89, "laneDensity": 98.89, "occupancy": 4.66, "waitingTime": 0.0, "timeLoss": 19.8, "speed": 7.3, "speedRelative": 0.88, "teleported": 0.0 }, "geometry": { "type": "LineString", "coordinates": [ [ 4.374404, 50.824037 ], [ 4.374412, 50.824037 ] ] } },
{ "type": "Feature", "properties": { "index": "47999869#1", "element": "edge", "id": "47999869#1", "name": "", "sampledSeconds": 63.07, "departed": 0.0, "arrived": 0.0, "entered": 85.0, "left": 85.0, "laneChangedFrom": 0.0, "laneChangedTo": 0.0, "traveltime": 0.03, "overlapTraveltime": 0.74, "density": 87.6, "laneDensity": 87.6, "occupancy": 1.68, "waitingTime": 0.0, "timeLoss": 7.71, "speed": 7.0, "speedRelative": 0.84, "teleported": 0.0 }, "geometry": { "type": "LineString", "coordinates": [ [ 4.374539, 50.824111 ], [ 4.374539, 50.824113 ] ] } },
{ "type": "Feature", "properties": { "index": "47999869#2", "element": "edge", "id": "47999869#2", "name": "", "sampledSeconds": 60.91, "departed": 0.0, "arrived": 0.0, "entered": 83.0, "left": 83.0, "laneChangedFrom": 0.0, "laneChangedTo": 0.0, "traveltime": 0.03, "overlapTraveltime": 0.73, "density": 84.6, "laneDensity": 84.6, "occupancy": 1.63, "waitingTime": 0.0, "timeLoss": 6.17, "speed": 7.09, "speedRelative": 0.85, "teleported": 0.0 }, "geometry": { "type": "LineString", "coordinates": [ [ 4.374454, 50.824196 ], [ 4.374452, 50.824197 ] ] } },
{ "type": "Feature", "properties": { "index": "47999869#3", "element": "edge", "id": "47999869#3", "name": "", "sampledSeconds": 446.75, "departed": 0.0, "arrived": 0.0, "entered": 86.0, "left": 86.0, "laneChangedFrom": 0.0, "laneChangedTo": 0.0, "traveltime": 0.03, "overlapTraveltime": 5.31, "density": 133.33, "laneDensity": 133.33, "occupancy": 12.36, "waitingTime": 381.0, "timeLoss": 393.54, "speed": 0.97, "speedRelative": 0.12, "teleported": 0.0 }, "geometry": { "type": "LineString", "coordinates": [ [ 4.374292, 50.824156 ], [ 4.374291, 50.824154 ] ] } },
{ "type": "Feature", "properties": { "index": "47999870", "element": "edge", "id": "47999870", "name": "Rue Antoine Labarre - Antoine Labarrestraat", "sampledSeconds": 255.77, "departed": 5.0, "arrived": 3.0, "entered": 32.0, "left": 34.0, "laneChangedFrom": 0.0, "laneChangedTo": 0.0, "traveltime": 6.24, "overlapTraveltime": 7.05, "density": 1.61, "laneDensity": 1.61, "occupancy": 0.73, "waitingTime": 0.0, "timeLoss": 35.83, "speed": 6.95, "speedRelative": 0.83, "teleported": 0.0 }, "geometry": { "type": "LineString", "coordinates": [ [ 4.374344, 50.824249 ], [ 4.37434, 50.824253 ], [ 4.374343, 50.824283 ], [ 4.374362, 50.824343 ], [ 4.374505, 50.824628 ] ] } },
{ "type": "Feature", "properties": { "index": "47999871", "element": "edge", "id": "47999871", "name": "Avenue Guillaume Macau - Guillaume Macaulaan", "sampledSeconds": 327.95, "departed": 7.0, "arrived": 2.0, "entered": 7.0, "left": 12.0, "laneChangedFrom": 0.0, "laneChangedTo": 0.0, "traveltime": 23.03, "overlapTraveltime": 23.84, "density": 0.54, "laneDensity": 0.54, "occupancy": 0.26, "waitingTime": 0.0, "timeLoss": 36.75, "speed": 7.3, "speedRelative": 0.88, "teleported": 0.0 }, "geometry": { "type": "LineString", "coordinates": [ [ 4.374586, 50.824173 ], [ 4.374606, 50.824181 ], [ 4.376567, 50.824959 ], [ 4.376605, 50.824974 ], [ 4.376621, 50.82498 ] ] } },
{ "type": "Feature", "properties": { "index": "47999872", "element": "edge", "id": "47999872", "name": "Rue Guillaume Stocq - Guillaume Stocqstraat", "sampledSeconds": 3382.41, "departed": 1.0, "arrived": 4.0, "entered": 200.0, "left": 199.0, "laneChangedFrom": 0.0, "laneChangedTo": 0.0, "traveltime": 16.02, "overlapTraveltime": 16.8, "density": 8.41, "laneDensity": 8.41, "occupancy": 4.03, "waitingTime": 2.0, "timeLoss": 565.6, "speed": 6.94, "speedRelative": 0.83, "teleported": 0.0 }, "geometry": { "type": "LineString", "coordinates": [ [ 4.374531, 50.824015 ], [ 4.374544, 50.824006 ], [ 4.374611, 50.823981 ], [ 4.374684, 50.823968 ], [ 4.375058, 50.823922 ], [ 4.375952, 50.823801 ], [ 4.376027, 50.823791 ], [ 4.376067, 50.823786 ] ] } },
{ "type": "Feature", "properties": { "index": "480301021#0", "element": "edge", "id": "480301021#0", "name": "", "sampledSeconds": 0.0, "departed": 0.0, "arrived": 0.0, "entered": 0.0, "left": 0.0, "laneChangedFrom": 0.0, "laneChangedTo": 0.0, "traveltime": 0.0, "overlapTraveltime": 0.0, "density": 0.0, "laneDensity": 0.0, "occupancy": 0.0, "waitingTime": 0.0, "timeLoss": 0.0, "speed": 0.0, "speedRelative": 0.0, "teleported": 0.0 }, "geometry": { "type": "LineString", "coordinates": [ [ 4.369954, 50.837092 ], [ 4.369968, 50.8371 ], [ 4.370066, 50.837153 ] ] } },
{ "type": "Feature", "properties": { "index": "480301022#0", "element": "edge", "id": "480301022#0", "name": "", "sampledSeconds": 0.0, "departed": 0.0, "arrived": 0.0, "entered": 0.0, "left": 0.0, "laneChangedFrom": 0.0, "laneChangedTo": 0.0, "traveltime": 0.0, "overlapTraveltime": 0.0, "density": 0.0, "laneDensity": 0.0, "occupancy": 0.0, "waitingTime": 0.0, "timeLoss": 0.0, "speed": 0.0, "speedRelative": 0.0, "teleported": 0.0 }, "geometry": { "type": "LineString", "coordinates": [ [ 4.370288, 50.837252 ], [ 4.370234, 50.837248 ], [ 4.370192, 50.837241 ], [ 4.370155, 50.837226 ], [ 4.370094, 50.837201 ], [ 4.370061, 50.837185 ], [ 4.370051, 50.837176 ], [ 4.370043, 50.837172 ] ] } },
{ "type": "Feature", "properties": { "index": "480301023#0", "element": "edge", "id": "480301023#0", "name": "", "sampledSeconds": 0.0, "departed": 0.0, "arrived": 0.0, "entered": 0.0, "left": 0.0, "laneChangedFrom": 0.0, "laneChangedTo": 0.0, "traveltime": 0.0, "overlapTraveltime": 0.0, "density": 0.0, "laneDensity": 0.0, "occupancy": 0.0, "waitingTime": 0.0, "timeLoss": 0.0, "speed": 0.0, "speedRelative": 0.0, "teleported": 0.0 }, "geometry": { "type": "LineString", "coordinates": [ [ 4.370067, 50.837154 ], [ 4.370073, 50.837157 ], [ 4.370094, 50.837161 ], [ 4.370123, 50.837177 ], [ 4.370174, 50.837206 ], [ 4.370197, 50.837216 ], [ 4.370234, 50.837225 ], [ 4.37028, 50.837224 ] ] } },
{ "type": "Feature", "properties": { "index": "480522774", "element": "edge", "id": "480522774", "name": "", "sampledSeconds": 0.0, "departed": 0.0, "arrived": 0.0, "entered": 0.0, "left": 0.0, "laneChangedFrom": 0.0, "laneChangedTo": 0.0, "traveltime": 0.0, "overlapTraveltime": 0.0, "density": 0.0, "laneDensity": 0.0, "occupancy": 0.0, "waitingTime": 0.0, "timeLoss": 0.0, "speed": 0.0, "speedRelative": 0.0, "teleported": 0.0 }, "geometry": { "type": "LineString", "coordinates": [ [ 4.361502, 50.837 ], [ 4.361606, 50.837105 ], [ 4.361737, 50.837077 ], [ 4.36195, 50.837115 ], [ 4.361987, 50.837125 ], [ 4.362163, 50.837169 ], [ 4.362183, 50.837175 ] ] } },
{ "type": "Feature", "properties": { "index": "480937385", "element": "edge", "id": "480937385", "name": "", "sampledSeconds": 0.0, "departed": 0.0, "arrived": 0.0, "entered": 0.0, "left": 0.0, "laneChangedFrom": 0.0, "laneChangedTo": 0.0, "traveltime": 0.0, "overlapTraveltime": 0.0, "density": 0.0, "laneDensity": 0.0, "occupancy": 0.0, "waitingTime": 0.0, "timeLoss": 0.0, "speed": 0.0, "speedRelative": 0.0, "teleported": 0.0 }, "geometry": { "type": "LineString", "coordinates": [ [ 4.378241, 50.819209 ], [ 4.377545, 50.81886 ] ] } },
{ "type": "Feature", "properties": { "index": "496872852", "element": "edge", "id": "496872852", "name": "Rue Kindermans - Kindermansstraat", "sampledSeconds": 138.71, "departed": 0.0, "arrived": 7.0, "entered": 7.0, "left": 0.0, "laneChangedFrom": 0.0, "laneChangedTo": 0.0, "traveltime": 19.47, "overlapTraveltime": 20.13, "density": 0.28, "laneDensity": 0.28, "occupancy": 0.13, "waitingTime": 0.0, "timeLoss": 11.4, "speed": 7.17, "speedRelative": 0.86, "teleported": 0.0 }, "geometry": { "type": "LineString", "coordinates": [ [ 4.367127, 50.822997 ], [ 4.367113, 50.823001 ], [ 4.367066, 50.823005 ], [ 4.365282, 50.823128 ], [ 4.365163, 50.823136 ] ] } },
{ "type": "Feature", "properties": { "index": "49845715#0", "element": "edge", "id": "49845715#0", "name": "Rue des Liégeois - Luikenaarsstraat", "sampledSeconds": 1459.29, "departed": 8.0, "arrived": 1.0, "entered": 25.0, "left": 30.0, "laneChangedFrom": 0.0, "laneChangedTo": 0.0, "traveltime": 44.12, "overlapTraveltime": 44.88, "density": 3.31, "laneDensity": 3.31, "occupancy": 1.63, "waitingTime": 884.0, "timeLoss": 964.6, "speed": 2.84, "speedRelative": 0.34, "teleported": 0.0 }, "geometry": { "type": "LineString", "coordinates": [ [ 4.379142, 50.829465 ], [ 4.379115, 50.829446 ], [ 4.378524, 50.829039 ], [ 4.37804, 50.82867 ], [ 4.378002, 50.828633 ] ] } },
{ "type": "Feature", "properties": { "index": "507818916", "element": "edge", "id": "507818916", "name": "Place Stéphanie - Stefaniaplein", "sampledSeconds": 783.79, "departed": 0.0, "arrived": 0.0, "entered": 91.0, "left": 90.0, "laneChangedFrom": 0.0, "laneChangedTo": 0.0, "traveltime": 1.94, "overlapTraveltime": 9.17, "density": 19.76, "laneDensity": 19.76, "occupancy": 7.29, "waitingTime": 557.0, "timeLoss": 615.02, "speed": 1.75, "speedRelative": 0.21, "teleported": 0.0 }, "geometry": { "type": "LineString", "coordinates": [ [ 4.357307, 50.8335 ], [ 4.357287, 50.833472 ], [ 4.357281, 50.833417 ], [ 4.357286, 50.833404 ] ] } },
{ "type": "Feature", "properties": { "index": "510481270#0", "element": "edge", "id": "510481270#0", "name": "Place Louise - Louizaplein", "sampledSeconds": 5319.42, "departed": 0.0, "arrived": 0.0, "entered": 132.0, "left": 129.0, "laneChangedFrom": 0.0, "laneChangedTo": 0.0, "traveltime": 38.3, "overlapTraveltime": 43.44, "density": 61.26, "laneDensity": 61.26, "occupancy": 25.92, "waitingTime": 4728.0, "timeLoss": 4887.38, "speed": 0.67, "speedRelative": 0.08, "teleported": 0.0 }, "geometry": { "type": "LineString", "coordinates": [ [ 4.354743, 50.835746 ], [ 4.354749, 50.835733 ], [ 4.354803, 50.835677 ], [ 4.354859, 50.835618 ], [ 4.354903, 50.835584 ], [ 4.354934, 50.835568 ] ] } },
{ "type": "Feature", "properties": { "index": "510481273#0", "element": "edge", "id": "510481273#0", "name": "Avenue de la Toison d&apos;Or - Gulden-Vlieslaan", "sampledSeconds": 58.29, "departed": 6.0, "arrived": 0.0, "entered": 19.0, "left": 25.0, "laneChangedFrom": 0.0, "laneChangedTo": 0.0, "traveltime": 2.0, "overlapTraveltime": 2.47, "density": 0.98, "laneDensity": 0.98, "occupancy": 0.4, "waitingTime": 0.0, "timeLoss": 20.33, "speed": 8.7, "speedRelative": 0.63, "teleported": 0.0 }, "geometry": { "type": "LineString", "coordinates": [ [ 4.354338, 50.835291 ], [ 4.354461, 50.835306 ], [ 4.354516, 50.835325 ], [ 4.354556, 50.83534 ] ] } },
{ "type": "Feature", "properties": { "index": "510481273#1", "element": "edge", "id": "510481273#1", "name": "Avenue de la Toison d&apos;Or - Gulden-Vlieslaan", "sampledSeconds": 1403.2, "departed": 2.0, "arrived": 0.0, "entered": 25.0, "left": 26.0, "laneChangedFrom": 0.0, "laneChangedTo": 0.0, "traveltime": 19.02, "overlapTraveltime": 53.65, "density": 14.84, "laneDensity": 14.84, "occupancy": 5.99, "waitingTime": 1235.0, "timeLoss": 1332.38, "speed": 0.58, "speedRelative": 0.04, "teleported": 0.0 }, "geometry": { "type": "LineString", "coordinates": [ [ 4.354668, 50.835386 ], [ 4.354793, 50.835436 ], [ 4.354875, 50.835468 ], [ 4.354945, 50.835496 ], [ 4.354985, 50.835511 ] ] } },
{ "type": "Feature", "properties": { "index": "510492454#0", "element": "edge", "id": "510492454#0", "name": "Rue du Trône - Troonstraat", "sampledSeconds": 1327.04, "departed": 6.0, "arrived": 3.0, "entered": 58.0, "left": 60.0, "laneChangedFrom": 6.0, "laneChangedTo": 6.0, "traveltime": 19.83, "overlapTraveltime": 20.99, "density": 7.29, "laneDensity": 3.64, "occupancy": 1.75, "waitingTime": 681.0, "timeLoss": 904.93, "speed": 2.65, "speedRelative": 0.32, "teleported": 0.0 }, "geometry": { "type": "LineString", "coordinates": [ [ 4.37454, 50.833263 ], [ 4.374694, 50.833141 ], [ 4.374868, 50.832999 ], [ 4.374907, 50.832968 ], [ 4.374951, 50.832931 ], [ 4.374982, 50.832905 ] ] } },
{ "type": "Feature", "properties": { "index": "510492456#0", "element": "edge", "id": "510492456#0", "name": "Rue Goffart - Goffartstraat", "sampledSeconds": 3892.97, "departed": 4.0, "arrived": 7.0, "entered": 154.0, "left": 151.0, "laneChangedFrom": 0.0, "laneChangedTo": 0.0, "traveltime": 23.97, "overlapTraveltime": 24.66, "density": 6.06, "laneDensity": 6.06, "occupancy": 2.95, "waitingTime": 0.0, "timeLoss": 379.19, "speed": 7.44, "speedRelative": 0.89, "teleported": 0.0 }, "geometry": { "type": "LineString", "coordinates": [ [ 4.37416, 50.833117 ], [ 4.372214, 50.834142 ], [ 4.372211, 50.834143 ] ] } },
{ "type": "Feature", "properties": { "index": "510692962#0", "element": "edge", "id": "510692962#0", "name": "Rue de Paris - Parijsstraat", "sampledSeconds": 29.6, "departed": 0.0, "arrived": 1.0, "entered": 6.0, "left": 5.0, "laneChangedFrom": 0.0, "laneChangedTo": 0.0, "traveltime": 4.38, "overlapTraveltime": 5.05, "density": 0.26, "laneDensity": 0.26, "occupancy": 0.11, "waitingTime": 0.0, "timeLoss": 2.61, "speed": 7.23, "speedRelative": 0.87, "teleported": 0.0 }, "geometry": { "type": "LineString", "coordinates": [ [ 4.367662, 50.838979 ], [ 4.367691, 50.838992 ], [ 4.36801, 50.839157 ] ] } },
{ "type": "Feature", "properties": { "index": "510702675#0", "element": "edge", "id": "510702675#0", "name": "Rue du Bailli - Baljuwstraat", "sampledSeconds": 4677.82, "departed": 15.0, "arrived": 0.0, "entered": 0.0, "left": 13.0, "laneChangedFrom": 0.0, "laneChangedTo": 0.0, "traveltime": 330.99, "overlapTraveltime": 338.04, "density": 13.22, "laneDensity": 13.22, "occupancy": 6.6, "waitingTime": 4365.0, "timeLoss": 4499.67, "speed": 0.31, "speedRelative": 0.04, "teleported": 4.0 }, "geometry": { "type": "LineString", "coordinates": [ [ 4.362365, 50.826707 ], [ 4.362461, 50.826747 ], [ 4.362483, 50.826756 ], [ 4.362555, 50.826785 ], [ 4.362983, 50.82696 ], [ 4.363452, 50.827159 ], [ 4.363457, 50.827162 ], [ 4.363489, 50.827175 ], [ 4.363531, 50.827193 ] ] } },
{ "type": "Feature", "properties": { "index": "510702678#1", "element": "edge", "id": "510702678#1", "name": "Rue Lesbroussart - Lesbroussartstraat", "sampledSeconds": 2482.01, "departed": 6.0, "arrived": 0.0, "entered": 94.0, "left": 99.0, "laneChangedFrom": 0.0, "laneChangedTo": 0.0, "traveltime": 24.21, "overlapTraveltime": 25.11, "density": 9.75, "laneDensity": 9.75, "occupancy": 4.73, "waitingTime": 1309.0, "timeLoss": 1570.78, "speed": 3.02, "speedRelative": 0.36, "teleported": 0.0 }, "geometry": { "type": "LineString", "coordinates": [ [ 4.365018, 50.827554 ], [ 4.365816, 50.827585 ], [ 4.36602, 50.827593 ] ] } },
{ "type": "Feature", "properties": { "index": "521008026", "element": "edge", "id": "521008026", "name": "Avenue Général de Gaulle - Generaal de Gaullelaan", "sampledSeconds": 2797.11, "departed": 1.0, "arrived": 0.0, "entered": 15.0, "left": 13.0, "laneChangedFrom": 0.0, "laneChangedTo": 0.0, "traveltime": 194.68, "overlapTraveltime": 210.09, "density": 46.61, "laneDensity": 46.61, "occupancy": 19.6, "waitingTime": 2711.0, "timeLoss": 2763.7, "speed": 0.1, "speedRelative": 0.01, "teleported": 3.0 }, "geometry": { "type": "LineString", "coordinates": [ [ 4.372505, 50.823645 ], [ 4.372518, 50.823628 ], [ 4.37256, 50.823572 ], [ 4.372607, 50.82351 ] ] } },
{ "type": "Feature", "properties": { "index": "523287555", "element": "edge", "id": "523287555", "name": "Square du Val de la Cambre - Terkamerendalsquare", "sampledSeconds": 213.36, "departed": 2.0, "arrived": 4.0, "entered": 16.0, "left": 14.0, "laneChangedFrom": 0.0, "laneChangedTo": 0.0, "traveltime": 11.29, "overlapTraveltime": 11.97, "density": 0.71, "laneDensity": 0.71, "occupancy": 0.34, "waitingTime": 0.0, "timeLoss": 20.13, "speed": 7.39, "speedRelative": 0.89, "teleported": 0.0 }, "geometry": { "type": "LineString", "coordinates": [ [ 4.377696, 50.818243 ], [ 4.377725, 50.818261 ], [ 4.377778, 50.818289 ], [ 4.378072, 50.818438 ], [ 4.378235, 50.81841 ], [ 4.378358, 50.818328 ], [ 4.378479, 50.818336 ], [ 4.378559, 50.818366 ], [ 4.378669, 50.818415 ] ] } },
{ "type": "Feature", "properties": { "index": "523287556", "element": "edge", "id": "523287556", "name": "Square du Val de la Cambre - Terkamerendalsquare", "sampledSeconds": 38.03, "departed": 0.0, "arrived": 6.0, "entered": 14.0, "left": 8.0, "laneChangedFrom": 0.0, "laneChangedTo": 0.0, "traveltime": 1.72, "overlapTraveltime": 2.88, "density": 0.91, "laneDensity": 0.91, "occupancy": 0.32, "waitingTime": 0.0, "timeLoss": 6.07, "speed": 5.76, "speedRelative": 0.69, "teleported": 0.0 }, "geometry": { "type": "LineString", "coordinates": [ [ 4.378706, 50.818428 ], [ 4.378841, 50.818488 ] ] } },
{ "type": "Feature", "properties": { "index": "523773489#0", "element": "edge", "id": "523773489#0", "name": "Rue du Trône - Troonstraat", "sampledSeconds": 0.0, "departed": 0.0, "arrived": 0.0, "entered": 0.0, "left": 0.0, "laneChangedFrom": 0.0, "laneChangedTo": 0.0, "traveltime": 0.0, "overlapTraveltime": 0.0, "density": 0.0, "laneDensity": 0.0, "occupancy": 0.0, "waitingTime": 0.0, "timeLoss": 0.0, "speed": 0.0, "speedRelative": 0.0, "teleported": 0.0 }, "geometry": { "type": "LineString", "coordinates": [ [ 4.374553, 50.833208 ], [ 4.374552, 50.833199 ], [ 4.374886, 50.832928 ], [ 4.37489, 50.832924 ], [ 4.374943, 50.832886 ] ] } },
{ "type": "Feature", "properties": { "index": "524150311#0", "element": "edge", "id": "524150311#0", "name": "Avenue de la Couronne - Kroonlaan", "sampledSeconds": 87.91, "departed": 4.0, "arrived": 2.0, "entered": 30.0, "left": 32.0, "laneChangedFrom": 0.0, "laneChangedTo": 0.0, "traveltime": 1.99, "overlapTraveltime": 2.69, "density": 1.83, "laneDensity": 0.91, "occupancy": 0.34, "waitingTime": 0.0, "timeLoss": 13.93, "speed": 6.83, "speedRelative": 0.82, "teleported": 0.0 }, "geometry": { "type": "LineString", "coordinates": [ [ 4.386927, 50.823419 ], [ 4.38681, 50.823513 ] ] } },
{ "type": "Feature", "properties": { "index": "524150311#1", "element": "edge", "id": "524150311#1", "name": "Avenue de la Couronne - Kroonlaan", "sampledSeconds": 288.66, "departed": 6.0, "arrived": 5.0, "entered": 32.0, "left": 32.0, "laneChangedFrom": 0.0, "laneChangedTo": 0.0, "traveltime": 7.24, "overlapTraveltime": 7.91, "density": 1.54, "laneDensity": 0.77, "occupancy": 0.35, "waitingTime": 0.0, "timeLoss": 34.06, "speed": 7.24, "speedRelative": 0.87, "teleported": 0.0 }, "geometry": { "type": "LineString", "coordinates": [ [ 4.386727, 50.82358 ], [ 4.38627, 50.823949 ] ] } },
{ "type": "Feature", "properties": { "index": "524150320#0", "element": "edge", "id": "524150320#0", "name": "Avenue de la Couronne - Kroonlaan", "sampledSeconds": 1902.08, "departed": 5.0, "arrived": 3.0, "entered": 116.0, "left": 118.0, "laneChangedFrom": 3.0, "laneChangedTo": 3.0, "traveltime": 14.75, "overlapTraveltime": 15.79, "density": 10.65, "laneDensity": 5.32, "occupancy": 2.53, "waitingTime": 685.0, "timeLoss": 1102.44, "speed": 3.46, "speedRelative": 0.42, "teleported": 0.0 }, "geometry": { "type": "LineString", "coordinates": [ [ 4.379779, 50.829152 ], [ 4.379633, 50.829269 ], [ 4.379424, 50.829436 ], [ 4.37939, 50.829464 ], [ 4.37937, 50.82948 ], [ 4.379342, 50.829502 ] ] } },
{ "type": "Feature", "properties": { "index": "524150333#0", "element": "edge", "id": "524150333#0", "name": "Avenue de la Couronne - Kroonlaan", "sampledSeconds": 1044.91, "departed": 6.0, "arrived": 5.0, "entered": 57.0, "left": 58.0, "laneChangedFrom": 0.0, "laneChangedTo": 0.0, "traveltime": 15.99, "overlapTraveltime": 16.68, "density": 2.48, "laneDensity": 2.48, "occupancy": 1.19, "waitingTime": 0.0, "timeLoss": 104.05, "speed": 7.31, "speedRelative": 0.88, "teleported": 0.0 }, "geometry": { "type": "LineString", "coordinates": [ [ 4.377428, 50.830976 ], [ 4.378459, 50.830151 ] ] } },
{ "type": "Feature", "properties": { "index": "524150338#0", "element": "edge", "id": "524150338#0", "name": "Avenue de la Couronne - Kroonlaan", "sampledSeconds": 345.79, "departed": 4.0, "arrived": 4.0, "entered": 66.0, "left": 66.0, "laneChangedFrom": 0.0, "laneChangedTo": 0.0, "traveltime": 4.32, "overlapTraveltime": 5.0, "density": 3.09, "laneDensity": 3.09, "occupancy": 1.33, "waitingTime": 0.0, "timeLoss": 42.16, "speed": 7.22, "speedRelative": 0.87, "teleported": 0.0 }, "geometry": { "type": "LineString", "coordinates": [ [ 4.375202, 50.832753 ], [ 4.375226, 50.832734 ], [ 4.375484, 50.832537 ] ] } },
{ "type": "Feature", "properties": { "index": "524150342", "element": "edge", "id": "524150342", "name": "Avenue de la Couronne - Kroonlaan", "sampledSeconds": 58.61, "departed": 6.0, "arrived": 2.0, "entered": 62.0, "left": 66.0, "laneChangedFrom": 0.0, "laneChangedTo": 0.0, "traveltime": 0.03, "overlapTraveltime": 0.87, "density": 81.41, "laneDensity": 81.41, "occupancy": 1.57, "waitingTime": 0.0, "timeLoss": 15.8, "speed": 5.99, "speedRelative": 0.72, "teleported": 0.0 }, "geometry": { "type": "LineString", "coordinates": [ [ 4.375164, 50.832782 ], [ 4.375166, 50.832781 ] ] } },
{ "type": "Feature", "properties": { "index": "524151750#0", "element": "edge", "id": "524151750#0", "name": "Rue Wéry - Wérystraat", "sampledSeconds": 82.73, "departed": 0.0, "arrived": 3.0, "entered": 5.0, "left": 2.0, "laneChangedFrom": 0.0, "laneChangedTo": 0.0, "traveltime": 15.86, "overlapTraveltime": 16.61, "density": 0.19, "laneDensity": 0.19, "occupancy": 0.09, "waitingTime": 0.0, "timeLoss": 6.96, "speed": 7.48, "speedRelative": 0.9, "teleported": 0.0 }, "geometry": { "type": "LineString", "coordinates": [ [ 4.375621, 50.832346 ], [ 4.375615, 50.832342 ], [ 4.375574, 50.832286 ], [ 4.375693, 50.831286 ], [ 4.375693, 50.831284 ] ] } },
{ "type": "Feature", "properties": { "index": "5450857#0", "element": "edge", "id": "5450857#0", "name": "Rue Lesbroussart - Lesbroussartstraat", "sampledSeconds": 16149.9, "departed": 3.0, "arrived": 1.0, "entered": 105.0, "left": 101.0, "laneChangedFrom": 0.0, "laneChangedTo": 0.0, "traveltime": 241.21, "overlapTraveltime": 243.31, "density": 133.33, "laneDensity": 133.33, "occupancy": 59.55, "waitingTime": 15466.0, "timeLoss": 15856.72, "speed": 0.15, "speedRelative": 0.02, "teleported": 5.0 }, "geometry": { "type": "LineString", "coordinates": [ [ 4.364588, 50.827565 ], [ 4.364457, 50.827557 ], [ 4.364399, 50.82755 ], [ 4.364346, 50.827541 ], [ 4.364255, 50.827523 ], [ 4.364195, 50.827507 ], [ 4.364164, 50.827495 ] ] } },
{ "type": "Feature", "properties": { "index": "5450858#0", "element": "edge", "id": "5450858#0", "name": "Rue Paul Spaak - Paul Spaakstraat", "sampledSeconds": 190.65, "departed": 5.0, "arrived": 2.0, "entered": 7.0, "left": 10.0, "laneChangedFrom": 0.0, "laneChangedTo": 0.0, "traveltime": 15.66, "overlapTraveltime": 16.34, "density": 0.48, "laneDensity": 0.48, "occupancy": 0.23, "waitingTime": 0.0, "timeLoss": 23.0, "speed": 7.13, "speedRelative": 0.86, "teleported": 0.0 }, "geometry": { "type": "LineString", "coordinates": [ [ 4.364717, 50.82762 ], [ 4.365486, 50.828493 ], [ 4.365489, 50.828494 ] ] } },
{ "type": "Feature", "properties": { "index": "5450860#0", "element": "edge", "id": "5450860#0", "name": "Rue des Champs Élysées - Elyzeese Veldenstraat", "sampledSeconds": 1735.57, "departed": 3.0, "arrived": 4.0, "entered": 44.0, "left": 41.0, "laneChangedFrom": 0.0, "laneChangedTo": 0.0, "traveltime": 34.54, "overlapTraveltime": 37.34, "density": 6.35, "laneDensity": 6.35, "occupancy": 2.99, "waitingTime": 1134.0, "timeLoss": 1269.39, "speed": 2.17, "speedRelative": 0.26, "teleported": 0.0 }, "geometry": { "type": "LineString", "coordinates": [ [ 4.365648, 50.832273 ], [ 4.366222, 50.831695 ] ] } },
{ "type": "Feature", "properties": { "index": "5450860#1", "element": "edge", "id": "5450860#1", "name": "Rue des Champs Élysées - Elyzeese Veldenstraat", "sampledSeconds": 700.45, "departed": 8.0, "arrived": 1.0, "entered": 48.0, "left": 55.0, "laneChangedFrom": 0.0, "laneChangedTo": 0.0, "traveltime": 11.94, "overlapTraveltime": 12.62, "density": 2.26, "laneDensity": 2.26, "occupancy": 1.07, "waitingTime": 0.0, "timeLoss": 69.75, "speed": 7.23, "speedRelative": 0.87, "teleported": 0.0 }, "geometry": { "type": "LineString", "coordinates": [ [ 4.366341, 50.831571 ], [ 4.366655, 50.83127 ], [ 4.366988, 50.830914 ] ] } },
{ "type": "Feature", "properties": { "index": "5450860#2", "element": "edge", "id": "5450860#2", "name": "Rue des Champs Élysées - Elyzeese Veldenstraat", "sampledSeconds": 271.48, "departed": 4.0, "arrived": 3.0, "entered": 55.0, "left": 56.0, "laneChangedFrom": 0.0, "laneChangedTo": 0.0, "traveltime": 3.98, "overlapTraveltime": 4.67, "density": 2.67, "laneDensity": 2.67, "occupancy": 1.15, "waitingTime": 0.0, "timeLoss": 29.85, "speed": 7.12, "speedRelative": 0.85, "teleported": 0.0 }, "geometry": { "type": "LineString", "coordinates": [ [ 4.367035, 50.830866 ], [ 4.367253, 50.830653 ] ] } },
{ "type": "Feature", "properties": { "index": "5450860#3", "element": "edge", "id": "5450860#3", "name": "Rue des Champs Élysées - Elyzeese Veldenstraat", "sampledSeconds": 1526.45, "departed": 7.0, "arrived": 3.0, "entered": 56.0, "left": 61.0, "laneChangedFrom": 0.0, "laneChangedTo": 0.0, "traveltime": 23.31, "overlapTraveltime": 24.09, "density": 2.55, "laneDensity": 2.55, "occupancy": 1.24, "waitingTime": 0.0, "timeLoss": 169.98, "speed": 7.1, "speedRelative": 0.85, "teleported": 0.0 }, "geometry": { "type": "LineString", "coordinates": [ [ 4.367324, 50.830581 ], [ 4.368558, 50.829326 ], [ 4.368572, 50.829314 ] ] } },
{ "type": "Feature", "properties": { "index": "5450861#0", "element": "edge", "id": "5450861#0", "name": "Rue des Champs Élysées - Elyzeese Veldenstraat", "sampledSeconds": 0.0, "departed": 0.0, "arrived": 0.0, "entered": 0.0, "left": 0.0, "laneChangedFrom": 0.0, "laneChangedTo": 0.0, "traveltime": 0.0, "overlapTraveltime": 0.0, "density": 0.0, "laneDensity": 0.0, "occupancy": 0.0, "waitingTime": 0.0, "timeLoss": 0.0, "speed": 0.0, "speedRelative": 0.0, "teleported": 0.0 }, "geometry": { "type": "LineString", "coordinates": [ [ 4.368211, 50.831416 ], [ 4.368203, 50.831414 ], [ 4.368016, 50.831312 ], [ 4.367954, 50.831288 ], [ 4.367882, 50.83126 ], [ 4.367841, 50.831243 ], [ 4.367814, 50.831232 ], [ 4.367793, 50.831236 ], [ 4.367769, 50.831236 ], [ 4.367745, 50.831231 ], [ 4.367736, 50.831227 ], [ 4.367726, 50.831222 ], [ 4.367711, 50.83121 ], [ 4.367702, 50.831194 ], [ 4.367698, 50.83119 ] ] } },
{ "type": "Feature", "properties": { "index": "5450861#3", "element": "edge", "id": "5450861#3", "name": "Rue des Champs Élysées - Elyzeese Veldenstraat", "sampledSeconds": 0.0, "departed": 0.0, "arrived": 0.0, "entered": 0.0, "left": 0.0, "laneChangedFrom": 0.0, "laneChangedTo": 0.0, "traveltime": 0.0, "overlapTraveltime": 0.0, "density": 0.0, "laneDensity": 0.0, "occupancy": 0.0, "waitingTime": 0.0, "timeLoss": 0.0, "speed": 0.0, "speedRelative": 0.0, "teleported": 0.0 }, "geometry": { "type": "LineString", "coordinates": [ [ 4.367603, 50.831128 ], [ 4.367049, 50.830905 ] ] } },
{ "type": "Feature", "properties": { "index": "5451797", "element": "edge", "id": "5451797", "name": "", "sampledSeconds": 0.0, "departed": 0.0, "arrived": 0.0, "entered": 0.0, "left": 0.0, "laneChangedFrom": 0.0, "laneChangedTo": 0.0, "traveltime": 0.0, "overlapTraveltime": 0.0, "density": 0.0, "laneDensity": 0.0, "occupancy": 0.0, "waitingTime": 0.0, "timeLoss": 0.0, "speed": 0.0, "speedRelative": 0.0, "teleported": 0.0 }, "geometry": { "type": "LineString", "coordinates": [ [ 4.356824, 50.837499 ], [ 4.357192, 50.837143 ], [ 4.357203, 50.837107 ] ] } },
{ "type": "Feature", "properties": { "index": "5451844#0", "element": "edge", "id": "5451844#0", "name": "Rue du Pépin - Kernstraat", "sampledSeconds": 30.38, "departed": 0.0, "arrived": 5.0, "entered": 5.0, "left": 0.0, "laneChangedFrom": 0.0, "laneChangedTo": 0.0, "traveltime": 5.45, "overlapTraveltime": 6.14, "density": 0.22, "laneDensity": 0.22, "occupancy": 0.1, "waitingTime": 0.0, "timeLoss": 3.12, "speed": 7.16, "speedRelative": 0.86, "teleported": 0.0 }, "geometry": { "type": "LineString", "coordinates": [ [ 4.360765, 50.83851 ], [ 4.360742, 50.838529 ], [ 4.360451, 50.838798 ] ] } },
{ "type": "Feature", "properties": { "index": "5451917#0", "element": "edge", "id": "5451917#0", "name": "Porte de Namur - Naamsepoort", "sampledSeconds": 461.14, "departed": 6.0, "arrived": 4.0, "entered": 157.0, "left": 159.0, "laneChangedFrom": 0.0, "laneChangedTo": 0.0, "traveltime": 1.83, "overlapTraveltime": 2.9, "density": 18.54, "laneDensity": 18.54, "occupancy": 6.23, "waitingTime": 60.0, "timeLoss": 227.67, "speed": 4.11, "speedRelative": 0.49, "teleported": 0.0 }, "geometry": { "type": "LineString", "coordinates": [ [ 4.361796, 50.838605 ], [ 4.361824, 50.838545 ] ] } },
{ "type": "Feature", "properties": { "index": "5451918#0", "element": "edge", "id": "5451918#0", "name": "Porte de Namur - Naamsepoort", "sampledSeconds": 1913.16, "departed": 6.0, "arrived": 11.0, "entered": 237.0, "left": 232.0, "laneChangedFrom": 16.0, "laneChangedTo": 16.0, "traveltime": 6.72, "overlapTraveltime": 8.03, "density": 62.23, "laneDensity": 31.11, "occupancy": 12.02, "waitingTime": 1029.0, "timeLoss": 1560.67, "speed": 1.69, "speedRelative": 0.2, "teleported": 0.0 }, "geometry": { "type": "LineString", "coordinates": [ [ 4.362158, 50.838676 ], [ 4.362153, 50.838689 ], [ 4.362137, 50.838711 ], [ 4.362122, 50.838725 ] ] } },
{ "type": "Feature", "properties": { "index": "552794577#0", "element": "edge", "id": "552794577#0", "name": "Place Raymond Blyckaerts - Raymond Blyckaertsplein", "sampledSeconds": 814.54, "departed": 7.0, "arrived": 4.0, "entered": 99.0, "left": 102.0, "laneChangedFrom": 0.0, "laneChangedTo": 0.0, "traveltime": 6.91, "overlapTraveltime": 7.74, "density": 4.99, "laneDensity": 4.99, "occupancy": 2.27, "waitingTime": 33.0, "timeLoss": 179.3, "speed": 6.5, "speedRelative": 0.78, "teleported": 0.0 }, "geometry": { "type": "LineString", "coordinates": [ [ 4.374654, 50.83272 ], [ 4.374653, 50.832721 ], [ 4.3746, 50.832761 ], [ 4.374259, 50.833041 ] ] } },
{ "type": "Feature", "properties": { "index": "555922918#0", "element": "edge", "id": "555922918#0", "name": "Chaussée de Vleurgat - Vleurgatse Steenweg", "sampledSeconds": 3047.6, "departed": 4.0, "arrived": 2.0, "entered": 99.0, "left": 101.0, "laneChangedFrom": 0.0, "laneChangedTo": 0.0, "traveltime": 29.0, "overlapTraveltime": 29.73, "density": 3.96, "laneDensity": 3.96, "occupancy": 1.94, "waitingTime": 6.0, "timeLoss": 364.12, "speed": 7.36, "speedRelative": 0.88, "teleported": 0.0 }, "geometry": { "type": "LineString", "coordinates": [ [ 4.371358, 50.82774 ], [ 4.371293, 50.827677 ], [ 4.370792, 50.827096 ], [ 4.370662, 50.82695 ], [ 4.370258, 50.826497 ], [ 4.369883, 50.826079 ], [ 4.36987, 50.826063 ] ] } },
{ "type": "Feature", "properties": { "index": "567036033", "element": "edge", "id": "567036033", "name": "Rue Maes - Maesstraat", "sampledSeconds": 5960.24, "departed": 8.0, "arrived": 3.0, "entered": 48.0, "left": 48.0, "laneChangedFrom": 0.0, "laneChangedTo": 0.0, "traveltime": 113.8, "overlapTraveltime": 116.13, "density": 46.09, "laneDensity": 46.09, "occupancy": 22.83, "waitingTime": 5421.0, "timeLoss": 5702.5, "speed": 0.35, "speedRelative": 0.04, "teleported": 1.0 }, "geometry": { "type": "LineString", "coordinates": [ [ 4.369068, 50.831201 ], [ 4.368634, 50.831248 ], [ 4.368607, 50.831247 ], [ 4.368575, 50.83124 ], [ 4.368567, 50.831237 ] ] } },
{ "type": "Feature", "properties": { "index": "567036034", "element": "edge", "id": "567036034", "name": "Rue de Venise - Venetiëstraat", "sampledSeconds": 3784.89, "departed": 5.0, "arrived": 6.0, "entered": 44.0, "left": 36.0, "laneChangedFrom": 0.0, "laneChangedTo": 0.0, "traveltime": 78.54, "overlapTraveltime": 79.92, "density": 6.63, "laneDensity": 6.63, "occupancy": 3.28, "waitingTime": 2636.0, "timeLoss": 2843.16, "speed": 2.05, "speedRelative": 0.25, "teleported": 0.0 }, "geometry": { "type": "LineString", "coordinates": [ [ 4.368597, 50.832576 ], [ 4.368543, 50.831891 ], [ 4.36912, 50.831249 ], [ 4.369121, 50.831247 ] ] } },
{ "type": "Feature", "properties": { "index": "572850118", "element": "edge", "id": "572850118", "name": "", "sampledSeconds": 0.0, "departed": 0.0, "arrived": 0.0, "entered": 0.0, "left": 0.0, "laneChangedFrom": 0.0, "laneChangedTo": 0.0, "traveltime": 0.0, "overlapTraveltime": 0.0, "density": 0.0, "laneDensity": 0.0, "occupancy": 0.0, "waitingTime": 0.0, "timeLoss": 0.0, "speed": 0.0, "speedRelative": 0.0, "teleported": 0.0 }, "geometry": { "type": "LineString", "coordinates": [ [ 4.360917, 50.838398 ], [ 4.36086, 50.838354 ] ] } },
{ "type": "Feature", "properties": { "index": "572850119#0", "element": "edge", "id": "572850119#0", "name": "", "sampledSeconds": 0.0, "departed": 0.0, "arrived": 0.0, "entered": 0.0, "left": 0.0, "laneChangedFrom": 0.0, "laneChangedTo": 0.0, "traveltime": 0.0, "overlapTraveltime": 0.0, "density": 0.0, "laneDensity": 0.0, "occupancy": 0.0, "waitingTime": 0.0, "timeLoss": 0.0, "speed": 0.0, "speedRelative": 0.0, "teleported": 0.0 }, "geometry": { "type": "LineString", "coordinates": [ [ 4.360943, 50.838377 ], [ 4.360867, 50.838347 ] ] } },
{ "type": "Feature", "properties": { "index": "572850119#1", "element": "edge", "id": "572850119#1", "name": "", "sampledSeconds": 0.0, "departed": 0.0, "arrived": 0.0, "entered": 0.0, "left": 0.0, "laneChangedFrom": 0.0, "laneChangedTo": 0.0, "traveltime": 0.0, "overlapTraveltime": 0.0, "density": 0.0, "laneDensity": 0.0, "occupancy": 0.0, "waitingTime": 0.0, "timeLoss": 0.0, "speed": 0.0, "speedRelative": 0.0, "teleported": 0.0 }, "geometry": { "type": "LineString", "coordinates": [ [ 4.360832, 50.838333 ], [ 4.360357, 50.838146 ], [ 4.359628, 50.83786 ], [ 4.359442, 50.837833 ], [ 4.359141, 50.837705 ], [ 4.359139, 50.837703 ] ] } },
{ "type": "Feature", "properties": { "index": "582343661", "element": "edge", "id": "582343661", "name": "Place Louise - Louizaplein", "sampledSeconds": 1301.04, "departed": 0.0, "arrived": 0.0, "entered": 143.0, "left": 142.0, "laneChangedFrom": 0.0, "laneChangedTo": 0.0, "traveltime": 7.9, "overlapTraveltime": 9.76, "density": 78.06, "laneDensity": 78.06, "occupancy": 20.04, "waitingTime": 1071.05, "timeLoss": 1146.32, "speed": 0.99, "speedRelative": 0.12, "teleported": 0.0 }, "geometry": { "type": "LineString", "coordinates": [ [ 4.355096, 50.836035 ], [ 4.355079, 50.836037 ], [ 4.355031, 50.836035 ] ] } },
{ "type": "Feature", "properties": { "index": "583307354", "element": "edge", "id": "583307354", "name": "Place Louise - Louizaplein", "sampledSeconds": 201.86, "departed": 0.0, "arrived": 0.0, "entered": 76.0, "left": 76.0, "laneChangedFrom": 14.0, "laneChangedTo": 14.0, "traveltime": 1.96, "overlapTraveltime": 2.66, "density": 3.98, "laneDensity": 1.99, "occupancy": 0.73, "waitingTime": 0.0, "timeLoss": 27.72, "speed": 7.19, "speedRelative": 0.86, "teleported": 0.0 }, "geometry": { "type": "LineString", "coordinates": [ [ 4.355404, 50.835596 ], [ 4.355474, 50.835701 ], [ 4.355475, 50.835714 ] ] } },
{ "type": "Feature", "properties": { "index": "583307357", "element": "edge", "id": "583307357", "name": "Place Stéphanie - Stefaniaplein", "sampledSeconds": 11.24, "departed": 0.0, "arrived": 0.0, "entered": 13.0, "left": 13.0, "laneChangedFrom": 0.0, "laneChangedTo": 0.0, "traveltime": 0.19, "overlapTraveltime": 0.86, "density": 2.23, "laneDensity": 2.23, "occupancy": 0.24, "waitingTime": 0.0, "timeLoss": 0.97, "speed": 7.4, "speedRelative": 0.89, "teleported": 0.0 }, "geometry": { "type": "LineString", "coordinates": [ [ 4.357376, 50.83356 ], [ 4.357362, 50.833553 ], [ 4.357361, 50.833552 ] ] } },
{ "type": "Feature", "properties": { "index": "583307358", "element": "edge", "id": "583307358", "name": "Place Louise - Louizaplein", "sampledSeconds": 4393.44, "departed": 0.0, "arrived": 0.0, "entered": 153.0, "left": 149.0, "laneChangedFrom": 92.0, "laneChangedTo": 92.0, "traveltime": 23.96, "overlapTraveltime": 30.79, "density": 104.4, "laneDensity": 52.2, "occupancy": 22.22, "waitingTime": 3913.0, "timeLoss": 4103.62, "speed": 0.54, "speedRelative": 0.07, "teleported": 3.0 }, "geometry": { "type": "LineString", "coordinates": [ [ 4.355049, 50.835531 ], [ 4.355092, 50.835525 ], [ 4.355213, 50.835519 ] ] } },
{ "type": "Feature", "properties": { "index": "586134754", "element": "edge", "id": "586134754", "name": "", "sampledSeconds": 0.0, "departed": 0.0, "arrived": 0.0, "entered": 0.0, "left": 0.0, "laneChangedFrom": 0.0, "laneChangedTo": 0.0, "traveltime": 0.0, "overlapTraveltime": 0.0, "density": 0.0, "laneDensity": 0.0, "occupancy": 0.0, "waitingTime": 0.0, "timeLoss": 0.0, "speed": 0.0, "speedRelative": 0.0, "teleported": 0.0 }, "geometry": { "type": "LineString", "coordinates": [ [ 4.37403, 50.827381 ], [ 4.374066, 50.827409 ], [ 4.374087, 50.827428 ], [ 4.374132, 50.827636 ], [ 4.374135, 50.827665 ], [ 4.374129, 50.827679 ], [ 4.374123, 50.827694 ] ] } },
{ "type": "Feature", "properties": { "index": "591680761#0", "element": "edge", "id": "591680761#0", "name": "Boulevard de Waterloo - Waterloolaan", "sampledSeconds": 851.68, "departed": 7.0, "arrived": 0.0, "entered": 129.0, "left": 135.0, "laneChangedFrom": 0.0, "laneChangedTo": 0.0, "traveltime": 6.42, "overlapTraveltime": 6.83, "density": 38.59, "laneDensity": 38.59, "occupancy": 17.96, "waitingTime": 711.0, "timeLoss": 751.47, "speed": 1.63, "speedRelative": 0.12, "teleported": 2.0 }, "geometry": { "type": "LineString", "coordinates": [ [ 4.355745, 50.836228 ], [ 4.355681, 50.836191 ] ] } },
{ "type": "Feature", "properties": { "index": "591680761#1", "element": "edge", "id": "591680761#1", "name": "Boulevard de Waterloo - Waterloolaan", "sampledSeconds": 3997.45, "departed": 3.0, "arrived": 2.0, "entered": 135.0, "left": 132.0, "laneChangedFrom": 0.0, "laneChangedTo": 0.0, "traveltime": 27.14, "overlapTraveltime": 31.48, "density": 46.79, "laneDensity": 46.79, "occupancy": 19.43, "waitingTime": 3442.0, "timeLoss": 3667.79, "speed": 0.91, "speedRelative": 0.07, "teleported": 1.0 }, "geometry": { "type": "LineString", "coordinates": [ [ 4.355578, 50.836141 ], [ 4.35537, 50.836059 ], [ 4.355338, 50.836047 ], [ 4.355295, 50.836027 ], [ 4.355293, 50.836027 ] ] } },
{ "type": "Feature", "properties": { "index": "606127853", "element": "edge", "id": "606127853", "name": "Rue de l&apos;Arbre Bénit - Gewijde-Boomstraat", "sampledSeconds": 49.83, "departed": 3.0, "arrived": 4.0, "entered": 12.0, "left": 11.0, "laneChangedFrom": 0.0, "laneChangedTo": 0.0, "traveltime": 2.79, "overlapTraveltime": 3.77, "density": 1.1, "laneDensity": 1.1, "occupancy": 0.43, "waitingTime": 0.0, "timeLoss": 10.53, "speed": 4.65, "speedRelative": 0.84, "teleported": 0.0 }, "geometry": { "type": "LineString", "coordinates": [ [ 4.364136, 50.834888 ], [ 4.364135, 50.834884 ], [ 4.364108, 50.834848 ], [ 4.364068, 50.834784 ] ] } },
{ "type": "Feature", "properties": { "index": "606127854#0", "element": "edge", "id": "606127854#0", "name": "Rue du Prince Albert - Prins Albertstraat", "sampledSeconds": 871.94, "departed": 4.0, "arrived": 3.0, "entered": 144.0, "left": 145.0, "laneChangedFrom": 0.0, "laneChangedTo": 0.0, "traveltime": 4.85, "overlapTraveltime": 6.01, "density": 14.75, "laneDensity": 14.75, "occupancy": 6.03, "waitingTime": 132.0, "timeLoss": 311.26, "speed": 3.57, "speedRelative": 0.64, "teleported": 0.0 }, "geometry": { "type": "LineString", "coordinates": [ [ 4.363873, 50.834869 ], [ 4.364055, 50.834956 ], [ 4.36406, 50.834957 ] ] } },
{ "type": "Feature", "properties": { "index": "606127855", "element": "edge", "id": "606127855", "name": "Rue de la Paix - Vredestraat", "sampledSeconds": 229.6, "departed": 5.0, "arrived": 5.0, "entered": 237.0, "left": 237.0, "laneChangedFrom": 0.0, "laneChangedTo": 0.0, "traveltime": 0.04, "overlapTraveltime": 0.96, "density": 133.33, "laneDensity": 133.33, "occupancy": 6.14, "waitingTime": 0.0, "timeLoss": 68.27, "speed": 5.42, "speedRelative": 0.97, "teleported": 0.0 }, "geometry": { "type": "LineString", "coordinates": [ [ 4.364189, 50.835014 ], [ 4.364191, 50.835016 ] ] } },
{ "type": "Feature", "properties": { "index": "606127856", "element": "edge", "id": "606127856", "name": "Rue de l&apos;Athénée - Atheneumstraat", "sampledSeconds": 108.64, "departed": 3.0, "arrived": 5.0, "entered": 57.0, "left": 55.0, "laneChangedFrom": 0.0, "laneChangedTo": 0.0, "traveltime": 0.77, "overlapTraveltime": 1.9, "density": 12.68, "laneDensity": 12.68, "occupancy": 2.13, "waitingTime": 6.0, "timeLoss": 33.42, "speed": 3.88, "speedRelative": 0.7, "teleported": 0.0 }, "geometry": { "type": "LineString", "coordinates": [ [ 4.36434, 50.834969 ], [ 4.364307, 50.834968 ] ] } },
{ "type": "Feature", "properties": { "index": "606502608", "element": "edge", "id": "606502608", "name": "Rue Ernest Solvay - Ernest Solvaystraat", "sampledSeconds": 18.59, "departed": 3.0, "arrived": 3.0, "entered": 15.0, "left": 15.0, "laneChangedFrom": 0.0, "laneChangedTo": 0.0, "traveltime": 0.04, "overlapTraveltime": 1.11, "density": 25.82, "laneDensity": 25.82, "occupancy": 0.5, "waitingTime": 0.0, "timeLoss": 7.45, "speed": 4.67, "speedRelative": 0.84, "teleported": 0.0 }, "geometry": { "type": "LineString", "coordinates": [ [ 4.363711, 50.835555 ], [ 4.363713, 50.835556 ] ] } },
{ "type": "Feature", "properties": { "index": "606502609", "element": "edge", "id": "606502609", "name": "Rue du Prince Royal - Koninklijke-Prinsstraat", "sampledSeconds": 930.8, "departed": 5.0, "arrived": 0.0, "entered": 23.0, "left": 28.0, "laneChangedFrom": 0.0, "laneChangedTo": 0.0, "traveltime": 41.09, "overlapTraveltime": 38.91, "density": 133.33, "laneDensity": 133.33, "occupancy": 25.83, "waitingTime": 903.0, "timeLoss": 908.15, "speed": 0.13, "speedRelative": 0.02, "teleported": 3.0 }, "geometry": { "type": "LineString", "coordinates": [ [ 4.363573, 50.835461 ], [ 4.363575, 50.835462 ] ] } },
{ "type": "Feature", "properties": { "index": "610739513#0", "element": "edge", "id": "610739513#0", "name": "Avenue Louise - Louizalaan", "sampledSeconds": 37032.62, "departed": 5.0, "arrived": 3.0, "entered": 159.0, "left": 148.0, "laneChangedFrom": 0.0, "laneChangedTo": 0.0, "traveltime": 262.38, "overlapTraveltime": 279.73, "density": 86.2, "laneDensity": 86.2, "occupancy": 40.41, "waitingTime": 33458.0, "timeLoss": 35025.3, "speed": 0.44, "speedRelative": 0.05, "teleported": 1.0 }, "geometry": { "type": "LineString", "coordinates": [ [ 4.35923, 50.832113 ], [ 4.358311, 50.833014 ] ] } },
{ "type": "Feature", "properties": { "index": "610739513#1", "element": "edge", "id": "610739513#1", "name": "Avenue Louise - Louizalaan", "sampledSeconds": 478.85, "departed": 5.0, "arrived": 1.0, "entered": 61.0, "left": 65.0, "laneChangedFrom": 0.0, "laneChangedTo": 0.0, "traveltime": 6.59, "overlapTraveltime": 7.37, "density": 2.91, "laneDensity": 2.91, "occupancy": 1.32, "waitingTime": 2.0, "timeLoss": 71.22, "speed": 6.88, "speedRelative": 0.83, "teleported": 0.0 }, "geometry": { "type": "LineString", "coordinates": [ [ 4.358243, 50.833075 ], [ 4.358209, 50.833103 ], [ 4.357959, 50.833364 ], [ 4.357903, 50.833421 ], [ 4.3579, 50.833423 ] ] } },
{ "type": "Feature", "properties": { "index": "616545123", "element": "edge", "id": "616545123", "name": "Rue Francart - Francartstraat", "sampledSeconds": 150.1, "departed": 5.0, "arrived": 2.0, "entered": 9.0, "left": 12.0, "laneChangedFrom": 0.0, "laneChangedTo": 0.0, "traveltime": 10.27, "overlapTraveltime": 11.23, "density": 0.87, "laneDensity": 0.87, "occupancy": 0.41, "waitingTime": 0.0, "timeLoss": 25.31, "speed": 4.7, "speedRelative": 0.85, "teleported": 0.0 }, "geometry": { "type": "LineString", "coordinates": [ [ 4.363144, 50.836131 ], [ 4.363691, 50.836386 ] ] } },
{ "type": "Feature", "properties": { "index": "616545124", "element": "edge", "id": "616545124", "name": "Rue du Prince Royal - Koninklijke-Prinsstraat", "sampledSeconds": 1680.38, "departed": 5.0, "arrived": 6.0, "entered": 24.0, "left": 23.0, "laneChangedFrom": 0.0, "laneChangedTo": 0.0, "traveltime": 57.42, "overlapTraveltime": 58.47, "density": 2.77, "laneDensity": 2.77, "occupancy": 1.37, "waitingTime": 963.0, "timeLoss": 1052.53, "speed": 2.97, "speedRelative": 0.36, "teleported": 1.0 }, "geometry": { "type": "LineString", "coordinates": [ [ 4.361778, 50.834496 ], [ 4.362693, 50.834817 ], [ 4.363061, 50.835082 ], [ 4.363557, 50.835448 ], [ 4.363577, 50.835464 ] ] } },
{ "type": "Feature", "properties": { "index": "62017785#0", "element": "edge", "id": "62017785#0", "name": "Avenue Franklin Roosevelt - Franklin Rooseveltlaan", "sampledSeconds": 50.7, "departed": 0.0, "arrived": 10.0, "entered": 10.0, "left": 0.0, "laneChangedFrom": 1.0, "laneChangedTo": 1.0, "traveltime": 4.75, "overlapTraveltime": 5.13, "density": 0.23, "laneDensity": 0.08, "occupancy": 0.04, "waitingTime": 0.0, "timeLoss": 3.85, "speed": 12.75, "speedRelative": 0.92, "teleported": 0.0 }, "geometry": { "type": "LineString", "coordinates": [ [ 4.375846, 50.816155 ], [ 4.375875, 50.816131 ], [ 4.376225, 50.815668 ] ] } },
{ "type": "Feature", "properties": { "index": "62020111", "element": "edge", "id": "62020111", "name": "Avenue Émile Duray - Émile Duraylaan", "sampledSeconds": 530.44, "departed": 5.0, "arrived": 3.0, "entered": 41.0, "left": 44.0, "laneChangedFrom": 0.0, "laneChangedTo": 0.0, "traveltime": 10.21, "overlapTraveltime": 11.53, "density": 2.1, "laneDensity": 2.1, "occupancy": 0.97, "waitingTime": 6.0, "timeLoss": 85.33, "speed": 6.51, "speedRelative": 0.78, "teleported": 0.0 }, "geometry": { "type": "LineString", "coordinates": [ [ 4.376075, 50.816815 ], [ 4.376091, 50.816891 ], [ 4.376128, 50.817017 ], [ 4.376187, 50.817157 ], [ 4.376303, 50.817366 ], [ 4.376335, 50.817421 ] ] } },
{ "type": "Feature", "properties": { "index": "62020112#1", "element": "edge", "id": "62020112#1", "name": "Avenue Émile De Mot - Émile De Motlaan", "sampledSeconds": 716.88, "departed": 4.0, "arrived": 2.0, "entered": 101.0, "left": 103.0, "laneChangedFrom": 24.0, "laneChangedTo": 24.0, "traveltime": 6.46, "overlapTraveltime": 6.85, "density": 2.73, "laneDensity": 1.36, "occupancy": 0.63, "waitingTime": 0.0, "timeLoss": 119.06, "speed": 11.39, "speedRelative": 0.82, "teleported": 0.0 }, "geometry": { "type": "LineString", "coordinates": [ [ 4.37575, 50.816366 ], [ 4.375732, 50.816373 ], [ 4.375581, 50.816425 ], [ 4.375569, 50.81643 ], [ 4.375171, 50.816565 ], [ 4.374837, 50.816676 ] ] } },
{ "type": "Feature", "properties": { "index": "62020113#0", "element": "edge", "id": "62020113#0", "name": "Avenue Émile De Mot - Émile De Motlaan", "sampledSeconds": 495.09, "departed": 8.0, "arrived": 1.0, "entered": 76.0, "left": 83.0, "laneChangedFrom": 11.0, "laneChangedTo": 11.0, "traveltime": 5.4, "overlapTraveltime": 5.94, "density": 2.13, "laneDensity": 1.07, "occupancy": 0.49, "waitingTime": 0.0, "timeLoss": 57.4, "speed": 11.7, "speedRelative": 0.84, "teleported": 0.0 }, "geometry": { "type": "LineString", "coordinates": [ [ 4.374785, 50.816626 ], [ 4.375095, 50.816498 ], [ 4.37535, 50.816404 ], [ 4.375426, 50.816369 ], [ 4.37546, 50.816356 ], [ 4.375471, 50.816351 ], [ 4.375559, 50.816318 ] ] } },
{ "type": "Feature", "properties": { "index": "62020114#0", "element": "edge", "id": "62020114#0", "name": "Avenue Franklin Roosevelt - Franklin Rooseveltlaan", "sampledSeconds": 105.58, "departed": 14.0, "arrived": 0.0, "entered": 0.0, "left": 14.0, "laneChangedFrom": 0.0, "laneChangedTo": 0.0, "traveltime": 7.79, "overlapTraveltime": 8.2, "density": 0.5, "laneDensity": 0.5, "occupancy": 0.24, "waitingTime": 0.0, "timeLoss": 45.96, "speed": 7.73, "speedRelative": 0.56, "teleported": 0.0 }, "geometry": { "type": "LineString", "coordinates": [ [ 4.376443, 50.815705 ], [ 4.376442, 50.81571 ], [ 4.376169, 50.816111 ], [ 4.376152, 50.816145 ], [ 4.376137, 50.816173 ], [ 4.376128, 50.81619 ] ] } },
{ "type": "Feature", "properties": { "index": "62020115#0", "element": "edge", "id": "62020115#0", "name": "Boulevard de la Cambre - Terkamerenlaan", "sampledSeconds": 93.84, "departed": 0.0, "arrived": 6.0, "entered": 6.0, "left": 0.0, "laneChangedFrom": 0.0, "laneChangedTo": 0.0, "traveltime": 15.11, "overlapTraveltime": 15.76, "density": 0.22, "laneDensity": 0.22, "occupancy": 0.11, "waitingTime": 0.0, "timeLoss": 6.55, "speed": 7.82, "speedRelative": 0.94, "teleported": 0.0 }, "geometry": { "type": "LineString", "coordinates": [ [ 4.37618, 50.816257 ], [ 4.376245, 50.816266 ], [ 4.377485, 50.816466 ], [ 4.377549, 50.816476 ], [ 4.377614, 50.816486 ], [ 4.377804, 50.816522 ] ] } },
{ "type": "Feature", "properties": { "index": "62020116#0", "element": "edge", "id": "62020116#0", "name": "Avenue Franklin Roosevelt - Franklin Rooseveltlaan", "sampledSeconds": 82.95, "departed": 11.0, "arrived": 0.0, "entered": 0.0, "left": 11.0, "laneChangedFrom": 1.0, "laneChangedTo": 1.0, "traveltime": 7.82, "overlapTraveltime": 8.19, "density": 0.39, "laneDensity": 0.19, "occupancy": 0.09, "waitingTime": 0.0, "timeLoss": 35.27, "speed": 7.9, "speedRelative": 0.57, "teleported": 0.0 }, "geometry": { "type": "LineString", "coordinates": [ [ 4.376372, 50.815691 ], [ 4.376076, 50.816085 ], [ 4.376041, 50.816127 ], [ 4.376019, 50.816154 ], [ 4.376003, 50.816174 ] ] } },
{ "type": "Feature", "properties": { "index": "62020117#0", "element": "edge", "id": "62020117#0", "name": "Avenue Émile Duray - Émile Duraylaan", "sampledSeconds": 538.76, "departed": 2.0, "arrived": 1.0, "entered": 63.0, "left": 65.0, "laneChangedFrom": 0.0, "laneChangedTo": 0.0, "traveltime": 7.29, "overlapTraveltime": 8.21, "density": 2.95, "laneDensity": 2.95, "occupancy": 1.33, "waitingTime": 4.0, "timeLoss": 75.68, "speed": 6.8, "speedRelative": 0.82, "teleported": 0.0 }, "geometry": { "type": "LineString", "coordinates": [ [ 4.37603, 50.81682 ], [ 4.375989, 50.816731 ], [ 4.375942, 50.816556 ], [ 4.375942, 50.816552 ], [ 4.375929, 50.816486 ], [ 4.375925, 50.816462 ], [ 4.375917, 50.816443 ], [ 4.375887, 50.816373 ] ] } },
{ "type": "Feature", "properties": { "index": "62020119#0", "element": "edge", "id": "62020119#0", "name": "Avenue Émile Duray - Émile Duraylaan", "sampledSeconds": 382.5, "departed": 4.0, "arrived": 4.0, "entered": 41.0, "left": 41.0, "laneChangedFrom": 0.0, "laneChangedTo": 0.0, "traveltime": 7.91, "overlapTraveltime": 8.58, "density": 1.87, "laneDensity": 1.87, "occupancy": 0.85, "waitingTime": 0.0, "timeLoss": 45.86, "speed": 7.2, "speedRelative": 0.86, "teleported": 0.0 }, "geometry": { "type": "LineString", "coordinates": [ [ 4.37607, 50.816302 ], [ 4.376064, 50.816315 ], [ 4.376053, 50.81642 ], [ 4.376052, 50.816438 ], [ 4.376077, 50.816724 ], [ 4.376076, 50.816811 ] ] } },
{ "type": "Feature", "properties": { "index": "62020321", "element": "edge", "id": "62020321", "name": "Avenue Émile De Mot - Émile De Motlaan", "sampledSeconds": 1791.3, "departed": 4.0, "arrived": 2.0, "entered": 103.0, "left": 107.0, "laneChangedFrom": 22.0, "laneChangedTo": 22.0, "traveltime": 16.03, "overlapTraveltime": 16.59, "density": 2.47, "laneDensity": 0.82, "occupancy": 0.4, "waitingTime": 20.0, "timeLoss": 162.08, "speed": 12.44, "speedRelative": 0.9, "teleported": 0.0 }, "geometry": { "type": "LineString", "coordinates": [ [ 4.374748, 50.816725 ], [ 4.372294, 50.817655 ] ] } },
{ "type": "Feature", "properties": { "index": "625259599", "element": "edge", "id": "625259599", "name": "", "sampledSeconds": 115.93, "departed": 0.0, "arrived": 10.0, "entered": 10.0, "left": 0.0, "laneChangedFrom": 0.0, "laneChangedTo": 0.0, "traveltime": 11.23, "overlapTraveltime": 11.64, "density": 0.24, "laneDensity": 0.12, "occupancy": 0.06, "waitingTime": 0.0, "timeLoss": 6.11, "speed": 12.19, "speedRelative": 0.88, "teleported": 0.0 }, "geometry": { "type": "LineString", "coordinates": [ [ 4.354248, 50.835452 ], [ 4.352623, 50.834776 ] ] } },
{ "type": "Feature", "properties": { "index": "625259600", "element": "edge", "id": "625259600", "name": "Tunnel Louise - Louizatunnel", "sampledSeconds": 332.09, "departed": 10.0, "arrived": 0.0, "entered": 0.0, "left": 10.0, "laneChangedFrom": 0.0, "laneChangedTo": 0.0, "traveltime": 33.25, "overlapTraveltime": 33.62, "density": 0.22, "laneDensity": 0.11, "occupancy": 0.06, "waitingTime": 0.0, "timeLoss": 43.64, "speed": 12.45, "speedRelative": 0.9, "teleported": 0.0 }, "geometry": { "type": "LineString", "coordinates": [ [ 4.35268, 50.834723 ], [ 4.354305, 50.835399 ], [ 4.357587, 50.836765 ] ] } },
{ "type": "Feature", "properties": { "index": "627916936#0", "element": "edge", "id": "627916936#0", "name": "Rue de la Paix - Vredestraat", "sampledSeconds": 2024.73, "departed": 7.0, "arrived": 4.0, "entered": 237.0, "left": 241.0, "laneChangedFrom": 0.0, "laneChangedTo": 0.0, "traveltime": 7.44, "overlapTraveltime": 8.29, "density": 10.88, "laneDensity": 10.88, "occupancy": 4.93, "waitingTime": 0.0, "timeLoss": 302.29, "speed": 6.84, "speedRelative": 0.82, "teleported": 0.0 }, "geometry": { "type": "LineString", "coordinates": [ [ 4.365267, 50.83584 ], [ 4.365743, 50.836194 ] ] } },
{ "type": "Feature", "properties": { "index": "627916936#1", "element": "edge", "id": "627916936#1", "name": "Rue de la Paix - Vredestraat", "sampledSeconds": 1223.78, "departed": 1.0, "arrived": 4.0, "entered": 82.0, "left": 81.0, "laneChangedFrom": 0.0, "laneChangedTo": 0.0, "traveltime": 13.45, "overlapTraveltime": 14.72, "density": 6.91, "laneDensity": 6.91, "occupancy": 3.24, "waitingTime": 421.0, "timeLoss": 651.81, "speed": 3.68, "speedRelative": 0.44, "teleported": 0.0 }, "geometry": { "type": "LineString", "coordinates": [ [ 4.365848, 50.83627 ], [ 4.366234, 50.836549 ], [ 4.366277, 50.836579 ], [ 4.3663, 50.836594 ], [ 4.366311, 50.836602 ] ] } },
{ "type": "Feature", "properties": { "index": "627916937", "element": "edge", "id": "627916937", "name": "Rue de la Paix - Vredestraat", "sampledSeconds": 2622.74, "departed": 3.0, "arrived": 4.0, "entered": 237.0, "left": 235.0, "laneChangedFrom": 0.0, "laneChangedTo": 0.0, "traveltime": 10.27, "overlapTraveltime": 10.96, "density": 9.79, "laneDensity": 9.79, "occupancy": 4.57, "waitingTime": 0.0, "timeLoss": 334.34, "speed": 7.25, "speedRelative": 0.87, "teleported": 0.0 }, "geometry": { "type": "LineString", "coordinates": [ [ 4.364219, 50.835049 ], [ 4.364897, 50.835563 ] ] } },
{ "type": "Feature", "properties": { "index": "628755544#2", "element": "edge", "id": "628755544#2", "name": "Rue du Trône - Troonstraat", "sampledSeconds": 3150.49, "departed": 3.0, "arrived": 5.0, "entered": 214.0, "left": 213.0, "laneChangedFrom": 0.0, "laneChangedTo": 0.0, "traveltime": 13.47, "overlapTraveltime": 14.53, "density": 17.92, "laneDensity": 17.92, "occupancy": 8.46, "waitingTime": 991.0, "timeLoss": 1737.68, "speed": 3.7, "speedRelative": 0.44, "teleported": 0.0 }, "geometry": { "type": "LineString", "coordinates": [ [ 4.366536, 50.839733 ], [ 4.366899, 50.83944 ], [ 4.366934, 50.839412 ], [ 4.366955, 50.839396 ], [ 4.366965, 50.839388 ] ] } },
{ "type": "Feature", "properties": { "index": "628755546#0", "element": "edge", "id": "628755546#0", "name": "Rue du Trône - Troonstraat", "sampledSeconds": 4115.76, "departed": 6.0, "arrived": 18.0, "entered": 291.0, "left": 278.0, "laneChangedFrom": 0.0, "laneChangedTo": 0.0, "traveltime": 12.63, "overlapTraveltime": 14.47, "density": 26.79, "laneDensity": 26.79, "occupancy": 12.24, "waitingTime": 915.0, "timeLoss": 2286.49, "speed": 3.29, "speedRelative": 0.4, "teleported": 0.0 }, "geometry": { "type": "LineString", "coordinates": [ [ 4.367116, 50.83927 ], [ 4.367149, 50.839244 ], [ 4.367173, 50.839224 ], [ 4.367208, 50.839195 ], [ 4.367407, 50.83903 ], [ 4.367441, 50.839001 ], [ 4.367462, 50.838984 ], [ 4.36749, 50.838968 ] ] } },
{ "type": "Feature", "properties": { "index": "628755547#0", "element": "edge", "id": "628755547#0", "name": "Rue du Trône - Troonstraat", "sampledSeconds": 157.38, "departed": 0.0, "arrived": 0.0, "entered": 8.0, "left": 8.0, "laneChangedFrom": 0.0, "laneChangedTo": 0.0, "traveltime": 19.0, "overlapTraveltime": 19.67, "density": 0.31, "laneDensity": 0.31, "occupancy": 0.15, "waitingTime": 0.0, "timeLoss": 17.56, "speed": 7.41, "speedRelative": 0.89, "teleported": 0.0 }, "geometry": { "type": "LineString", "coordinates": [ [ 4.368601, 50.838099 ], [ 4.368619, 50.838084 ], [ 4.368641, 50.838065 ], [ 4.368675, 50.838036 ], [ 4.368701, 50.838014 ], [ 4.368773, 50.837956 ], [ 4.369047, 50.837728 ], [ 4.369085, 50.837693 ], [ 4.369826, 50.837099 ] ] } },
{ "type": "Feature", "properties": { "index": "628755547#4", "element": "edge", "id": "628755547#4", "name": "Rue du Trône - Troonstraat", "sampledSeconds": 171.73, "departed": 5.0, "arrived": 0.0, "entered": 8.0, "left": 13.0, "laneChangedFrom": 0.0, "laneChangedTo": 0.0, "traveltime": 12.47, "overlapTraveltime": 13.58, "density": 0.71, "laneDensity": 0.71, "occupancy": 0.34, "waitingTime": 20.0, "timeLoss": 63.24, "speed": 5.29, "speedRelative": 0.64, "teleported": 0.0 }, "geometry": { "type": "LineString", "coordinates": [ [ 4.369911, 50.837033 ], [ 4.370454, 50.836612 ], [ 4.370489, 50.836585 ], [ 4.370507, 50.836571 ], [ 4.370511, 50.836567 ] ] } },
{ "type": "Feature", "properties": { "index": "628757206#0", "element": "edge", "id": "628757206#0", "name": "Rue du Trône - Troonstraat", "sampledSeconds": 646.59, "departed": 4.0, "arrived": 5.0, "entered": 37.0, "left": 36.0, "laneChangedFrom": 1.0, "laneChangedTo": 1.0, "traveltime": 14.86, "overlapTraveltime": 15.87, "density": 1.73, "laneDensity": 0.86, "occupancy": 0.41, "waitingTime": 24.0, "timeLoss": 108.33, "speed": 6.86, "speedRelative": 0.82, "teleported": 0.0 }, "geometry": { "type": "LineString", "coordinates": [ [ 4.371968, 50.83534 ], [ 4.372175, 50.835172 ], [ 4.372849, 50.834635 ], [ 4.372884, 50.834607 ] ] } },
{ "type": "Feature", "properties": { "index": "628762073#0", "element": "edge", "id": "628762073#0", "name": "Avenue de la Couronne - Kroonlaan", "sampledSeconds": 3271.5, "departed": 5.0, "arrived": 4.0, "entered": 115.0, "left": 116.0, "laneChangedFrom": 0.0, "laneChangedTo": 0.0, "traveltime": 26.49, "overlapTraveltime": 27.17, "density": 4.71, "laneDensity": 4.71, "occupancy": 2.3, "waitingTime": 0.0, "timeLoss": 382.03, "speed": 7.28, "speedRelative": 0.87, "teleported": 0.0 }, "geometry": { "type": "LineString", "coordinates": [ [ 4.381532, 50.827727 ], [ 4.381514, 50.827742 ], [ 4.381492, 50.82776 ], [ 4.381457, 50.827789 ], [ 4.380546, 50.82852 ], [ 4.380429, 50.828612 ], [ 4.380366, 50.828663 ], [ 4.379832, 50.829087 ] ] } },
{ "type": "Feature", "properties": { "index": "628762074#0", "element": "edge", "id": "628762074#0", "name": "Avenue Auguste Rodin - Auguste Rodinlaan", "sampledSeconds": 11.75, "departed": 0.0, "arrived": 2.0, "entered": 2.0, "left": 0.0, "laneChangedFrom": 0.0, "laneChangedTo": 0.0, "traveltime": 5.51, "overlapTraveltime": 6.1, "density": 0.07, "laneDensity": 0.07, "occupancy": 0.03, "waitingTime": 0.0, "timeLoss": 1.17, "speed": 8.23, "speedRelative": 0.99, "teleported": 0.0 }, "geometry": { "type": "LineString", "coordinates": [ [ 4.381679, 50.827691 ], [ 4.381739, 50.827717 ], [ 4.381766, 50.827728 ], [ 4.381819, 50.827751 ], [ 4.382187, 50.827939 ] ] } },
{ "type": "Feature", "properties": { "index": "628781004#0", "element": "edge", "id": "628781004#0", "name": "Avenue Louise - Louizalaan", "sampledSeconds": 3729.51, "departed": 10.0, "arrived": 1.0, "entered": 15.0, "left": 21.0, "laneChangedFrom": 0.0, "laneChangedTo": 0.0, "traveltime": 108.77, "overlapTraveltime": 160.06, "density": 16.92, "laneDensity": 16.92, "occupancy": 7.4, "waitingTime": 3385.0, "timeLoss": 3537.13, "speed": 0.41, "speedRelative": 0.05, "teleported": 0.0 }, "geometry": { "type": "LineString", "coordinates": [ [ 4.367816, 50.823794 ], [ 4.367791, 50.823822 ], [ 4.367361, 50.824238 ], [ 4.367327, 50.824235 ] ] } },
{ "type": "Feature", "properties": { "index": "628781006#1", "element": "edge", "id": "628781006#1", "name": "Avenue Louise - Louizalaan", "sampledSeconds": 6715.74, "departed": 4.0, "arrived": 2.0, "entered": 23.0, "left": 22.0, "laneChangedFrom": 0.0, "laneChangedTo": 0.0, "traveltime": 253.34, "overlapTraveltime": 257.93, "density": 24.34, "laneDensity": 24.34, "occupancy": 12.14, "waitingTime": 6324.0, "timeLoss": 6461.74, "speed": 0.32, "speedRelative": 0.04, "teleported": 4.0 }, "geometry": { "type": "LineString", "coordinates": [ [ 4.366574, 50.82501 ], [ 4.366201, 50.825363 ], [ 4.365979, 50.825587 ] ] } },
{ "type": "Feature", "properties": { "index": "628781006#2", "element": "edge", "id": "628781006#2", "name": "Avenue Louise - Louizalaan", "sampledSeconds": 3616.67, "departed": 5.0, "arrived": 3.0, "entered": 35.0, "left": 36.0, "laneChangedFrom": 0.0, "laneChangedTo": 0.0, "traveltime": 100.77, "overlapTraveltime": 125.64, "density": 81.88, "laneDensity": 81.88, "occupancy": 34.2, "waitingTime": 3460.85, "timeLoss": 3556.72, "speed": 0.14, "speedRelative": 0.02, "teleported": 3.0 }, "geometry": { "type": "LineString", "coordinates": [ [ 4.365867, 50.825695 ], [ 4.365767, 50.825785 ] ] } },
{ "type": "Feature", "properties": { "index": "628781006#3", "element": "edge", "id": "628781006#3", "name": "Avenue Louise - Louizalaan", "sampledSeconds": 8640.14, "departed": 0.0, "arrived": 2.0, "entered": 121.0, "left": 114.0, "laneChangedFrom": 0.0, "laneChangedTo": 0.0, "traveltime": 71.6, "overlapTraveltime": 107.74, "density": 133.33, "laneDensity": 133.33, "occupancy": 54.02, "waitingTime": 8148.0, "timeLoss": 8444.22, "speed": 0.19, "speedRelative": 0.02, "teleported": 0.0 }, "geometry": { "type": "LineString", "coordinates": [ [ 4.365673, 50.825872 ], [ 4.365559, 50.825989 ] ] } },
{ "type": "Feature", "properties": { "index": "628781006#4", "element": "edge", "id": "628781006#4", "name": "Avenue Louise - Louizalaan", "sampledSeconds": 17882.99, "departed": 6.0, "arrived": 1.0, "entered": 75.0, "left": 71.0, "laneChangedFrom": 0.0, "laneChangedTo": 0.0, "traveltime": 280.76, "overlapTraveltime": 296.37, "density": 68.09, "laneDensity": 68.09, "occupancy": 32.52, "waitingTime": 16667.0, "timeLoss": 17313.38, "speed": 0.26, "speedRelative": 0.03, "teleported": 3.0 }, "geometry": { "type": "LineString", "coordinates": [ [ 4.365497, 50.826049 ], [ 4.364963, 50.826564 ], [ 4.364929, 50.826598 ] ] } },
{ "type": "Feature", "properties": { "index": "628781006#6", "element": "edge", "id": "628781006#6", "name": "Avenue Louise - Louizalaan", "sampledSeconds": 2468.78, "departed": 4.0, "arrived": 1.0, "entered": 102.0, "left": 104.0, "laneChangedFrom": 0.0, "laneChangedTo": 0.0, "traveltime": 4.27, "overlapTraveltime": 35.38, "density": 133.33, "laneDensity": 133.33, "occupancy": 64.56, "waitingTime": 2359.0, "timeLoss": 2423.04, "speed": 0.15, "speedRelative": 0.02, "teleported": 1.0 }, "geometry": { "type": "LineString", "coordinates": [ [ 4.364847, 50.826678 ], [ 4.364846, 50.826679 ] ] } },
{ "type": "Feature", "properties": { "index": "628781006#7", "element": "edge", "id": "628781006#7", "name": "Avenue Louise - Louizalaan", "sampledSeconds": 18374.49, "departed": 7.0, "arrived": 3.0, "entered": 94.0, "left": 89.0, "laneChangedFrom": 0.0, "laneChangedTo": 0.0, "traveltime": 243.88, "overlapTraveltime": 246.25, "density": 68.91, "laneDensity": 68.91, "occupancy": 34.33, "waitingTime": 16769.0, "timeLoss": 17651.73, "speed": 0.32, "speedRelative": 0.04, "teleported": 2.0 }, "geometry": { "type": "LineString", "coordinates": [ [ 4.364765, 50.826758 ], [ 4.364761, 50.826762 ], [ 4.364247, 50.827274 ], [ 4.364217, 50.827304 ], [ 4.364201, 50.82732 ] ] } },
{ "type": "Feature", "properties": { "index": "628782529#0", "element": "edge", "id": "628782529#0", "name": "Avenue Louise - Louizalaan", "sampledSeconds": 38117.78, "departed": 7.0, "arrived": 2.0, "entered": 57.0, "left": 58.0, "laneChangedFrom": 0.0, "laneChangedTo": 0.0, "traveltime": 877.6, "overlapTraveltime": 882.37, "density": 126.14, "laneDensity": 126.14, "occupancy": 63.02, "waitingTime": 36502.0, "timeLoss": 37645.73, "speed": 0.1, "speedRelative": 0.01, "teleported": 8.0 }, "geometry": { "type": "LineString", "coordinates": [ [ 4.363651, 50.82717 ], [ 4.363698, 50.827124 ], [ 4.364245, 50.826593 ], [ 4.364263, 50.826574 ], [ 4.3643, 50.826537 ] ] } },
{ "type": "Feature", "properties": { "index": "628782529#4", "element": "edge", "id": "628782529#4", "name": "Avenue Louise - Louizalaan", "sampledSeconds": 3500.81, "departed": 2.0, "arrived": 1.0, "entered": 67.0, "left": 79.0, "laneChangedFrom": 0.0, "laneChangedTo": 0.0, "traveltime": 46.86, "overlapTraveltime": 47.83, "density": 10.91, "laneDensity": 10.91, "occupancy": 5.35, "waitingTime": 2036.0, "timeLoss": 2659.82, "speed": 1.97, "speedRelative": 0.24, "teleported": 0.0 }, "geometry": { "type": "LineString", "coordinates": [ [ 4.364415, 50.826422 ], [ 4.364475, 50.826364 ], [ 4.365106, 50.825751 ] ] } },
{ "type": "Feature", "properties": { "index": "628782529#6", "element": "edge", "id": "628782529#6", "name": "Avenue Louise - Louizalaan", "sampledSeconds": 120.53, "departed": 3.0, "arrived": 3.0, "entered": 8.0, "left": 8.0, "laneChangedFrom": 0.0, "laneChangedTo": 0.0, "traveltime": 10.5, "overlapTraveltime": 11.26, "density": 0.45, "laneDensity": 0.45, "occupancy": 0.21, "waitingTime": 0.0, "timeLoss": 14.99, "speed": 7.09, "speedRelative": 0.85, "teleported": 0.0 }, "geometry": { "type": "LineString", "coordinates": [ [ 4.365286, 50.825579 ], [ 4.365874, 50.825019 ] ] } },
{ "type": "Feature", "properties": { "index": "628782529#7", "element": "edge", "id": "628782529#7", "name": "Avenue Louise - Louizalaan", "sampledSeconds": 1176.92, "departed": 6.0, "arrived": 0.0, "entered": 9.0, "left": 14.0, "laneChangedFrom": 0.0, "laneChangedTo": 0.0, "traveltime": 79.38, "overlapTraveltime": 81.2, "density": 3.81, "laneDensity": 3.81, "occupancy": 1.89, "waitingTime": 964.0, "timeLoss": 1008.85, "speed": 1.12, "speedRelative": 0.13, "teleported": 2.0 }, "geometry": { "type": "LineString", "coordinates": [ [ 4.365986, 50.82491 ], [ 4.366648, 50.824262 ] ] } },
{ "type": "Feature", "properties": { "index": "628782530", "element": "edge", "id": "628782530", "name": "Avenue Louise - Louizalaan", "sampledSeconds": 442.84, "departed": 5.0, "arrived": 1.0, "entered": 80.0, "left": 84.0, "laneChangedFrom": 0.0, "laneChangedTo": 0.0, "traveltime": 4.14, "overlapTraveltime": 5.42, "density": 38.93, "laneDensity": 38.93, "occupancy": 9.81, "waitingTime": 281.0, "timeLoss": 359.43, "speed": 1.5, "speedRelative": 0.18, "teleported": 0.0 }, "geometry": { "type": "LineString", "coordinates": [ [ 4.370125, 50.820679 ], [ 4.370169, 50.820684 ] ] } },
{ "type": "Feature", "properties": { "index": "628782531", "element": "edge", "id": "628782531", "name": "Avenue Louise - Louizalaan", "sampledSeconds": 24.45, "departed": 2.0, "arrived": 3.0, "entered": 8.0, "left": 7.0, "laneChangedFrom": 0.0, "laneChangedTo": 0.0, "traveltime": 1.95, "overlapTraveltime": 2.66, "density": 0.54, "laneDensity": 0.54, "occupancy": 0.21, "waitingTime": 0.0, "timeLoss": 5.04, "speed": 6.6, "speedRelative": 0.79, "teleported": 0.0 }, "geometry": { "type": "LineString", "coordinates": [ [ 4.371883, 50.817432 ], [ 4.371909, 50.817464 ], [ 4.372004, 50.817511 ] ] } },
{ "type": "Feature", "properties": { "index": "633077911", "element": "edge", "id": "633077911", "name": "", "sampledSeconds": 184.36, "departed": 8.0, "arrived": 0.0, "entered": 43.0, "left": 51.0, "laneChangedFrom": 0.0, "laneChangedTo": 0.0, "traveltime": 0.34, "overlapTraveltime": 4.46, "density": 133.33, "laneDensity": 133.33, "occupancy": 4.81, "waitingTime": 109.85, "timeLoss": 144.14, "speed": 1.17, "speedRelative": 0.14, "teleported": 0.0 }, "geometry": { "type": "LineString", "coordinates": [ [ 4.362308, 50.829077 ], [ 4.362309, 50.829078 ] ] } },
{ "type": "Feature", "properties": { "index": "633086666", "element": "edge", "id": "633086666", "name": "", "sampledSeconds": 0.0, "departed": 0.0, "arrived": 0.0, "entered": 0.0, "left": 0.0, "laneChangedFrom": 0.0, "laneChangedTo": 0.0, "traveltime": 0.0, "overlapTraveltime": 0.0, "density": 0.0, "laneDensity": 0.0, "occupancy": 0.0, "waitingTime": 0.0, "timeLoss": 0.0, "speed": 0.0, "speedRelative": 0.0, "teleported": 0.0 }, "geometry": { "type": "LineString", "coordinates": [ [ 4.363526, 50.827906 ], [ 4.363475, 50.827909 ] ] } },
{ "type": "Feature", "properties": { "index": "634009486", "element": "edge", "id": "634009486", "name": "", "sampledSeconds": 0.0, "departed": 0.0, "arrived": 0.0, "entered": 0.0, "left": 0.0, "laneChangedFrom": 0.0, "laneChangedTo": 0.0, "traveltime": 0.0, "overlapTraveltime": 0.0, "density": 0.0, "laneDensity": 0.0, "occupancy": 0.0, "waitingTime": 0.0, "timeLoss": 0.0, "speed": 0.0, "speedRelative": 0.0, "teleported": 0.0 }, "geometry": { "type": "LineString", "coordinates": [ [ 4.36206, 50.82901 ], [ 4.362073, 50.828997 ] ] } },
{ "type": "Feature", "properties": { "index": "635577270", "element": "edge", "id": "635577270", "name": "", "sampledSeconds": 0.0, "departed": 0.0, "arrived": 0.0, "entered": 0.0, "left": 0.0, "laneChangedFrom": 0.0, "laneChangedTo": 0.0, "traveltime": 0.0, "overlapTraveltime": 0.0, "density": 0.0, "laneDensity": 0.0, "occupancy": 0.0, "waitingTime": 0.0, "timeLoss": 0.0, "speed": 0.0, "speedRelative": 0.0, "teleported": 0.0 }, "geometry": { "type": "LineString", "coordinates": [ [ 4.380936, 50.827271 ], [ 4.380917, 50.827156 ], [ 4.382676, 50.825717 ], [ 4.382803, 50.82562 ], [ 4.382858, 50.825602 ], [ 4.382909, 50.825602 ], [ 4.383033, 50.825597 ] ] } },
{ "type": "Feature", "properties": { "index": "637591935", "element": "edge", "id": "637591935", "name": "", "sampledSeconds": 0.0, "departed": 0.0, "arrived": 0.0, "entered": 0.0, "left": 0.0, "laneChangedFrom": 0.0, "laneChangedTo": 0.0, "traveltime": 0.0, "overlapTraveltime": 0.0, "density": 0.0, "laneDensity": 0.0, "occupancy": 0.0, "waitingTime": 0.0, "timeLoss": 0.0, "speed": 0.0, "speedRelative": 0.0, "teleported": 0.0 }, "geometry": { "type": "LineString", "coordinates": [ [ 4.36332, 50.828057 ], [ 4.363342, 50.828088 ] ] } },
{ "type": "Feature", "properties": { "index": "643081314#0", "element": "edge", "id": "643081314#0", "name": "Rue Antoine Labarre - Antoine Labarrestraat", "sampledSeconds": 1141.58, "departed": 3.0, "arrived": 3.0, "entered": 83.0, "left": 82.0, "laneChangedFrom": 0.0, "laneChangedTo": 0.0, "traveltime": 13.01, "overlapTraveltime": 13.98, "density": 47.76, "laneDensity": 47.76, "occupancy": 22.39, "waitingTime": 976.0, "timeLoss": 1019.69, "speed": 0.83, "speedRelative": 0.1, "teleported": 2.0 }, "geometry": { "type": "LineString", "coordinates": [ [ 4.375859, 50.825616 ], [ 4.375941, 50.825645 ] ] } },
{ "type": "Feature", "properties": { "index": "643082467", "element": "edge", "id": "643082467", "name": "Rue Alphonse De Witte - Alphonse De Wittestraat", "sampledSeconds": 46.72, "departed": 6.0, "arrived": 1.0, "entered": 11.0, "left": 16.0, "laneChangedFrom": 0.0, "laneChangedTo": 0.0, "traveltime": 2.38, "overlapTraveltime": 3.06, "density": 0.95, "laneDensity": 0.95, "occupancy": 0.37, "waitingTime": 0.0, "timeLoss": 12.4, "speed": 6.09, "speedRelative": 0.73, "teleported": 0.0 }, "geometry": { "type": "LineString", "coordinates": [ [ 4.37295, 50.826436 ], [ 4.372955, 50.826423 ], [ 4.373037, 50.826327 ] ] } },
{ "type": "Feature", "properties": { "index": "653443701", "element": "edge", "id": "653443701", "name": "Rue de Namur - Naamsestraat", "sampledSeconds": 171.38, "departed": 10.0, "arrived": 0.0, "entered": 5.0, "left": 15.0, "laneChangedFrom": 0.0, "laneChangedTo": 0.0, "traveltime": 8.27, "overlapTraveltime": 12.19, "density": 0.96, "laneDensity": 0.96, "occupancy": 0.44, "waitingTime": 34.0, "timeLoss": 76.71, "speed": 4.48, "speedRelative": 0.54, "teleported": 0.0 }, "geometry": { "type": "LineString", "coordinates": [ [ 4.361242, 50.83924 ], [ 4.361452, 50.839084 ], [ 4.36161, 50.83896 ], [ 4.361626, 50.838947 ], [ 4.361667, 50.838916 ], [ 4.36169, 50.838896 ] ] } },
{ "type": "Feature", "properties": { "index": "654207094", "element": "edge", "id": "654207094", "name": "", "sampledSeconds": 0.0, "departed": 0.0, "arrived": 0.0, "entered": 0.0, "left": 0.0, "laneChangedFrom": 0.0, "laneChangedTo": 0.0, "traveltime": 0.0, "overlapTraveltime": 0.0, "density": 0.0, "laneDensity": 0.0, "occupancy": 0.0, "waitingTime": 0.0, "timeLoss": 0.0, "speed": 0.0, "speedRelative": 0.0, "teleported": 0.0 }, "geometry": { "type": "LineString", "coordinates": [ [ 4.385808, 50.823425 ], [ 4.385999, 50.823253 ] ] } },
{ "type": "Feature", "properties": { "index": "654207097#0", "element": "edge", "id": "654207097#0", "name": "", "sampledSeconds": 0.0, "departed": 0.0, "arrived": 0.0, "entered": 0.0, "left": 0.0, "laneChangedFrom": 0.0, "laneChangedTo": 0.0, "traveltime": 0.0, "overlapTraveltime": 0.0, "density": 0.0, "laneDensity": 0.0, "occupancy": 0.0, "waitingTime": 0.0, "timeLoss": 0.0, "speed": 0.0, "speedRelative": 0.0, "teleported": 0.0 }, "geometry": { "type": "LineString", "coordinates": [ [ 4.386244, 50.823361 ], [ 4.386173, 50.823424 ], [ 4.385911, 50.823658 ] ] } },
{ "type": "Feature", "properties": { "index": "654207098#0", "element": "edge", "id": "654207098#0", "name": "", "sampledSeconds": 0.0, "departed": 0.0, "arrived": 0.0, "entered": 0.0, "left": 0.0, "laneChangedFrom": 0.0, "laneChangedTo": 0.0, "traveltime": 0.0, "overlapTraveltime": 0.0, "density": 0.0, "laneDensity": 0.0, "occupancy": 0.0, "waitingTime": 0.0, "timeLoss": 0.0, "speed": 0.0, "speedRelative": 0.0, "teleported": 0.0 }, "geometry": { "type": "LineString", "coordinates": [ [ 4.38642, 50.823438 ], [ 4.386345, 50.823504 ], [ 4.386045, 50.823769 ] ] } },
{ "type": "Feature", "properties": { "index": "654207105#1", "element": "edge", "id": "654207105#1", "name": "", "sampledSeconds": 0.0, "departed": 0.0, "arrived": 0.0, "entered": 0.0, "left": 0.0, "laneChangedFrom": 0.0, "laneChangedTo": 0.0, "traveltime": 0.0, "overlapTraveltime": 0.0, "density": 0.0, "laneDensity": 0.0, "occupancy": 0.0, "waitingTime": 0.0, "timeLoss": 0.0, "speed": 0.0, "speedRelative": 0.0, "teleported": 0.0 }, "geometry": { "type": "LineString", "coordinates": [ [ 4.386372, 50.823383 ], [ 4.386306, 50.823354 ] ] } },
{ "type": "Feature", "properties": { "index": "654207105#2", "element": "edge", "id": "654207105#2", "name": "", "sampledSeconds": 0.0, "departed": 0.0, "arrived": 0.0, "entered": 0.0, "left": 0.0, "laneChangedFrom": 0.0, "laneChangedTo": 0.0, "traveltime": 0.0, "overlapTraveltime": 0.0, "density": 0.0, "laneDensity": 0.0, "occupancy": 0.0, "waitingTime": 0.0, "timeLoss": 0.0, "speed": 0.0, "speedRelative": 0.0, "teleported": 0.0 }, "geometry": { "type": "LineString", "coordinates": [ [ 4.386197, 50.823306 ], [ 4.386098, 50.823262 ] ] } },
{ "type": "Feature", "properties": { "index": "654207105#3", "element": "edge", "id": "654207105#3", "name": "", "sampledSeconds": 0.0, "departed": 0.0, "arrived": 0.0, "entered": 0.0, "left": 0.0, "laneChangedFrom": 0.0, "laneChangedTo": 0.0, "traveltime": 0.0, "overlapTraveltime": 0.0, "density": 0.0, "laneDensity": 0.0, "occupancy": 0.0, "waitingTime": 0.0, "timeLoss": 0.0, "speed": 0.0, "speedRelative": 0.0, "teleported": 0.0 }, "geometry": { "type": "LineString", "coordinates": [ [ 4.385988, 50.823214 ], [ 4.385924, 50.823186 ] ] } },
{ "type": "Feature", "properties": { "index": "654207106", "element": "edge", "id": "654207106", "name": "", "sampledSeconds": 0.0, "departed": 0.0, "arrived": 0.0, "entered": 0.0, "left": 0.0, "laneChangedFrom": 0.0, "laneChangedTo": 0.0, "traveltime": 0.0, "overlapTraveltime": 0.0, "density": 0.0, "laneDensity": 0.0, "occupancy": 0.0, "waitingTime": 0.0, "timeLoss": 0.0, "speed": 0.0, "speedRelative": 0.0, "teleported": 0.0 }, "geometry": { "type": "LineString", "coordinates": [ [ 4.38663, 50.823496 ], [ 4.386609, 50.823487 ], [ 4.386482, 50.823431 ] ] } },
{ "type": "Feature", "properties": { "index": "654207108", "element": "edge", "id": "654207108", "name": "", "sampledSeconds": 5319.81, "departed": 3.0, "arrived": 3.0, "entered": 110.0, "left": 103.0, "laneChangedFrom": 0.0, "laneChangedTo": 0.0, "traveltime": 45.87, "overlapTraveltime": 48.57, "density": 23.66, "laneDensity": 23.66, "occupancy": 11.25, "waitingTime": 1528.0, "timeLoss": 2623.64, "speed": 1.39, "speedRelative": 0.5, "teleported": 0.0 }, "geometry": { "type": "LineString", "coordinates": [ [ 4.385865, 50.822249 ], [ 4.385344, 50.822704 ] ] } },
{ "type": "Feature", "properties": { "index": "654207120", "element": "edge", "id": "654207120", "name": "", "sampledSeconds": 7.27, "departed": 3.0, "arrived": 0.0, "entered": 0.0, "left": 3.0, "laneChangedFrom": 0.0, "laneChangedTo": 0.0, "traveltime": 0.0, "overlapTraveltime": 2.52, "density": 10.09, "laneDensity": 10.09, "occupancy": 0.2, "waitingTime": 0.0, "timeLoss": 1.88, "speed": 2.06, "speedRelative": 0.74, "teleported": 0.0 }, "geometry": { "type": "LineString", "coordinates": [ [ 4.386169, 50.822174 ], [ 4.386166, 50.822173 ] ] } },
{ "type": "Feature", "properties": { "index": "654207122", "element": "edge", "id": "654207122", "name": "", "sampledSeconds": 2.89, "departed": 0.0, "arrived": 6.0, "entered": 6.0, "left": 0.0, "laneChangedFrom": 0.0, "laneChangedTo": 0.0, "traveltime": 0.09, "overlapTraveltime": 2.23, "density": 4.01, "laneDensity": 4.01, "occupancy": 0.07, "waitingTime": 0.0, "timeLoss": 0.44, "speed": 2.33, "speedRelative": 0.84, "teleported": 0.0 }, "geometry": { "type": "LineString", "coordinates": [ [ 4.386674, 50.821724 ], [ 4.386676, 50.821726 ] ] } },
{ "type": "Feature", "properties": { "index": "654207127#0", "element": "edge", "id": "654207127#0", "name": "", "sampledSeconds": 340.46, "departed": 10.0, "arrived": 0.0, "entered": 0.0, "left": 10.0, "laneChangedFrom": 0.0, "laneChangedTo": 0.0, "traveltime": 34.17, "overlapTraveltime": 36.44, "density": 1.3, "laneDensity": 1.3, "occupancy": 0.63, "waitingTime": 0.0, "timeLoss": 81.03, "speed": 2.13, "speedRelative": 0.77, "teleported": 0.0 }, "geometry": { "type": "LineString", "coordinates": [ [ 4.387943, 50.82221 ], [ 4.387619, 50.822493 ], [ 4.38734, 50.822741 ] ] } },
{ "type": "Feature", "properties": { "index": "654207127#2", "element": "edge", "id": "654207127#2", "name": "", "sampledSeconds": 704.88, "departed": 2.0, "arrived": 4.0, "entered": 14.0, "left": 13.0, "laneChangedFrom": 0.0, "laneChangedTo": 0.0, "traveltime": 41.15, "overlapTraveltime": 43.41, "density": 2.2, "laneDensity": 2.2, "occupancy": 1.05, "waitingTime": 0.0, "timeLoss": 162.76, "speed": 2.17, "speedRelative": 0.78, "teleported": 0.0 }, "geometry": { "type": "LineString", "coordinates": [ [ 4.387219, 50.822846 ], [ 4.386601, 50.823376 ], [ 4.386418, 50.823294 ] ] } },
{ "type": "Feature", "properties": { "index": "654207127#3", "element": "edge", "id": "654207127#3", "name": "", "sampledSeconds": 337.93, "departed": 4.0, "arrived": 2.0, "entered": 37.0, "left": 39.0, "laneChangedFrom": 0.0, "laneChangedTo": 0.0, "traveltime": 6.2, "overlapTraveltime": 8.59, "density": 7.41, "laneDensity": 7.41, "occupancy": 2.71, "waitingTime": 8.0, "timeLoss": 91.18, "speed": 2.06, "speedRelative": 0.74, "teleported": 0.0 }, "geometry": { "type": "LineString", "coordinates": [ [ 4.386252, 50.82322 ], [ 4.386104, 50.823155 ] ] } },
{ "type": "Feature", "properties": { "index": "654207127#4", "element": "edge", "id": "654207127#4", "name": "", "sampledSeconds": 1367.29, "departed": 4.0, "arrived": 2.0, "entered": 65.0, "left": 64.0, "laneChangedFrom": 0.0, "laneChangedTo": 0.0, "traveltime": 18.07, "overlapTraveltime": 20.47, "density": 14.81, "laneDensity": 14.81, "occupancy": 6.59, "waitingTime": 401.0, "timeLoss": 636.96, "speed": 1.5, "speedRelative": 0.54, "teleported": 0.0 }, "geometry": { "type": "LineString", "coordinates": [ [ 4.385974, 50.823095 ], [ 4.385683, 50.822956 ] ] } },
{ "type": "Feature", "properties": { "index": "654207127#5", "element": "edge", "id": "654207127#5", "name": "", "sampledSeconds": 1329.86, "departed": 4.0, "arrived": 2.0, "entered": 70.0, "left": 70.0, "laneChangedFrom": 0.0, "laneChangedTo": 0.0, "traveltime": 16.04, "overlapTraveltime": 18.46, "density": 19.37, "laneDensity": 19.37, "occupancy": 8.47, "waitingTime": 461.0, "timeLoss": 707.83, "speed": 1.3, "speedRelative": 0.47, "teleported": 0.0 }, "geometry": { "type": "LineString", "coordinates": [ [ 4.385556, 50.822897 ], [ 4.385336, 50.822798 ] ] } },
{ "type": "Feature", "properties": { "index": "654207127#6", "element": "edge", "id": "654207127#6", "name": "", "sampledSeconds": 2571.22, "departed": 5.0, "arrived": 2.0, "entered": 158.0, "left": 159.0, "laneChangedFrom": 0.0, "laneChangedTo": 0.0, "traveltime": 13.62, "overlapTraveltime": 16.06, "density": 51.09, "laneDensity": 51.09, "occupancy": 21.72, "waitingTime": 909.0, "timeLoss": 1471.88, "speed": 1.18, "speedRelative": 0.43, "teleported": 0.0 }, "geometry": { "type": "LineString", "coordinates": [ [ 4.385206, 50.822739 ], [ 4.385138, 50.822708 ], [ 4.385041, 50.822678 ], [ 4.385036, 50.822676 ] ] } },
{ "type": "Feature", "properties": { "index": "65583364", "element": "edge", "id": "65583364", "name": "Rue Van Aa - Van Aastraat", "sampledSeconds": 1125.96, "departed": 1.0, "arrived": 4.0, "entered": 139.0, "left": 138.0, "laneChangedFrom": 0.0, "laneChangedTo": 0.0, "traveltime": 7.12, "overlapTraveltime": 8.0, "density": 6.35, "laneDensity": 6.35, "occupancy": 2.86, "waitingTime": 0.0, "timeLoss": 181.5, "speed": 6.79, "speedRelative": 0.81, "teleported": 0.0 }, "geometry": { "type": "LineString", "coordinates": [ [ 4.368349, 50.8339 ], [ 4.368863, 50.833599 ] ] } },
{ "type": "Feature", "properties": { "index": "65583365#0", "element": "edge", "id": "65583365#0", "name": "Rue Van Aa - Van Aastraat", "sampledSeconds": 394.11, "departed": 8.0, "arrived": 4.0, "entered": 29.0, "left": 34.0, "laneChangedFrom": 0.0, "laneChangedTo": 0.0, "traveltime": 9.98, "overlapTraveltime": 10.74, "density": 1.56, "laneDensity": 1.56, "occupancy": 0.73, "waitingTime": 0.0, "timeLoss": 59.55, "speed": 7.01, "speedRelative": 0.84, "teleported": 0.0 }, "geometry": { "type": "LineString", "coordinates": [ [ 4.36974, 50.833082 ], [ 4.36975, 50.833077 ], [ 4.370464, 50.832648 ] ] } },
{ "type": "Feature", "properties": { "index": "65583365#1", "element": "edge", "id": "65583365#1", "name": "Rue Van Aa - Van Aastraat", "sampledSeconds": 771.98, "departed": 5.0, "arrived": 6.0, "entered": 32.0, "left": 31.0, "laneChangedFrom": 0.0, "laneChangedTo": 0.0, "traveltime": 20.15, "overlapTraveltime": 20.99, "density": 1.41, "laneDensity": 1.41, "occupancy": 0.68, "waitingTime": 0.0, "timeLoss": 74.44, "speed": 7.46, "speedRelative": 0.9, "teleported": 0.0 }, "geometry": { "type": "LineString", "coordinates": [ [ 4.370577, 50.83258 ], [ 4.372152, 50.83165 ] ] } },
{ "type": "Feature", "properties": { "index": "679761841", "element": "edge", "id": "679761841", "name": "", "sampledSeconds": 0.0, "departed": 0.0, "arrived": 0.0, "entered": 0.0, "left": 0.0, "laneChangedFrom": 0.0, "laneChangedTo": 0.0, "traveltime": 0.0, "overlapTraveltime": 0.0, "density": 0.0, "laneDensity": 0.0, "occupancy": 0.0, "waitingTime": 0.0, "timeLoss": 0.0, "speed": 0.0, "speedRelative": 0.0, "teleported": 0.0 }, "geometry": { "type": "LineString", "coordinates": [ [ 4.358827, 50.835624 ], [ 4.358813, 50.835618 ], [ 4.35864, 50.835548 ], [ 4.358568, 50.835519 ], [ 4.358143, 50.835347 ], [ 4.358127, 50.835332 ], [ 4.358125, 50.835315 ], [ 4.35813, 50.835302 ], [ 4.358139, 50.835289 ], [ 4.358193, 50.835242 ] ] } },
{ "type": "Feature", "properties": { "index": "687383599#0", "element": "edge", "id": "687383599#0", "name": "Boulevard du Régent - Regentlaan", "sampledSeconds": 767.88, "departed": 4.0, "arrived": 6.0, "entered": 422.0, "left": 418.0, "laneChangedFrom": 4.0, "laneChangedTo": 4.0, "traveltime": 1.31, "overlapTraveltime": 1.81, "density": 16.98, "laneDensity": 8.49, "occupancy": 3.11, "waitingTime": 33.0, "timeLoss": 206.44, "speed": 9.69, "speedRelative": 0.7, "teleported": 0.0 }, "geometry": { "type": "LineString", "coordinates": [ [ 4.36221, 50.838905 ], [ 4.362157, 50.83888 ], [ 4.362131, 50.838869 ], [ 4.362088, 50.838849 ], [ 4.362065, 50.838839 ] ] } },
{ "type": "Feature", "properties": { "index": "690208690", "element": "edge", "id": "690208690", "name": "", "sampledSeconds": 0.0, "departed": 0.0, "arrived": 0.0, "entered": 0.0, "left": 0.0, "laneChangedFrom": 0.0, "laneChangedTo": 0.0, "traveltime": 0.0, "overlapTraveltime": 0.0, "density": 0.0, "laneDensity": 0.0, "occupancy": 0.0, "waitingTime": 0.0, "timeLoss": 0.0, "speed": 0.0, "speedRelative": 0.0, "teleported": 0.0 }, "geometry": { "type": "LineString", "coordinates": [ [ 4.3788, 50.82145 ], [ 4.378813, 50.82144 ], [ 4.379156, 50.821168 ], [ 4.379316, 50.82116 ], [ 4.379358, 50.821122 ] ] } },
{ "type": "Feature", "properties": { "index": "691307157", "element": "edge", "id": "691307157", "name": "Rue du Collège - Collegestraat", "sampledSeconds": 162.63, "departed": 3.0, "arrived": 1.0, "entered": 17.0, "left": 19.0, "laneChangedFrom": 0.0, "laneChangedTo": 0.0, "traveltime": 7.26, "overlapTraveltime": 8.33, "density": 1.37, "laneDensity": 1.37, "occupancy": 0.6, "waitingTime": 0.0, "timeLoss": 22.59, "speed": 4.57, "speedRelative": 0.82, "teleported": 0.0 }, "geometry": { "type": "LineString", "coordinates": [ [ 4.367931, 50.832979 ], [ 4.367534, 50.833137 ] ] } },
{ "type": "Feature", "properties": { "index": "693295225", "element": "edge", "id": "693295225", "name": "Avenue Marnix - Marnixlaan", "sampledSeconds": 122.15, "departed": 11.0, "arrived": 0.0, "entered": 0.0, "left": 11.0, "laneChangedFrom": 0.0, "laneChangedTo": 0.0, "traveltime": 11.19, "overlapTraveltime": 12.0, "density": 0.53, "laneDensity": 0.53, "occupancy": 0.26, "waitingTime": 7.0, "timeLoss": 37.83, "speed": 5.71, "speedRelative": 0.69, "teleported": 0.0 }, "geometry": { "type": "LineString", "coordinates": [ [ 4.364109, 50.839331 ], [ 4.364814, 50.839687 ] ] } },
{ "type": "Feature", "properties": { "index": "70724346#0", "element": "edge", "id": "70724346#0", "name": "Rue Jean Paquot - Jean Paquotstraat", "sampledSeconds": 152.58, "departed": 9.0, "arrived": 5.0, "entered": 65.0, "left": 69.0, "laneChangedFrom": 0.0, "laneChangedTo": 0.0, "traveltime": 1.52, "overlapTraveltime": 2.23, "density": 4.2, "laneDensity": 4.2, "occupancy": 1.47, "waitingTime": 0.0, "timeLoss": 27.16, "speed": 6.77, "speedRelative": 0.81, "teleported": 0.0 }, "geometry": { "type": "LineString", "coordinates": [ [ 4.379447, 50.825398 ], [ 4.379474, 50.825346 ], [ 4.379491, 50.825312 ] ] } },
{ "type": "Feature", "properties": { "index": "70724346#2", "element": "edge", "id": "70724346#2", "name": "Rue Jean Paquot - Jean Paquotstraat", "sampledSeconds": 1393.08, "departed": 8.0, "arrived": 5.0, "entered": 70.0, "left": 70.0, "laneChangedFrom": 0.0, "laneChangedTo": 0.0, "traveltime": 17.54, "overlapTraveltime": 18.45, "density": 10.39, "laneDensity": 10.39, "occupancy": 4.99, "waitingTime": 901.0, "timeLoss": 995.94, "speed": 2.29, "speedRelative": 0.27, "teleported": 1.0 }, "geometry": { "type": "LineString", "coordinates": [ [ 4.379529, 50.82523 ], [ 4.379629, 50.824985 ], [ 4.379661, 50.824906 ] ] } },
{ "type": "Feature", "properties": { "index": "70724347#0", "element": "edge", "id": "70724347#0", "name": "Place Eugène Flagey - Eugène Flageyplein", "sampledSeconds": 2579.14, "departed": 3.0, "arrived": 2.0, "entered": 374.0, "left": 373.0, "laneChangedFrom": 0.0, "laneChangedTo": 0.0, "traveltime": 0.72, "overlapTraveltime": 8.14, "density": 133.33, "laneDensity": 133.33, "occupancy": 65.45, "waitingTime": 2059.0, "timeLoss": 2227.01, "speed": 1.13, "speedRelative": 0.14, "teleported": 0.0 }, "geometry": { "type": "LineString", "coordinates": [ [ 4.373476, 50.827655 ], [ 4.373467, 50.827661 ], [ 4.373438, 50.827683 ] ] } },
{ "type": "Feature", "properties": { "index": "70724347#2", "element": "edge", "id": "70724347#2", "name": "Place Eugène Flagey - Eugène Flageyplein", "sampledSeconds": 17710.57, "departed": 2.0, "arrived": 2.0, "entered": 372.0, "left": 365.0, "laneChangedFrom": 0.0, "laneChangedTo": 0.0, "traveltime": 55.25, "overlapTraveltime": 56.12, "density": 102.73, "laneDensity": 102.73, "occupancy": 46.82, "waitingTime": 14782.0, "timeLoss": 15694.43, "speed": 0.94, "speedRelative": 0.11, "teleported": 3.0 }, "geometry": { "type": "LineString", "coordinates": [ [ 4.37338, 50.827727 ], [ 4.37312, 50.827923 ], [ 4.372943, 50.828057 ] ] } },
{ "type": "Feature", "properties": { "index": "70724349", "element": "edge", "id": "70724349", "name": "Rue Jean Paquot - Jean Paquotstraat", "sampledSeconds": 1136.54, "departed": 3.0, "arrived": 2.0, "entered": 59.0, "left": 60.0, "laneChangedFrom": 0.0, "laneChangedTo": 0.0, "traveltime": 17.55, "overlapTraveltime": 18.38, "density": 2.48, "laneDensity": 2.48, "occupancy": 1.19, "waitingTime": 0.0, "timeLoss": 116.99, "speed": 7.19, "speedRelative": 0.86, "teleported": 0.0 }, "geometry": { "type": "LineString", "coordinates": [ [ 4.379691, 50.824831 ], [ 4.379818, 50.824519 ], [ 4.379865, 50.824429 ], [ 4.38029, 50.82389 ], [ 4.380401, 50.823788 ] ] } },
{ "type": "Feature", "properties": { "index": "720012594#0", "element": "edge", "id": "720012594#0", "name": "Chaussée de Wavre - Waverse Steenweg", "sampledSeconds": 3231.88, "departed": 6.0, "arrived": 3.0, "entered": 285.0, "left": 288.0, "laneChangedFrom": 0.0, "laneChangedTo": 0.0, "traveltime": 10.38, "overlapTraveltime": 11.12, "density": 12.07, "laneDensity": 12.07, "occupancy": 5.62, "waitingTime": 0.0, "timeLoss": 425.58, "speed": 7.14, "speedRelative": 0.86, "teleported": 0.0 }, "geometry": { "type": "LineString", "coordinates": [ [ 4.366292, 50.836652 ], [ 4.366284, 50.836654 ], [ 4.366228, 50.836668 ], [ 4.366004, 50.836708 ], [ 4.365288, 50.836826 ], [ 4.365274, 50.836827 ] ] } },
{ "type": "Feature", "properties": { "index": "720012595#0", "element": "edge", "id": "720012595#0", "name": "Chaussée de Wavre - Waverse Steenweg", "sampledSeconds": 3926.07, "departed": 8.0, "arrived": 2.0, "entered": 178.0, "left": 186.0, "laneChangedFrom": 0.0, "laneChangedTo": 0.0, "traveltime": 20.06, "overlapTraveltime": 21.08, "density": 11.33, "laneDensity": 11.33, "occupancy": 5.45, "waitingTime": 822.0, "timeLoss": 1636.17, "speed": 4.8, "speedRelative": 0.58, "teleported": 0.0 }, "geometry": { "type": "LineString", "coordinates": [ [ 4.367697, 50.836299 ], [ 4.367654, 50.836309 ], [ 4.366595, 50.836578 ], [ 4.366533, 50.836593 ], [ 4.36643, 50.836618 ], [ 4.366427, 50.836619 ] ] } },
{ "type": "Feature", "properties": { "index": "732109202", "element": "edge", "id": "732109202", "name": "", "sampledSeconds": 0.0, "departed": 0.0, "arrived": 0.0, "entered": 0.0, "left": 0.0, "laneChangedFrom": 0.0, "laneChangedTo": 0.0, "traveltime": 0.0, "overlapTraveltime": 0.0, "density": 0.0, "laneDensity": 0.0, "occupancy": 0.0, "waitingTime": 0.0, "timeLoss": 0.0, "speed": 0.0, "speedRelative": 0.0, "teleported": 0.0 }, "geometry": { "type": "LineString", "coordinates": [ [ 4.38578, 50.821155 ], [ 4.385542, 50.821338 ], [ 4.384576, 50.821959 ], [ 4.384308, 50.822125 ] ] } },
{ "type": "Feature", "properties": { "index": "732109205", "element": "edge", "id": "732109205", "name": "", "sampledSeconds": 0.0, "departed": 0.0, "arrived": 0.0, "entered": 0.0, "left": 0.0, "laneChangedFrom": 0.0, "laneChangedTo": 0.0, "traveltime": 0.0, "overlapTraveltime": 0.0, "density": 0.0, "laneDensity": 0.0, "occupancy": 0.0, "waitingTime": 0.0, "timeLoss": 0.0, "speed": 0.0, "speedRelative": 0.0, "teleported": 0.0 }, "geometry": { "type": "LineString", "coordinates": [ [ 4.385851, 50.821182 ], [ 4.385815, 50.821239 ], [ 4.385718, 50.821306 ], [ 4.385097, 50.821693 ], [ 4.384436, 50.822117 ], [ 4.384346, 50.822155 ] ] } },
{ "type": "Feature", "properties": { "index": "732109207", "element": "edge", "id": "732109207", "name": "", "sampledSeconds": 0.0, "departed": 0.0, "arrived": 0.0, "entered": 0.0, "left": 0.0, "laneChangedFrom": 0.0, "laneChangedTo": 0.0, "traveltime": 0.0, "overlapTraveltime": 0.0, "density": 0.0, "laneDensity": 0.0, "occupancy": 0.0, "waitingTime": 0.0, "timeLoss": 0.0, "speed": 0.0, "speedRelative": 0.0, "teleported": 0.0 }, "geometry": { "type": "LineString", "coordinates": [ [ 4.384236, 50.822179 ], [ 4.384129, 50.822244 ], [ 4.384125, 50.822246 ] ] } },
{ "type": "Feature", "properties": { "index": "745498474", "element": "edge", "id": "745498474", "name": "Avenue Louise - Louizalaan", "sampledSeconds": 382.62, "departed": 6.0, "arrived": 4.0, "entered": 40.0, "left": 42.0, "laneChangedFrom": 0.0, "laneChangedTo": 0.0, "traveltime": 7.72, "overlapTraveltime": 8.43, "density": 1.9, "laneDensity": 1.9, "occupancy": 0.88, "waitingTime": 0.0, "timeLoss": 43.86, "speed": 7.22, "speedRelative": 0.87, "teleported": 0.0 }, "geometry": { "type": "LineString", "coordinates": [ [ 4.367077, 50.824466 ], [ 4.367049, 50.824529 ], [ 4.367024, 50.824557 ], [ 4.366685, 50.824901 ] ] } },
{ "type": "Feature", "properties": { "index": "745498476#1", "element": "edge", "id": "745498476#1", "name": "Avenue Louise - Louizalaan", "sampledSeconds": 579.34, "departed": 3.0, "arrived": 2.0, "entered": 101.0, "left": 102.0, "laneChangedFrom": 0.0, "laneChangedTo": 0.0, "traveltime": 0.04, "overlapTraveltime": 5.66, "density": 133.33, "laneDensity": 133.33, "occupancy": 16.0, "waitingTime": 488.0, "timeLoss": 514.18, "speed": 0.92, "speedRelative": 0.11, "teleported": 0.0 }, "geometry": { "type": "LineString", "coordinates": [ [ 4.368991, 50.822626 ], [ 4.368989, 50.822628 ] ] } },
{ "type": "Feature", "properties": { "index": "745660413#0", "element": "edge", "id": "745660413#0", "name": "Avenue Louise - Louizalaan", "sampledSeconds": 4453.75, "departed": 2.0, "arrived": 2.0, "entered": 70.0, "left": 68.0, "laneChangedFrom": 0.0, "laneChangedTo": 0.0, "traveltime": 69.04, "overlapTraveltime": 72.91, "density": 84.45, "laneDensity": 84.45, "occupancy": 40.64, "waitingTime": 4199.0, "timeLoss": 4307.43, "speed": 0.27, "speedRelative": 0.03, "teleported": 7.0 }, "geometry": { "type": "LineString", "coordinates": [ [ 4.359547, 50.83183 ], [ 4.359473, 50.831899 ], [ 4.359431, 50.83194 ] ] } },
{ "type": "Feature", "properties": { "index": "745660413#2", "element": "edge", "id": "745660413#2", "name": "Avenue Louise - Louizalaan", "sampledSeconds": 1682.01, "departed": 6.0, "arrived": 2.0, "entered": 74.0, "left": 77.0, "laneChangedFrom": 0.0, "laneChangedTo": 0.0, "traveltime": 32.07, "overlapTraveltime": 28.01, "density": 133.33, "laneDensity": 133.33, "occupancy": 37.96, "waitingTime": 1601.74, "timeLoss": 1643.97, "speed": 0.19, "speedRelative": 0.02, "teleported": 2.0 }, "geometry": { "type": "LineString", "coordinates": [ [ 4.359331, 50.832028 ], [ 4.359329, 50.83203 ] ] } },
{ "type": "Feature", "properties": { "index": "759157551#0", "element": "edge", "id": "759157551#0", "name": "Rue de Stassart - de Stassartstraat", "sampledSeconds": 443.96, "departed": 5.0, "arrived": 4.0, "entered": 140.0, "left": 141.0, "laneChangedFrom": 0.0, "laneChangedTo": 0.0, "traveltime": 2.22, "overlapTraveltime": 3.1, "density": 11.77, "laneDensity": 11.77, "occupancy": 4.12, "waitingTime": 0.0, "timeLoss": 100.46, "speed": 4.99, "speedRelative": 0.9, "teleported": 0.0 }, "geometry": { "type": "LineString", "coordinates": [ [ 4.361884, 50.837955 ], [ 4.361757, 50.837906 ] ] } },
{ "type": "Feature", "properties": { "index": "7682863#0", "element": "edge", "id": "7682863#0", "name": "Rue Dautzenberg - Dautzenbergstraat", "sampledSeconds": 462.81, "departed": 1.0, "arrived": 2.0, "entered": 15.0, "left": 15.0, "laneChangedFrom": 0.0, "laneChangedTo": 0.0, "traveltime": 27.55, "overlapTraveltime": 28.35, "density": 1.64, "laneDensity": 1.64, "occupancy": 0.8, "waitingTime": 268.0, "timeLoss": 301.25, "speed": 2.94, "speedRelative": 0.35, "teleported": 0.0 }, "geometry": { "type": "LineString", "coordinates": [ [ 4.366005, 50.825665 ], [ 4.366737, 50.826181 ], [ 4.366747, 50.826188 ] ] } },
{ "type": "Feature", "properties": { "index": "7682864#0", "element": "edge", "id": "7682864#0", "name": "Rue Van Elewyck - Van Elewyckstraat", "sampledSeconds": 266.33, "departed": 7.0, "arrived": 4.0, "entered": 18.0, "left": 21.0, "laneChangedFrom": 0.0, "laneChangedTo": 0.0, "traveltime": 10.18, "overlapTraveltime": 10.94, "density": 1.06, "laneDensity": 1.06, "occupancy": 0.5, "waitingTime": 0.0, "timeLoss": 34.24, "speed": 6.82, "speedRelative": 0.82, "teleported": 0.0 }, "geometry": { "type": "LineString", "coordinates": [ [ 4.368941, 50.827784 ], [ 4.368962, 50.82783 ], [ 4.369567, 50.828263 ] ] } },
{ "type": "Feature", "properties": { "index": "7682864#2", "element": "edge", "id": "7682864#2", "name": "Rue Van Elewyck - Van Elewyckstraat", "sampledSeconds": 140.02, "departed": 1.0, "arrived": 4.0, "entered": 8.0, "left": 5.0, "laneChangedFrom": 0.0, "laneChangedTo": 0.0, "traveltime": 14.54, "overlapTraveltime": 15.79, "density": 0.49, "laneDensity": 0.49, "occupancy": 0.23, "waitingTime": 30.0, "timeLoss": 46.92, "speed": 5.36, "speedRelative": 0.64, "teleported": 0.0 }, "geometry": { "type": "LineString", "coordinates": [ [ 4.369667, 50.828334 ], [ 4.370425, 50.828865 ] ] } },
{ "type": "Feature", "properties": { "index": "7682866#0", "element": "edge", "id": "7682866#0", "name": "Rue Gachard - Gachardstraat", "sampledSeconds": 824.3, "departed": 5.0, "arrived": 4.0, "entered": 14.0, "left": 15.0, "laneChangedFrom": 0.0, "laneChangedTo": 0.0, "traveltime": 42.98, "overlapTraveltime": 43.63, "density": 0.69, "laneDensity": 0.69, "occupancy": 0.34, "waitingTime": 0.0, "timeLoss": 81.99, "speed": 7.67, "speedRelative": 0.92, "teleported": 0.0 }, "geometry": { "type": "LineString", "coordinates": [ [ 4.369568, 50.827679 ], [ 4.369561, 50.827636 ], [ 4.369403, 50.827412 ], [ 4.369113, 50.827064 ], [ 4.368867, 50.826815 ], [ 4.368662, 50.826612 ], [ 4.368102, 50.826159 ], [ 4.366966, 50.825235 ] ] } },
{ "type": "Feature", "properties": { "index": "7682866#2", "element": "edge", "id": "7682866#2", "name": "Rue Gachard - Gachardstraat", "sampledSeconds": 78.77, "departed": 2.0, "arrived": 3.0, "entered": 15.0, "left": 14.0, "laneChangedFrom": 0.0, "laneChangedTo": 0.0, "traveltime": 3.67, "overlapTraveltime": 4.78, "density": 0.93, "laneDensity": 0.93, "occupancy": 0.39, "waitingTime": 0.0, "timeLoss": 17.18, "speed": 5.95, "speedRelative": 0.71, "teleported": 0.0 }, "geometry": { "type": "LineString", "coordinates": [ [ 4.366884, 50.825169 ], [ 4.36668, 50.825002 ] ] } },
{ "type": "Feature", "properties": { "index": "7682875", "element": "edge", "id": "7682875", "name": "Rue des Champs Élysées - Elyzeese Veldenstraat", "sampledSeconds": 283.25, "departed": 4.0, "arrived": 3.0, "entered": 13.0, "left": 14.0, "laneChangedFrom": 0.0, "laneChangedTo": 0.0, "traveltime": 16.12, "overlapTraveltime": 16.93, "density": 0.7, "laneDensity": 0.7, "occupancy": 0.34, "waitingTime": 1.0, "timeLoss": 37.33, "speed": 6.94, "speedRelative": 0.83, "teleported": 0.0 }, "geometry": { "type": "LineString", "coordinates": [ [ 4.369564, 50.828334 ], [ 4.368773, 50.829141 ], [ 4.368716, 50.82919 ] ] } },
{ "type": "Feature", "properties": { "index": "770622525", "element": "edge", "id": "770622525", "name": "Avenue Louise - Louizalaan", "sampledSeconds": 1876.83, "departed": 5.0, "arrived": 2.0, "entered": 177.0, "left": 180.0, "laneChangedFrom": 0.0, "laneChangedTo": 0.0, "traveltime": 9.51, "overlapTraveltime": 10.33, "density": 7.75, "laneDensity": 7.75, "occupancy": 3.59, "waitingTime": 0.0, "timeLoss": 245.01, "speed": 7.0, "speedRelative": 0.84, "teleported": 0.0 }, "geometry": { "type": "LineString", "coordinates": [ [ 4.370838, 50.821064 ], [ 4.370854, 50.8211 ], [ 4.370862, 50.821203 ], [ 4.370847, 50.821307 ], [ 4.370785, 50.821405 ], [ 4.370691, 50.821492 ], [ 4.37057, 50.821564 ], [ 4.370509, 50.821586 ] ] } },
{ "type": "Feature", "properties": { "index": "772942669", "element": "edge", "id": "772942669", "name": "Rue du Berger - Herdersstraat", "sampledSeconds": 2227.86, "departed": 4.0, "arrived": 3.0, "entered": 90.0, "left": 91.0, "laneChangedFrom": 0.0, "laneChangedTo": 0.0, "traveltime": 22.72, "overlapTraveltime": 23.74, "density": 5.58, "laneDensity": 5.58, "occupancy": 2.67, "waitingTime": 0.0, "timeLoss": 307.75, "speed": 4.88, "speedRelative": 0.88, "teleported": 0.0 }, "geometry": { "type": "LineString", "coordinates": [ [ 4.361982, 50.836114 ], [ 4.361452, 50.835836 ], [ 4.360775, 50.835474 ] ] } },
{ "type": "Feature", "properties": { "index": "781650841", "element": "edge", "id": "781650841", "name": "Square de Biarritz - Biarritzsquare", "sampledSeconds": 659.47, "departed": 7.0, "arrived": 1.0, "entered": 76.0, "left": 82.0, "laneChangedFrom": 0.0, "laneChangedTo": 0.0, "traveltime": 7.36, "overlapTraveltime": 7.99, "density": 2.35, "laneDensity": 2.35, "occupancy": 1.08, "waitingTime": 0.0, "timeLoss": 146.21, "speed": 10.39, "speedRelative": 0.75, "teleported": 0.0 }, "geometry": { "type": "LineString", "coordinates": [ [ 4.370597, 50.825489 ], [ 4.370551, 50.82545 ], [ 4.370494, 50.825327 ], [ 4.370506, 50.825202 ], [ 4.370593, 50.825086 ], [ 4.370749, 50.825 ], [ 4.370921, 50.824948 ], [ 4.370948, 50.824942 ] ] } },
{ "type": "Feature", "properties": { "index": "781742860#1", "element": "edge", "id": "781742860#1", "name": "Rue Lesbroussart - Lesbroussartstraat", "sampledSeconds": 12692.85, "departed": 4.0, "arrived": 2.0, "entered": 117.0, "left": 119.0, "laneChangedFrom": 0.0, "laneChangedTo": 0.0, "traveltime": 108.32, "overlapTraveltime": 109.88, "density": 93.55, "laneDensity": 93.55, "occupancy": 46.38, "waitingTime": 11515.0, "timeLoss": 12086.82, "speed": 0.39, "speedRelative": 0.05, "teleported": 5.0 }, "geometry": { "type": "LineString", "coordinates": [ [ 4.368052, 50.827671 ], [ 4.368086, 50.827672 ], [ 4.368586, 50.827691 ] ] } },
{ "type": "Feature", "properties": { "index": "781742860#4", "element": "edge", "id": "781742860#4", "name": "Rue Lesbroussart - Lesbroussartstraat", "sampledSeconds": 9076.86, "departed": 2.0, "arrived": 1.0, "entered": 125.0, "left": 121.0, "laneChangedFrom": 0.0, "laneChangedTo": 0.0, "traveltime": 77.04, "overlapTraveltime": 79.24, "density": 77.72, "laneDensity": 77.72, "occupancy": 35.43, "waitingTime": 8131.0, "timeLoss": 8551.43, "speed": 0.47, "speedRelative": 0.06, "teleported": 2.0 }, "geometry": { "type": "LineString", "coordinates": [ [ 4.369026, 50.827709 ], [ 4.369049, 50.82771 ], [ 4.369486, 50.827726 ] ] } },
{ "type": "Feature", "properties": { "index": "781742860#6", "element": "edge", "id": "781742860#6", "name": "Rue Lesbroussart - Lesbroussartstraat", "sampledSeconds": 34502.94, "departed": 4.0, "arrived": 0.0, "entered": 137.0, "left": 126.0, "laneChangedFrom": 0.0, "laneChangedTo": 0.0, "traveltime": 292.72, "overlapTraveltime": 294.76, "density": 84.58, "laneDensity": 84.58, "occupancy": 41.71, "waitingTime": 30418.0, "timeLoss": 32809.05, "speed": 0.4, "speedRelative": 0.05, "teleported": 5.0 }, "geometry": { "type": "LineString", "coordinates": [ [ 4.36969, 50.827734 ], [ 4.369734, 50.827736 ], [ 4.371205, 50.827794 ], [ 4.371295, 50.827794 ] ] } },
{ "type": "Feature", "properties": { "index": "803266531#2", "element": "edge", "id": "803266531#2", "name": "Avenue Général de Gaulle - Generaal de Gaullelaan", "sampledSeconds": 378.68, "departed": 5.0, "arrived": 1.0, "entered": 21.0, "left": 25.0, "laneChangedFrom": 0.0, "laneChangedTo": 0.0, "traveltime": 13.95, "overlapTraveltime": 14.7, "density": 1.05, "laneDensity": 1.05, "occupancy": 0.5, "waitingTime": 0.0, "timeLoss": 55.78, "speed": 7.13, "speedRelative": 0.86, "teleported": 0.0 }, "geometry": { "type": "LineString", "coordinates": [ [ 4.372757, 50.823307 ], [ 4.372782, 50.823272 ], [ 4.372804, 50.823241 ], [ 4.372941, 50.823046 ], [ 4.373112, 50.822803 ], [ 4.373231, 50.822614 ], [ 4.373307, 50.82248 ] ] } },
{ "type": "Feature", "properties": { "index": "8139943#0", "element": "edge", "id": "8139943#0", "name": "Square du Val de la Cambre - Terkamerendalsquare", "sampledSeconds": 175.96, "departed": 5.0, "arrived": 4.0, "entered": 24.0, "left": 25.0, "laneChangedFrom": 0.0, "laneChangedTo": 0.0, "traveltime": 5.57, "overlapTraveltime": 6.25, "density": 1.29, "laneDensity": 1.29, "occupancy": 0.58, "waitingTime": 0.0, "timeLoss": 23.47, "speed": 6.86, "speedRelative": 0.82, "teleported": 0.0 }, "geometry": { "type": "LineString", "coordinates": [ [ 4.376739, 50.818139 ], [ 4.376781, 50.818138 ], [ 4.37721, 50.818127 ], [ 4.377276, 50.818125 ] ] } },
{ "type": "Feature", "properties": { "index": "8140188#0", "element": "edge", "id": "8140188#0", "name": "Avenue de la Couronne - Kroonlaan", "sampledSeconds": 1221.79, "departed": 3.0, "arrived": 5.0, "entered": 106.0, "left": 104.0, "laneChangedFrom": 0.0, "laneChangedTo": 0.0, "traveltime": 10.24, "overlapTraveltime": 11.27, "density": 6.21, "laneDensity": 6.21, "occupancy": 2.88, "waitingTime": 172.0, "timeLoss": 436.96, "speed": 5.3, "speedRelative": 0.64, "teleported": 0.0 }, "geometry": { "type": "LineString", "coordinates": [ [ 4.386153, 50.824019 ], [ 4.385912, 50.824211 ], [ 4.385766, 50.824329 ], [ 4.385764, 50.824331 ], [ 4.385724, 50.824362 ], [ 4.385706, 50.824377 ], [ 4.385671, 50.824405 ] ] } },
{ "type": "Feature", "properties": { "index": "8140188#11", "element": "edge", "id": "8140188#11", "name": "Avenue de la Couronne - Kroonlaan", "sampledSeconds": 2817.82, "departed": 6.0, "arrived": 1.0, "entered": 112.0, "left": 116.0, "laneChangedFrom": 0.0, "laneChangedTo": 0.0, "traveltime": 22.74, "overlapTraveltime": 23.93, "density": 5.41, "laneDensity": 5.41, "occupancy": 2.6, "waitingTime": 193.0, "timeLoss": 700.9, "speed": 6.25, "speedRelative": 0.75, "teleported": 0.0 }, "geometry": { "type": "LineString", "coordinates": [ [ 4.382935, 50.826602 ], [ 4.38277, 50.826734 ], [ 4.382753, 50.826748 ], [ 4.382722, 50.826772 ], [ 4.38202, 50.827335 ], [ 4.381825, 50.827491 ], [ 4.381746, 50.827554 ], [ 4.381707, 50.827586 ], [ 4.381689, 50.8276 ], [ 4.381662, 50.827622 ] ] } },
{ "type": "Feature", "properties": { "index": "8140188#3", "element": "edge", "id": "8140188#3", "name": "Avenue de la Couronne - Kroonlaan", "sampledSeconds": 1010.36, "departed": 5.0, "arrived": 4.0, "entered": 115.0, "left": 116.0, "laneChangedFrom": 0.0, "laneChangedTo": 0.0, "traveltime": 7.73, "overlapTraveltime": 8.46, "density": 5.0, "laneDensity": 5.0, "occupancy": 2.29, "waitingTime": 2.0, "timeLoss": 127.13, "speed": 7.23, "speedRelative": 0.87, "teleported": 0.0 }, "geometry": { "type": "LineString", "coordinates": [ [ 4.385544, 50.824506 ], [ 4.385525, 50.824521 ], [ 4.385052, 50.824903 ] ] } },
{ "type": "Feature", "properties": { "index": "8140188#6", "element": "edge", "id": "8140188#6", "name": "Avenue de la Couronne - Kroonlaan", "sampledSeconds": 2050.59, "departed": 5.0, "arrived": 7.0, "entered": 107.0, "left": 104.0, "laneChangedFrom": 0.0, "laneChangedTo": 0.0, "traveltime": 17.44, "overlapTraveltime": 18.52, "density": 5.2, "laneDensity": 5.2, "occupancy": 2.48, "waitingTime": 152.0, "timeLoss": 520.11, "speed": 6.18, "speedRelative": 0.74, "teleported": 0.0 }, "geometry": { "type": "LineString", "coordinates": [ [ 4.384905, 50.82502 ], [ 4.384014, 50.825736 ], [ 4.383975, 50.825768 ], [ 4.383957, 50.825782 ], [ 4.383943, 50.825793 ] ] } },
{ "type": "Feature", "properties": { "index": "8140188#9", "element": "edge", "id": "8140188#9", "name": "Avenue de la Couronne - Kroonlaan", "sampledSeconds": 1435.53, "departed": 1.0, "arrived": 0.0, "entered": 111.0, "left": 112.0, "laneChangedFrom": 0.0, "laneChangedTo": 0.0, "traveltime": 12.16, "overlapTraveltime": 12.82, "density": 4.39, "laneDensity": 4.39, "occupancy": 2.08, "waitingTime": 0.0, "timeLoss": 145.69, "speed": 7.47, "speedRelative": 0.9, "teleported": 0.0 }, "geometry": { "type": "LineString", "coordinates": [ [ 4.383817, 50.825895 ], [ 4.383804, 50.825905 ], [ 4.383018, 50.826536 ] ] } },
{ "type": "Feature", "properties": { "index": "8140193#0", "element": "edge", "id": "8140193#0", "name": "Avenue de l&apos;Hippodrome - Renbaanlaan", "sampledSeconds": 19176.19, "departed": 5.0, "arrived": 4.0, "entered": 74.0, "left": 56.0, "laneChangedFrom": 0.0, "laneChangedTo": 0.0, "traveltime": 278.16, "overlapTraveltime": 280.87, "density": 41.16, "laneDensity": 41.16, "occupancy": 20.2, "waitingTime": 17294.0, "timeLoss": 18060.15, "speed": 0.48, "speedRelative": 0.06, "teleported": 3.0 }, "geometry": { "type": "LineString", "coordinates": [ [ 4.374886, 50.822793 ], [ 4.374732, 50.822969 ], [ 4.374671, 50.823043 ], [ 4.374664, 50.823051 ], [ 4.374515, 50.823218 ], [ 4.374427, 50.823309 ], [ 4.374333, 50.823395 ], [ 4.374241, 50.823472 ], [ 4.373961, 50.823681 ], [ 4.373936, 50.823698 ], [ 4.373865, 50.823756 ] ] } },
{ "type": "Feature", "properties": { "index": "8140194#0", "element": "edge", "id": "8140194#0", "name": "", "sampledSeconds": 0.0, "departed": 0.0, "arrived": 0.0, "entered": 0.0, "left": 0.0, "laneChangedFrom": 0.0, "laneChangedTo": 0.0, "traveltime": 0.0, "overlapTraveltime": 0.0, "density": 0.0, "laneDensity": 0.0, "occupancy": 0.0, "waitingTime": 0.0, "timeLoss": 0.0, "speed": 0.0, "speedRelative": 0.0, "teleported": 0.0 }, "geometry": { "type": "LineString", "coordinates": [ [ 4.373776, 50.819536 ], [ 4.37387, 50.819361 ], [ 4.373926, 50.819259 ], [ 4.373956, 50.819193 ], [ 4.373986, 50.819158 ] ] } },
{ "type": "Feature", "properties": { "index": "8140196", "element": "edge", "id": "8140196", "name": "Rue du Monastère - Munsterstraat", "sampledSeconds": 2369.45, "departed": 3.0, "arrived": 1.0, "entered": 202.0, "left": 206.0, "laneChangedFrom": 0.0, "laneChangedTo": 0.0, "traveltime": 10.54, "overlapTraveltime": 11.54, "density": 9.02, "laneDensity": 9.02, "occupancy": 4.17, "waitingTime": 16.0, "timeLoss": 405.3, "speed": 6.76, "speedRelative": 0.81, "teleported": 0.0 }, "geometry": { "type": "LineString", "coordinates": [ [ 4.373086, 50.820452 ], [ 4.372159, 50.820746 ] ] } },
{ "type": "Feature", "properties": { "index": "8140197#0", "element": "edge", "id": "8140197#0", "name": "Rue du Monastère - Munsterstraat", "sampledSeconds": 592.54, "departed": 4.0, "arrived": 4.0, "entered": 48.0, "left": 48.0, "laneChangedFrom": 0.0, "laneChangedTo": 0.0, "traveltime": 10.71, "overlapTraveltime": 11.48, "density": 2.11, "laneDensity": 2.11, "occupancy": 0.99, "waitingTime": 0.0, "timeLoss": 67.81, "speed": 7.22, "speedRelative": 0.87, "teleported": 0.0 }, "geometry": { "type": "LineString", "coordinates": [ [ 4.370896, 50.82098 ], [ 4.370934, 50.820978 ], [ 4.371254, 50.820922 ], [ 4.37195, 50.820773 ] ] } },
{ "type": "Feature", "properties": { "index": "8140198#0", "element": "edge", "id": "8140198#0", "name": "Avenue Émile Duray - Émile Duraylaan", "sampledSeconds": 290.93, "departed": 5.0, "arrived": 1.0, "entered": 46.0, "left": 50.0, "laneChangedFrom": 0.0, "laneChangedTo": 0.0, "traveltime": 5.11, "overlapTraveltime": 5.79, "density": 2.19, "laneDensity": 2.19, "occupancy": 0.97, "waitingTime": 0.0, "timeLoss": 31.09, "speed": 7.23, "speedRelative": 0.87, "teleported": 0.0 }, "geometry": { "type": "LineString", "coordinates": [ [ 4.374989, 50.819973 ], [ 4.375136, 50.819876 ], [ 4.375337, 50.819726 ] ] } },
{ "type": "Feature", "properties": { "index": "8140199", "element": "edge", "id": "8140199", "name": "Square de la Croix Rouge - Rode-Kruissquare", "sampledSeconds": 317.69, "departed": 5.0, "arrived": 5.0, "entered": 70.0, "left": 70.0, "laneChangedFrom": 0.0, "laneChangedTo": 0.0, "traveltime": 3.63, "overlapTraveltime": 4.29, "density": 3.57, "laneDensity": 3.57, "occupancy": 1.47, "waitingTime": 0.0, "timeLoss": 49.31, "speed": 6.92, "speedRelative": 0.83, "teleported": 0.0 }, "geometry": { "type": "LineString", "coordinates": [ [ 4.373377, 50.820349 ], [ 4.373429, 50.820338 ], [ 4.373722, 50.820315 ] ] } },
{ "type": "Feature", "properties": { "index": "8144186#0", "element": "edge", "id": "8144186#0", "name": "Rue Dejoncker - Dejonckerstraat", "sampledSeconds": 138.5, "departed": 9.0, "arrived": 2.0, "entered": 3.0, "left": 10.0, "laneChangedFrom": 0.0, "laneChangedTo": 0.0, "traveltime": 11.4, "overlapTraveltime": 12.44, "density": 0.72, "laneDensity": 0.72, "occupancy": 0.34, "waitingTime": 0.0, "timeLoss": 22.46, "speed": 4.69, "speedRelative": 0.84, "teleported": 0.0 }, "geometry": { "type": "LineString", "coordinates": [ [ 4.356947, 50.833224 ], [ 4.356935, 50.833226 ], [ 4.356315, 50.833248 ], [ 4.35623, 50.833242 ], [ 4.356194, 50.833234 ] ] } },
{ "type": "Feature", "properties": { "index": "8152033#0", "element": "edge", "id": "8152033#0", "name": "Rue Francart - Francartstraat", "sampledSeconds": 74.25, "departed": 4.0, "arrived": 0.0, "entered": 12.0, "left": 16.0, "laneChangedFrom": 0.0, "laneChangedTo": 0.0, "traveltime": 4.17, "overlapTraveltime": 4.83, "density": 0.73, "laneDensity": 0.73, "occupancy": 0.32, "waitingTime": 0.0, "timeLoss": 12.63, "speed": 6.89, "speedRelative": 0.83, "teleported": 0.0 }, "geometry": { "type": "LineString", "coordinates": [ [ 4.364109, 50.837013 ], [ 4.363977, 50.836773 ] ] } },
{ "type": "Feature", "properties": { "index": "8152033#1", "element": "edge", "id": "8152033#1", "name": "Rue Francart - Francartstraat", "sampledSeconds": 90.88, "departed": 4.0, "arrived": 1.0, "entered": 16.0, "left": 19.0, "laneChangedFrom": 0.0, "laneChangedTo": 0.0, "traveltime": 3.95, "overlapTraveltime": 4.69, "density": 0.94, "laneDensity": 0.94, "occupancy": 0.4, "waitingTime": 0.0, "timeLoss": 14.36, "speed": 6.8, "speedRelative": 0.82, "teleported": 0.0 }, "geometry": { "type": "LineString", "coordinates": [ [ 4.363933, 50.836694 ], [ 4.36382, 50.836487 ], [ 4.363802, 50.836467 ] ] } },
{ "type": "Feature", "properties": { "index": "8152035#0", "element": "edge", "id": "8152035#0", "name": "Rue de l&apos;Esplanade - Esplanadestraat", "sampledSeconds": 651.15, "departed": 6.0, "arrived": 2.0, "entered": 81.0, "left": 85.0, "laneChangedFrom": 0.0, "laneChangedTo": 0.0, "traveltime": 6.89, "overlapTraveltime": 7.54, "density": 3.51, "laneDensity": 3.51, "occupancy": 1.61, "waitingTime": 0.0, "timeLoss": 64.27, "speed": 7.5, "speedRelative": 0.9, "teleported": 0.0 }, "geometry": { "type": "LineString", "coordinates": [ [ 4.366084, 50.838763 ], [ 4.366119, 50.838807 ], [ 4.366631, 50.839065 ] ] } },
{ "type": "Feature", "properties": { "index": "8152035#2", "element": "edge", "id": "8152035#2", "name": "Rue de l&apos;Esplanade - Esplanadestraat", "sampledSeconds": 1291.42, "departed": 6.0, "arrived": 5.0, "entered": 85.0, "left": 85.0, "laneChangedFrom": 0.0, "laneChangedTo": 0.0, "traveltime": 13.18, "overlapTraveltime": 14.43, "density": 13.96, "laneDensity": 13.96, "occupancy": 6.56, "waitingTime": 689.0, "timeLoss": 932.13, "speed": 2.13, "speedRelative": 0.26, "teleported": 0.0 }, "geometry": { "type": "LineString", "coordinates": [ [ 4.366735, 50.839117 ], [ 4.366938, 50.839219 ], [ 4.366985, 50.839241 ], [ 4.367017, 50.839256 ], [ 4.36702, 50.839261 ] ] } },
{ "type": "Feature", "properties": { "index": "8152036#0", "element": "edge", "id": "8152036#0", "name": "Rue Major René Dubreucq - Majoor René Dubreucqstraat", "sampledSeconds": 128.61, "departed": 4.0, "arrived": 4.0, "entered": 51.0, "left": 51.0, "laneChangedFrom": 0.0, "laneChangedTo": 0.0, "traveltime": 1.72, "overlapTraveltime": 2.42, "density": 3.1, "laneDensity": 3.1, "occupancy": 1.1, "waitingTime": 0.0, "timeLoss": 19.33, "speed": 6.82, "speedRelative": 0.82, "teleported": 0.0 }, "geometry": { "type": "LineString", "coordinates": [ [ 4.367848, 50.836319 ], [ 4.36786, 50.83634 ], [ 4.367884, 50.83642 ] ] } },
{ "type": "Feature", "properties": { "index": "8152036#1", "element": "edge", "id": "8152036#1", "name": "Rue Major René Dubreucq - Majoor René Dubreucqstraat", "sampledSeconds": 939.81, "departed": 5.0, "arrived": 3.0, "entered": 51.0, "left": 53.0, "laneChangedFrom": 0.0, "laneChangedTo": 0.0, "traveltime": 16.0, "overlapTraveltime": 16.86, "density": 2.29, "laneDensity": 2.29, "occupancy": 1.1, "waitingTime": 3.0, "timeLoss": 106.06, "speed": 7.06, "speedRelative": 0.85, "teleported": 0.0 }, "geometry": { "type": "LineString", "coordinates": [ [ 4.36791, 50.836503 ], [ 4.368227, 50.837508 ] ] } },
{ "type": "Feature", "properties": { "index": "8152037#0", "element": "edge", "id": "8152037#0", "name": "Rue de la Tulipe - Tulpstraat", "sampledSeconds": 240.13, "departed": 2.0, "arrived": 2.0, "entered": 26.0, "left": 26.0, "laneChangedFrom": 0.0, "laneChangedTo": 0.0, "traveltime": 7.96, "overlapTraveltime": 8.63, "density": 1.18, "laneDensity": 1.18, "occupancy": 0.54, "waitingTime": 0.0, "timeLoss": 32.05, "speed": 7.11, "speedRelative": 0.85, "teleported": 0.0 }, "geometry": { "type": "LineString", "coordinates": [ [ 4.368137, 50.836109 ], [ 4.367998, 50.83561 ] ] } },
{ "type": "Feature", "properties": { "index": "8152037#1", "element": "edge", "id": "8152037#1", "name": "Rue de la Tulipe - Tulpstraat", "sampledSeconds": 447.58, "departed": 5.0, "arrived": 6.0, "entered": 35.0, "left": 33.0, "laneChangedFrom": 0.0, "laneChangedTo": 0.0, "traveltime": 10.42, "overlapTraveltime": 11.39, "density": 2.28, "laneDensity": 2.28, "occupancy": 1.07, "waitingTime": 89.0, "timeLoss": 164.58, "speed": 5.23, "speedRelative": 0.63, "teleported": 0.0 }, "geometry": { "type": "LineString", "coordinates": [ [ 4.367975, 50.835523 ], [ 4.367875, 50.835129 ], [ 4.367839, 50.835052 ], [ 4.367833, 50.835041 ] ] } },
{ "type": "Feature", "properties": { "index": "8152038", "element": "edge", "id": "8152038", "name": "Rue Cans - Cansstraat", "sampledSeconds": 2387.66, "departed": 7.0, "arrived": 4.0, "entered": 110.0, "left": 113.0, "laneChangedFrom": 0.0, "laneChangedTo": 0.0, "traveltime": 19.5, "overlapTraveltime": 20.49, "density": 7.51, "laneDensity": 7.51, "occupancy": 3.58, "waitingTime": 24.0, "timeLoss": 444.01, "speed": 4.55, "speedRelative": 0.82, "teleported": 0.0 }, "geometry": { "type": "LineString", "coordinates": [ [ 4.36888, 50.833534 ], [ 4.368868, 50.833505 ], [ 4.368687, 50.832815 ], [ 4.368672, 50.832751 ] ] } },
{ "type": "Feature", "properties": { "index": "8152056", "element": "edge", "id": "8152056", "name": "Rue du Viaduc - Viaductstraat", "sampledSeconds": 294.63, "departed": 7.0, "arrived": 3.0, "entered": 5.0, "left": 9.0, "laneChangedFrom": 0.0, "laneChangedTo": 0.0, "traveltime": 24.34, "overlapTraveltime": 25.24, "density": 0.7, "laneDensity": 0.7, "occupancy": 0.34, "waitingTime": 0.0, "timeLoss": 39.36, "speed": 4.85, "speedRelative": 0.87, "teleported": 0.0 }, "geometry": { "type": "LineString", "coordinates": [ [ 4.37205, 50.834158 ], [ 4.370679, 50.833558 ] ] } },
{ "type": "Feature", "properties": { "index": "8152060#0", "element": "edge", "id": "8152060#0", "name": "Rue de la Longue Haie - Langehaagstraat / Rue de la Longue Haie - Lange-Haagstraat", "sampledSeconds": 9536.27, "departed": 6.0, "arrived": 2.0, "entered": 49.0, "left": 48.0, "laneChangedFrom": 0.0, "laneChangedTo": 0.0, "traveltime": 177.85, "overlapTraveltime": 179.85, "density": 40.54, "laneDensity": 40.54, "occupancy": 20.19, "waitingTime": 8754.0, "timeLoss": 9086.01, "speed": 0.39, "speedRelative": 0.05, "teleported": 1.0 }, "geometry": { "type": "LineString", "coordinates": [ [ 4.36187, 50.830808 ], [ 4.361123, 50.831156 ] ] } },
{ "type": "Feature", "properties": { "index": "8152060#1", "element": "edge", "id": "8152060#1", "name": "Rue de la Longue Haie - Langehaagstraat / Rue de la Longue Haie - Lange-Haagstraat", "sampledSeconds": 10737.44, "departed": 4.0, "arrived": 1.0, "entered": 63.0, "left": 60.0, "laneChangedFrom": 0.0, "laneChangedTo": 0.0, "traveltime": 169.02, "overlapTraveltime": 170.77, "density": 59.36, "laneDensity": 59.36, "occupancy": 29.55, "waitingTime": 10008.0, "timeLoss": 10310.16, "speed": 0.32, "speedRelative": 0.04, "teleported": 0.0 }, "geometry": { "type": "LineString", "coordinates": [ [ 4.361003, 50.831211 ], [ 4.360428, 50.831468 ], [ 4.360422, 50.831472 ] ] } },
{ "type": "Feature", "properties": { "index": "819874585", "element": "edge", "id": "819874585", "name": "", "sampledSeconds": 0.0, "departed": 0.0, "arrived": 0.0, "entered": 0.0, "left": 0.0, "laneChangedFrom": 0.0, "laneChangedTo": 0.0, "traveltime": 0.0, "overlapTraveltime": 0.0, "density": 0.0, "laneDensity": 0.0, "occupancy": 0.0, "waitingTime": 0.0, "timeLoss": 0.0, "speed": 0.0, "speedRelative": 0.0, "teleported": 0.0 }, "geometry": { "type": "LineString", "coordinates": [ [ 4.383298, 50.822593 ], [ 4.383404, 50.822518 ], [ 4.383644, 50.822672 ], [ 4.383769, 50.822752 ], [ 4.383798, 50.82277 ] ] } },
{ "type": "Feature", "properties": { "index": "8250527#0", "element": "edge", "id": "8250527#0", "name": "Avenue Auguste Rodin - Auguste Rodinlaan", "sampledSeconds": 495.71, "departed": 3.0, "arrived": 5.0, "entered": 51.0, "left": 49.0, "laneChangedFrom": 0.0, "laneChangedTo": 0.0, "traveltime": 8.45, "overlapTraveltime": 9.23, "density": 2.23, "laneDensity": 2.23, "occupancy": 1.03, "waitingTime": 0.0, "timeLoss": 55.02, "speed": 7.24, "speedRelative": 0.87, "teleported": 0.0 }, "geometry": { "type": "LineString", "coordinates": [ [ 4.378418, 50.826518 ], [ 4.379128, 50.82678 ], [ 4.379178, 50.826797 ] ] } },
{ "type": "Feature", "properties": { "index": "8250527#1", "element": "edge", "id": "8250527#1", "name": "Avenue Auguste Rodin - Auguste Rodinlaan", "sampledSeconds": 488.94, "departed": 3.0, "arrived": 0.0, "entered": 43.0, "left": 46.0, "laneChangedFrom": 0.0, "laneChangedTo": 0.0, "traveltime": 9.7, "overlapTraveltime": 10.69, "density": 2.36, "laneDensity": 2.36, "occupancy": 1.09, "waitingTime": 79.0, "timeLoss": 137.04, "speed": 5.85, "speedRelative": 0.7, "teleported": 0.0 }, "geometry": { "type": "LineString", "coordinates": [ [ 4.379356, 50.826862 ], [ 4.380064, 50.827119 ] ] } },
{ "type": "Feature", "properties": { "index": "8250533#0", "element": "edge", "id": "8250533#0", "name": "Rue Borrens - Borrensstraat", "sampledSeconds": 1169.96, "departed": 4.0, "arrived": 2.0, "entered": 36.0, "left": 37.0, "laneChangedFrom": 0.0, "laneChangedTo": 0.0, "traveltime": 28.52, "overlapTraveltime": 29.37, "density": 1.93, "laneDensity": 1.93, "occupancy": 0.94, "waitingTime": 218.0, "timeLoss": 331.25, "speed": 5.91, "speedRelative": 0.71, "teleported": 0.0 }, "geometry": { "type": "LineString", "coordinates": [ [ 4.376119, 50.82571 ], [ 4.378208, 50.82645 ] ] } },
{ "type": "Feature", "properties": { "index": "826580378", "element": "edge", "id": "826580378", "name": "", "sampledSeconds": 0.0, "departed": 0.0, "arrived": 0.0, "entered": 0.0, "left": 0.0, "laneChangedFrom": 0.0, "laneChangedTo": 0.0, "traveltime": 0.0, "overlapTraveltime": 0.0, "density": 0.0, "laneDensity": 0.0, "occupancy": 0.0, "waitingTime": 0.0, "timeLoss": 0.0, "speed": 0.0, "speedRelative": 0.0, "teleported": 0.0 }, "geometry": { "type": "LineString", "coordinates": [ [ 4.368232, 50.836169 ], [ 4.368251, 50.836191 ], [ 4.368337, 50.836288 ] ] } },
{ "type": "Feature", "properties": { "index": "8298688", "element": "edge", "id": "8298688", "name": "Rue Ducale - Hertogstraat", "sampledSeconds": 0.0, "departed": 0.0, "arrived": 0.0, "entered": 0.0, "left": 0.0, "laneChangedFrom": 0.0, "laneChangedTo": 0.0, "traveltime": 0.0, "overlapTraveltime": 0.0, "density": 0.0, "laneDensity": 0.0, "occupancy": 0.0, "waitingTime": 0.0, "timeLoss": 0.0, "speed": 0.0, "speedRelative": 0.0, "teleported": 0.0 }, "geometry": { "type": "LineString", "coordinates": [ [ 4.364836, 50.841027 ], [ 4.364803, 50.840929 ], [ 4.364822, 50.840722 ], [ 4.364826, 50.840684 ], [ 4.364848, 50.84052 ] ] } },
{ "type": "Feature", "properties": { "index": "829968896#1", "element": "edge", "id": "829968896#1", "name": "Chaussée de Boondael - Boondaalse Steenweg", "sampledSeconds": 35.0, "departed": 6.0, "arrived": 3.0, "entered": 30.0, "left": 33.0, "laneChangedFrom": 0.0, "laneChangedTo": 0.0, "traveltime": 0.04, "overlapTraveltime": 1.01, "density": 48.61, "laneDensity": 48.61, "occupancy": 0.94, "waitingTime": 0.0, "timeLoss": 12.97, "speed": 5.16, "speedRelative": 0.62, "teleported": 0.0 }, "geometry": { "type": "LineString", "coordinates": [ [ 4.379543, 50.822118 ], [ 4.379542, 50.82212 ] ] } },
{ "type": "Feature", "properties": { "index": "829968897", "element": "edge", "id": "829968897", "name": "Chaussée de Boondael - Boondaalse Steenweg", "sampledSeconds": 176.92, "departed": 5.0, "arrived": 3.0, "entered": 55.0, "left": 57.0, "laneChangedFrom": 0.0, "laneChangedTo": 0.0, "traveltime": 2.34, "overlapTraveltime": 3.03, "density": 3.48, "laneDensity": 3.48, "occupancy": 1.27, "waitingTime": 0.0, "timeLoss": 37.97, "speed": 6.31, "speedRelative": 0.76, "teleported": 0.0 }, "geometry": { "type": "LineString", "coordinates": [ [ 4.381566, 50.820381 ], [ 4.381431, 50.820475 ] ] } },
{ "type": "Feature", "properties": { "index": "830745951", "element": "edge", "id": "830745951", "name": "Avenue des Klauwaerts - Klauwaartslaan", "sampledSeconds": 4102.17, "departed": 3.0, "arrived": 3.0, "entered": 52.0, "left": 48.0, "laneChangedFrom": 0.0, "laneChangedTo": 0.0, "traveltime": 74.07, "overlapTraveltime": 74.99, "density": 4.05, "laneDensity": 4.05, "occupancy": 2.01, "waitingTime": 1943.0, "timeLoss": 2193.4, "speed": 3.82, "speedRelative": 0.46, "teleported": 0.0 }, "geometry": { "type": "LineString", "coordinates": [ [ 4.374851, 50.820234 ], [ 4.374799, 50.820297 ], [ 4.374755, 50.820377 ], [ 4.374676, 50.82054 ], [ 4.374672, 50.820844 ], [ 4.374674, 50.8212 ], [ 4.374672, 50.821623 ], [ 4.374675, 50.821928 ], [ 4.374678, 50.822212 ], [ 4.374675, 50.822568 ], [ 4.374688, 50.822623 ], [ 4.374737, 50.822673 ], [ 4.374816, 50.822709 ] ] } },
{ "type": "Feature", "properties": { "index": "832487280", "element": "edge", "id": "832487280", "name": "Rue Saint-Boniface - Sint-Bonifaasstraat", "sampledSeconds": 41.11, "departed": 4.0, "arrived": 0.0, "entered": 0.0, "left": 4.0, "laneChangedFrom": 0.0, "laneChangedTo": 0.0, "traveltime": 9.51, "overlapTraveltime": 11.23, "density": 0.21, "laneDensity": 0.21, "occupancy": 0.1, "waitingTime": 0.0, "timeLoss": 11.85, "speed": 5.35, "speedRelative": 0.64, "teleported": 0.0 }, "geometry": { "type": "LineString", "coordinates": [ [ 4.364416, 50.836085 ], [ 4.364351, 50.83612 ], [ 4.36382, 50.836405 ] ] } },
{ "type": "Feature", "properties": { "index": "832488060#1", "element": "edge", "id": "832488060#1", "name": "Rue Ernest Solvay - Ernest Solvaystraat", "sampledSeconds": 874.42, "departed": 4.0, "arrived": 1.0, "entered": 52.0, "left": 56.0, "laneChangedFrom": 0.0, "laneChangedTo": 0.0, "traveltime": 14.41, "overlapTraveltime": 15.54, "density": 2.67, "laneDensity": 2.67, "occupancy": 1.26, "waitingTime": 63.0, "timeLoss": 202.86, "speed": 6.17, "speedRelative": 0.74, "teleported": 0.0 }, "geometry": { "type": "LineString", "coordinates": [ [ 4.364479, 50.836089 ], [ 4.364525, 50.836127 ], [ 4.364534, 50.836137 ], [ 4.365131, 50.83677 ], [ 4.365133, 50.836773 ], [ 4.365147, 50.836788 ] ] } },
{ "type": "Feature", "properties": { "index": "832488061", "element": "edge", "id": "832488061", "name": "Rue Ernest Solvay - Ernest Solvaystraat", "sampledSeconds": 218.84, "departed": 5.0, "arrived": 4.0, "entered": 15.0, "left": 16.0, "laneChangedFrom": 0.0, "laneChangedTo": 0.0, "traveltime": 10.5, "overlapTraveltime": 11.21, "density": 0.85, "laneDensity": 0.85, "occupancy": 0.4, "waitingTime": 0.0, "timeLoss": 31.11, "speed": 6.81, "speedRelative": 0.82, "teleported": 0.0 }, "geometry": { "type": "LineString", "coordinates": [ [ 4.363704, 50.835551 ], [ 4.364125, 50.835836 ], [ 4.364322, 50.835979 ], [ 4.364341, 50.835993 ], [ 4.364389, 50.836024 ] ] } },
{ "type": "Feature", "properties": { "index": "83629545#0", "element": "edge", "id": "83629545#0", "name": "", "sampledSeconds": 0.0, "departed": 0.0, "arrived": 0.0, "entered": 0.0, "left": 0.0, "laneChangedFrom": 0.0, "laneChangedTo": 0.0, "traveltime": 0.0, "overlapTraveltime": 0.0, "density": 0.0, "laneDensity": 0.0, "occupancy": 0.0, "waitingTime": 0.0, "timeLoss": 0.0, "speed": 0.0, "speedRelative": 0.0, "teleported": 0.0 }, "geometry": { "type": "LineString", "coordinates": [ [ 4.358015, 50.837293 ], [ 4.358052, 50.837258 ] ] } },
{ "type": "Feature", "properties": { "index": "83629545#1", "element": "edge", "id": "83629545#1", "name": "", "sampledSeconds": 0.0, "departed": 0.0, "arrived": 0.0, "entered": 0.0, "left": 0.0, "laneChangedFrom": 0.0, "laneChangedTo": 0.0, "traveltime": 0.0, "overlapTraveltime": 0.0, "density": 0.0, "laneDensity": 0.0, "occupancy": 0.0, "waitingTime": 0.0, "timeLoss": 0.0, "speed": 0.0, "speedRelative": 0.0, "teleported": 0.0 }, "geometry": { "type": "LineString", "coordinates": [ [ 4.358101, 50.837211 ], [ 4.358113, 50.837199 ] ] } },
{ "type": "Feature", "properties": { "index": "8382279#0", "element": "edge", "id": "8382279#0", "name": "Rue Augustin Delporte - Augustin Delportestraat", "sampledSeconds": 815.5, "departed": 3.0, "arrived": 2.0, "entered": 24.0, "left": 25.0, "laneChangedFrom": 0.0, "laneChangedTo": 0.0, "traveltime": 29.36, "overlapTraveltime": 30.3, "density": 1.08, "laneDensity": 1.08, "occupancy": 0.53, "waitingTime": 22.0, "timeLoss": 110.56, "speed": 7.1, "speedRelative": 0.85, "teleported": 0.0 }, "geometry": { "type": "LineString", "coordinates": [ [ 4.384903, 50.824894 ], [ 4.384879, 50.824883 ], [ 4.383774, 50.82434 ], [ 4.382563, 50.823722 ] ] } },
{ "type": "Feature", "properties": { "index": "8382279#1", "element": "edge", "id": "8382279#1", "name": "Rue Augustin Delporte - Augustin Delportestraat", "sampledSeconds": 1443.07, "departed": 8.0, "arrived": 4.0, "entered": 97.0, "left": 101.0, "laneChangedFrom": 0.0, "laneChangedTo": 0.0, "traveltime": 12.97, "overlapTraveltime": 13.8, "density": 4.3, "laneDensity": 4.3, "occupancy": 2.04, "waitingTime": 4.0, "timeLoss": 182.48, "speed": 7.11, "speedRelative": 0.85, "teleported": 0.0 }, "geometry": { "type": "LineString", "coordinates": [ [ 4.382397, 50.823638 ], [ 4.381358, 50.82312 ] ] } },
{ "type": "Feature", "properties": { "index": "8382281#0", "element": "edge", "id": "8382281#0", "name": "Rue Henri Marichal - Henri Marichalstraat", "sampledSeconds": 722.34, "departed": 5.0, "arrived": 2.0, "entered": 18.0, "left": 21.0, "laneChangedFrom": 0.0, "laneChangedTo": 0.0, "traveltime": 30.16, "overlapTraveltime": 31.59, "density": 1.0, "laneDensity": 1.0, "occupancy": 0.48, "waitingTime": 50.0, "timeLoss": 165.17, "speed": 6.53, "speedRelative": 0.78, "teleported": 0.0 }, "geometry": { "type": "LineString", "coordinates": [ [ 4.383516, 50.823108 ], [ 4.385467, 50.824361 ], [ 4.385496, 50.82438 ], [ 4.385524, 50.824395 ] ] } },
{ "type": "Feature", "properties": { "index": "8382282#0", "element": "edge", "id": "8382282#0", "name": "Rue Fritz Toussaint - Fritz Toussaintstraat", "sampledSeconds": 945.94, "departed": 7.0, "arrived": 4.0, "entered": 126.0, "left": 127.0, "laneChangedFrom": 0.0, "laneChangedTo": 0.0, "traveltime": 5.97, "overlapTraveltime": 7.21, "density": 9.13, "laneDensity": 9.13, "occupancy": 3.97, "waitingTime": 141.0, "timeLoss": 365.94, "speed": 4.68, "speedRelative": 0.56, "teleported": 0.0 }, "geometry": { "type": "LineString", "coordinates": [ [ 4.384435, 50.82252 ], [ 4.38468, 50.822727 ] ] } },
{ "type": "Feature", "properties": { "index": "8382283#0", "element": "edge", "id": "8382283#0", "name": "Square Albert Verhaeren - Albert Verhaerensquare", "sampledSeconds": 3913.78, "departed": 6.0, "arrived": 1.0, "entered": 63.0, "left": 67.0, "laneChangedFrom": 0.0, "laneChangedTo": 0.0, "traveltime": 56.57, "overlapTraveltime": 57.65, "density": 25.92, "laneDensity": 25.92, "occupancy": 12.8, "waitingTime": 3409.0, "timeLoss": 3527.57, "speed": 0.81, "speedRelative": 0.1, "teleported": 3.0 }, "geometry": { "type": "LineString", "coordinates": [ [ 4.37955, 50.825461 ], [ 4.379605, 50.825462 ], [ 4.379706, 50.825435 ], [ 4.379785, 50.825404 ], [ 4.380022, 50.825252 ] ] } },
{ "type": "Feature", "properties": { "index": "8382283#3", "element": "edge", "id": "8382283#3", "name": "Square Albert Verhaeren - Albert Verhaerensquare", "sampledSeconds": 1241.9, "departed": 8.0, "arrived": 4.0, "entered": 62.0, "left": 66.0, "laneChangedFrom": 0.0, "laneChangedTo": 0.0, "traveltime": 9.17, "overlapTraveltime": 19.02, "density": 120.2, "laneDensity": 120.2, "occupancy": 31.13, "waitingTime": 1149.0, "timeLoss": 1176.77, "speed": 0.41, "speedRelative": 0.05, "teleported": 1.0 }, "geometry": { "type": "LineString", "coordinates": [ [ 4.380125, 50.825184 ], [ 4.380142, 50.825172 ], [ 4.380153, 50.825165 ] ] } },
{ "type": "Feature", "properties": { "index": "8382285", "element": "edge", "id": "8382285", "name": "Rue Léon Cuissez - Léon Cuissezstraat", "sampledSeconds": 6682.14, "departed": 2.0, "arrived": 4.0, "entered": 126.0, "left": 115.0, "laneChangedFrom": 0.0, "laneChangedTo": 0.0, "traveltime": 52.87, "overlapTraveltime": 53.86, "density": 23.05, "laneDensity": 23.05, "occupancy": 11.37, "waitingTime": 5110.0, "timeLoss": 5384.43, "speed": 1.59, "speedRelative": 0.19, "teleported": 1.0 }, "geometry": { "type": "LineString", "coordinates": [ [ 4.38059, 50.823784 ], [ 4.381488, 50.824232 ] ] } },
{ "type": "Feature", "properties": { "index": "8382299#0", "element": "edge", "id": "8382299#0", "name": "Rue Gustave Biot - Gustave Biotstraat", "sampledSeconds": 252.36, "departed": 1.0, "arrived": 5.0, "entered": 18.0, "left": 14.0, "laneChangedFrom": 0.0, "laneChangedTo": 0.0, "traveltime": 12.72, "overlapTraveltime": 13.38, "density": 0.73, "laneDensity": 0.73, "occupancy": 0.35, "waitingTime": 0.0, "timeLoss": 22.36, "speed": 7.53, "speedRelative": 0.9, "teleported": 0.0 }, "geometry": { "type": "LineString", "coordinates": [ [ 4.379657, 50.822088 ], [ 4.380635, 50.822685 ] ] } },
{ "type": "Feature", "properties": { "index": "8382299#1", "element": "edge", "id": "8382299#1", "name": "Rue Gustave Biot - Gustave Biotstraat", "sampledSeconds": 129.97, "departed": 4.0, "arrived": 4.0, "entered": 14.0, "left": 14.0, "laneChangedFrom": 0.0, "laneChangedTo": 0.0, "traveltime": 6.64, "overlapTraveltime": 7.44, "density": 0.84, "laneDensity": 0.84, "occupancy": 0.38, "waitingTime": 3.0, "timeLoss": 26.05, "speed": 6.47, "speedRelative": 0.78, "teleported": 0.0 }, "geometry": { "type": "LineString", "coordinates": [ [ 4.380732, 50.822744 ], [ 4.381173, 50.823013 ] ] } },
{ "type": "Feature", "properties": { "index": "8382302#0", "element": "edge", "id": "8382302#0", "name": "Avenue Émile de Béco - Émile de Bécolaan", "sampledSeconds": 568.97, "departed": 3.0, "arrived": 3.0, "entered": 46.0, "left": 47.0, "laneChangedFrom": 0.0, "laneChangedTo": 0.0, "traveltime": 10.67, "overlapTraveltime": 11.51, "density": 2.0, "laneDensity": 2.0, "occupancy": 0.93, "waitingTime": 3.0, "timeLoss": 62.6, "speed": 7.32, "speedRelative": 0.88, "teleported": 0.0 }, "geometry": { "type": "LineString", "coordinates": [ [ 4.380511, 50.82368 ], [ 4.380514, 50.823677 ], [ 4.381173, 50.823104 ] ] } },
{ "type": "Feature", "properties": { "index": "8382302#1", "element": "edge", "id": "8382302#1", "name": "Avenue Émile de Béco - Émile de Bécolaan", "sampledSeconds": 1590.85, "departed": 5.0, "arrived": 0.0, "entered": 54.0, "left": 59.0, "laneChangedFrom": 0.0, "laneChangedTo": 0.0, "traveltime": 26.25, "overlapTraveltime": 27.02, "density": 2.32, "laneDensity": 2.32, "occupancy": 1.13, "waitingTime": 0.0, "timeLoss": 181.74, "speed": 7.24, "speedRelative": 0.87, "teleported": 0.0 }, "geometry": { "type": "LineString", "coordinates": [ [ 4.38131, 50.823003 ], [ 4.382152, 50.822438 ], [ 4.383173, 50.821761 ] ] } },
{ "type": "Feature", "properties": { "index": "8382305", "element": "edge", "id": "8382305", "name": "Rue François Roffiaen - François Roffiaenstraat", "sampledSeconds": 254.28, "departed": 6.0, "arrived": 4.0, "entered": 5.0, "left": 7.0, "laneChangedFrom": 0.0, "laneChangedTo": 0.0, "traveltime": 22.82, "overlapTraveltime": 23.61, "density": 0.4, "laneDensity": 0.4, "occupancy": 0.2, "waitingTime": 0.0, "timeLoss": 29.76, "speed": 7.65, "speedRelative": 0.92, "teleported": 0.0 }, "geometry": { "type": "LineString", "coordinates": [ [ 4.381726, 50.820348 ], [ 4.382917, 50.821076 ], [ 4.383515, 50.821447 ] ] } },
{ "type": "Feature", "properties": { "index": "8382307#0", "element": "edge", "id": "8382307#0", "name": "Rue Fritz Toussaint - Fritz Toussaintstraat", "sampledSeconds": 322.59, "departed": 5.0, "arrived": 5.0, "entered": 24.0, "left": 23.0, "laneChangedFrom": 0.0, "laneChangedTo": 0.0, "traveltime": 10.68, "overlapTraveltime": 11.36, "density": 1.52, "laneDensity": 1.52, "occupancy": 0.72, "waitingTime": 74.0, "timeLoss": 101.41, "speed": 5.62, "speedRelative": 0.67, "teleported": 0.0 }, "geometry": { "type": "LineString", "coordinates": [ [ 4.38335, 50.821785 ], [ 4.383924, 50.82217 ] ] } },
{ "type": "Feature", "properties": { "index": "8382307#1", "element": "edge", "id": "8382307#1", "name": "Rue Fritz Toussaint - Fritz Toussaintstraat", "sampledSeconds": 41.36, "departed": 9.0, "arrived": 4.0, "entered": 23.0, "left": 28.0, "laneChangedFrom": 0.0, "laneChangedTo": 0.0, "traveltime": 0.46, "overlapTraveltime": 1.51, "density": 3.39, "laneDensity": 3.39, "occupancy": 0.76, "waitingTime": 0.0, "timeLoss": 13.21, "speed": 5.57, "speedRelative": 0.67, "teleported": 0.0 }, "geometry": { "type": "LineString", "coordinates": [ [ 4.384013, 50.822232 ], [ 4.384045, 50.822254 ] ] } },
{ "type": "Feature", "properties": { "index": "8382307#2", "element": "edge", "id": "8382307#2", "name": "Rue Fritz Toussaint - Fritz Toussaintstraat", "sampledSeconds": 425.39, "departed": 7.0, "arrived": 6.0, "entered": 28.0, "left": 27.0, "laneChangedFrom": 0.0, "laneChangedTo": 0.0, "traveltime": 12.16, "overlapTraveltime": 13.04, "density": 6.24, "laneDensity": 6.24, "occupancy": 2.94, "waitingTime": 281.0, "timeLoss": 329.07, "speed": 1.84, "speedRelative": 0.22, "teleported": 0.0 }, "geometry": { "type": "LineString", "coordinates": [ [ 4.384104, 50.822296 ], [ 4.384283, 50.822423 ] ] } },
{ "type": "Feature", "properties": { "index": "8382320#0", "element": "edge", "id": "8382320#0", "name": "Avenue Guillaume Macau - Guillaume Macaulaan", "sampledSeconds": 2025.03, "departed": 7.0, "arrived": 3.0, "entered": 238.0, "left": 242.0, "laneChangedFrom": 0.0, "laneChangedTo": 0.0, "traveltime": 7.63, "overlapTraveltime": 8.31, "density": 14.78, "laneDensity": 14.78, "occupancy": 6.79, "waitingTime": 577.0, "timeLoss": 763.3, "speed": 5.18, "speedRelative": 0.62, "teleported": 1.0 }, "geometry": { "type": "LineString", "coordinates": [ [ 4.373858, 50.823836 ], [ 4.373894, 50.823852 ], [ 4.374266, 50.824003 ], [ 4.374293, 50.824013 ], [ 4.374314, 50.82402 ] ] } },
{ "type": "Feature", "properties": { "index": "8382328#0", "element": "edge", "id": "8382328#0", "name": "Rue Victor Greyson - Victor Greysonstraat", "sampledSeconds": 2102.82, "departed": 5.0, "arrived": 1.0, "entered": 54.0, "left": 58.0, "laneChangedFrom": 0.0, "laneChangedTo": 0.0, "traveltime": 34.99, "overlapTraveltime": 35.7, "density": 2.23, "laneDensity": 2.23, "occupancy": 1.1, "waitingTime": 0.0, "timeLoss": 194.54, "speed": 7.47, "speedRelative": 0.9, "teleported": 0.0 }, "geometry": { "type": "LineString", "coordinates": [ [ 4.376538, 50.823552 ], [ 4.37688, 50.823385 ], [ 4.377449, 50.823086 ], [ 4.378079, 50.822761 ], [ 4.379049, 50.822254 ], [ 4.379409, 50.822066 ], [ 4.379415, 50.822064 ] ] } },
{ "type": "Feature", "properties": { "index": "8382347#0", "element": "edge", "id": "8382347#0", "name": "Rue Lanfray - Lanfraystraat", "sampledSeconds": 308.42, "departed": 7.0, "arrived": 2.0, "entered": 30.0, "left": 35.0, "laneChangedFrom": 0.0, "laneChangedTo": 0.0, "traveltime": 7.81, "overlapTraveltime": 8.49, "density": 1.53, "laneDensity": 1.53, "occupancy": 0.71, "waitingTime": 0.0, "timeLoss": 36.59, "speed": 7.21, "speedRelative": 0.87, "teleported": 0.0 }, "geometry": { "type": "LineString", "coordinates": [ [ 4.372658, 50.825708 ], [ 4.372705, 50.825712 ], [ 4.373454, 50.825705 ] ] } },
{ "type": "Feature", "properties": { "index": "8382347#2", "element": "edge", "id": "8382347#2", "name": "Rue Lanfray - Lanfraystraat", "sampledSeconds": 4096.21, "departed": 3.0, "arrived": 3.0, "entered": 43.0, "left": 41.0, "laneChangedFrom": 0.0, "laneChangedTo": 0.0, "traveltime": 88.42, "overlapTraveltime": 89.67, "density": 7.82, "laneDensity": 7.82, "occupancy": 3.88, "waitingTime": 3051.0, "timeLoss": 3247.93, "speed": 1.68, "speedRelative": 0.2, "teleported": 2.0 }, "geometry": { "type": "LineString", "coordinates": [ [ 4.373679, 50.825698 ], [ 4.374877, 50.8257 ], [ 4.375624, 50.825692 ], [ 4.37567, 50.825686 ], [ 4.375726, 50.825659 ], [ 4.375727, 50.825658 ] ] } },
{ "type": "Feature", "properties": { "index": "8382354#0", "element": "edge", "id": "8382354#0", "name": "Square du Souvenir - Gedachtenissquare", "sampledSeconds": 16028.85, "departed": 2.0, "arrived": 0.0, "entered": 262.0, "left": 256.0, "laneChangedFrom": 0.0, "laneChangedTo": 0.0, "traveltime": 63.13, "overlapTraveltime": 64.16, "density": 58.0, "laneDensity": 58.0, "occupancy": 27.91, "waitingTime": 12242.0, "timeLoss": 13572.75, "speed": 1.27, "speedRelative": 0.15, "teleported": 4.0 }, "geometry": { "type": "LineString", "coordinates": [ [ 4.372839, 50.823385 ], [ 4.372851, 50.823388 ], [ 4.372936, 50.823418 ], [ 4.372995, 50.823453 ], [ 4.373169, 50.823564 ], [ 4.37329, 50.823617 ], [ 4.373432, 50.823659 ], [ 4.373691, 50.823691 ], [ 4.373718, 50.8237 ], [ 4.373737, 50.823732 ] ] } },
{ "type": "Feature", "properties": { "index": "8382358", "element": "edge", "id": "8382358", "name": "Rue de Belle Vue - Bellevuestraat", "sampledSeconds": 405.13, "departed": 8.0, "arrived": 2.0, "entered": 8.0, "left": 14.0, "laneChangedFrom": 0.0, "laneChangedTo": 0.0, "traveltime": 26.28, "overlapTraveltime": 27.31, "density": 2.83, "laneDensity": 2.83, "occupancy": 1.38, "waitingTime": 301.0, "timeLoss": 325.18, "speed": 1.64, "speedRelative": 0.2, "teleported": 1.0 }, "geometry": { "type": "LineString", "coordinates": [ [ 4.373267, 50.822338 ], [ 4.373174, 50.822182 ], [ 4.373109, 50.822102 ], [ 4.373038, 50.822013 ], [ 4.373037, 50.822012 ] ] } },
{ "type": "Feature", "properties": { "index": "8382359", "element": "edge", "id": "8382359", "name": "Avenue Général de Gaulle - Generaal de Gaullelaan", "sampledSeconds": 141.3, "departed": 8.0, "arrived": 1.0, "entered": 5.0, "left": 12.0, "laneChangedFrom": 0.0, "laneChangedTo": 0.0, "traveltime": 10.61, "overlapTraveltime": 11.58, "density": 0.77, "laneDensity": 0.77, "occupancy": 0.36, "waitingTime": 0.0, "timeLoss": 22.45, "speed": 4.82, "speedRelative": 0.87, "teleported": 0.0 }, "geometry": { "type": "LineString", "coordinates": [ [ 4.371621, 50.827367 ], [ 4.371447, 50.827177 ], [ 4.371288, 50.826962 ] ] } },
{ "type": "Feature", "properties": { "index": "8382365#0", "element": "edge", "id": "8382365#0", "name": "Rue de l&apos;Aurore - Dageraadstraat", "sampledSeconds": 321.8, "departed": 5.0, "arrived": 3.0, "entered": 10.0, "left": 12.0, "laneChangedFrom": 0.0, "laneChangedTo": 0.0, "traveltime": 21.08, "overlapTraveltime": 21.75, "density": 0.57, "laneDensity": 0.57, "occupancy": 0.28, "waitingTime": 0.0, "timeLoss": 32.78, "speed": 7.46, "speedRelative": 0.9, "teleported": 0.0 }, "geometry": { "type": "LineString", "coordinates": [ [ 4.373113, 50.820347 ], [ 4.373062, 50.820285 ], [ 4.372324, 50.819374 ], [ 4.372097, 50.819088 ] ] } },
{ "type": "Feature", "properties": { "index": "8382365#1", "element": "edge", "id": "8382365#1", "name": "Rue de l&apos;Aurore - Dageraadstraat", "sampledSeconds": 163.76, "departed": 3.0, "arrived": 7.0, "entered": 12.0, "left": 8.0, "laneChangedFrom": 0.0, "laneChangedTo": 0.0, "traveltime": 10.45, "overlapTraveltime": 11.22, "density": 0.61, "laneDensity": 0.61, "occupancy": 0.29, "waitingTime": 0.0, "timeLoss": 20.96, "speed": 7.13, "speedRelative": 0.86, "teleported": 0.0 }, "geometry": { "type": "LineString", "coordinates": [ [ 4.372037, 50.819013 ], [ 4.371632, 50.818503 ], [ 4.371609, 50.81848 ], [ 4.371543, 50.818443 ], [ 4.371511, 50.818438 ] ] } },
{ "type": "Feature", "properties": { "index": "8382368#0", "element": "edge", "id": "8382368#0", "name": "Rue du Buisson - Braambosstraat", "sampledSeconds": 214.86, "departed": 1.0, "arrived": 4.0, "entered": 10.0, "left": 6.0, "laneChangedFrom": 0.0, "laneChangedTo": 0.0, "traveltime": 19.98, "overlapTraveltime": 20.78, "density": 0.39, "laneDensity": 0.39, "occupancy": 0.19, "waitingTime": 0.0, "timeLoss": 21.36, "speed": 7.55, "speedRelative": 0.91, "teleported": 0.0 }, "geometry": { "type": "LineString", "coordinates": [ [ 4.370846, 50.82237 ], [ 4.371506, 50.822237 ], [ 4.37267, 50.822001 ], [ 4.37284, 50.821967 ], [ 4.372899, 50.821953 ] ] } },
{ "type": "Feature", "properties": { "index": "8382385", "element": "edge", "id": "8382385", "name": "Avenue Louise - Louizalaan", "sampledSeconds": 618.74, "departed": 1.0, "arrived": 6.0, "entered": 189.0, "left": 184.0, "laneChangedFrom": 0.0, "laneChangedTo": 0.0, "traveltime": 2.63, "overlapTraveltime": 3.3, "density": 8.84, "laneDensity": 8.84, "occupancy": 3.52, "waitingTime": 0.0, "timeLoss": 61.8, "speed": 7.4, "speedRelative": 0.89, "teleported": 0.0 }, "geometry": { "type": "LineString", "coordinates": [ [ 4.370607, 50.820801 ], [ 4.370627, 50.820832 ], [ 4.370685, 50.820886 ], [ 4.370754, 50.820949 ] ] } },
{ "type": "Feature", "properties": { "index": "8382391#0", "element": "edge", "id": "8382391#0", "name": "Rue du Lac - Meerstraat", "sampledSeconds": 180.12, "departed": 2.0, "arrived": 5.0, "entered": 10.0, "left": 8.0, "laneChangedFrom": 0.0, "laneChangedTo": 0.0, "traveltime": 14.14, "overlapTraveltime": 15.0, "density": 0.51, "laneDensity": 0.51, "occupancy": 0.24, "waitingTime": 0.0, "timeLoss": 24.76, "speed": 6.85, "speedRelative": 0.82, "teleported": 0.0 }, "geometry": { "type": "LineString", "coordinates": [ [ 4.369124, 50.822607 ], [ 4.369143, 50.822615 ], [ 4.369772, 50.823361 ], [ 4.369786, 50.823378 ] ] } },
{ "type": "Feature", "properties": { "index": "8382393#0", "element": "edge", "id": "8382393#0", "name": "Rue de la Vallée - Dalstraat", "sampledSeconds": 1840.31, "departed": 8.0, "arrived": 4.0, "entered": 141.0, "left": 145.0, "laneChangedFrom": 0.0, "laneChangedTo": 0.0, "traveltime": 11.6, "overlapTraveltime": 12.4, "density": 6.51, "laneDensity": 6.51, "occupancy": 3.05, "waitingTime": 17.0, "timeLoss": 342.54, "speed": 6.73, "speedRelative": 0.81, "teleported": 0.0 }, "geometry": { "type": "LineString", "coordinates": [ [ 4.370478, 50.821652 ], [ 4.370491, 50.82167 ], [ 4.370576, 50.821884 ], [ 4.370745, 50.822328 ], [ 4.370749, 50.822336 ] ] } },
{ "type": "Feature", "properties": { "index": "8382393#3", "element": "edge", "id": "8382393#3", "name": "Rue de la Vallée - Dalstraat", "sampledSeconds": 3408.26, "departed": 4.0, "arrived": 2.0, "entered": 136.0, "left": 132.0, "laneChangedFrom": 0.0, "laneChangedTo": 0.0, "traveltime": 23.82, "overlapTraveltime": 24.64, "density": 9.3, "laneDensity": 9.3, "occupancy": 4.52, "waitingTime": 1345.0, "timeLoss": 1616.78, "speed": 4.33, "speedRelative": 0.52, "teleported": 0.0 }, "geometry": { "type": "LineString", "coordinates": [ [ 4.370789, 50.822461 ], [ 4.37079, 50.822463 ], [ 4.370943, 50.823041 ], [ 4.371007, 50.823366 ] ] } },
{ "type": "Feature", "properties": { "index": "8382395#0", "element": "edge", "id": "8382395#0", "name": "Rue du Lac - Meerstraat", "sampledSeconds": 1061.54, "departed": 2.0, "arrived": 3.0, "entered": 45.0, "left": 45.0, "laneChangedFrom": 0.0, "laneChangedTo": 0.0, "traveltime": 21.78, "overlapTraveltime": 22.57, "density": 1.79, "laneDensity": 1.79, "occupancy": 0.87, "waitingTime": 0.0, "timeLoss": 110.6, "speed": 7.51, "speedRelative": 0.9, "teleported": 0.0 }, "geometry": { "type": "LineString", "coordinates": [ [ 4.370956, 50.82483 ], [ 4.370953, 50.824827 ], [ 4.370722, 50.824553 ], [ 4.370263, 50.824007 ], [ 4.369888, 50.823561 ], [ 4.369858, 50.823525 ] ] } },
{ "type": "Feature", "properties": { "index": "8382402#0", "element": "edge", "id": "8382402#0", "name": "Rue Lannoy - Lannoystraat", "sampledSeconds": 928.05, "departed": 8.0, "arrived": 2.0, "entered": 89.0, "left": 95.0, "laneChangedFrom": 0.0, "laneChangedTo": 0.0, "traveltime": 8.87, "overlapTraveltime": 9.63, "density": 3.99, "laneDensity": 3.99, "occupancy": 1.85, "waitingTime": 0.0, "timeLoss": 114.38, "speed": 7.22, "speedRelative": 0.87, "teleported": 0.0 }, "geometry": { "type": "LineString", "coordinates": [ [ 4.369941, 50.825976 ], [ 4.369992, 50.825952 ], [ 4.370596, 50.82557 ] ] } },
{ "type": "Feature", "properties": { "index": "8382402#2", "element": "edge", "id": "8382402#2", "name": "Rue Lannoy - Lannoystraat", "sampledSeconds": 89.4, "departed": 3.0, "arrived": 3.0, "entered": 26.0, "left": 26.0, "laneChangedFrom": 0.0, "laneChangedTo": 0.0, "traveltime": 2.5, "overlapTraveltime": 3.16, "density": 1.37, "laneDensity": 1.37, "occupancy": 0.55, "waitingTime": 0.0, "timeLoss": 11.27, "speed": 7.35, "speedRelative": 0.88, "teleported": 0.0 }, "geometry": { "type": "LineString", "coordinates": [ [ 4.370741, 50.825478 ], [ 4.370908, 50.82537 ], [ 4.370925, 50.825363 ] ] } },
{ "type": "Feature", "properties": { "index": "8382410#0", "element": "edge", "id": "8382410#0", "name": "Rue Alphonse De Witte - Alphonse De Wittestraat", "sampledSeconds": 224.78, "departed": 6.0, "arrived": 3.0, "entered": 16.0, "left": 18.0, "laneChangedFrom": 0.0, "laneChangedTo": 0.0, "traveltime": 9.87, "overlapTraveltime": 10.57, "density": 0.9, "laneDensity": 0.9, "occupancy": 0.42, "waitingTime": 0.0, "timeLoss": 31.97, "speed": 7.05, "speedRelative": 0.85, "teleported": 0.0 }, "geometry": { "type": "LineString", "coordinates": [ [ 4.373057, 50.826303 ], [ 4.373525, 50.825753 ] ] } },
{ "type": "Feature", "properties": { "index": "8382410#1", "element": "edge", "id": "8382410#1", "name": "Rue Alphonse De Witte - Alphonse De Wittestraat", "sampledSeconds": 265.79, "departed": 6.0, "arrived": 3.0, "entered": 10.0, "left": 13.0, "laneChangedFrom": 0.0, "laneChangedTo": 0.0, "traveltime": 16.22, "overlapTraveltime": 16.94, "density": 0.62, "laneDensity": 0.62, "occupancy": 0.3, "waitingTime": 0.0, "timeLoss": 33.85, "speed": 7.33, "speedRelative": 0.88, "teleported": 0.0 }, "geometry": { "type": "LineString", "coordinates": [ [ 4.373609, 50.825649 ], [ 4.374401, 50.824746 ], [ 4.374444, 50.824719 ] ] } },
{ "type": "Feature", "properties": { "index": "8382421#0", "element": "edge", "id": "8382421#0", "name": "Rue du Serpentin - Spiraalbuisstraat", "sampledSeconds": 1316.31, "departed": 8.0, "arrived": 3.0, "entered": 40.0, "left": 46.0, "laneChangedFrom": 0.0, "laneChangedTo": 0.0, "traveltime": 26.05, "overlapTraveltime": 27.41, "density": 5.76, "laneDensity": 5.76, "occupancy": 2.79, "waitingTime": 767.0, "timeLoss": 911.94, "speed": 2.5, "speedRelative": 0.3, "teleported": 1.0 }, "geometry": { "type": "LineString", "coordinates": [ [ 4.374836, 50.828575 ], [ 4.374836, 50.828567 ], [ 4.374897, 50.828018 ], [ 4.374898, 50.828006 ] ] } },
{ "type": "Feature", "properties": { "index": "8382429#0", "element": "edge", "id": "8382429#0", "name": "Rue Félix Bovie - Félix Boviestraat", "sampledSeconds": 1161.61, "departed": 5.0, "arrived": 1.0, "entered": 26.0, "left": 28.0, "laneChangedFrom": 0.0, "laneChangedTo": 0.0, "traveltime": 28.83, "overlapTraveltime": 37.89, "density": 2.17, "laneDensity": 2.17, "occupancy": 0.98, "waitingTime": 487.0, "timeLoss": 584.29, "speed": 4.06, "speedRelative": 0.49, "teleported": 0.0 }, "geometry": { "type": "LineString", "coordinates": [ [ 4.376886, 50.827368 ], [ 4.376874, 50.827354 ], [ 4.376859, 50.82734 ], [ 4.37569, 50.826264 ] ] } },
{ "type": "Feature", "properties": { "index": "8382430#0", "element": "edge", "id": "8382430#0", "name": "Rue de la Cuve - Kuipstraat", "sampledSeconds": 6016.76, "departed": 9.0, "arrived": 2.0, "entered": 23.0, "left": 26.0, "laneChangedFrom": 0.0, "laneChangedTo": 0.0, "traveltime": 191.7, "overlapTraveltime": 194.2, "density": 13.68, "laneDensity": 13.68, "occupancy": 6.81, "waitingTime": 5338.0, "timeLoss": 5525.31, "speed": 0.66, "speedRelative": 0.08, "teleported": 3.0 }, "geometry": { "type": "LineString", "coordinates": [ [ 4.375143, 50.827087 ], [ 4.375175, 50.827095 ], [ 4.376202, 50.82734 ], [ 4.376741, 50.827465 ], [ 4.376769, 50.827471 ] ] } },
{ "type": "Feature", "properties": { "index": "8382440#0", "element": "edge", "id": "8382440#0", "name": "Rue de la Brasserie - Brouwerijstraat", "sampledSeconds": 2738.75, "departed": 6.0, "arrived": 3.0, "entered": 18.0, "left": 20.0, "laneChangedFrom": 0.0, "laneChangedTo": 0.0, "traveltime": 116.91, "overlapTraveltime": 118.12, "density": 3.1, "laneDensity": 3.1, "occupancy": 1.54, "waitingTime": 1934.0, "timeLoss": 2051.25, "speed": 2.12, "speedRelative": 0.25, "teleported": 3.0 }, "geometry": { "type": "LineString", "coordinates": [ [ 4.37884, 50.829672 ], [ 4.378782, 50.829667 ], [ 4.378755, 50.829664 ], [ 4.378726, 50.829659 ], [ 4.378663, 50.829647 ], [ 4.378568, 50.829628 ], [ 4.377787, 50.829453 ], [ 4.377704, 50.829429 ], [ 4.377667, 50.829417 ], [ 4.37753, 50.829366 ], [ 4.377443, 50.829325 ], [ 4.377417, 50.829311 ], [ 4.377329, 50.82926 ], [ 4.37725, 50.829204 ], [ 4.377104, 50.829087 ], [ 4.376811, 50.828847 ], [ 4.376635, 50.828703 ], [ 4.376277, 50.828417 ], [ 4.376208, 50.828364 ], [ 4.376194, 50.828354 ] ] } },
{ "type": "Feature", "properties": { "index": "8382443", "element": "edge", "id": "8382443", "name": "Rue Alfred Giron - Alfred Gironstraat", "sampledSeconds": 169.46, "departed": 4.0, "arrived": 3.0, "entered": 3.0, "left": 4.0, "laneChangedFrom": 0.0, "laneChangedTo": 0.0, "traveltime": 23.81, "overlapTraveltime": 24.72, "density": 0.28, "laneDensity": 0.28, "occupancy": 0.14, "waitingTime": 0.0, "timeLoss": 20.67, "speed": 6.95, "speedRelative": 0.83, "teleported": 0.0 }, "geometry": { "type": "LineString", "coordinates": [ [ 4.377521, 50.827959 ], [ 4.378308, 50.827452 ], [ 4.379182, 50.82689 ] ] } },
{ "type": "Feature", "properties": { "index": "8382444", "element": "edge", "id": "8382444", "name": "Rue Alphonse Hottat - Alphonse Hottatstraat", "sampledSeconds": 285.06, "departed": 4.0, "arrived": 4.0, "entered": 6.0, "left": 6.0, "laneChangedFrom": 0.0, "laneChangedTo": 0.0, "traveltime": 28.08, "overlapTraveltime": 28.81, "density": 0.39, "laneDensity": 0.39, "occupancy": 0.19, "waitingTime": 0.0, "timeLoss": 29.74, "speed": 7.3, "speedRelative": 0.88, "teleported": 0.0 }, "geometry": { "type": "LineString", "coordinates": [ [ 4.378016, 50.828525 ], [ 4.380065, 50.82721 ] ] } },
{ "type": "Feature", "properties": { "index": "8382445#0", "element": "edge", "id": "8382445#0", "name": "Rue des Liégeois - Luikenaarsstraat", "sampledSeconds": 444.87, "departed": 5.0, "arrived": 5.0, "entered": 15.0, "left": 15.0, "laneChangedFrom": 0.0, "laneChangedTo": 0.0, "traveltime": 21.96, "overlapTraveltime": 23.19, "density": 2.97, "laneDensity": 2.97, "occupancy": 1.44, "waitingTime": 301.0, "timeLoss": 327.16, "speed": 2.01, "speedRelative": 0.24, "teleported": 1.0 }, "geometry": { "type": "LineString", "coordinates": [ [ 4.377157, 50.827609 ], [ 4.377176, 50.82763 ], [ 4.377191, 50.827648 ], [ 4.377419, 50.827944 ] ] } },
{ "type": "Feature", "properties": { "index": "8382445#2", "element": "edge", "id": "8382445#2", "name": "Rue des Liégeois - Luikenaarsstraat", "sampledSeconds": 92.29, "departed": 3.0, "arrived": 3.0, "entered": 7.0, "left": 7.0, "laneChangedFrom": 0.0, "laneChangedTo": 0.0, "traveltime": 8.38, "overlapTraveltime": 9.47, "density": 0.44, "laneDensity": 0.44, "occupancy": 0.2, "waitingTime": 0.0, "timeLoss": 14.9, "speed": 6.64, "speedRelative": 0.8, "teleported": 0.0 }, "geometry": { "type": "LineString", "coordinates": [ [ 4.377509, 50.828061 ], [ 4.377578, 50.828153 ], [ 4.377897, 50.828502 ], [ 4.37791, 50.828514 ] ] } },
{ "type": "Feature", "properties": { "index": "8382447#0", "element": "edge", "id": "8382447#0", "name": "Avenue de la Couronne - Kroonlaan", "sampledSeconds": 212.97, "departed": 5.0, "arrived": 3.0, "entered": 66.0, "left": 68.0, "laneChangedFrom": 0.0, "laneChangedTo": 0.0, "traveltime": 2.19, "overlapTraveltime": 3.1, "density": 6.31, "laneDensity": 6.31, "occupancy": 2.18, "waitingTime": 38.0, "timeLoss": 81.63, "speed": 4.63, "speedRelative": 0.56, "teleported": 0.0 }, "geometry": { "type": "LineString", "coordinates": [ [ 4.375553, 50.832482 ], [ 4.375605, 50.83244 ], [ 4.375634, 50.832415 ] ] } },
{ "type": "Feature", "properties": { "index": "8382447#2", "element": "edge", "id": "8382447#2", "name": "Avenue de la Couronne - Kroonlaan", "sampledSeconds": 762.8, "departed": 2.0, "arrived": 3.0, "entered": 55.0, "left": 54.0, "laneChangedFrom": 0.0, "laneChangedTo": 0.0, "traveltime": 12.73, "overlapTraveltime": 13.42, "density": 2.28, "laneDensity": 2.28, "occupancy": 1.08, "waitingTime": 0.0, "timeLoss": 77.47, "speed": 7.29, "speedRelative": 0.87, "teleported": 0.0 }, "geometry": { "type": "LineString", "coordinates": [ [ 4.375731, 50.832339 ], [ 4.375843, 50.832255 ], [ 4.376548, 50.831687 ], [ 4.37655, 50.831686 ] ] } },
{ "type": "Feature", "properties": { "index": "8384886#0", "element": "edge", "id": "8384886#0", "name": "Rue de la Levure - Giststraat", "sampledSeconds": 1807.69, "departed": 6.0, "arrived": 4.0, "entered": 128.0, "left": 130.0, "laneChangedFrom": 0.0, "laneChangedTo": 0.0, "traveltime": 12.89, "overlapTraveltime": 13.67, "density": 5.49, "laneDensity": 5.49, "occupancy": 2.61, "waitingTime": 9.0, "timeLoss": 265.35, "speed": 7.05, "speedRelative": 0.85, "teleported": 0.0 }, "geometry": { "type": "LineString", "coordinates": [ [ 4.376091, 50.828359 ], [ 4.376062, 50.828392 ], [ 4.376048, 50.828423 ], [ 4.375984, 50.828912 ], [ 4.375955, 50.829169 ], [ 4.375953, 50.829173 ] ] } },
{ "type": "Feature", "properties": { "index": "8384893#0", "element": "edge", "id": "8384893#0", "name": "Rue Kerckx - Kerckxstraat", "sampledSeconds": 11567.85, "departed": 3.0, "arrived": 1.0, "entered": 50.0, "left": 41.0, "laneChangedFrom": 0.0, "laneChangedTo": 0.0, "traveltime": 248.38, "overlapTraveltime": 251.38, "density": 40.66, "laneDensity": 40.66, "occupancy": 19.97, "waitingTime": 10788.0, "timeLoss": 11086.73, "speed": 0.33, "speedRelative": 0.04, "teleported": 1.0 }, "geometry": { "type": "LineString", "coordinates": [ [ 4.3736, 50.830679 ], [ 4.373607, 50.830676 ], [ 4.374032, 50.830526 ], [ 4.374559, 50.830334 ], [ 4.374579, 50.830333 ] ] } },
{ "type": "Feature", "properties": { "index": "8384893#2", "element": "edge", "id": "8384893#2", "name": "Rue Kerckx - Kerckxstraat", "sampledSeconds": 69.35, "departed": 2.0, "arrived": 1.0, "entered": 5.0, "left": 6.0, "laneChangedFrom": 0.0, "laneChangedTo": 0.0, "traveltime": 9.53, "overlapTraveltime": 10.18, "density": 0.27, "laneDensity": 0.27, "occupancy": 0.13, "waitingTime": 0.0, "timeLoss": 8.53, "speed": 7.39, "speedRelative": 0.89, "teleported": 0.0 }, "geometry": { "type": "LineString", "coordinates": [ [ 4.374731, 50.830327 ], [ 4.37475, 50.830326 ], [ 4.375695, 50.8304 ], [ 4.37572, 50.830402 ] ] } },
{ "type": "Feature", "properties": { "index": "8384902#0", "element": "edge", "id": "8384902#0", "name": "Rue Clémentine - Clementinestraat", "sampledSeconds": 2289.37, "departed": 5.0, "arrived": 2.0, "entered": 125.0, "left": 120.0, "laneChangedFrom": 0.0, "laneChangedTo": 0.0, "traveltime": 17.46, "overlapTraveltime": 18.16, "density": 9.26, "laneDensity": 9.26, "occupancy": 4.45, "waitingTime": 999.0, "timeLoss": 1174.55, "speed": 4.05, "speedRelative": 0.49, "teleported": 0.0 }, "geometry": { "type": "LineString", "coordinates": [ [ 4.37562, 50.831232 ], [ 4.375609, 50.831232 ], [ 4.374678, 50.831295 ], [ 4.374652, 50.831299 ] ] } },
{ "type": "Feature", "properties": { "index": "8384905#0", "element": "edge", "id": "8384905#0", "name": "Rue Wéry - Wérystraat", "sampledSeconds": 1679.64, "departed": 4.0, "arrived": 2.0, "entered": 127.0, "left": 123.0, "laneChangedFrom": 0.0, "laneChangedTo": 0.0, "traveltime": 12.18, "overlapTraveltime": 13.03, "density": 6.24, "laneDensity": 6.24, "occupancy": 2.94, "waitingTime": 210.0, "timeLoss": 419.16, "speed": 6.12, "speedRelative": 0.73, "teleported": 0.0 }, "geometry": { "type": "LineString", "coordinates": [ [ 4.375799, 50.830515 ], [ 4.375796, 50.830541 ], [ 4.375709, 50.831184 ] ] } },
{ "type": "Feature", "properties": { "index": "8384907#0", "element": "edge", "id": "8384907#0", "name": "Place Raymond Blyckaerts - Raymond Blyckaertsplein", "sampledSeconds": 190.46, "departed": 4.0, "arrived": 6.0, "entered": 54.0, "left": 52.0, "laneChangedFrom": 0.0, "laneChangedTo": 0.0, "traveltime": 2.62, "overlapTraveltime": 3.37, "density": 2.99, "laneDensity": 2.99, "occupancy": 1.18, "waitingTime": 0.0, "timeLoss": 26.89, "speed": 6.73, "speedRelative": 0.81, "teleported": 0.0 }, "geometry": { "type": "LineString", "coordinates": [ [ 4.37449, 50.833219 ], [ 4.374292, 50.833122 ] ] } },
{ "type": "Feature", "properties": { "index": "8384914", "element": "edge", "id": "8384914", "name": "Rue Jean Van Volsem - Jean Van Volsemstraat", "sampledSeconds": 493.52, "departed": 8.0, "arrived": 7.0, "entered": 37.0, "left": 38.0, "laneChangedFrom": 0.0, "laneChangedTo": 0.0, "traveltime": 10.46, "overlapTraveltime": 11.13, "density": 1.8, "laneDensity": 1.8, "occupancy": 0.84, "waitingTime": 0.0, "timeLoss": 61.59, "speed": 7.31, "speedRelative": 0.88, "teleported": 0.0 }, "geometry": { "type": "LineString", "coordinates": [ [ 4.372155, 50.831579 ], [ 4.371427, 50.831095 ], [ 4.371406, 50.831083 ] ] } },
{ "type": "Feature", "properties": { "index": "8384918#0", "element": "edge", "id": "8384918#0", "name": "Rue Maes - Maesstraat", "sampledSeconds": 11905.5, "departed": 8.0, "arrived": 4.0, "entered": 139.0, "left": 128.0, "laneChangedFrom": 0.0, "laneChangedTo": 0.0, "traveltime": 85.13, "overlapTraveltime": 86.15, "density": 24.11, "laneDensity": 24.11, "occupancy": 11.92, "waitingTime": 8730.0, "timeLoss": 9508.44, "speed": 1.65, "speedRelative": 0.2, "teleported": 1.0 }, "geometry": { "type": "LineString", "coordinates": [ [ 4.371484, 50.830953 ], [ 4.371512, 50.830946 ], [ 4.373376, 50.830749 ], [ 4.373402, 50.830743 ] ] } },
{ "type": "Feature", "properties": { "index": "8384926#0", "element": "edge", "id": "8384926#0", "name": "Rue Charles Decoster - Charles Decosterstraat", "sampledSeconds": 3478.5, "departed": 3.0, "arrived": 1.0, "entered": 31.0, "left": 28.0, "laneChangedFrom": 0.0, "laneChangedTo": 0.0, "traveltime": 108.84, "overlapTraveltime": 110.93, "density": 23.12, "laneDensity": 23.12, "occupancy": 11.48, "waitingTime": 3181.0, "timeLoss": 3294.47, "speed": 0.42, "speedRelative": 0.05, "teleported": 0.0 }, "geometry": { "type": "LineString", "coordinates": [ [ 4.367398, 50.82837 ], [ 4.367702, 50.828048 ] ] } },
{ "type": "Feature", "properties": { "index": "8384926#1", "element": "edge", "id": "8384926#1", "name": "Rue Charles Decoster - Charles Decosterstraat", "sampledSeconds": 5540.66, "departed": 4.0, "arrived": 1.0, "entered": 27.0, "left": 26.0, "laneChangedFrom": 0.0, "laneChangedTo": 0.0, "traveltime": 191.73, "overlapTraveltime": 196.62, "density": 52.98, "laneDensity": 52.98, "occupancy": 26.36, "waitingTime": 5235.0, "timeLoss": 5416.93, "speed": 0.17, "speedRelative": 0.02, "teleported": 2.0 }, "geometry": { "type": "LineString", "coordinates": [ [ 4.36777, 50.827975 ], [ 4.367956, 50.827778 ], [ 4.367966, 50.827747 ] ] } },
{ "type": "Feature", "properties": { "index": "8384928", "element": "edge", "id": "8384928", "name": "Rue de Hennin - de Henninstraat", "sampledSeconds": 66.21, "departed": 2.0, "arrived": 1.0, "entered": 3.0, "left": 4.0, "laneChangedFrom": 0.0, "laneChangedTo": 0.0, "traveltime": 12.94, "overlapTraveltime": 13.6, "density": 0.2, "laneDensity": 0.2, "occupancy": 0.1, "waitingTime": 0.0, "timeLoss": 8.77, "speed": 7.03, "speedRelative": 0.84, "teleported": 0.0 }, "geometry": { "type": "LineString", "coordinates": [ [ 4.369586, 50.82981 ], [ 4.369585, 50.82981 ], [ 4.368772, 50.829311 ], [ 4.368754, 50.829301 ], [ 4.368758, 50.829277 ], [ 4.36877, 50.829253 ], [ 4.368805, 50.82923 ] ] } },
{ "type": "Feature", "properties": { "index": "8384930#0", "element": "edge", "id": "8384930#0", "name": "Rue Lens - Lensstraat", "sampledSeconds": 2166.94, "departed": 9.0, "arrived": 2.0, "entered": 6.0, "left": 14.0, "laneChangedFrom": 0.0, "laneChangedTo": 0.0, "traveltime": 140.24, "overlapTraveltime": 141.76, "density": 3.23, "laneDensity": 3.23, "occupancy": 1.61, "waitingTime": 1752.0, "timeLoss": 1811.79, "speed": 1.35, "speedRelative": 0.16, "teleported": 4.0 }, "geometry": { "type": "LineString", "coordinates": [ [ 4.3649, 50.827498 ], [ 4.364914, 50.827455 ], [ 4.366707, 50.826283 ] ] } },
{ "type": "Feature", "properties": { "index": "8385415#0", "element": "edge", "id": "8385415#0", "name": "Chaussée de Vleurgat - Vleurgatse Steenweg", "sampledSeconds": 42.02, "departed": 5.0, "arrived": 3.0, "entered": 45.0, "left": 47.0, "laneChangedFrom": 0.0, "laneChangedTo": 0.0, "traveltime": 0.03, "overlapTraveltime": 0.85, "density": 58.36, "laneDensity": 58.36, "occupancy": 1.13, "waitingTime": 0.0, "timeLoss": 10.84, "speed": 6.12, "speedRelative": 0.73, "teleported": 0.0 }, "geometry": { "type": "LineString", "coordinates": [ [ 4.367885, 50.823705 ], [ 4.367886, 50.823706 ] ] } },
{ "type": "Feature", "properties": { "index": "8385415#1", "element": "edge", "id": "8385415#1", "name": "Chaussée de Vleurgat - Vleurgatse Steenweg", "sampledSeconds": 1772.18, "departed": 4.0, "arrived": 1.0, "entered": 44.0, "left": 45.0, "laneChangedFrom": 0.0, "laneChangedTo": 0.0, "traveltime": 36.82, "overlapTraveltime": 37.78, "density": 1.78, "laneDensity": 1.78, "occupancy": 0.87, "waitingTime": 7.0, "timeLoss": 176.39, "speed": 7.45, "speedRelative": 0.89, "teleported": 0.0 }, "geometry": { "type": "LineString", "coordinates": [ [ 4.367951, 50.823781 ], [ 4.367985, 50.823819 ], [ 4.368009, 50.823845 ], [ 4.368043, 50.823882 ], [ 4.368588, 50.824529 ], [ 4.369597, 50.825677 ], [ 4.369774, 50.825888 ], [ 4.369835, 50.82596 ] ] } },
{ "type": "Feature", "properties": { "index": "839709054", "element": "edge", "id": "839709054", "name": "Tunnel Trône - Troontunnel", "sampledSeconds": 182.32, "departed": 0.0, "arrived": 7.0, "entered": 7.0, "left": 0.0, "laneChangedFrom": 0.0, "laneChangedTo": 0.0, "traveltime": 25.66, "overlapTraveltime": 26.05, "density": 0.15, "laneDensity": 0.08, "occupancy": 0.04, "waitingTime": 0.0, "timeLoss": 8.82, "speed": 13.11, "speedRelative": 0.94, "teleported": 0.0 }, "geometry": { "type": "LineString", "coordinates": [ [ 4.365173, 50.840272 ], [ 4.365485, 50.840484 ], [ 4.365848, 50.84079 ], [ 4.366107, 50.841089 ], [ 4.366229, 50.84123 ], [ 4.367196, 50.842976 ] ] } },
{ "type": "Feature", "properties": { "index": "8404828#1", "element": "edge", "id": "8404828#1", "name": "Avenue Louise - Louizalaan", "sampledSeconds": 6280.57, "departed": 4.0, "arrived": 4.0, "entered": 76.0, "left": 78.0, "laneChangedFrom": 0.0, "laneChangedTo": 0.0, "traveltime": 78.37, "overlapTraveltime": 79.51, "density": 43.78, "laneDensity": 43.78, "occupancy": 21.34, "waitingTime": 5187.72, "timeLoss": 5850.52, "speed": 0.56, "speedRelative": 0.07, "teleported": 1.0 }, "geometry": { "type": "LineString", "coordinates": [ [ 4.369569, 50.820933 ], [ 4.369618, 50.820886 ], [ 4.369758, 50.820811 ], [ 4.369924, 50.820731 ], [ 4.369982, 50.820713 ], [ 4.370001, 50.820707 ] ] } },
{ "type": "Feature", "properties": { "index": "856293281", "element": "edge", "id": "856293281", "name": "Tunnel Louise - Louizatunnel", "sampledSeconds": 41567.85, "departed": 3.0, "arrived": 3.0, "entered": 368.0, "left": 317.0, "laneChangedFrom": 9.0, "laneChangedTo": 9.0, "traveltime": 118.07, "overlapTraveltime": 120.74, "density": 27.86, "laneDensity": 13.93, "occupancy": 6.84, "waitingTime": 25519.0, "timeLoss": 31111.25, "speed": 3.47, "speedRelative": 0.25, "teleported": 0.0 }, "geometry": { "type": "LineString", "coordinates": [ [ 4.35958, 50.837672 ], [ 4.359476, 50.837629 ], [ 4.357892, 50.836971 ], [ 4.354662, 50.835624 ] ] } },
{ "type": "Feature", "properties": { "index": "856293282", "element": "edge", "id": "856293282", "name": "", "sampledSeconds": 32.67, "departed": 8.0, "arrived": 2.0, "entered": 17.0, "left": 24.0, "laneChangedFrom": 0.0, "laneChangedTo": 0.0, "traveltime": 0.13, "overlapTraveltime": 1.27, "density": 45.37, "laneDensity": 45.37, "occupancy": 0.86, "waitingTime": 1.0, "timeLoss": 23.28, "speed": 4.08, "speedRelative": 0.29, "teleported": 0.0 }, "geometry": { "type": "LineString", "coordinates": [ [ 4.359658, 50.837745 ], [ 4.359655, 50.837744 ] ] } },
{ "type": "Feature", "properties": { "index": "856293283", "element": "edge", "id": "856293283", "name": "", "sampledSeconds": 443.6, "departed": 3.0, "arrived": 1.0, "entered": 50.0, "left": 51.0, "laneChangedFrom": 1.0, "laneChangedTo": 1.0, "traveltime": 8.09, "overlapTraveltime": 8.48, "density": 1.21, "laneDensity": 0.61, "occupancy": 0.29, "waitingTime": 0.0, "timeLoss": 38.26, "speed": 12.56, "speedRelative": 0.9, "teleported": 0.0 }, "geometry": { "type": "LineString", "coordinates": [ [ 4.360495, 50.837965 ], [ 4.361694, 50.838471 ] ] } },
{ "type": "Feature", "properties": { "index": "856293284", "element": "edge", "id": "856293284", "name": "Avenue Louise - Louizalaan", "sampledSeconds": 1602.18, "departed": 8.0, "arrived": 3.0, "entered": 110.0, "left": 115.0, "laneChangedFrom": 47.0, "laneChangedTo": 47.0, "traveltime": 13.23, "overlapTraveltime": 13.61, "density": 2.63, "laneDensity": 1.32, "occupancy": 0.64, "waitingTime": 0.0, "timeLoss": 108.66, "speed": 12.8, "speedRelative": 0.92, "teleported": 0.0 }, "geometry": { "type": "LineString", "coordinates": [ [ 4.359408, 50.831691 ], [ 4.35808, 50.832959 ] ] } },
{ "type": "Feature", "properties": { "index": "856293285#0", "element": "edge", "id": "856293285#0", "name": "Avenue Louise - Louizalaan", "sampledSeconds": 26792.03, "departed": 4.0, "arrived": 2.0, "entered": 337.0, "left": 313.0, "laneChangedFrom": 33.0, "laneChangedTo": 33.0, "traveltime": 75.35, "overlapTraveltime": 83.72, "density": 110.16, "laneDensity": 55.08, "occupancy": 24.82, "waitingTime": 23417.58, "timeLoss": 25092.69, "speed": 0.87, "speedRelative": 0.06, "teleported": 0.0 }, "geometry": { "type": "LineString", "coordinates": [ [ 4.359532, 50.831436 ], [ 4.360056, 50.830927 ] ] } },
{ "type": "Feature", "properties": { "index": "856293285#1", "element": "edge", "id": "856293285#1", "name": "Avenue Louise - Louizalaan", "sampledSeconds": 11644.96, "departed": 3.0, "arrived": 6.0, "entered": 206.0, "left": 212.0, "laneChangedFrom": 193.0, "laneChangedTo": 193.0, "traveltime": 54.03, "overlapTraveltime": 54.41, "density": 4.59, "laneDensity": 2.3, "occupancy": 1.14, "waitingTime": 0.0, "timeLoss": 620.58, "speed": 13.04, "speedRelative": 0.94, "teleported": 0.0 }, "geometry": { "type": "LineString", "coordinates": [ [ 4.360223, 50.83077 ], [ 4.361022, 50.830017 ], [ 4.361888, 50.829149 ], [ 4.364694, 50.826424 ], [ 4.365565, 50.825591 ], [ 4.365693, 50.825466 ] ] } },
{ "type": "Feature", "properties": { "index": "856297346", "element": "edge", "id": "856297346", "name": "", "sampledSeconds": 159.29, "departed": 10.0, "arrived": 2.0, "entered": 7.0, "left": 15.0, "laneChangedFrom": 1.0, "laneChangedTo": 1.0, "traveltime": 9.3, "overlapTraveltime": 9.68, "density": 0.46, "laneDensity": 0.23, "occupancy": 0.11, "waitingTime": 0.0, "timeLoss": 35.82, "speed": 10.53, "speedRelative": 0.76, "teleported": 0.0 }, "geometry": { "type": "LineString", "coordinates": [ [ 4.36347, 50.839408 ], [ 4.363231, 50.839283 ], [ 4.362384, 50.838872 ] ] } },
{ "type": "Feature", "properties": { "index": "87286857", "element": "edge", "id": "87286857", "name": "Avenue Hergé - Hergélaan", "sampledSeconds": 62.3, "departed": 4.0, "arrived": 3.0, "entered": 26.0, "left": 27.0, "laneChangedFrom": 0.0, "laneChangedTo": 0.0, "traveltime": 1.35, "overlapTraveltime": 2.2, "density": 2.47, "laneDensity": 2.47, "occupancy": 0.75, "waitingTime": 0.0, "timeLoss": 18.14, "speed": 5.45, "speedRelative": 0.65, "teleported": 0.0 }, "geometry": { "type": "LineString", "coordinates": [ [ 4.380964, 50.827288 ], [ 4.380928, 50.827316 ], [ 4.380908, 50.82734 ] ] } },
{ "type": "Feature", "properties": { "index": "875759959", "element": "edge", "id": "875759959", "name": "Avenue Louise - Louizalaan", "sampledSeconds": 42362.86, "departed": 2.0, "arrived": 2.0, "entered": 175.0, "left": 146.0, "laneChangedFrom": 39.0, "laneChangedTo": 39.0, "traveltime": 250.01, "overlapTraveltime": 261.71, "density": 113.01, "laneDensity": 56.5, "occupancy": 27.25, "waitingTime": 38692.0, "timeLoss": 41065.42, "speed": 0.42, "speedRelative": 0.03, "teleported": 2.0 }, "geometry": { "type": "LineString", "coordinates": [ [ 4.367544, 50.82377 ], [ 4.366748, 50.824559 ] ] } },
{ "type": "Feature", "properties": { "index": "875759960", "element": "edge", "id": "875759960", "name": "Avenue Louise - Louizalaan", "sampledSeconds": 29922.5, "departed": 1.0, "arrived": 3.0, "entered": 209.0, "left": 191.0, "laneChangedFrom": 33.0, "laneChangedTo": 33.0, "traveltime": 141.97, "overlapTraveltime": 148.82, "density": 63.52, "laneDensity": 31.76, "occupancy": 15.38, "waitingTime": 26052.0, "timeLoss": 27920.39, "speed": 0.91, "speedRelative": 0.07, "teleported": 1.0 }, "geometry": { "type": "LineString", "coordinates": [ [ 4.368985, 50.822387 ], [ 4.368841, 50.822524 ], [ 4.367962, 50.823369 ] ] } },
{ "type": "Feature", "properties": { "index": "875773546", "element": "edge", "id": "875773546", "name": "Rue de la Brasserie - Brouwerijstraat", "sampledSeconds": 21702.0, "departed": 8.0, "arrived": 1.0, "entered": 209.0, "left": 207.0, "laneChangedFrom": 0.0, "laneChangedTo": 0.0, "traveltime": 116.88, "overlapTraveltime": 117.97, "density": 82.63, "laneDensity": 82.63, "occupancy": 40.9, "waitingTime": 19225.0, "timeLoss": 19968.4, "speed": 0.66, "speedRelative": 0.08, "teleported": 5.0 }, "geometry": { "type": "LineString", "coordinates": [ [ 4.375942, 50.828219 ], [ 4.375876, 50.828195 ], [ 4.3758, 50.828172 ], [ 4.375199, 50.828022 ], [ 4.375081, 50.827992 ], [ 4.374985, 50.82797 ] ] } },
{ "type": "Feature", "properties": { "index": "879483837", "element": "edge", "id": "879483837", "name": "Avenue de la Toison d&apos;Or - Gulden-Vlieslaan", "sampledSeconds": 37.76, "departed": 10.0, "arrived": 0.0, "entered": 0.0, "left": 10.0, "laneChangedFrom": 0.0, "laneChangedTo": 0.0, "traveltime": 4.4, "overlapTraveltime": 4.85, "density": 0.58, "laneDensity": 0.29, "occupancy": 0.13, "waitingTime": 0.0, "timeLoss": 24.58, "speed": 4.73, "speedRelative": 0.34, "teleported": 0.0 }, "geometry": { "type": "LineString", "coordinates": [ [ 4.35392, 50.835164 ], [ 4.354136, 50.835244 ] ] } },
{ "type": "Feature", "properties": { "index": "887989674", "element": "edge", "id": "887989674", "name": "Rond-Point René Cliquet - René Cliquetplein", "sampledSeconds": 39.98, "departed": 0.0, "arrived": 0.0, "entered": 23.0, "left": 23.0, "laneChangedFrom": 0.0, "laneChangedTo": 0.0, "traveltime": 1.12, "overlapTraveltime": 1.74, "density": 1.34, "laneDensity": 1.34, "occupancy": 0.42, "waitingTime": 0.0, "timeLoss": 8.68, "speed": 7.65, "speedRelative": 0.92, "teleported": 0.0 }, "geometry": { "type": "LineString", "coordinates": [ [ 4.357909, 50.836875 ], [ 4.357885, 50.83691 ], [ 4.357843, 50.836935 ] ] } },
{ "type": "Feature", "properties": { "index": "897211373#0", "element": "edge", "id": "897211373#0", "name": "Avenue de la Toison d&apos;Or - Gulden-Vlieslaan", "sampledSeconds": 71.02, "departed": 6.0, "arrived": 1.0, "entered": 132.0, "left": 137.0, "laneChangedFrom": 0.0, "laneChangedTo": 0.0, "traveltime": 0.02, "overlapTraveltime": 0.53, "density": 98.64, "laneDensity": 49.32, "occupancy": 0.95, "waitingTime": 0.0, "timeLoss": 21.01, "speed": 9.8, "speedRelative": 0.71, "teleported": 0.0 }, "geometry": { "type": "LineString", "coordinates": [ [ 4.357947, 50.836802 ], [ 4.357949, 50.836802 ] ] } },
{ "type": "Feature", "properties": { "index": "897211373#1", "element": "edge", "id": "897211373#1", "name": "Avenue de la Toison d&apos;Or - Gulden-Vlieslaan", "sampledSeconds": 645.94, "departed": 5.0, "arrived": 1.0, "entered": 137.0, "left": 143.0, "laneChangedFrom": 23.0, "laneChangedTo": 23.0, "traveltime": 4.08, "overlapTraveltime": 4.52, "density": 3.7, "laneDensity": 1.85, "occupancy": 0.83, "waitingTime": 0.0, "timeLoss": 87.63, "speed": 11.82, "speedRelative": 0.85, "teleported": 0.0 }, "geometry": { "type": "LineString", "coordinates": [ [ 4.357924, 50.836795 ], [ 4.357959, 50.836809 ], [ 4.358151, 50.836889 ], [ 4.358499, 50.837034 ] ] } },
{ "type": "Feature", "properties": { "index": "897325985#1", "element": "edge", "id": "897325985#1", "name": "Avenue de la Toison d&apos;Or - Gulden-Vlieslaan", "sampledSeconds": 806.64, "departed": 10.0, "arrived": 2.0, "entered": 209.0, "left": 217.0, "laneChangedFrom": 34.0, "laneChangedTo": 34.0, "traveltime": 3.32, "overlapTraveltime": 3.7, "density": 5.41, "laneDensity": 2.7, "occupancy": 1.21, "waitingTime": 0.0, "timeLoss": 75.04, "speed": 12.54, "speedRelative": 0.9, "teleported": 0.0 }, "geometry": { "type": "LineString", "coordinates": [ [ 4.360749, 50.837982 ], [ 4.361244, 50.838183 ] ] } },
{ "type": "Feature", "properties": { "index": "900443644#0", "element": "edge", "id": "900443644#0", "name": "Rue du Trône - Troonstraat", "sampledSeconds": 252.91, "departed": 1.0, "arrived": 0.0, "entered": 20.0, "left": 21.0, "laneChangedFrom": 0.0, "laneChangedTo": 0.0, "traveltime": 10.83, "overlapTraveltime": 12.14, "density": 2.92, "laneDensity": 1.46, "occupancy": 0.68, "waitingTime": 117.0, "timeLoss": 181.37, "speed": 2.39, "speedRelative": 0.29, "teleported": 0.0 }, "geometry": { "type": "LineString", "coordinates": [ [ 4.371183, 50.836018 ], [ 4.371326, 50.835906 ], [ 4.371373, 50.835869 ], [ 4.371396, 50.835851 ] ] } },
{ "type": "Feature", "properties": { "index": "9387033#0", "element": "edge", "id": "9387033#0", "name": "Rue du Luxembourg - Luxemburgstraat", "sampledSeconds": 186.83, "departed": 4.0, "arrived": 3.0, "entered": 8.0, "left": 9.0, "laneChangedFrom": 0.0, "laneChangedTo": 0.0, "traveltime": 14.82, "overlapTraveltime": 15.85, "density": 0.48, "laneDensity": 0.48, "occupancy": 0.23, "waitingTime": 0.0, "timeLoss": 22.64, "speed": 7.15, "speedRelative": 0.86, "teleported": 0.0 }, "geometry": { "type": "LineString", "coordinates": [ [ 4.365996, 50.840561 ], [ 4.366143, 50.84053 ], [ 4.3662, 50.840518 ], [ 4.366236, 50.840511 ], [ 4.367189, 50.84031 ], [ 4.367452, 50.84026 ], [ 4.367457, 50.840259 ] ] } },
{ "type": "Feature", "properties": { "index": "939752205#0", "element": "edge", "id": "939752205#0", "name": "Avenue Louise - Louizalaan", "sampledSeconds": 1837.16, "departed": 7.0, "arrived": 2.0, "entered": 98.0, "left": 102.0, "laneChangedFrom": 0.0, "laneChangedTo": 0.0, "traveltime": 19.16, "overlapTraveltime": 19.85, "density": 95.75, "laneDensity": 95.75, "occupancy": 45.57, "waitingTime": 1641.0, "timeLoss": 1716.85, "speed": 0.52, "speedRelative": 0.06, "teleported": 3.0 }, "geometry": { "type": "LineString", "coordinates": [ [ 4.36793, 50.823562 ], [ 4.367891, 50.823603 ] ] } },
{ "type": "Feature", "properties": { "index": "939752205#2", "element": "edge", "id": "939752205#2", "name": "Avenue Louise - Louizalaan", "sampledSeconds": 2362.88, "departed": 2.0, "arrived": 0.0, "entered": 116.0, "left": 116.0, "laneChangedFrom": 0.0, "laneChangedTo": 0.0, "traveltime": 22.75, "overlapTraveltime": 23.62, "density": 69.83, "laneDensity": 69.83, "occupancy": 28.42, "waitingTime": 2130.0, "timeLoss": 2187.4, "speed": 0.61, "speedRelative": 0.07, "teleported": 2.0 }, "geometry": { "type": "LineString", "coordinates": [ [ 4.367764, 50.823735 ], [ 4.367732, 50.823769 ], [ 4.367695, 50.823807 ] ] } },
{ "type": "Feature", "properties": { "index": "939752205#4", "element": "edge", "id": "939752205#4", "name": "Avenue Louise - Louizalaan", "sampledSeconds": 11648.49, "departed": 2.0, "arrived": 2.0, "entered": 143.0, "left": 139.0, "laneChangedFrom": 0.0, "laneChangedTo": 0.0, "traveltime": 81.91, "overlapTraveltime": 98.32, "density": 78.31, "laneDensity": 78.31, "occupancy": 36.36, "waitingTime": 10449.0, "timeLoss": 10979.05, "speed": 0.47, "speedRelative": 0.06, "teleported": 0.0 }, "geometry": { "type": "LineString", "coordinates": [ [ 4.367623, 50.823881 ], [ 4.367289, 50.824187 ] ] } },
{ "type": "Feature", "properties": { "index": "939752206", "element": "edge", "id": "939752206", "name": "Avenue Louise - Louizalaan", "sampledSeconds": 2029.4, "departed": 4.0, "arrived": 0.0, "entered": 96.0, "left": 99.0, "laneChangedFrom": 0.0, "laneChangedTo": 0.0, "traveltime": 12.06, "overlapTraveltime": 20.9, "density": 61.41, "laneDensity": 61.41, "occupancy": 18.99, "waitingTime": 1801.0, "timeLoss": 1860.84, "speed": 0.68, "speedRelative": 0.08, "teleported": 0.0 }, "geometry": { "type": "LineString", "coordinates": [ [ 4.368889, 50.822679 ], [ 4.368884, 50.822682 ], [ 4.368805, 50.822743 ] ] } },
{ "type": "Feature", "properties": { "index": "939752207", "element": "edge", "id": "939752207", "name": "Avenue Louise - Louizalaan", "sampledSeconds": 67446.56, "departed": 3.0, "arrived": 1.0, "entered": 252.0, "left": 208.0, "laneChangedFrom": 129.0, "laneChangedTo": 129.0, "traveltime": 312.87, "overlapTraveltime": 326.65, "density": 194.59, "laneDensity": 64.86, "occupancy": 30.32, "waitingTime": 63984.0, "timeLoss": 65910.72, "speed": 0.31, "speedRelative": 0.02, "teleported": 17.0 }, "geometry": { "type": "LineString", "coordinates": [ [ 4.366639, 50.824666 ], [ 4.365891, 50.82539 ] ] } },
{ "type": "Feature", "properties": { "index": "945224009", "element": "edge", "id": "945224009", "name": "Avenue Louise - Louizalaan", "sampledSeconds": 10252.7, "departed": 4.0, "arrived": 4.0, "entered": 158.0, "left": 137.0, "laneChangedFrom": 40.0, "laneChangedTo": 40.0, "traveltime": 66.47, "overlapTraveltime": 76.29, "density": 136.4, "laneDensity": 68.2, "occupancy": 23.62, "waitingTime": 9449.22, "timeLoss": 9829.05, "speed": 0.34, "speedRelative": 0.04, "teleported": 4.0 }, "geometry": { "type": "LineString", "coordinates": [ [ 4.367221, 50.824256 ], [ 4.367083, 50.824422 ] ] } },
{ "type": "Feature", "properties": { "index": "947381462", "element": "edge", "id": "947381462", "name": "", "sampledSeconds": 0.0, "departed": 0.0, "arrived": 0.0, "entered": 0.0, "left": 0.0, "laneChangedFrom": 0.0, "laneChangedTo": 0.0, "traveltime": 0.0, "overlapTraveltime": 0.0, "density": 0.0, "laneDensity": 0.0, "occupancy": 0.0, "waitingTime": 0.0, "timeLoss": 0.0, "speed": 0.0, "speedRelative": 0.0, "teleported": 0.0 }, "geometry": { "type": "LineString", "coordinates": [ [ 4.383307, 50.826749 ], [ 4.382998, 50.826598 ] ] } },
{ "type": "Feature", "properties": { "index": "950756091", "element": "edge", "id": "950756091", "name": "Square de Biarritz - Biarritzsquare", "sampledSeconds": 105.39, "departed": 5.0, "arrived": 4.0, "entered": 26.0, "left": 28.0, "laneChangedFrom": 0.0, "laneChangedTo": 0.0, "traveltime": 2.81, "overlapTraveltime": 3.53, "density": 1.62, "laneDensity": 1.62, "occupancy": 0.66, "waitingTime": 0.0, "timeLoss": 22.58, "speed": 6.52, "speedRelative": 0.78, "teleported": 0.0 }, "geometry": { "type": "LineString", "coordinates": [ [ 4.370992, 50.825343 ], [ 4.371079, 50.825191 ] ] } },
{ "type": "Feature", "properties": { "index": "95742114", "element": "edge", "id": "95742114", "name": "Avenue Émile De Mot - Émile De Motlaan", "sampledSeconds": 30.21, "departed": 5.0, "arrived": 5.0, "entered": 7.0, "left": 7.0, "laneChangedFrom": 0.0, "laneChangedTo": 0.0, "traveltime": 2.28, "overlapTraveltime": 3.06, "density": 0.73, "laneDensity": 0.73, "occupancy": 0.29, "waitingTime": 0.0, "timeLoss": 10.42, "speed": 5.4, "speedRelative": 0.65, "teleported": 0.0 }, "geometry": { "type": "LineString", "coordinates": [ [ 4.372004, 50.817511 ], [ 4.372126, 50.81756 ], [ 4.372145, 50.817562 ] ] } },
{ "type": "Feature", "properties": { "index": "95742119#1", "element": "edge", "id": "95742119#1", "name": "Avenue Louise - Louizalaan", "sampledSeconds": 880.95, "departed": 4.0, "arrived": 3.0, "entered": 183.0, "left": 185.0, "laneChangedFrom": 0.0, "laneChangedTo": 0.0, "traveltime": 4.14, "overlapTraveltime": 4.9, "density": 67.23, "laneDensity": 67.23, "occupancy": 21.0, "waitingTime": 621.0, "timeLoss": 688.93, "speed": 1.76, "speedRelative": 0.21, "teleported": 2.0 }, "geometry": { "type": "LineString", "coordinates": [ [ 4.370493, 50.820736 ], [ 4.370543, 50.820744 ] ] } },
{ "type": "Feature", "properties": { "index": "96016135", "element": "edge", "id": "96016135", "name": "Rue de Londres - Londenstraat", "sampledSeconds": 84.32, "departed": 5.0, "arrived": 2.0, "entered": 44.0, "left": 47.0, "laneChangedFrom": 0.0, "laneChangedTo": 0.0, "traveltime": 0.71, "overlapTraveltime": 1.83, "density": 6.87, "laneDensity": 6.87, "occupancy": 1.43, "waitingTime": 0.0, "timeLoss": 13.1, "speed": 4.59, "speedRelative": 0.83, "teleported": 0.0 }, "geometry": { "type": "LineString", "coordinates": [ [ 4.367014, 50.838587 ], [ 4.367016, 50.838601 ], [ 4.367009, 50.838617 ] ] } },
{ "type": "Feature", "properties": { "index": "96016144#0", "element": "edge", "id": "96016144#0", "name": "Rue d&apos;Alsace-Lorraine - Elzas-Lotharingenstraat", "sampledSeconds": 349.52, "departed": 3.0, "arrived": 9.0, "entered": 10.0, "left": 5.0, "laneChangedFrom": 0.0, "laneChangedTo": 0.0, "traveltime": 24.7, "overlapTraveltime": 25.43, "density": 0.56, "laneDensity": 0.56, "occupancy": 0.27, "waitingTime": 0.0, "timeLoss": 34.81, "speed": 7.02, "speedRelative": 0.84, "teleported": 0.0 }, "geometry": { "type": "LineString", "coordinates": [ [ 4.366976, 50.838498 ], [ 4.366971, 50.838479 ], [ 4.366962, 50.838432 ], [ 4.366677, 50.837019 ], [ 4.36668, 50.836986 ], [ 4.366695, 50.836954 ], [ 4.366697, 50.836951 ] ] } },
{ "type": "Feature", "properties": { "index": "96018881#0", "element": "edge", "id": "96018881#0", "name": "Rue Defacqz - Defacqzstraat", "sampledSeconds": 27.36, "departed": 0.0, "arrived": 2.0, "entered": 2.0, "left": 0.0, "laneChangedFrom": 0.0, "laneChangedTo": 0.0, "traveltime": 13.53, "overlapTraveltime": 14.22, "density": 0.08, "laneDensity": 0.08, "occupancy": 0.04, "waitingTime": 0.0, "timeLoss": 2.22, "speed": 7.19, "speedRelative": 0.86, "teleported": 0.0 }, "geometry": { "type": "LineString", "coordinates": [ [ 4.361761, 50.828896 ], [ 4.361703, 50.828869 ], [ 4.361673, 50.828856 ], [ 4.361626, 50.828836 ], [ 4.360825, 50.82851 ], [ 4.360776, 50.82849 ], [ 4.360752, 50.82848 ], [ 4.360605, 50.828417 ] ] } },
{ "type": "Feature", "properties": { "index": "960773147", "element": "edge", "id": "960773147", "name": "", "sampledSeconds": 784.73, "departed": 3.0, "arrived": 4.0, "entered": 105.0, "left": 103.0, "laneChangedFrom": 0.0, "laneChangedTo": 0.0, "traveltime": 5.03, "overlapTraveltime": 7.43, "density": 23.31, "laneDensity": 23.31, "occupancy": 7.92, "waitingTime": 56.0, "timeLoss": 240.73, "speed": 1.93, "speedRelative": 0.69, "teleported": 0.0 }, "geometry": { "type": "LineString", "coordinates": [ [ 4.384789, 50.822738 ], [ 4.38487, 50.822671 ] ] } },
{ "type": "Feature", "properties": { "index": "960773148#0", "element": "edge", "id": "960773148#0", "name": "", "sampledSeconds": 369.32, "departed": 1.0, "arrived": 1.0, "entered": 18.0, "left": 17.0, "laneChangedFrom": 0.0, "laneChangedTo": 0.0, "traveltime": 17.35, "overlapTraveltime": 19.93, "density": 4.31, "laneDensity": 4.31, "occupancy": 1.91, "waitingTime": 104.0, "timeLoss": 180.99, "speed": 1.45, "speedRelative": 0.52, "teleported": 0.0 }, "geometry": { "type": "LineString", "coordinates": [ [ 4.385216, 50.822401 ], [ 4.385125, 50.8225 ], [ 4.385036, 50.822582 ] ] } },
{ "type": "Feature", "properties": { "index": "960773148#1", "element": "edge", "id": "960773148#1", "name": "", "sampledSeconds": 430.83, "departed": 5.0, "arrived": 2.0, "entered": 173.0, "left": 176.0, "laneChangedFrom": 0.0, "laneChangedTo": 0.0, "traveltime": 0.1, "overlapTraveltime": 2.44, "density": 133.33, "laneDensity": 133.33, "occupancy": 11.52, "waitingTime": 2.0, "timeLoss": 99.81, "speed": 2.13, "speedRelative": 0.77, "teleported": 0.0 }, "geometry": { "type": "LineString", "coordinates": [ [ 4.384931, 50.822665 ], [ 4.384929, 50.822666 ] ] } },
{ "type": "Feature", "properties": { "index": "960773149", "element": "edge", "id": "960773149", "name": "", "sampledSeconds": 1974.79, "departed": 3.0, "arrived": 0.0, "entered": 99.0, "left": 102.0, "laneChangedFrom": 0.0, "laneChangedTo": 0.0, "traveltime": 16.97, "overlapTraveltime": 19.43, "density": 15.81, "laneDensity": 15.81, "occupancy": 6.93, "waitingTime": 5.0, "timeLoss": 528.5, "speed": 2.04, "speedRelative": 0.73, "teleported": 0.0 }, "geometry": { "type": "LineString", "coordinates": [ [ 4.384886, 50.822636 ], [ 4.384886, 50.822631 ], [ 4.384969, 50.822554 ], [ 4.385059, 50.822472 ], [ 4.385177, 50.822387 ] ] } },
{ "type": "Feature", "properties": { "index": "963479927#0", "element": "edge", "id": "963479927#0", "name": "Boulevard du Régent - Regentlaan", "sampledSeconds": 259.81, "departed": 12.0, "arrived": 0.0, "entered": 0.0, "left": 12.0, "laneChangedFrom": 12.0, "laneChangedTo": 12.0, "traveltime": 22.96, "overlapTraveltime": 24.15, "density": 1.63, "laneDensity": 0.54, "occupancy": 0.26, "waitingTime": 146.0, "timeLoss": 221.42, "speed": 2.04, "speedRelative": 0.15, "teleported": 0.0 }, "geometry": { "type": "LineString", "coordinates": [ [ 4.365957, 50.841013 ], [ 4.365786, 50.840832 ], [ 4.365746, 50.840799 ], [ 4.365722, 50.840781 ], [ 4.365669, 50.840743 ], [ 4.36559, 50.840693 ] ] } },
{ "type": "Feature", "properties": { "index": "972497141", "element": "edge", "id": "972497141", "name": "Rue de la Croix - Kruisstraat", "sampledSeconds": 34.81, "departed": 4.0, "arrived": 0.0, "entered": 38.0, "left": 42.0, "laneChangedFrom": 0.0, "laneChangedTo": 0.0, "traveltime": 0.09, "overlapTraveltime": 0.84, "density": 14.01, "laneDensity": 14.01, "occupancy": 0.86, "waitingTime": 0.0, "timeLoss": 6.52, "speed": 6.79, "speedRelative": 0.81, "teleported": 0.0 }, "geometry": { "type": "LineString", "coordinates": [ [ 4.364142, 50.830049 ], [ 4.364149, 50.830054 ] ] } },
{ "type": "Feature", "properties": { "index": "998997382", "element": "edge", "id": "998997382", "name": "", "sampledSeconds": 0.0, "departed": 0.0, "arrived": 0.0, "entered": 0.0, "left": 0.0, "laneChangedFrom": 0.0, "laneChangedTo": 0.0, "traveltime": 0.0, "overlapTraveltime": 0.0, "density": 0.0, "laneDensity": 0.0, "occupancy": 0.0, "waitingTime": 0.0, "timeLoss": 0.0, "speed": 0.0, "speedRelative": 0.0, "teleported": 0.0 }, "geometry": { "type": "LineString", "coordinates": [ [ 4.3781, 50.82441 ], [ 4.37797, 50.824415 ], [ 4.377835, 50.824425 ], [ 4.377751, 50.824433 ] ] } },
{ "type": "Feature", "properties": { "index": "998997383", "element": "edge", "id": "998997383", "name": "", "sampledSeconds": 0.0, "departed": 0.0, "arrived": 0.0, "entered": 0.0, "left": 0.0, "laneChangedFrom": 0.0, "laneChangedTo": 0.0, "traveltime": 0.0, "overlapTraveltime": 0.0, "density": 0.0, "laneDensity": 0.0, "occupancy": 0.0, "waitingTime": 0.0, "timeLoss": 0.0, "speed": 0.0, "speedRelative": 0.0, "teleported": 0.0 }, "geometry": { "type": "LineString", "coordinates": [ [ 4.377481, 50.824334 ], [ 4.377689, 50.824425 ] ] } },
{ "type": "Feature", "properties": { "index": "998997384#1", "element": "edge", "id": "998997384#1", "name": "", "sampledSeconds": 0.0, "departed": 0.0, "arrived": 0.0, "entered": 0.0, "left": 0.0, "laneChangedFrom": 0.0, "laneChangedTo": 0.0, "traveltime": 0.0, "overlapTraveltime": 0.0, "density": 0.0, "laneDensity": 0.0, "occupancy": 0.0, "waitingTime": 0.0, "timeLoss": 0.0, "speed": 0.0, "speedRelative": 0.0, "teleported": 0.0 }, "geometry": { "type": "LineString", "coordinates": [ [ 4.377844, 50.825185 ], [ 4.37777, 50.825164 ], [ 4.37727, 50.824959 ], [ 4.377306, 50.824864 ], [ 4.377285, 50.824813 ], [ 4.37708, 50.824731 ] ] } },
{ "type": "Feature", "properties": { "index": "998997385#0", "element": "edge", "id": "998997385#0", "name": "", "sampledSeconds": 0.0, "departed": 0.0, "arrived": 0.0, "entered": 0.0, "left": 0.0, "laneChangedFrom": 0.0, "laneChangedTo": 0.0, "traveltime": 0.0, "overlapTraveltime": 0.0, "density": 0.0, "laneDensity": 0.0, "occupancy": 0.0, "waitingTime": 0.0, "timeLoss": 0.0, "speed": 0.0, "speedRelative": 0.0, "teleported": 0.0 }, "geometry": { "type": "LineString", "coordinates": [ [ 4.378089, 50.825146 ], [ 4.378263, 50.824914 ], [ 4.378179, 50.824854 ] ] } },
{ "type": "Feature", "properties": { "index": "998997385#1", "element": "edge", "id": "998997385#1", "name": "", "sampledSeconds": 0.0, "departed": 0.0, "arrived": 0.0, "entered": 0.0, "left": 0.0, "laneChangedFrom": 0.0, "laneChangedTo": 0.0, "traveltime": 0.0, "overlapTraveltime": 0.0, "density": 0.0, "laneDensity": 0.0, "occupancy": 0.0, "waitingTime": 0.0, "timeLoss": 0.0, "speed": 0.0, "speedRelative": 0.0, "teleported": 0.0 }, "geometry": { "type": "LineString", "coordinates": [ [ 4.378067, 50.824797 ], [ 4.37802, 50.824776 ], [ 4.377897, 50.824725 ], [ 4.377805, 50.824685 ], [ 4.377779, 50.824648 ], [ 4.377761, 50.82461 ] ] } },
{ "type": "Feature", "properties": { "index": "999084929", "element": "edge", "id": "999084929", "name": "", "sampledSeconds": 0.0, "departed": 0.0, "arrived": 0.0, "entered": 0.0, "left": 0.0, "laneChangedFrom": 0.0, "laneChangedTo": 0.0, "traveltime": 0.0, "overlapTraveltime": 0.0, "density": 0.0, "laneDensity": 0.0, "occupancy": 0.0, "waitingTime": 0.0, "timeLoss": 0.0, "speed": 0.0, "speedRelative": 0.0, "teleported": 0.0 }, "geometry": { "type": "LineString", "coordinates": [ [ 4.365768, 50.831089 ], [ 4.36561, 50.830982 ] ] } },
{ "type": "Feature", "properties": { "index": "999084930", "element": "edge", "id": "999084930", "name": "", "sampledSeconds": 0.0, "departed": 0.0, "arrived": 0.0, "entered": 0.0, "left": 0.0, "laneChangedFrom": 0.0, "laneChangedTo": 0.0, "traveltime": 0.0, "overlapTraveltime": 0.0, "density": 0.0, "laneDensity": 0.0, "occupancy": 0.0, "waitingTime": 0.0, "timeLoss": 0.0, "speed": 0.0, "speedRelative": 0.0, "teleported": 0.0 }, "geometry": { "type": "LineString", "coordinates": [ [ 4.365991, 50.830923 ], [ 4.365761, 50.830821 ], [ 4.365639, 50.830922 ] ] } },
{ "type": "Feature", "properties": { "index": "999084931#1", "element": "edge", "id": "999084931#1", "name": "", "sampledSeconds": 0.0, "departed": 0.0, "arrived": 0.0, "entered": 0.0, "left": 0.0, "laneChangedFrom": 0.0, "laneChangedTo": 0.0, "traveltime": 0.0, "overlapTraveltime": 0.0, "density": 0.0, "laneDensity": 0.0, "occupancy": 0.0, "waitingTime": 0.0, "timeLoss": 0.0, "speed": 0.0, "speedRelative": 0.0, "teleported": 0.0 }, "geometry": { "type": "LineString", "coordinates": [ [ 4.365548, 50.830978 ], [ 4.36546, 50.831018 ] ] } }
]
}
